Date,Time,X,Y,Z
2025-07-15,05:30:04.1,-0.040901895612478256,0.07512394338846207,0.017241746187210083
2025-07-15,05:30:04.1,-3.1044538021087646,2.735734224319458,1.2385311126708984
2025-07-15,05:30:04.1,-0.10634492337703705,0.3344314992427826,-1.078696846961975
2025-07-15,05:30:04.1,2.3327715396881104,1.0816645622253418,-0.11887561529874802
2025-07-15,05:30:04.4,-0.040901895612478256,0.07512211799621582,0.017249703407287598
2025-07-15,05:30:04.4,-0.06544303148984909,0.43257302045822144,0.9513106942176819
2025-07-15,05:30:04.4,2.4132118225097656,0.8468061685562134,-0.2920287847518921
2025-07-15,05:30:04.4,-0.07089661806821823,0.3296256363391876,-1.08307945728302
2025-07-15,05:30:04.4,2.3245911598205566,0.5933009386062622,0.04736562818288803
2025-07-15,05:30:04.7,-0.040901895612478256,0.0751279667019844,0.01722421869635582
2025-07-15,05:30:04.7,2.4132118225097656,0.8767208456993103,-0.1836356818675995
2025-07-15,05:30:04.7,-0.17042456567287445,0.3437791168689728,-1.0209972858428955
2025-07-15,05:30:04.7,-0.5453585982322693,0.9291951656341553,0.16983620822429657
2025-07-15,05:30:05.0,-0.040901895612478256,0.07512426376342773,0.017240332439541817
2025-07-15,05:30:05.0,2.2823257446289062,0.5701546669006348,-0.12810008227825165
2025-07-15,05:30:05.0,-0.13633964955806732,0.598125696182251,0.9018431901931763
2025-07-15,05:30:05.4,-0.040901895612478256,0.07512445002794266,0.01723955199122429
2025-07-15,05:30:05.4,2.4091217517852783,0.6157255172729492,-0.0369301475584507
2025-07-15,05:30:05.4,-0.17042456567287445,0.7554810047149658,0.7680286169052124
2025-07-15,05:30:05.7,-0.040901895612478256,0.0751204863190651,0.017256787046790123
2025-07-15,05:30:05.7,2.240060567855835,0.563512921333313,-0.10680779069662094
2025-07-15,05:30:05.7,2.3314080238342285,0.8364530205726624,0.2218838632106781
2025-07-15,05:30:05.7,-0.16360758244991302,0.5515373945236206,-0.8748904466629028
2025-07-15,05:30:06.0,-0.040901895612478256,0.07512512803077698,0.017236577346920967
2025-07-15,05:30:06.0,-2.1977951526641846,0.5540375113487244,-0.09849324822425842
2025-07-15,05:30:06.0,-0.32721516489982605,1.8492876291275024,-1.8236035108566284
2025-07-15,05:30:06.0,1.3088606595993042,2.106330633163452,0.8382838368415833
2025-07-15,05:30:06.0,-0.19632908701896667,0.25352731347084045,0.9967813491821289
2025-07-15,05:30:06.0,0.39265817403793335,0.9573636054992676,-0.16021494567394257
2025-07-15,05:30:06.4,-0.040901895612478256,0.0751241147518158,0.017240997403860092
2025-07-15,05:30:06.4,-0.06544303148984909,0.6148265600204468,0.8450442552566528
2025-07-15,05:30:06.4,-0.4253796935081482,0.953816831111908,0.0753646194934845
2025-07-15,05:30:06.4,2.1977951526641846,0.5416348576545715,-0.15261119604110718
2025-07-15,05:30:06.4,-0.3953849971294403,0.2866456210613251,2.4828920364379883
2025-07-15,05:30:06.7,-0.040901895612478256,0.07512430846691132,0.017240164801478386
2025-07-15,05:30:06.7,2.1555299758911133,0.5132323503494263,-0.20295067131519318
2025-07-15,05:30:06.7,-0.46628159284591675,1.8524752855300903,-1.5922520160675049
2025-07-15,05:30:06.7,0.9325631856918335,2.1929972171783447,0.7109422087669373
2025-07-15,05:30:06.7,-0.19632908701896667,0.6839578747749329,0.7681476473808289
2025-07-15,05:30:07.1,-0.040901895612478256,0.07512366771697998,0.01724296435713768
2025-07-15,05:30:07.1,-0.1840585321187973,0.8962796926498413,1.7370425462722778
2025-07-15,05:30:07.1,0.9202926754951477,1.7195302248001099,-0.22536376118659973
2025-07-15,05:30:07.4,-0.040901895612478256,0.07512341439723969,0.017244065180420876
2025-07-15,05:30:07.4,1.8583093881607056,0.8582847714424133,-0.12158151715993881
2025-07-15,05:30:07.4,-1.5215505361557007,5.152754783630371,0.6337517499923706
2025-07-15,05:30:07.4,-1.3306750059127808,5.101717472076416,0.7300134301185608
2025-07-15,05:30:07.4,-0.1199788972735405,0.1863527148962021,0.9338916540145874
2025-07-15,05:30:07.4,-0.479915589094162,0.8297747373580933,0.049303919076919556
2025-07-15,05:30:07.4,-0.1840585321187973,1.1039612293243408,1.6130417585372925
2025-07-15,05:30:07.7,-0.040901895612478256,0.07512512058019638,0.01723661832511425
2025-07-15,05:30:07.7,0.1840585321187973,0.3052617013454437,1.930660367012024
2025-07-15,05:30:07.7,0.9202926754951477,1.7339717149734497,0.030248232185840607
2025-07-15,05:30:08.0,-0.040901895612478256,0.07511872798204422,0.017264464870095253
2025-07-15,05:30:08.0,-0.18814870715141296,0.7998099327087402,-1.8310189247131348
2025-07-15,05:30:08.0,1.0661760568618774,1.6192407608032227,0.5187042355537415
2025-07-15,05:30:08.4,-0.040901895612478256,0.0751262754201889,0.01723160408437252
2025-07-15,05:30:08.4,0.24541138112545013,0.48285362124443054,-1.8870975971221924
2025-07-15,05:30:08.7,-0.040901895612478256,0.07512450963258743,0.017239291220903397
2025-07-15,05:30:08.7,-0.3067642152309418,1.7308628559112549,-0.8743689060211182
2025-07-15,05:30:09.0,-0.040901895612478256,0.07512543350458145,0.017235245555639267
2025-07-15,05:30:09.0,-1.5338211059570312,5.1744489669799805,0.7836266160011292
2025-07-15,05:30:09.0,-0.061352845281362534,0.8519300222396851,-1.767756462097168
2025-07-15,05:30:09.4,-0.040901895612478256,0.07511899620294571,0.017263298854231834
2025-07-15,05:30:09.4,1.922389030456543,0.7115015387535095,-0.05417230352759361
2025-07-15,05:30:09.4,0.7198733687400818,1.7747400999069214,-0.13108466565608978
2025-07-15,05:30:09.4,-0.17996834218502045,1.3482136726379395,1.3546345233917236
2025-07-15,05:30:09.7,-0.040901895612478256,0.07512105256319046,0.017254343256354332
2025-07-15,05:30:09.7,1.922389030456543,0.6922902464866638,-0.17292584478855133
2025-07-15,05:30:09.7,-0.1199788972735405,0.9157421588897705,1.682891845703125
2025-07-15,05:30:10.0,-0.040901895612478256,0.07510257512331009,0.017334584146738052
2025-07-15,05:30:10.0,0.0,0.2806045711040497,-1.9431347846984863
2025-07-15,05:30:10.0,-1.690611720085144,5.135941028594971,-0.17770692706108093
2025-07-15,05:30:10.4,-0.040901895612478256,0.07510817795991898,0.017310304567217827
2025-07-15,05:30:10.4,1.922389030456543,0.7113816738128662,-0.05572452396154404
2025-07-15,05:30:10.4,1.7546913623809814,5.9611310958862305,0.5566690564155579
2025-07-15,05:30:10.4,-0.05998944863677025,0.933104932308197,1.676550030708313
2025-07-15,05:30:10.7,-0.040901895612478256,0.07511478662490845,0.01728161610662937
2025-07-15,05:30:10.7,-0.05998944863677025,0.7785869240760803,1.7536554336547852
2025-07-15,05:30:10.7,1.922389030456543,0.7081389427185059,-0.08779734373092651
2025-07-15,05:30:10.7,1.7546913623809814,5.9695820808410645,0.45722442865371704
2025-07-15,05:30:11.0,-0.040901895612478256,0.07511455565690994,0.017282593995332718
2025-07-15,05:30:11.0,-0.05998944863677025,1.1249182224273682,1.554369330406189
2025-07-15,05:30:11.0,1.922389030456543,0.7099477648735046,0.07171656936407089
2025-07-15,05:30:11.4,-0.040901895612478256,0.0751194879412651,0.017261166125535965
2025-07-15,05:30:11.4,1.922389030456543,0.7095952033996582,-0.07512461394071579
2025-07-15,05:30:11.4,-1.5215505361557007,5.188515663146973,0.17839954793453217
2025-07-15,05:30:11.4,0.17996834218502045,0.8571391701698303,1.7082234621047974
2025-07-15,05:30:11.7,-0.040901895612478256,0.07511227577924728,0.017292506992816925
2025-07-15,05:30:11.7,2.028733968734741,0.5189216136932373,0.023158101364970207
2025-07-15,05:30:11.7,-0.17996834218502045,1.1131871938705444,1.5535537004470825
2025-07-15,05:30:11.7,1.7546913623809814,5.970715045928955,0.44218000769615173
2025-07-15,05:30:12.0,-0.040901895612478256,0.07511809468269348,0.017267219722270966
2025-07-15,05:30:12.0,2.028733968734741,0.40675196051597595,0.3230615556240082
2025-07-15,05:30:12.0,-1.5215505361557007,5.190674304962158,0.09707311540842056
2025-07-15,05:30:12.0,-0.061352845281362534,1.1940759420394897,1.5572187900543213
2025-07-15,05:30:12.0,1.7792325019836426,6.0671772956848145,0.2097383737564087
2025-07-15,05:30:12.5,-0.040901895612478256,0.07512442767620087,0.017239633947610855
2025-07-15,05:30:12.5,1.8187708854675293,0.8277039527893066,-0.18629194796085358
2025-07-15,05:30:12.5,1.00209641456604,6.334229946136475,0.07252315431833267
2025-07-15,05:30:12.5,-0.3067642152309418,1.1559139490127563,1.5570068359375
2025-07-15,05:30:12.7,-0.040901895612478256,0.07512350380420685,0.017243660986423492
2025-07-15,05:30:12.7,-0.1840585321187973,0.3002203106880188,-1.9314507246017456
2025-07-15,05:30:12.7,1.00209641456604,6.320994853973389,0.4156314432621002
2025-07-15,05:30:13.0,-0.040901895612478256,0.0751250758767128,0.017236804589629173
2025-07-15,05:30:13.0,-0.17996834218502045,0.8381047248840332,1.7176424264907837
2025-07-15,05:30:13.4,-0.040901895612478256,0.0751296728849411,0.017216751351952553
2025-07-15,05:30:13.4,0.12270569056272507,1.1620277166366577,1.5777029991149902
2025-07-15,05:30:13.4,0.797586977481842,1.7885102033615112,-0.13999207317829132
2025-07-15,05:30:13.7,-0.040901895612478256,0.07512464374303818,0.01723869889974594
2025-07-15,05:30:13.7,-0.24541138112545013,0.44510042667388916,1.8963571786880493
2025-07-15,05:30:14.0,-0.040901895612478256,0.07512464374303818,0.01723869889974594
2025-07-15,05:30:14.0,0.0,0.9780104160308838,1.7023534774780273
2025-07-15,05:30:14.4,-0.040901895612478256,0.07512325793504715,0.017244720831513405
2025-07-15,05:30:14.4,-0.12270569056272507,1.1520509719848633,1.5850027799606323
2025-07-15,05:30:14.7,-0.040901895612478256,0.07512607425451279,0.017232457175850868
2025-07-15,05:30:14.7,-0.061352845281362534,0.7067788243293762,1.8306313753128052
2025-07-15,05:30:15.1,-0.040901895612478256,0.07513464242219925,0.017195073887705803
2025-07-15,05:30:15.1,-0.061352845281362534,1.1211434602737427,1.6105232238769531
2025-07-15,05:30:15.1,-0.3135811984539032,0.4799506664276123,1.9232889413833618
2025-07-15,05:30:15.1,0.815311074256897,1.8337689638137817,-0.016887018457055092
2025-07-15,05:30:15.1,0.19632910192012787,6.2760419845581055,0.2072523534297943
2025-07-15,05:30:15.4,-0.040901895612478256,0.07512342184782028,0.017244024202227592
2025-07-15,05:30:15.4,-0.12270569056272507,0.868852436542511,1.7562888860702515
2025-07-15,05:30:15.8,-0.040901895612478256,0.07512396574020386,0.017241662368178368
2025-07-15,05:30:15.8,1.8583093881607056,0.8653435111045837,0.05114119127392769
2025-07-15,05:30:15.8,-0.1840585321187973,0.9499024748802185,1.7083089351654053
2025-07-15,05:30:16.0,-0.040901895612478256,0.07513292133808136,0.01720259338617325
2025-07-15,05:30:16.0,1.922389030456543,0.7070343494415283,0.09628860652446747
2025-07-15,05:30:16.0,-0.24541138112545013,0.9373003244400024,1.7075576782226562
2025-07-15,05:30:16.4,-0.040901895612478256,0.07513893395662308,0.017176298424601555
2025-07-15,05:30:16.4,1.922389030456543,0.7124679684638977,0.03947777301073074
2025-07-15,05:30:16.4,-0.17996834218502045,1.0944842100143433,1.566786289215088
2025-07-15,05:30:16.7,-0.040901895612478256,0.0751446783542633,0.017151156440377235
2025-07-15,05:30:16.7,1.8583093881607056,0.8664806485176086,0.025417329743504524
2025-07-15,05:30:16.7,0.05998944863677025,1.1024651527404785,1.5703743696212769
2025-07-15,05:30:16.7,-0.5998944640159607,1.795660376548767,-0.31754419207572937
2025-07-15,05:30:17.0,-0.040901895612478256,0.0751534253358841,0.01711278408765793
2025-07-15,05:30:17.0,0.239957794547081,0.662574291229248,1.7856425046920776
2025-07-15,05:30:17.4,-0.040901895612478256,0.07515079528093338,0.01712433062493801
2025-07-15,05:30:17.4,1.922389030456543,0.6825262904167175,0.20815125107765198
2025-07-15,05:30:17.4,0.0,0.7628450393676758,1.7615820169448853
2025-07-15,05:30:17.7,-0.040901895612478256,0.07515381276607513,0.01711108908057213
2025-07-15,05:30:17.7,1.9864686727523804,0.48445925116539,0.15488730370998383
2025-07-15,05:30:17.7,0.1199788972735405,0.6178544759750366,1.8135502338409424
2025-07-15,05:30:18.0,-0.040901895612478256,0.07511290162801743,0.01728980243206024
2025-07-15,05:30:18.0,-0.17996834218502045,0.1339893937110901,-1.9065051078796387
2025-07-15,05:30:18.0,0.8398522734642029,1.7005627155303955,-0.29637548327445984
2025-07-15,05:30:18.4,-0.040901895612478256,0.07511420547962189,0.017284123227000237
2025-07-15,05:30:18.4,1.922389030456543,0.7002043128013611,-0.13741539418697357
2025-07-15,05:30:18.4,-0.17996834218502045,0.6821787357330322,1.7853143215179443
2025-07-15,05:30:18.7,-0.040901895612478256,0.07511298358440399,0.01728943921625614
2025-07-15,05:30:18.7,1.922389030456543,0.7066057324409485,-0.09938547760248184
2025-07-15,05:30:18.7,-0.2508649528026581,0.5589227676391602,0.7947349548339844
2025-07-15,05:30:18.7,-0.24541138112545013,0.8623913526535034,1.7465870380401611
2025-07-15,05:30:19.0,-0.040901895612478256,0.07511033862829208,0.017300913110375404
2025-07-15,05:30:19.0,-0.06271623820066452,1.319456934928894,1.5109024047851562
2025-07-15,05:30:19.4,-0.040901895612478256,0.07510802149772644,0.01731097139418125
2025-07-15,05:30:19.4,-0.18814870715141296,0.8538212776184082,1.8064649105072021
2025-07-15,05:30:19.4,-0.38447779417037964,1.3001692295074463,1.538338541984558
2025-07-15,05:30:19.7,-0.040901895612478256,0.07510505616664886,0.01732383854687214
2025-07-15,05:30:19.7,-0.12543247640132904,0.7480456233024597,1.8580690622329712
2025-07-15,05:30:20.0,-0.040901895612478256,0.07510726898908615,0.01731424778699875
2025-07-15,05:30:20.0,-0.5644461512565613,0.7151417136192322,1.7882111072540283
2025-07-15,05:30:20.4,-0.040901895612478256,0.07510773092508316,0.01731223054230213
2025-07-15,05:30:20.4,-0.2508649528026581,0.9941151738166809,1.7252616882324219
2025-07-15,05:30:20.4,0.9407435655593872,1.741667628288269,-0.3306382894515991
2025-07-15,05:30:20.7,-0.040901895612478256,0.07511826604604721,0.01726646162569523
2025-07-15,05:30:20.7,1.922389030456543,0.7133708596229553,-0.01646699756383896
2025-07-15,05:30:20.7,-0.3681170642375946,0.7242514491081238,1.7873055934906006
2025-07-15,05:30:20.7,0.797586977481842,1.7709579467773438,-0.28648659586906433
2025-07-15,05:30:21.1,-0.040901895612478256,0.07512222975492477,0.017249204218387604
2025-07-15,05:30:21.1,-0.05862605199217796,1.2471345663070679,1.4002573490142822
2025-07-15,05:30:21.1,0.9966428875923157,1.5169873237609863,-0.47429394721984863
2025-07-15,05:30:21.4,-0.040901895612478256,0.07513241469860077,0.017204798758029938
2025-07-15,05:30:21.4,-3.1044538021087646,2.5966360569000244,1.5085361003875732
2025-07-15,05:30:21.4,-0.1199788972735405,0.8182709217071533,1.7323802709579468
2025-07-15,05:30:21.4,1.0198205709457397,1.6223396062850952,-0.11438532173633575
2025-07-15,05:30:21.4,-2.028733968734741,0.48197928071022034,-0.19367985427379608
2025-07-15,05:30:21.7,-0.040901895612478256,0.07509313523769379,0.017375431954860687
2025-07-15,05:30:21.7,0.0,0.190674290060997,-1.9101693630218506
2025-07-15,05:30:21.7,-2.0709993839263916,0.5298256278038025,0.021435631439089775
2025-07-15,05:30:22.0,-0.040901895612478256,0.07508070021867752,0.01742907427251339
2025-07-15,05:30:22.0,-0.05998944863677025,0.9035652279853821,1.6926531791687012
2025-07-15,05:30:22.0,1.9442033767700195,0.4974035322666168,0.01972610130906105
2025-07-15,05:30:22.0,-2.0709993839263916,0.5291843414306641,0.033742669969797134
2025-07-15,05:30:22.4,-0.040901895612478256,0.0750737339258194,0.01745908334851265
2025-07-15,05:30:22.7,-0.040901895612478256,0.0750703513622284,0.01747359335422516
2025-07-15,05:30:22.7,-0.1840585321187973,1.1214834451675415,1.6009087562561035
2025-07-15,05:30:23.0,-0.040901895612478256,0.07506929337978363,0.017478149384260178
2025-07-15,05:30:23.0,-3.1044538021087646,2.590202569961548,1.5195564031600952
2025-07-15,05:30:23.0,2.113264560699463,0.5289298295974731,0.11402707546949387
2025-07-15,05:30:23.0,-0.1840585321187973,0.5312886238098145,1.8810546398162842
2025-07-15,05:30:23.0,0.9816455245018005,1.6956675052642822,-0.1248822882771492
2025-07-15,05:30:23.4,-0.040901895612478256,0.07506661862134933,0.017489643767476082
2025-07-15,05:30:23.4,2.028733968734741,0.5156108736991882,-0.06293908506631851
2025-07-15,05:30:23.4,-2.969477653503418,2.8046319484710693,1.404306173324585
2025-07-15,05:30:23.4,0.05998944863677025,0.7782034277915955,1.7538256645202637
2025-07-15,05:30:23.8,-0.040901895612478256,0.07506384700536728,0.017501523718237877
2025-07-15,05:30:23.8,-0.11725210398435593,0.5886051654815674,1.7774415016174316
2025-07-15,05:30:23.8,-1.9864686727523804,0.4857735335826874,-0.15071465075016022
2025-07-15,05:30:23.8,2.085996627807617,0.746722936630249,-0.20476549863815308
2025-07-15,05:30:23.8,-0.1199788972735405,0.7241364121437073,1.7737911939620972
2025-07-15,05:30:24.0,-0.040901895612478256,0.07506308704614639,0.01750480942428112
2025-07-15,05:30:24.0,-1.9864686727523804,0.5031496286392212,-0.07437270134687424
2025-07-15,05:30:24.0,-0.05998944863677025,0.7899028062820435,1.7485876083374023
2025-07-15,05:30:24.4,-0.040901895612478256,0.07506240159273148,0.01750774309039116
2025-07-15,05:30:24.4,-0.05998944863677025,0.8051945567131042,1.7415988445281982
2025-07-15,05:30:24.4,-1.9864686727523804,0.507954478263855,0.025943618267774582
2025-07-15,05:30:24.4,2.085996627807617,0.7625982165336609,-0.13404476642608643
2025-07-15,05:30:24.7,-0.040901895612478256,0.07506535947322845,0.01749505288898945
2025-07-15,05:30:24.7,-0.17996834218502045,1.147214412689209,1.5285987854003906
2025-07-15,05:30:24.7,-0.8398522734642029,1.7169331312179565,-0.17858394980430603
2025-07-15,05:30:24.7,-1.9864686727523804,0.507945716381073,-0.026114484295248985
2025-07-15,05:30:24.7,-2.085996627807617,0.7665368318557739,-0.10929445922374725
2025-07-15,05:30:25.0,-0.040901895612478256,0.07506337016820908,0.017503593116998672
2025-07-15,05:30:25.0,-0.1199788972735405,1.0531681776046753,1.6004828214645386
2025-07-15,05:30:25.0,-1.9864686727523804,0.5051689743995667,-0.05911985784769058
2025-07-15,05:30:25.0,-2.1555299758911133,0.5436428785324097,-0.09512542933225632
2025-07-15,05:30:25.4,-0.040901895612478256,0.07506489008665085,0.01749708130955696
2025-07-15,05:30:25.4,0.0,1.043666958808899,1.6111681461334229
2025-07-15,05:30:25.4,1.0198205709457397,1.6119818687438965,-0.21583332121372223
2025-07-15,05:30:25.4,-1.9864686727523804,0.5083650946617126,0.015993019565939903
2025-07-15,05:30:25.7,-0.040901895612478256,0.07506432384252548,0.017499495297670364
2025-07-15,05:30:25.7,-1.9864686727523804,0.5078316926956177,0.02824481762945652
2025-07-15,05:30:25.7,-0.1758781522512436,0.2658286690711975,1.8487575054168701
2025-07-15,05:30:26.0,-0.040901895612478256,0.07506576180458069,0.017493316903710365
2025-07-15,05:30:26.0,-0.959831178188324,1.6576719284057617,0.12629903852939606
2025-07-15,05:30:26.0,-1.9864686727523804,0.5086140036582947,0.0016289774794131517
2025-07-15,05:30:26.4,-0.040901895612478256,0.07506372779607773,0.017502043396234512
2025-07-15,05:30:26.4,-1.9864686727523804,0.5085938572883606,0.0048065101727843285
2025-07-15,05:30:26.4,-0.17996834218502045,0.7072858214378357,1.7755173444747925
2025-07-15,05:30:26.7,-0.040901895612478256,0.07506687194108963,0.017488552257418633
2025-07-15,05:30:26.7,-2.1555299758911133,0.5435009002685547,0.09593337029218674
2025-07-15,05:30:26.7,-3.026740312576294,1.1126024723052979,0.15594890713691711
2025-07-15,05:30:26.7,0.0,0.6694469451904297,1.8456306457519531
2025-07-15,05:30:27.1,-0.040901895612478256,0.07506668567657471,0.017489362508058548
2025-07-15,05:30:27.1,-0.061352845281362534,0.8323231935501099,1.7770721912384033
2025-07-15,05:30:27.1,-2.1555299758911133,0.5463178157806396,0.07831505686044693
2025-07-15,05:30:27.1,-3.026740312576294,1.1085269451141357,0.18268044292926788
2025-07-15,05:30:27.4,-0.040901895612478256,0.07506685703992844,0.017488624900579453
2025-07-15,05:30:27.4,-2.113264560699463,0.5410807728767395,-0.0007265720050781965
2025-07-15,05:30:27.4,-0.3067642152309418,0.6396523714065552,-1.830642580986023
2025-07-15,05:30:27.4,0.8589398264884949,1.7614500522613525,-0.11843839287757874
2025-07-15,05:30:27.7,-0.040901895612478256,0.0750674456357956,0.017486076802015305
2025-07-15,05:30:27.7,1.922389030456543,0.606855034828186,-0.37536126375198364
2025-07-15,05:30:27.7,-0.12270569056272507,1.028136968612671,1.6680495738983154
2025-07-15,05:30:28.0,-0.040901895612478256,0.07506627589464188,0.01749110035598278
2025-07-15,05:30:28.0,-0.05998944863677025,0.8897655606269836,1.699947714805603
2025-07-15,05:30:28.4,-0.040901895612478256,0.07506668567657471,0.017489362508058548
2025-07-15,05:30:28.4,-1.9864686727523804,0.5085911750793457,0.005082732532173395
2025-07-15,05:30:28.4,-2.0450947284698486,0.730932891368866,0.20489148795604706
2025-07-15,05:30:28.4,0.7798628211021423,1.7527134418487549,-0.07009594142436981
2025-07-15,05:30:28.4,-1.0798100233078003,1.575152039527893,-0.1949620395898819
2025-07-15,05:30:28.7,-0.040901895612478256,0.07506673783063889,0.017489144578576088
2025-07-15,05:30:28.7,-2.113264560699463,0.5199244618415833,0.14982491731643677
2025-07-15,05:30:28.7,0.05862605199217796,0.7227573394775391,1.7302274703979492
2025-07-15,05:30:28.7,-1.0552688837051392,1.468995213508606,-0.4979589879512787
2025-07-15,05:30:29.1,-0.040901895612478256,0.07506505399942398,0.017496353015303612
2025-07-15,05:30:29.1,-0.11725210398435593,1.207945704460144,1.430601716041565
2025-07-15,05:30:29.1,0.8793907761573792,1.6551650762557983,-0.08125713467597961
2025-07-15,05:30:29.1,-2.113264560699463,0.5294337868690491,0.11166402697563171
2025-07-15,05:30:29.4,-0.040901895612478256,0.07512243092060089,0.01724834181368351
2025-07-15,05:30:29.7,-0.040901895612478256,0.0751228928565979,0.01724633388221264
2025-07-15,05:30:29.7,-1.922389030456543,0.7029051184654236,-0.12285580486059189
2025-07-15,05:30:29.7,-1.217513084411621,1.5545098781585693,0.5530911684036255
2025-07-15,05:30:30.1,-0.040901895612478256,0.07512069493532181,0.017255904152989388
2025-07-15,05:30:30.1,-2.113264560699463,0.5390371680259705,-0.04698793590068817
2025-07-15,05:30:30.1,-0.2563185393810272,0.4630137085914612,1.9810774326324463
2025-07-15,05:30:30.1,-0.38447779417037964,0.8770285844802856,1.8132143020629883
2025-07-15,05:30:30.4,-0.040901895612478256,0.07512127608060837,0.01725335419178009
2025-07-15,05:30:30.4,1.9864686727523804,0.3031994700431824,-0.4083636999130249
2025-07-15,05:30:30.4,-2.113264560699463,0.4607737362384796,-0.28364861011505127
2025-07-15,05:30:30.4,-3.0853664875030518,0.7854405641555786,0.08454886823892593
2025-07-15,05:30:30.4,-0.3762974143028259,0.1641569286584854,1.9644793272018433
2025-07-15,05:30:30.7,-0.040901895612478256,0.0751243382692337,0.017240010201931
2025-07-15,05:30:30.7,-2.9858384132385254,1.0676602125167847,0.2973594069480896
2025-07-15,05:30:30.7,-0.12270569056272507,0.15258769690990448,-1.9535025358200073
2025-07-15,05:30:30.7,0.8589398264884949,1.7621350288391113,0.10777025669813156
2025-07-15,05:30:31.1,-0.040901895612478256,0.07512415945529938,0.01724083162844181
2025-07-15,05:30:31.1,-1.9864686727523804,0.5085770487785339,-0.0063428436405956745
2025-07-15,05:30:31.1,-2.9858384132385254,1.0840224027633667,0.23068687319755554
2025-07-15,05:30:31.1,-0.239957794547081,0.4034920036792755,-1.861375331878662
2025-07-15,05:30:31.1,0.7798628211021423,1.7533996105194092,-0.05007541552186012
2025-07-15,05:30:31.4,-0.040901895612478256,0.07512297481298447,0.017245959490537643
2025-07-15,05:30:31.4,1.9442033767700195,0.4009697437286377,-0.294996052980423
2025-07-15,05:30:31.4,-3.0853664875030518,0.7820466160774231,0.11166217178106308
2025-07-15,05:30:31.4,0.0,0.9269164204597473,1.681050181388855
2025-07-15,05:30:31.7,-0.040901895612478256,0.07512199878692627,0.01725023426115513
2025-07-15,05:30:31.7,-1.9442033767700195,0.3978121876716614,-0.29924046993255615
2025-07-15,05:30:31.7,-2.925848960876465,1.3145222663879395,0.36715167760849
2025-07-15,05:30:32.0,-0.040901895612478256,0.07512464374303818,0.017238708212971687
2025-07-15,05:30:32.0,-3.026740312576294,1.095598816871643,0.2487318217754364
2025-07-15,05:30:32.0,1.9864686727523804,0.4877965450286865,-0.14403250813484192
2025-07-15,05:30:32.4,-0.040901895612478256,0.0751260295510292,0.017232665792107582
2025-07-15,05:30:32.4,1.8814871311187744,0.6653058528900146,-0.21236877143383026
2025-07-15,05:30:32.7,-0.040901895612478256,0.07512836903333664,0.0172224510461092
2025-07-15,05:30:32.7,1.9864686727523804,0.5072519183158875,-0.03723328188061714
2025-07-15,05:30:32.7,-0.3067642152309418,1.1522783041000366,1.5596994161605835
2025-07-15,05:30:32.7,-1.1043511629104614,1.6217118501663208,-0.07050437480211258
2025-07-15,05:30:32.7,-0.959831178188324,1.6555047035217285,-0.15209193527698517
2025-07-15,05:30:32.7,0.239957794547081,1.4401812553405762,1.2463555335998535
2025-07-15,05:30:33.1,-0.040901895612478256,0.07512655109167099,0.017230376601219177
2025-07-15,05:30:33.1,1.9864686727523804,0.5085843205451965,0.00572928786277771
2025-07-15,05:30:33.1,-0.239957794547081,0.1918460726737976,-1.8949192762374878
2025-07-15,05:30:33.4,-0.040901895612478256,0.07512569427490234,0.017234131693840027
2025-07-15,05:30:33.4,0.7035126090049744,1.7374308109283447,0.07685241103172302
2025-07-15,05:30:33.4,1.9442033767700195,0.4824349582195282,-0.1227024719119072
2025-07-15,05:30:33.7,-0.040901895612478256,0.07512763887643814,0.01722564361989498
2025-07-15,05:30:33.7,0.05862605199217796,1.2681779861450195,1.381227731704712
2025-07-15,05:30:33.7,0.7621386647224426,1.6911205053329468,-0.2806394100189209
2025-07-15,05:30:33.7,1.9864686727523804,0.46637454628944397,-0.2029423862695694
2025-07-15,05:30:34.1,-0.040901895612478256,0.07512717694044113,0.017227651551365852
2025-07-15,05:30:34.1,-0.17178796231746674,0.24297377467155457,-1.8080819845199585
2025-07-15,05:30:34.1,1.9864686727523804,0.5013726353645325,-0.08553549647331238
2025-07-15,05:30:34.4,-0.040901895612478256,0.07512886822223663,0.017220277339220047
2025-07-15,05:30:34.4,1.9632909297943115,0.7286205887794495,-0.013340049423277378
2025-07-15,05:30:34.7,-0.040901895612478256,0.07513007521629333,0.017215002328157425
2025-07-15,05:30:34.7,1.9864686727523804,0.5013514161109924,-0.08565967530012131
2025-07-15,05:30:34.7,0.0,0.7477470636367798,1.672896385192871
2025-07-15,05:30:34.7,0.7444145083427429,1.6486809253692627,-0.292243629693985
2025-07-15,05:30:34.7,-1.0198205709457397,1.6259230375289917,-0.037998687475919724
2025-07-15,05:30:34.7,0.17996834218502045,0.3679661750793457,-1.875450849533081
2025-07-15,05:30:35.1,-0.040901895612478256,0.07512838393449783,0.01722237840294838
2025-07-15,05:30:35.1,1.9864686727523804,0.49847444891929626,-0.10106456279754639
2025-07-15,05:30:35.1,0.0,0.9463542103767395,1.6198506355285645
2025-07-15,05:30:35.4,-0.040901895612478256,0.07511685788631439,0.01727258786559105
2025-07-15,05:30:35.4,1.9864686727523804,0.5027847290039062,0.07680052518844604
2025-07-15,05:30:35.4,0.0,0.14593403041362762,1.6514549255371094
2025-07-15,05:30:35.4,0.6217088103294373,1.536811113357544,-0.017017416656017303
2025-07-15,05:30:35.7,-0.040901895612478256,0.07511889934539795,0.01726369373500347
2025-07-15,05:30:35.7,0.0,0.830908477306366,1.4346396923065186
2025-07-15,05:30:36.0,-0.040901895612478256,0.07512078434228897,0.017255498096346855
2025-07-15,05:30:36.0,0.15542720258235931,0.5716171860694885,1.5484496355056763
2025-07-15,05:30:36.0,0.8807541728019714,1.3947921991348267,-0.1656104028224945
2025-07-15,05:30:36.4,-0.040901895612478256,0.07511872053146362,0.017264485359191895
2025-07-15,05:30:36.4,0.05180906876921654,0.890724241733551,1.39732825756073
2025-07-15,05:30:36.7,-0.040901895612478256,0.07512166351079941,0.01725167967379093
2025-07-15,05:30:36.7,0.10361813753843307,0.47994372248649597,1.5835142135620117
2025-07-15,05:30:37.1,-0.040901895612478256,0.07511761039495468,0.017269331961870193
2025-07-15,05:30:37.1,-0.8807541728019714,1.3956447839736938,-0.15826469659805298
2025-07-15,05:30:37.1,0.10361813753843307,0.38038331270217896,-1.6103328466415405
2025-07-15,05:30:37.4,-0.040901895612478256,0.07512486726045609,0.017237721011042595
2025-07-15,05:30:37.4,-0.05044567212462425,0.6641694903373718,1.4704333543777466
2025-07-15,05:30:37.8,-0.040901895612478256,0.07512091845273972,0.017254915088415146
2025-07-15,05:30:37.8,0.0,0.8152420520782471,1.3932769298553467
2025-07-15,05:30:37.8,2.9163053035736084,0.7048839926719666,-0.24634553492069244
2025-07-15,05:30:38.1,-0.040901895612478256,0.07512271404266357,0.017247123643755913
2025-07-15,05:30:38.1,-0.15951739251613617,0.63423091173172,1.5708189010620117
2025-07-15,05:30:38.4,-0.040901895612478256,0.07512225210666656,0.017249131575226784
2025-07-15,05:30:38.7,-0.040901895612478256,0.07512151449918747,0.01725233532488346
2025-07-15,05:30:39.1,-0.040901895612478256,0.07512311637401581,0.017245355993509293
2025-07-15,05:30:39.1,-3.2966928482055664,0.7584578990936279,0.37043771147727966
2025-07-15,05:30:39.1,0.0,0.7735620141029358,1.4168422222137451
2025-07-15,05:30:39.1,0.9080221056938171,1.3189882040023804,-0.20397625863552094
2025-07-15,05:30:39.4,-0.040901895612478256,0.07512194663286209,0.017250442877411842
2025-07-15,05:30:39.4,0.0,0.3320355713367462,1.5797444581985474
2025-07-15,05:30:39.4,-0.8575764298439026,1.3542934656143188,-0.1905045062303543
2025-07-15,05:30:39.7,-0.040901895612478256,0.07512339949607849,0.017244117334485054
2025-07-15,05:30:39.7,-1.9864686727523804,0.4981459677219391,-0.1026715412735939
2025-07-15,05:30:40.0,-0.040901895612478256,0.07512170076370239,0.01725151389837265
2025-07-15,05:30:40.0,0.09816455096006393,0.36001166701316833,1.5256614685058594
2025-07-15,05:30:40.4,-0.040901895612478256,0.07512104511260986,0.017254363745450974
2025-07-15,05:30:40.4,-1.9864686727523804,0.5084969997406006,-0.011030309833586216
2025-07-15,05:30:40.4,-2.9585704803466797,0.7484053373336792,-0.11711644381284714
2025-07-15,05:30:40.4,0.0,0.7642800211906433,1.3219748735427856
2025-07-15,05:30:40.7,-0.040901895612478256,0.07512117177248001,0.0172538124024868
2025-07-15,05:30:40.7,-1.9864686727523804,0.5003533363342285,-0.09130927175283432
2025-07-15,05:30:41.1,-0.040901895612478256,0.07512194663286209,0.017250442877411842
2025-07-15,05:30:41.1,-1.9864686727523804,0.5040551424026489,-0.0679653212428093
2025-07-15,05:30:41.4,-0.040901895612478256,0.07512015104293823,0.017258264124393463
2025-07-15,05:30:41.4,0.0,0.5386078357696533,1.5217561721801758
2025-07-15,05:30:41.4,0.7062394022941589,1.450802206993103,-0.047320857644081116
2025-07-15,05:30:41.7,-0.040901895612478256,0.07512249797582626,0.01724802888929844
2025-07-15,05:30:42.1,-0.040901895612478256,0.07511912286281586,0.01726272702217102
2025-07-15,05:30:42.4,-0.040901895612478256,0.07512015104293823,0.017258264124393463
2025-07-15,05:30:42.4,2.028733968734741,0.5160210132598877,-0.05948324874043465
2025-07-15,05:30:42.4,2.9163053035736084,0.7430354952812195,-0.07379596680402756
2025-07-15,05:30:42.7,-0.040901895612478256,0.07512268424034119,0.017247218638658524
2025-07-15,05:30:42.7,0.0,0.9242149591445923,1.3235055208206177
2025-07-15,05:30:42.7,0.8575764298439026,1.3347461223602295,-0.29808637499809265
2025-07-15,05:30:42.7,2.9163053035736084,0.7462367415428162,-0.026043925434350967
2025-07-15,05:30:43.1,-0.040901895612478256,0.07512027025222778,0.017257733270525932
2025-07-15,05:30:43.1,-0.04908227548003197,0.6727677583694458,1.4184012413024902
2025-07-15,05:30:43.1,2.874039888381958,0.7150607109069824,-0.17376409471035004
2025-07-15,05:30:43.4,-0.040901895612478256,0.07512157410383224,0.017252065241336823
2025-07-15,05:30:43.4,0.0,0.27612724900245667,1.5461698770523071
2025-07-15,05:30:43.4,2.9163053035736084,0.7218062281608582,-0.19116319715976715
2025-07-15,05:30:43.7,-0.040901895612478256,0.0751204639673233,0.01725691184401512
2025-07-15,05:30:43.7,0.04908227548003197,0.9113206267356873,1.278269648551941
2025-07-15,05:30:43.7,2.822230815887451,1.005514144897461,-0.2938348948955536
2025-07-15,05:30:44.0,-0.040901895612478256,0.07512089610099792,0.017255019396543503
2025-07-15,05:30:44.0,0.0,0.4952806532382965,1.4904980659484863
2025-07-15,05:30:44.0,2.9163053035736084,0.7339826822280884,-0.1371747851371765
2025-07-15,05:30:44.4,-0.040901895612478256,0.07511762529611588,0.017269259318709373
2025-07-15,05:30:44.4,2.9163053035736084,0.7465275526046753,0.015624990686774254
2025-07-15,05:30:44.4,0.04908227548003197,0.6793206930160522,1.4152745008468628
2025-07-15,05:30:44.7,-0.040901895612478256,0.07511873543262482,0.01726442202925682
2025-07-15,05:30:44.7,0.09816455096006393,0.6686786413192749,1.4177870750427246
2025-07-15,05:30:45.1,-0.040901895612478256,0.07511944323778152,0.017261333763599396
2025-07-15,05:30:45.1,2.9163053035736084,0.7290918827056885,-0.16116026043891907
2025-07-15,05:30:45.1,0.0,0.7786006331443787,1.3640632629394531
2025-07-15,05:30:45.4,-0.040901895612478256,0.07511749863624573,0.01726979948580265
2025-07-15,05:30:45.4,2.9163053035736084,0.7288199663162231,-0.16238543391227722
2025-07-15,05:30:45.4,-0.09816455096006393,0.1475110501050949,1.5606062412261963
2025-07-15,05:30:45.7,-0.040901895612478256,0.07512081414461136,0.017255382612347603
2025-07-15,05:30:45.7,0.0,0.5801671147346497,1.459552526473999
2025-07-15,05:30:45.7,2.9163053035736084,0.7274590134620667,-0.16837739944458008
2025-07-15,05:30:46.1,-0.040901895612478256,0.07511919736862183,0.017262404784560204
2025-07-15,05:30:46.4,-0.040901895612478256,0.07511764764785767,0.01726914569735527
2025-07-15,05:30:46.4,0.0,0.43815264105796814,1.5536609888076782
2025-07-15,05:30:46.4,-0.7566850781440735,1.4228508472442627,-0.09361398220062256
2025-07-15,05:30:46.7,-0.040901895612478256,0.07511959969997406,0.017260678112506866
2025-07-15,05:30:46.7,2.9163053035736084,0.4881120026111603,-0.5650612711906433
2025-07-15,05:30:46.7,0.0,0.5879622101783752,1.4564298391342163
2025-07-15,05:30:46.7,-0.1008913442492485,0.8624318838119507,1.3608351945877075
2025-07-15,05:30:47.1,-0.040901895612478256,0.07511808723211288,0.017267251387238503
2025-07-15,05:30:47.1,0.1008913442492485,0.45785579085350037,-1.544677734375
2025-07-15,05:30:47.1,-0.8575764298439026,1.3656525611877441,-0.07345550507307053
2025-07-15,05:30:47.4,-0.040901895612478256,0.07511994242668152,0.01725916936993599
2025-07-15,05:30:47.4,-0.201782688498497,0.6322095990180969,1.4715417623519897
2025-07-15,05:30:47.7,-0.040901895612478256,0.07512013614177704,0.01725834794342518
2025-07-15,05:30:47.7,-0.05044567212462425,0.8056463003158569,1.397937536239624
2025-07-15,05:30:47.7,2.8631327152252197,1.0593563318252563,0.0848623663187027
2025-07-15,05:30:48.0,-0.040901895612478256,0.07511933147907257,0.01726183295249939
2025-07-15,05:30:48.0,0.0,0.8009759187698364,1.401526927947998
2025-07-15,05:30:48.0,0.9584677815437317,1.2933251857757568,-0.12037327140569687
2025-07-15,05:30:48.0,2.8631327152252197,1.0564848184585571,-0.11522693932056427
2025-07-15,05:30:48.4,-0.040901895612478256,0.07512028515338898,0.017257682979106903
2025-07-15,05:30:48.4,-0.05044567212462425,0.4843607246875763,1.5390548706054688
2025-07-15,05:30:48.4,2.8631327152252197,1.0625708103179932,0.019513217732310295
2025-07-15,05:30:48.8,-0.040901895612478256,0.07511858642101288,0.017265088856220245
2025-07-15,05:30:48.8,-0.04908227548003197,0.7527268528938293,1.3776359558105469
2025-07-15,05:30:48.8,2.8631327152252197,1.0622422695159912,0.03284313529729843
2025-07-15,05:30:49.1,-0.040901895612478256,0.0751185491681099,0.017265254631638527
2025-07-15,05:30:49.1,-0.25222834944725037,0.4588664472103119,1.5269782543182373
2025-07-15,05:30:49.1,0.7062394022941589,1.4510769844055176,-0.0379691943526268
2025-07-15,05:30:49.1,2.8631327152252197,1.0608404874801636,-0.06367772072553635
2025-07-15,05:30:49.4,-0.040901895612478256,0.0751183032989502,0.01726631633937359
2025-07-15,05:30:49.4,2.7676949501037598,1.2782230377197266,0.18159547448158264
2025-07-15,05:30:49.4,0.04908227548003197,0.785749077796936,1.3590720891952515
2025-07-15,05:30:49.4,0.6380695700645447,1.432974934577942,-0.07960785925388336
2025-07-15,05:30:49.7,-0.040901895612478256,0.07512257993221283,0.017247695475816727
2025-07-15,05:30:49.7,-0.9325632452964783,1.3607590198516846,0.16510820388793945
2025-07-15,05:30:49.7,0.8807541728019714,1.3531944751739502,-0.3764794170856476
2025-07-15,05:30:49.7,2.7676949501037598,1.2833056449890137,0.14127150177955627
2025-07-15,05:30:50.1,-0.040901895612478256,0.07512117922306061,0.01725379191339016
2025-07-15,05:30:50.1,2.8631327152252197,1.0512142181396484,0.1561603546142578
2025-07-15,05:30:50.1,0.0,0.6014049649238586,1.4980494976043701
2025-07-15,05:30:50.4,-0.040901895612478256,0.07511765509843826,0.01726912334561348
2025-07-15,05:30:50.4,-0.201782688498497,0.6258112192153931,1.4742741584777832
2025-07-15,05:30:50.7,-0.040901895612478256,0.07511827349662781,0.017266418784856796
2025-07-15,05:30:50.7,-0.201782688498497,0.525654673576355,1.5128817558288574
2025-07-15,05:30:51.1,-0.040901895612478256,0.07511696964502335,0.017272109165787697
2025-07-15,05:30:51.1,-0.19632910192012787,0.4165319502353668,-1.5016136169433594
2025-07-15,05:30:51.4,-0.040901895612478256,0.07511670142412186,0.01727328449487686
2025-07-15,05:30:51.4,-0.04908227548003197,1.227808952331543,0.9782451391220093
2025-07-15,05:30:51.4,-0.8343986868858337,1.3305822610855103,-0.01473569218069315
2025-07-15,05:30:51.4,-0.403565376996994,0.3961923122406006,-1.511954665184021
2025-07-15,05:30:51.4,-0.9080221056938171,1.3191503286361694,0.20292459428310394
2025-07-15,05:30:51.7,-0.040901895612478256,0.07511774450540543,0.017268728464841843
2025-07-15,05:30:51.7,-0.04908227548003197,0.7695403099060059,1.3683151006698608
2025-07-15,05:30:52.0,-0.040901895612478256,0.07511871308088303,0.017264537513256073
2025-07-15,05:30:52.0,0.0,0.6299492120742798,1.4387673139572144
2025-07-15,05:30:52.4,-0.040901895612478256,0.07511970400810242,0.017260219901800156
2025-07-15,05:30:52.4,-0.04908227548003197,0.8579311370849609,1.3146986961364746
2025-07-15,05:30:52.7,-0.040901895612478256,0.07511812448501587,0.01726708561182022
2025-07-15,05:30:52.7,-0.09816455096006393,0.4400603473186493,1.504525899887085
2025-07-15,05:30:52.7,0.8343986868858337,1.3259228467941284,-0.11222732067108154
2025-07-15,05:30:53.1,-0.040901895612478256,0.07511889934539795,0.017263704910874367
2025-07-15,05:30:53.1,-0.24541138112545013,0.873199999332428,1.282256841659546
2025-07-15,05:30:53.4,-0.040901895612478256,0.07511986047029495,0.017259512096643448
2025-07-15,05:30:53.4,0.0,0.37167057394981384,1.5708918571472168
2025-07-15,05:30:53.7,-0.040901895612478256,0.07512066513299942,0.01725601777434349
2025-07-15,05:30:53.7,-0.25222834944725037,0.7252393364906311,1.4199467897415161
2025-07-15,05:30:53.7,-0.48264235258102417,5.10007381439209,0.5100119709968567
2025-07-15,05:30:54.1,-0.040901895612478256,0.07512091845273972,0.017254915088415146
2025-07-15,05:30:54.1,-0.05044567212462425,0.8935429453849792,1.3434568643569946
2025-07-15,05:30:54.1,-0.7907699942588806,4.9899091720581055,0.2974551320075989
2025-07-15,05:30:54.4,-0.040901895612478256,0.07512042671442032,0.017257079482078552
2025-07-15,05:30:54.4,-0.15133701264858246,0.7924671769142151,1.3981891870498657
2025-07-15,05:30:54.7,-0.040901895612478256,0.07512284815311432,0.017246520146727562
2025-07-15,05:30:54.7,-0.15133701264858246,0.3087393641471863,1.5772181749343872
2025-07-15,05:30:54.7,2.9585704803466797,0.7478640079498291,-0.1205248311161995
2025-07-15,05:30:55.1,-0.040901895612478256,0.07511769235134125,0.017268968746066093
2025-07-15,05:30:55.1,-0.5180906653404236,0.938868522644043,1.2644002437591553
2025-07-15,05:30:55.1,0.05180906876921654,1.6409668922424316,-0.23052890598773956
2025-07-15,05:30:55.1,2.9585704803466797,0.7563997507095337,-0.04106374830007553
2025-07-15,05:30:55.4,-0.040901895612478256,0.07511964440345764,0.017260460183024406
2025-07-15,05:30:55.4,-0.1008913442492485,0.7454239726066589,1.428287148475647
2025-07-15,05:30:55.7,-0.040901895612478256,0.07511983811855316,0.0172596275806427
2025-07-15,05:30:55.7,2.7676949501037598,1.2874516248703003,0.0964331179857254
2025-07-15,05:30:55.7,-0.05180906876921654,0.9545418620109558,1.3545352220535278
2025-07-15,05:30:56.0,-0.040901895612478256,0.07512429356575012,0.01724022813141346
2025-07-15,05:30:56.0,2.8631327152252197,1.0583134889602661,-0.09700469672679901
2025-07-15,05:30:56.0,-0.201782688498497,0.2491043210029602,1.5821096897125244
2025-07-15,05:30:56.4,-0.040901895612478256,0.07512222975492477,0.017249224707484245
2025-07-15,05:30:56.4,2.9163053035736084,0.713583767414093,-0.2198767066001892
2025-07-15,05:30:56.4,-0.1008913442492485,0.9169757962226868,1.3246948719024658
2025-07-15,05:30:56.7,-0.040901895612478256,0.07512138783931732,0.017252886667847633
2025-07-15,05:30:56.7,-0.15133701264858246,0.8106319308280945,1.3877366781234741
2025-07-15,05:30:56.7,2.9585704803466797,0.7542604207992554,0.07012860476970673
2025-07-15,05:30:57.1,-0.040901895612478256,0.07512057572603226,0.017256423830986023
2025-07-15,05:30:57.1,-0.15133701264858246,0.45323652029037476,1.5419188737869263
2025-07-15,05:30:57.1,2.8631327152252197,1.0627115964889526,-0.009025927633047104
2025-07-15,05:30:57.4,-0.040901895612478256,0.07512262463569641,0.017247509211301804
2025-07-15,05:30:57.4,0.0,0.6913474798202515,1.5068638324737549
2025-07-15,05:30:57.4,2.8631327152252197,1.06271493434906,0.008634192869067192
2025-07-15,05:30:57.7,-0.040901895612478256,0.07512281090021133,0.017246676608920097
2025-07-15,05:30:57.7,-0.25222834944725037,0.15849146246910095,1.5865375995635986
2025-07-15,05:30:57.7,2.8631327152252197,1.0621508359909058,0.03568212315440178
2025-07-15,05:30:58.1,-0.040901895612478256,0.07512315362691879,0.017245199531316757
2025-07-15,05:30:58.1,-0.05044567212462425,0.9557244777679443,1.299956202507019
2025-07-15,05:30:58.1,0.6557937264442444,1.4749099016189575,-0.020385975018143654
2025-07-15,05:30:58.1,2.8072335720062256,1.3077466487884521,0.06777528673410416
2025-07-15,05:30:58.1,-0.06544303148984909,0.1258893609046936,-0.5039520263671875
2025-07-15,05:30:58.1,-0.2781328856945038,0.4431934356689453,0.017895640805363655
2025-07-15,05:30:58.4,-0.040901895612478256,0.07512259483337402,0.017247634008526802
2025-07-15,05:30:58.4,0.7566850781440735,1.421960473060608,-0.1062837541103363
2025-07-15,05:30:58.4,2.8072335720062256,1.2920191287994385,0.21326357126235962
2025-07-15,05:30:58.4,-0.16360758244991302,0.29600971937179565,-0.5602587461471558
2025-07-15,05:30:58.4,-0.40901896357536316,0.5023412704467773,0.09292900562286377
2025-07-15,05:30:58.7,-0.040901895612478256,0.07512275129556656,0.017246926203370094
2025-07-15,05:30:58.7,-0.1008913442492485,0.6250030398368835,1.4849351644515991
2025-07-15,05:30:58.7,2.8072335720062256,1.309349775314331,0.019944116473197937
2025-07-15,05:30:59.1,-0.040901895612478256,0.07512340694665909,0.017244087532162666
2025-07-15,05:30:59.1,-0.10361813753843307,0.2578263580799103,-1.634438395500183
2025-07-15,05:30:59.1,0.6217088103294373,1.5365456342697144,-0.03325391560792923
2025-07-15,05:30:59.4,-0.040901895612478256,0.07512018829584122,0.01725809834897518
2025-07-15,05:30:59.4,-0.1008913442492485,0.32586875557899475,-1.5778056383132935
2025-07-15,05:30:59.8,-0.040901895612478256,0.07511725276708603,0.017270881682634354
2025-07-15,05:30:59.8,-0.1008913442492485,0.4194222390651703,-1.5555533170700073
2025-07-15,05:31:00.1,-0.040901895612478256,0.07511916011571884,0.01726256124675274
2025-07-15,05:31:00.1,0.0,0.8662623167037964,1.3621416091918945
2025-07-15,05:31:00.4,-0.040901895612478256,0.07512217015028,0.017249474301934242
2025-07-15,05:31:00.4,-0.1008913442492485,0.38458526134490967,1.564530372619629
2025-07-15,05:31:00.7,-0.040901895612478256,0.07512275129556656,0.017246926203370094
2025-07-15,05:31:00.7,0.0,0.49901819229125977,1.5810062885284424
2025-07-15,05:31:01.1,-0.040901895612478256,0.07512002438306808,0.01725880615413189
2025-07-15,05:31:01.1,-0.05180906876921654,0.8638834357261658,1.4140796661376953
2025-07-15,05:31:01.1,0.8807541728019714,1.3948713541030884,-0.16494178771972656
2025-07-15,05:31:01.4,-0.040901895612478256,0.07512222975492477,0.017249224707484245
2025-07-15,05:31:01.4,0.05180906876921654,0.547696590423584,-1.5639514923095703
2025-07-15,05:31:01.4,-0.8807541728019714,1.4023795127868652,-0.07876423746347427
2025-07-15,05:31:01.7,-0.040901895612478256,0.07512260973453522,0.017247581854462624
2025-07-15,05:31:02.1,-0.040901895612478256,0.07512371987104416,0.01724272407591343
2025-07-15,05:31:02.1,-0.05044567212462425,0.4843107759952545,1.5390706062316895
2025-07-15,05:31:02.4,-0.040901895612478256,0.07512519508600235,0.017236296087503433
2025-07-15,05:31:02.4,0.0,0.8357853293418884,1.4821031093597412
2025-07-15,05:31:02.7,-0.040901895612478256,0.07512475550174713,0.017238199710845947
2025-07-15,05:31:02.7,-0.05317246541380882,0.6945618391036987,1.5523927211761475
2025-07-15,05:31:03.1,-0.040901895612478256,0.07512327283620834,0.017244691029191017
2025-07-15,05:31:03.1,-0.05317246541380882,0.6024636626243591,1.5904014110565186
2025-07-15,05:31:03.4,-0.040901895612478256,0.07512231916189194,0.01724882982671261
2025-07-15,05:31:03.4,0.0,0.8059722185134888,1.4985244274139404
2025-07-15,05:31:03.7,-0.040901895612478256,0.07512464374303818,0.017238708212971687
2025-07-15,05:31:03.7,0.797586977481842,1.487181544303894,-0.21751534938812256
2025-07-15,05:31:04.1,-0.040901895612478256,0.0751233920454979,0.01724414899945259
2025-07-15,05:31:04.1,1.937386393547058,0.9037244319915771,-0.005420835688710213
2025-07-15,05:31:04.1,-0.9039319157600403,1.4391231536865234,-0.08365600556135178
2025-07-15,05:31:04.4,-0.040901895612478256,0.07512132823467255,0.017253147438168526
2025-07-15,05:31:04.4,1.937386393547058,0.9011814594268799,0.06796394288539886
2025-07-15,05:31:04.4,-0.05180906876921654,0.7295284867286682,1.4878522157669067
2025-07-15,05:31:04.7,-0.040901895612478256,0.07511992752552032,0.017259232699871063
2025-07-15,05:31:04.7,0.0,0.7838327288627625,1.5102227926254272
2025-07-15,05:31:04.7,-0.6380695700645447,1.3473724126815796,-0.8201349377632141
2025-07-15,05:31:05.1,-0.040901895612478256,0.07512197643518448,0.017250318080186844
2025-07-15,05:31:05.1,0.0,0.619435727596283,1.537822961807251
2025-07-15,05:31:05.1,-1.1111681461334229,7.012820720672607,-0.39843323826789856
2025-07-15,05:31:05.4,-0.040901895612478256,0.07512188702821732,0.01725069247186184
2025-07-15,05:31:05.4,-0.2590453326702118,0.5338524580001831,1.5480623245239258
2025-07-15,05:31:05.4,0.6735178828239441,1.5133692026138306,-0.06846477836370468
2025-07-15,05:31:05.7,-0.040901895612478256,0.07512027770280838,0.017257723957300186
2025-07-15,05:31:05.7,0.7771360278129578,1.4634875059127808,0.053516242653131485
2025-07-15,05:31:05.7,-0.8289451003074646,1.4357669353485107,-0.004837735556066036
2025-07-15,05:31:06.1,-0.040901895612478256,0.07512068003416061,0.017255956307053566
2025-07-15,05:31:06.1,-0.10361813753843307,0.9900731444358826,1.3257520198822021
2025-07-15,05:31:06.4,-0.040901895612478256,0.07511866837739944,0.01726471446454525
2025-07-15,05:31:06.4,2.00419282913208,0.7409667372703552,-0.06627736985683441
2025-07-15,05:31:06.4,-0.05180906876921654,0.5995932817459106,1.5447989702224731
2025-07-15,05:31:06.7,-0.040901895612478256,0.07512167096138,0.01725163869559765
2025-07-15,05:31:06.7,1.9632909297943115,0.7283015251159668,0.025354482233524323
2025-07-15,05:31:06.7,-0.1008913442492485,0.8829547166824341,1.3476097583770752
2025-07-15,05:31:06.7,0.807130753993988,1.3777334690093994,-0.2371302992105484
2025-07-15,05:31:07.1,-0.040901895612478256,0.07511767745018005,0.017269041389226913
2025-07-15,05:31:07.1,-0.1008913442492485,0.693099856376648,1.4543980360031128
2025-07-15,05:31:07.4,-0.040901895612478256,0.07512018084526062,0.01725813001394272
2025-07-15,05:31:07.4,-0.201782688498497,1.0171416997909546,1.2371526956558228
2025-07-15,05:31:07.7,-0.040901895612478256,0.07512034475803375,0.01725742220878601
2025-07-15,05:31:07.7,-0.1008913442492485,0.47698506712913513,1.538878321647644
2025-07-15,05:31:07.7,0.807130753993988,1.3863967657089233,-0.17967826128005981
2025-07-15,05:31:07.7,-1.5556354522705078,6.486913204193115,2.464357376098633
2025-07-15,05:31:08.1,-0.040901895612478256,0.07511972635984421,0.017260126769542694
2025-07-15,05:31:08.1,-0.05044567212462425,0.581870436668396,1.5048993825912476
2025-07-15,05:31:08.1,0.8575764298439026,1.36073637008667,-0.1371108740568161
2025-07-15,05:31:08.4,-0.040901895612478256,0.07512357085943222,0.017243368551135063
2025-07-15,05:31:08.4,-0.05044567212462425,0.7271532416343689,1.440327525138855
2025-07-15,05:31:08.7,-0.040901895612478256,0.0751209557056427,0.01725475862622261
2025-07-15,05:31:08.7,1.937386393547058,0.9000036120414734,0.08210179209709167
2025-07-15,05:31:08.7,-0.1008913442492485,0.3623678684234619,1.5698250532150269
2025-07-15,05:31:09.1,-0.040901895612478256,0.07512059807777405,0.01725633069872856
2025-07-15,05:31:09.1,0.0,0.7958319187164307,1.404454231262207
2025-07-15,05:31:09.1,0.6053480505943298,1.4697176218032837,-0.281645268201828
2025-07-15,05:31:09.1,0.0,0.7684851884841919,1.369787573814392
2025-07-15,05:31:09.4,-0.040901895612478256,0.07512152194976807,0.017252294346690178
2025-07-15,05:31:09.4,0.10361813753843307,0.9047819375991821,1.3853638172149658
2025-07-15,05:31:09.4,0.8289451003074646,1.1376923322677612,-0.8758460879325867
2025-07-15,05:31:09.7,-0.040901895612478256,0.07512406259775162,0.017241235822439194
2025-07-15,05:31:09.7,2.028733968734741,0.5122485756874084,-0.08612389862537384
2025-07-15,05:31:09.7,0.0,0.519605815410614,1.5743601322174072
2025-07-15,05:31:10.1,-0.040901895612478256,0.07512170821428299,0.017251472920179367
2025-07-15,05:31:10.1,-0.10361813753843307,0.6291912794113159,1.5303534269332886
2025-07-15,05:31:10.1,2.028733968734741,0.4879217743873596,0.17818038165569305
2025-07-15,05:31:10.1,0.05317246541380882,0.4776683449745178,1.632229208946228
2025-07-15,05:31:10.4,-0.040901895612478256,0.07512062042951584,0.01725621521472931
2025-07-15,05:31:10.4,-0.10361813753843307,0.18828165531158447,-1.6439018249511719
2025-07-15,05:31:10.4,2.028733968734741,0.5186522006988525,0.02856292389333248
2025-07-15,05:31:10.8,-0.040901895612478256,0.07512294501066208,0.017246084287762642
2025-07-15,05:31:10.8,-0.10361813753843307,0.4093017280101776,-1.6032265424728394
2025-07-15,05:31:11.1,-0.040901895612478256,0.07512089610099792,0.017255019396543503
2025-07-15,05:31:11.1,0.0,0.7066473960876465,1.499749779701233
2025-07-15,05:31:11.4,-0.040901895612478256,0.0751229003071785,0.017246292904019356
2025-07-15,05:31:11.4,-0.15133701264858246,0.67133629322052,1.4602208137512207
2025-07-15,05:31:11.7,-0.040901895612478256,0.07512271404266357,0.017247114330530167
2025-07-15,05:31:11.7,0.0,0.446209192276001,1.5513663291931152
2025-07-15,05:31:11.7,-0.8575764298439026,1.2599549293518066,0.5318989157676697
2025-07-15,05:31:12.1,-0.040901895612478256,0.07512378692626953,0.01724243350327015
2025-07-15,05:31:12.1,-0.1008913442492485,0.7308651804924011,1.4357914924621582
2025-07-15,05:31:12.4,-0.040901895612478256,0.07512184232473373,0.017250889912247658
2025-07-15,05:31:12.4,-0.1008913442492485,0.6640603542327881,1.4678845405578613
2025-07-15,05:31:12.7,-0.040901895612478256,0.0751240998506546,0.017241060733795166
2025-07-15,05:31:12.7,-1.0839002132415771,6.737063884735107,1.2484272718429565
2025-07-15,05:31:12.7,-0.201782688498497,0.6829405426979065,1.4486947059631348
2025-07-15,05:31:13.1,-0.040901895612478256,0.07512298971414566,0.01724591664969921
2025-07-15,05:31:13.1,-0.05044567212462425,0.9989514946937561,1.2670403718948364
2025-07-15,05:31:13.4,-0.040901895612478256,0.07511983066797256,0.017259648069739342
2025-07-15,05:31:13.4,-0.31085440516471863,0.7573077082633972,-1.441684603691101
2025-07-15,05:31:13.7,-0.040901895612478256,0.07512512803077698,0.017236577346920967
2025-07-15,05:31:13.7,2.028733968734741,0.5141720175743103,-0.07377719134092331
2025-07-15,05:31:13.7,-0.10634493082761765,0.9664211869239807,1.3963837623596191
2025-07-15,05:31:13.7,-0.8507594466209412,1.3916151523590088,-0.4845433235168457
2025-07-15,05:31:13.7,-0.8289451003074646,1.4052560329437256,-0.29445770382881165
2025-07-15,05:31:14.1,-0.040901895612478256,0.07512252777814865,0.017247924581170082
2025-07-15,05:31:14.1,0.05317246541380882,0.4339260160923004,-1.644398808479309
2025-07-15,05:31:14.4,-0.040901895612478256,0.07512512803077698,0.017236577346920967
2025-07-15,05:31:14.4,1.9632909297943115,0.7287368774414062,0.0029198520351201296
2025-07-15,05:31:14.7,-0.040901895612478256,0.0751243531703949,0.01723995804786682
2025-07-15,05:31:14.7,-0.11452531069517136,1.1237612962722778,1.4428279399871826
2025-07-15,05:31:14.7,2.028733968734741,0.5194237232208252,0.0038620135746896267
2025-07-15,05:31:15.1,-0.040901895612478256,0.07512389123439789,0.01724197529256344
2025-07-15,05:31:15.1,1.9632909297943115,0.7269780039787292,-0.050684746354818344
2025-07-15,05:31:15.1,-0.05589925870299339,0.9793368577957153,1.4958258867263794
2025-07-15,05:31:15.1,-0.5276344418525696,1.5723615884780884,0.8768030405044556
2025-07-15,05:31:15.1,-1.1138949394226074,1.5049192905426025,-0.11814487725496292
2025-07-15,05:31:15.4,-0.040901895612478256,0.07512149959802628,0.017252376303076744
2025-07-15,05:31:15.4,2.028733968734741,0.519324779510498,0.010848588310182095
2025-07-15,05:31:15.4,-0.11452531069517136,0.4329865574836731,-1.776827096939087
2025-07-15,05:31:15.4,0.8589398264884949,1.618442177772522,-0.023984137922525406
2025-07-15,05:31:15.7,-0.040901895612478256,0.07512447983026505,0.017239416018128395
2025-07-15,05:31:15.7,-0.05726265534758568,1.1211369037628174,1.4482682943344116
2025-07-15,05:31:16.1,-0.040901895612478256,0.0751219391822815,0.017250483855605125
2025-07-15,05:31:16.1,1.9632909297943115,0.7278775572776794,-0.03549956902861595
2025-07-15,05:31:16.1,0.05862605199217796,0.6999155282974243,1.7395929098129272
2025-07-15,05:31:16.4,-0.040901895612478256,0.07512298971414566,0.01724589616060257
2025-07-15,05:31:16.4,0.0,0.6239452958106995,1.769235610961914
2025-07-15,05:31:16.4,1.9632909297943115,0.7274569272994995,-0.0432710275053978
2025-07-15,05:31:16.8,-0.040901895612478256,0.07512298971414566,0.01724589616060257
2025-07-15,05:31:16.8,0.0,0.1852131336927414,1.823020577430725
2025-07-15,05:31:16.8,1.9632909297943115,0.728263258934021,0.02643045224249363
2025-07-15,05:31:17.1,-0.040901895612478256,0.07512221485376358,0.017249276861548424
2025-07-15,05:31:17.1,2.028733968734741,0.5189126133918762,0.02335931546986103
2025-07-15,05:31:17.4,-0.040901895612478256,0.07512599229812622,0.017232811078429222
2025-07-15,05:31:17.4,0.0,0.6265154480934143,1.7219716310501099
2025-07-15,05:31:17.7,-0.040901895612478256,0.07512907683849335,0.017219360917806625
2025-07-15,05:31:17.7,-0.05862605199217796,0.17339347302913666,1.8670833110809326
2025-07-15,05:31:18.1,-0.040901895612478256,0.07512687891721725,0.01722896285355091
2025-07-15,05:31:18.1,-0.05862605199217796,0.7525337934494019,-1.717486023902893
2025-07-15,05:31:18.1,2.0709993839263916,0.32768383622169495,0.41689082980155945
2025-07-15,05:31:18.1,-0.05726265534758568,0.5539384484291077,1.745732307434082
2025-07-15,05:31:18.4,-0.040901895612478256,0.07512738555669785,0.017226766794919968
2025-07-15,05:31:18.4,-0.11725210398435593,0.9377610087394714,1.620604395866394
2025-07-15,05:31:18.4,0.8793907761573792,1.5550967454910278,0.5725803971290588
2025-07-15,05:31:18.7,-0.040901895612478256,0.0751265436410904,0.01723041944205761
2025-07-15,05:31:18.7,-0.11452531069517136,0.2876937985420227,-1.8060520887374878
2025-07-15,05:31:19.1,-0.040901895612478256,0.0751267671585083,0.017229430377483368
2025-07-15,05:31:19.1,0.0,0.8067675828933716,1.6937025785446167
2025-07-15,05:31:19.4,-0.040901895612478256,0.0751255601644516,0.01723472587764263
2025-07-15,05:31:19.4,-0.05726265534758568,0.6482127904891968,1.7129650115966797
2025-07-15,05:31:19.7,-0.040901895612478256,0.07512848824262619,0.01722192019224167
2025-07-15,05:31:19.7,0.05589925870299339,0.6096380352973938,1.6807550191879272
2025-07-15,05:31:19.7,-0.950287401676178,1.5031119585037231,-0.1932072639465332
2025-07-15,05:31:20.1,-0.040901895612478256,0.07512614130973816,0.017232166603207588
2025-07-15,05:31:20.1,0.0,0.7186297178268433,1.6380757093429565
2025-07-15,05:31:20.4,-0.040901895612478256,0.07512721419334412,0.017227495089173317
2025-07-15,05:31:20.4,-0.05726265534758568,0.6426079869270325,1.7150754928588867
2025-07-15,05:31:20.4,2.00419282913208,0.7410010099411011,0.06589306145906448
2025-07-15,05:31:20.7,-0.040901895612478256,0.07512901723384857,0.01721964217722416
2025-07-15,05:31:20.7,1.9632909297943115,0.7265751957893372,-0.0561639629304409
2025-07-15,05:31:20.7,-0.05726265534758568,0.6124315857887268,1.7260812520980835
2025-07-15,05:31:20.7,-0.9162024855613708,1.5672446489334106,0.24904833734035492
2025-07-15,05:31:20.7,-0.2290506213903427,0.9303156137466431,1.5619720220565796
2025-07-15,05:31:21.1,-0.040901895612478256,0.07512633502483368,0.017231345176696777
2025-07-15,05:31:21.1,-0.11452531069517136,0.7753171324729919,1.656343936920166
2025-07-15,05:31:21.1,1.9632909297943115,0.7281882166862488,0.028423121199011803
2025-07-15,05:31:21.4,-0.040901895612478256,0.075124591588974,0.017238928005099297
2025-07-15,05:31:21.4,2.028733968734741,0.519417405128479,-0.00463541503995657
2025-07-15,05:31:21.4,0.0,0.817225992679596,1.6886811256408691
2025-07-15,05:31:21.4,0.9380168318748474,1.6057151556015015,-0.24759948253631592
2025-07-15,05:31:21.7,-0.040901895612478256,0.07512781769037247,0.017224853858351707
2025-07-15,05:31:21.7,1.9632909297943115,0.7287343144416809,-0.00350477104075253
2025-07-15,05:31:22.1,-0.040901895612478256,0.07512670755386353,0.017229700461030006
2025-07-15,05:31:22.1,1.9632909297943115,0.7276965975761414,-0.039033547043800354
2025-07-15,05:31:22.1,0.0,0.880266010761261,1.6071215867996216
2025-07-15,05:31:22.4,-0.040901895612478256,0.07512794435024261,0.017224302515387535
2025-07-15,05:31:22.4,0.05726265534758568,0.8341295719146729,1.630538821220398
2025-07-15,05:31:22.4,1.9632909297943115,0.7286700010299683,-0.010295623913407326
2025-07-15,05:31:22.7,-0.040901895612478256,0.07512729614973068,0.017227143049240112
2025-07-15,05:31:22.7,0.0,1.188894510269165,1.3943592309951782
2025-07-15,05:31:22.7,-1.087990403175354,1.4385932683944702,-0.3231631815433502
2025-07-15,05:31:22.7,1.9632909297943115,0.7259739637374878,0.06346484273672104
2025-07-15,05:31:23.1,-0.040901895612478256,0.07512763142585754,0.01722567528486252
2025-07-15,05:31:23.1,0.17178796231746674,0.8759685158729553,1.6002737283706665
2025-07-15,05:31:23.1,-0.9162024855613708,1.562444806098938,-0.2775740921497345
2025-07-15,05:31:23.1,1.9632909297943115,0.7268358469009399,0.05268365889787674
2025-07-15,05:31:23.1,-0.2931302487850189,0.6469534635543823,1.7363836765289307
2025-07-15,05:31:23.4,-0.040901895612478256,0.07512593269348145,0.01723308116197586
2025-07-15,05:31:23.4,1.9632909297943115,0.7287344336509705,-0.0034665754064917564
2025-07-15,05:31:23.4,0.0,0.6792709827423096,1.6547844409942627
2025-07-15,05:31:23.4,-1.0620858669281006,1.4393035173416138,-0.010000044479966164
2025-07-15,05:31:23.7,-0.040901895612478256,0.07512660324573517,0.017230158671736717
2025-07-15,05:31:23.7,2.028733968734741,0.51885586977005,-0.024586321786046028
2025-07-15,05:31:23.7,0.0,0.8260805606842041,1.5866037607192993
2025-07-15,05:31:24.1,-0.040901895612478256,0.07512685656547546,0.017229055985808372
2025-07-15,05:31:24.1,0.0,0.11030077934265137,1.8727883100509644
2025-07-15,05:31:24.1,-0.7035126090049744,1.7337679862976074,-0.13645873963832855
2025-07-15,05:31:24.1,2.028733968734741,0.5186275839805603,0.02900679223239422
2025-07-15,05:31:24.1,-0.8589398264884949,1.5968581438064575,-0.2645263075828552
2025-07-15,05:31:24.1,0.2290506213903427,0.859138011932373,1.6022251844406128
2025-07-15,05:31:24.4,-0.040901895612478256,0.07512511312961578,0.01723663881421089
2025-07-15,05:31:24.4,-0.11452531069517136,0.8935151696205139,1.5956887006759644
2025-07-15,05:31:24.4,1.9632909297943115,0.7282959818840027,-0.02551325596868992
2025-07-15,05:31:24.7,-0.040901895612478256,0.07512704282999039,0.01722823455929756
2025-07-15,05:31:24.7,1.9632909297943115,0.7282967567443848,0.025489788502454758
2025-07-15,05:31:24.7,0.0,0.993030846118927,1.53999924659729
2025-07-15,05:31:25.1,-0.040901895612478256,0.07512536644935608,0.01723555661737919
2025-07-15,05:31:25.1,-0.11452531069517136,0.9902735948562622,1.5375142097473145
2025-07-15,05:31:25.1,1.030727744102478,1.5011790990829468,-0.20437654852867126
2025-07-15,05:31:25.1,1.9632909297943115,0.7278614044189453,0.035829100757837296
2025-07-15,05:31:25.4,-0.040901895612478256,0.07512706518173218,0.0172281414270401
2025-07-15,05:31:25.4,2.028733968734741,0.511940062046051,-0.0879393219947815
2025-07-15,05:31:25.4,0.0,0.7259888648986816,1.6824530363082886
2025-07-15,05:31:25.4,-1.087990403175354,1.474402904510498,-0.011004118248820305
2025-07-15,05:31:25.7,-0.040901895612478256,0.07512930780649185,0.017218362540006638
2025-07-15,05:31:25.7,1.9632909297943115,0.7236794829368591,-0.08575517684221268
2025-07-15,05:31:25.7,-0.05862605199217796,0.30274462699890137,1.850516438484192
2025-07-15,05:31:26.1,-0.040901895612478256,0.07512938976287842,0.017217999324202538
2025-07-15,05:31:26.1,1.9632909297943115,0.7274700999259949,-0.04304834455251694
2025-07-15,05:31:26.4,-0.040901895612478256,0.07512691617012024,0.017228785902261734
2025-07-15,05:31:26.4,0.05589925870299339,0.5461353063583374,1.702448844909668
2025-07-15,05:31:26.4,-0.950287401676178,1.515433669090271,0.011631321161985397
2025-07-15,05:31:26.4,1.9632909297943115,0.7282288670539856,-0.02736237831413746
2025-07-15,05:31:26.7,-0.040901895612478256,0.07512536644935608,0.01723555661737919
2025-07-15,05:31:26.7,0.05589925870299339,0.5959070324897766,1.6856721639633179
2025-07-15,05:31:26.7,1.8978478908538818,0.8826417922973633,-0.0685131698846817
2025-07-15,05:31:27.1,-0.040901895612478256,0.07512536644935608,0.01723555661737919
2025-07-15,05:31:27.1,-0.11452531069517136,1.056205153465271,-1.4929910898208618
2025-07-15,05:31:27.1,-0.9162024855613708,1.582727074623108,-0.11513542383909225
2025-07-15,05:31:27.4,-0.040901895612478256,0.07512853294610977,0.017221743240952492
2025-07-15,05:31:27.4,0.0,0.9326425194740295,1.5264005661010742
2025-07-15,05:31:27.4,1.8324048519134521,1.0138391256332397,0.0
2025-07-15,05:31:27.8,-0.040901895612478256,0.07512900978326797,0.017219653353095055
2025-07-15,05:31:27.8,0.0,0.5239781141281128,1.7103121280670166
2025-07-15,05:31:27.8,-1.0620858669281006,1.4393359422683716,-0.002550761913880706
2025-07-15,05:31:27.8,1.937386393547058,0.8959444165229797,0.1184515431523323
2025-07-15,05:31:28.1,-0.040901895612478256,0.07512585073709488,0.017233455553650856
2025-07-15,05:31:28.1,1.937386393547058,0.8948754668235779,0.12627379596233368
2025-07-15,05:31:28.1,-0.05726265534758568,0.16652823984622955,-1.8239235877990723
2025-07-15,05:31:28.4,-0.040901895612478256,0.07512832432985306,0.017222659662365913
2025-07-15,05:31:28.4,1.937386393547058,0.88742595911026,0.17094528675079346
2025-07-15,05:31:28.4,0.0,1.0146433115005493,1.5258463621139526
2025-07-15,05:31:28.7,-0.040901895612478256,0.07512716948986053,0.01722768321633339
2025-07-15,05:31:28.7,1.937386393547058,0.8708693385124207,0.24152395129203796
2025-07-15,05:31:28.7,0.0,0.32054242491722107,-1.804150938987732
2025-07-15,05:31:29.1,-0.040901895612478256,0.07512736320495605,0.01722686178982258
2025-07-15,05:31:29.1,-0.1758781522512436,1.1892340183258057,1.4402401447296143
2025-07-15,05:31:29.1,-0.8793907761573792,1.636309266090393,-0.2620429992675781
2025-07-15,05:31:29.1,2.00419282913208,0.714061975479126,0.2086620330810547
2025-07-15,05:31:29.4,-0.040901895612478256,0.07512408494949341,0.017241142690181732
2025-07-15,05:31:29.4,1.9632909297943115,0.7250833511352539,-0.07293888181447983
2025-07-15,05:31:29.4,-0.2290506213903427,0.42146989703178406,1.7685041427612305
2025-07-15,05:31:29.7,-0.040901895612478256,0.07512206584215164,0.017249923199415207
2025-07-15,05:31:29.7,2.028733968734741,0.5170574188232422,-0.049674682319164276
2025-07-15,05:31:29.7,-0.2290506213903427,0.10944908857345581,1.8147354125976562
2025-07-15,05:31:30.1,-0.040901895612478256,0.07512219250202179,0.017249371856451035
2025-07-15,05:31:30.1,2.028733968734741,0.5193190574645996,-0.011119953356683254
2025-07-15,05:31:30.1,-0.11179851740598679,0.8443620800971985,1.572982668876648
2025-07-15,05:31:30.4,-0.040901895612478256,0.07512538880109787,0.017235463485121727
2025-07-15,05:31:30.4,-0.17178796231746674,0.6348842978477478,1.7102978229522705
2025-07-15,05:31:30.4,2.028733968734741,0.5125024318695068,-0.08460031449794769
2025-07-15,05:31:30.7,-0.040901895612478256,0.07512331008911133,0.017244523391127586
2025-07-15,05:31:30.7,0.0,1.018804907798767,1.5230708122253418
2025-07-15,05:31:30.7,0.6871518492698669,1.6968872547149658,-0.07812640815973282
2025-07-15,05:31:31.1,-0.040901895612478256,0.07512299716472626,0.017245886847376823
2025-07-15,05:31:31.1,0.0,0.7675448656082153,1.6639058589935303
2025-07-15,05:31:31.4,-0.040901895612478256,0.07512437552213669,0.017239853739738464
2025-07-15,05:31:31.4,2.00419282913208,0.7349070310592651,0.11548156291246414
2025-07-15,05:31:31.4,0.17178796231746674,0.6050829291343689,1.721066951751709
2025-07-15,05:31:31.4,-0.9162024855613708,1.576906681060791,-0.17789368331432343
2025-07-15,05:31:31.7,-0.040901895612478256,0.07512141764163971,0.01725275069475174
2025-07-15,05:31:31.7,0.0,0.28269249200820923,-1.8104676008224487
2025-07-15,05:31:32.1,-0.040901895612478256,0.07512631267309189,0.01723143830895424
2025-07-15,05:31:32.1,-0.8207647204399109,1.6806520223617554,-0.14579567313194275
2025-07-15,05:31:32.1,2.028733968734741,0.5043429732322693,0.12431439757347107
2025-07-15,05:31:32.4,-0.040901895612478256,0.07512445747852325,0.01723949983716011
2025-07-15,05:31:32.4,2.00419282913208,0.7340663075447083,0.12071049958467484
2025-07-15,05:31:32.7,-0.040901895612478256,0.07512442022562027,0.017239676788449287
2025-07-15,05:31:32.7,-0.11179851740598679,0.982775866985321,-1.4904272556304932
2025-07-15,05:31:32.7,2.00419282913208,0.7316034436225891,0.1348361223936081
2025-07-15,05:31:33.1,-0.040901895612478256,0.07512427121400833,0.01724032126367092
2025-07-15,05:31:33.1,2.0709993839263916,0.5288174748420715,-0.039073288440704346
2025-07-15,05:31:33.1,-0.16769777238368988,1.0486891269683838,-1.4393919706344604
2025-07-15,05:31:33.1,0.7825896143913269,1.6041382551193237,0.1183839812874794
2025-07-15,05:31:33.4,-0.040901895612478256,0.07512445747852325,0.01723949983716011
2025-07-15,05:31:33.4,-0.05589925870299339,0.8407091498374939,1.5779112577438354
2025-07-15,05:31:33.4,2.00419282913208,0.7322890758514404,0.13106133043766022
2025-07-15,05:31:33.8,-0.040901895612478256,0.0751238763332367,0.017242059111595154
2025-07-15,05:31:33.8,2.0709993839263916,0.5222281217575073,-0.09193733334541321
2025-07-15,05:31:33.8,-0.05589925870299339,0.7432676553726196,1.6260839700698853
2025-07-15,05:31:34.1,-0.040901895612478256,0.0751229077577591,0.01724626123905182
2025-07-15,05:31:34.1,1.9632909297943115,0.6976497769355774,-0.21059606969356537
2025-07-15,05:31:34.1,-0.05726265534758568,0.621826708316803,1.7227189540863037
2025-07-15,05:31:34.4,-0.040901895612478256,0.07512211054563522,0.01724974624812603
2025-07-15,05:31:34.4,1.9632909297943115,0.724298357963562,-0.08036033809185028
2025-07-15,05:31:34.4,-0.11452531069517136,1.0747820138931274,1.4796741008758545
2025-07-15,05:31:34.4,0.9162024855613708,1.5625053644180298,-0.2772325277328491
2025-07-15,05:31:34.7,-0.040901895612478256,0.07512211054563522,0.01724974624812603
2025-07-15,05:31:34.7,0.11452531069517136,0.16269001364707947,1.8215718269348145
2025-07-15,05:31:34.7,1.8978478908538818,0.8851680755615234,-0.015101296827197075
2025-07-15,05:31:35.1,-0.040901895612478256,0.07512229681015015,0.01724892295897007
2025-07-15,05:31:35.1,0.0,0.8936967849731445,1.5996918678283691
2025-07-15,05:31:35.1,1.9632909297943115,0.7287400960922241,-0.0019604649860411882
2025-07-15,05:31:35.4,-0.040901895612478256,0.07512135058641434,0.017253031954169273
2025-07-15,05:31:35.4,-0.05726265534758568,1.149275541305542,1.426041603088379
2025-07-15,05:31:35.7,-0.040901895612478256,0.0751209482550621,0.017254779115319252
2025-07-15,05:31:35.7,-0.16769777238368988,0.8457422852516174,1.5672645568847656
2025-07-15,05:31:36.1,-0.040901895612478256,0.07512393593788147,0.017241787165403366
2025-07-15,05:31:36.1,0.0,0.8599769473075867,1.5185452699661255
2025-07-15,05:31:36.4,-0.040901895612478256,0.07512181252241135,0.017251014709472656
2025-07-15,05:31:36.4,2.00419282913208,0.7387266755104065,-0.08779123425483704
2025-07-15,05:31:36.4,0.05453586205840111,0.6748186349868774,1.6084730625152588
2025-07-15,05:31:36.7,-0.040901895612478256,0.07512309402227402,0.017245439812541008
2025-07-15,05:31:36.7,0.05453586205840111,0.5596414804458618,1.652079701423645
2025-07-15,05:31:36.7,-0.9271096587181091,1.4741910696029663,-0.11299743503332138
2025-07-15,05:31:37.1,-0.040901895612478256,0.07512316107749939,0.017245179042220116
2025-07-15,05:31:37.1,0.05589925870299339,0.39105719327926636,1.7446117401123047
2025-07-15,05:31:37.1,1.006186604499817,1.4738333225250244,-0.12298160791397095
2025-07-15,05:31:37.4,-0.040901895612478256,0.07512158155441284,0.01725204475224018
2025-07-15,05:31:37.4,0.11179851740598679,0.7711098790168762,1.6101588010787964
2025-07-15,05:31:37.7,-0.040901895612478256,0.07512586563825607,0.01723337359726429
2025-07-15,05:31:37.7,0.0,0.9286260604858398,1.5796713829040527
2025-07-15,05:31:38.1,-0.040901895612478256,0.07512334734201431,0.017244357615709305
2025-07-15,05:31:38.1,0.05726265534758568,0.4407159686088562,1.7776947021484375
2025-07-15,05:31:38.4,-0.040901895612478256,0.07512243837118149,0.01724828965961933
2025-07-15,05:31:38.4,1.9769248962402344,0.9219805598258972,-0.019387822598218918
2025-07-15,05:31:38.4,-0.17178796231746674,0.6230971813201904,1.7146272659301758
2025-07-15,05:31:38.7,-0.040901895612478256,0.07512359321117401,0.017243264243006706
2025-07-15,05:31:38.7,2.0450947284698486,0.7503154277801514,0.11519625037908554
2025-07-15,05:31:38.7,-0.22359703481197357,0.541343629360199,-1.6901692152023315
2025-07-15,05:31:39.1,-0.040901895612478256,0.07512086629867554,0.017255155369639397
2025-07-15,05:31:39.1,1.9769248962402344,0.9207893013954163,0.050706613808870316
2025-07-15,05:31:39.1,-0.16360758244991302,0.4990243911743164,-1.6642557382583618
2025-07-15,05:31:39.4,-0.040901895612478256,0.07512172311544418,0.017251409590244293
2025-07-15,05:31:39.4,-0.05589925870299339,0.8024165034294128,1.5977245569229126
2025-07-15,05:31:39.4,1.9769248962402344,0.9106565713882446,0.14535704255104065
2025-07-15,05:31:39.8,-0.040901895612478256,0.07511916011571884,0.01726258173584938
2025-07-15,05:31:39.8,2.0450947284698486,0.7503980994224548,0.11465638875961304
2025-07-15,05:31:39.8,0.0,0.5954717397689819,-1.6404125690460205
2025-07-15,05:31:40.1,-0.040901895612478256,0.07512086629867554,0.017255155369639397
2025-07-15,05:31:40.4,-0.040901895612478256,0.07512086629867554,0.017255155369639397
2025-07-15,05:31:40.4,0.05589925870299339,0.9517231583595276,1.5135451555252075
2025-07-15,05:31:40.4,0.7825896143913269,1.5814188718795776,-0.29391956329345703
2025-07-15,05:31:40.7,-0.040901895612478256,0.07512088865041733,0.017255060374736786
2025-07-15,05:31:40.7,-0.8589398264884949,1.6037997007369995,-0.21853357553482056
2025-07-15,05:31:40.7,-0.11452531069517136,0.510105311870575,1.7562415599822998
2025-07-15,05:31:41.1,-0.040901895612478256,0.07512012869119644,0.01725836843252182
2025-07-15,05:31:41.1,-0.05862605199217796,0.8921459913253784,1.6492849588394165
2025-07-15,05:31:41.1,-0.7621386647224426,1.6975153684616089,-0.23893237113952637
2025-07-15,05:31:41.4,-0.040901895612478256,0.07511746883392334,0.01726992428302765
2025-07-15,05:31:41.4,-0.11179851740598679,0.6841827630996704,1.6489741802215576
2025-07-15,05:31:41.4,2.00419282913208,0.741940975189209,-0.05429475009441376
2025-07-15,05:31:41.7,-0.040901895612478256,0.07512027025222778,0.017257755622267723
2025-07-15,05:31:41.7,-0.05726265534758568,0.9107974171638489,1.5889861583709717
2025-07-15,05:31:41.7,0.9162024855613708,1.5791776180267334,-0.15645742416381836
2025-07-15,05:31:42.1,-0.040901895612478256,0.07511917501688004,0.017262497916817665
2025-07-15,05:31:42.1,2.00419282913208,0.7439215779304504,0.0022477442398667336
2025-07-15,05:31:42.4,-0.040901895612478256,0.0751158744096756,0.017276862636208534
2025-07-15,05:31:42.4,0.0,0.9430230259895325,1.621792197227478
2025-07-15,05:31:42.7,-0.040901895612478256,0.07511593401432037,0.01727660372853279
2025-07-15,05:31:42.7,-0.11452531069517136,0.5174555778503418,1.7540899515151978
2025-07-15,05:31:43.1,-0.040901895612478256,0.07511799782514572,0.01726764626801014
2025-07-15,05:31:43.1,0.572626531124115,1.7333652973175049,-0.1589076966047287
2025-07-15,05:31:43.4,-0.040901895612478256,0.07511671632528305,0.01727321185171604
2025-07-15,05:31:43.4,0.0,1.234858512878418,1.3538213968276978
2025-07-15,05:31:43.4,-0.8589398264884949,1.5948717594146729,-0.2762507200241089
2025-07-15,05:31:43.7,-0.040901895612478256,0.07511895149946213,0.017263496294617653
2025-07-15,05:31:44.1,-0.040901895612478256,0.07511898875236511,0.01726333051919937
2025-07-15,05:31:44.1,-0.11452531069517136,0.8732202649116516,-1.6068845987319946
2025-07-15,05:31:44.1,0.0,0.12848570942878723,1.7841558456420898
2025-07-15,05:31:44.4,-0.040901895612478256,0.0751175656914711,0.017269529402256012
2025-07-15,05:31:44.4,0.0,0.29899361729621887,-1.807847023010254
2025-07-15,05:31:44.7,-0.040901895612478256,0.0751253142952919,0.017235776409506798
2025-07-15,05:31:44.7,2.113264560699463,0.5407158732414246,0.019881131127476692
2025-07-15,05:31:44.7,-0.05862605199217796,0.763187050819397,1.7127786874771118
2025-07-15,05:31:45.1,-0.040901895612478256,0.07512285560369492,0.01724647916853428
2025-07-15,05:31:45.1,2.00419282913208,0.7374669313430786,0.0978105217218399
2025-07-15,05:31:45.1,-0.05998944863677025,1.0138583183288574,1.6289862394332886
2025-07-15,05:31:45.4,-0.040901895612478256,0.07512852549552917,0.017221763730049133
2025-07-15,05:31:45.4,-0.17996834218502045,0.5473517179489136,-1.8311529159545898
2025-07-15,05:31:45.4,2.00419282913208,0.7349464893341064,0.11523028463125229
2025-07-15,05:31:45.4,0.05862605199217796,0.9782464504241943,1.599718451499939
2025-07-15,05:31:45.4,-1.0552688837051392,1.5218030214309692,-0.3000425398349762
2025-07-15,05:31:45.7,-0.040901895612478256,0.07513518631458282,0.017192691564559937
2025-07-15,05:31:45.7,2.00419282913208,0.7434462308883667,0.026683935895562172
2025-07-15,05:31:45.7,0.239957794547081,1.2221728563308716,1.460759162902832
2025-07-15,05:31:45.7,0.959831178188324,1.5849591493606567,-0.501729428768158
2025-07-15,05:31:46.1,-0.040901895612478256,0.07515338063240051,0.01711297035217285
2025-07-15,05:31:46.1,2.00419282913208,0.7437195181846619,0.01748041808605194
2025-07-15,05:31:46.1,-0.05998944863677025,1.133225679397583,1.548323154449463
2025-07-15,05:31:46.1,1.0198205709457397,1.5725677013397217,-0.41484975814819336
2025-07-15,05:31:46.4,-0.040901895612478256,0.07511713355779648,0.01727140136063099
2025-07-15,05:31:46.4,0.0,0.9488582611083984,1.668763518333435
2025-07-15,05:31:46.4,2.00419282913208,0.7436378002166748,0.020668035373091698
2025-07-15,05:31:46.4,0.0,0.7789908647537231,1.8021334409713745
2025-07-15,05:31:46.7,-0.040901895612478256,0.07509595155715942,0.017363261431455612
2025-07-15,05:31:46.7,-0.12270569056272507,1.4898602962493896,1.2727024555206299
2025-07-15,05:31:46.7,1.937386393547058,0.9034735560417175,-0.021970044821500778
2025-07-15,05:31:46.7,-0.42946991324424744,0.7751657962799072,-1.7519090175628662
2025-07-15,05:31:46.7,-1.1657040119171143,1.5777214765548706,0.08025458455085754
2025-07-15,05:31:47.1,-0.040901895612478256,0.07508310675621033,0.017418714240193367
2025-07-15,05:31:47.1,2.00419282913208,0.7434183955192566,0.02744898572564125
2025-07-15,05:31:47.1,-0.1840585321187973,0.6925004124641418,1.8278614282608032
2025-07-15,05:31:47.4,-0.040901895612478256,0.07510341703891754,0.01733093149960041
2025-07-15,05:31:47.4,1.937386393547058,0.8957377076148987,0.12000508606433868
2025-07-15,05:31:47.4,-0.1199788972735405,0.890548050403595,1.6963586807250977
2025-07-15,05:31:47.7,-0.040901895612478256,0.07510128617286682,0.0173401590436697
2025-07-15,05:31:47.7,0.0,0.6636617183685303,1.8477188348770142
2025-07-15,05:31:48.1,-0.040901895612478256,0.07510225474834442,0.017335986718535423
2025-07-15,05:31:48.1,0.061352845281362534,0.1462799608707428,-1.9568724632263184
2025-07-15,05:31:48.4,-0.040901895612478256,0.07510357350111008,0.017330246046185493
2025-07-15,05:31:48.4,1.9632909297943115,0.725676953792572,-0.0667748898267746
2025-07-15,05:31:48.7,-0.040901895612478256,0.07510342448949814,0.017330890521407127
2025-07-15,05:31:49.1,-0.040901895612478256,0.07510580867528915,0.017320582643151283
2025-07-15,05:31:49.1,0.0,0.8790916204452515,1.706546664237976
2025-07-15,05:31:49.1,1.8978478908538818,0.8807147145271301,0.08995620906352997
2025-07-15,05:31:49.4,-0.040901895612478256,0.07510274648666382,0.017333844676613808
2025-07-15,05:31:49.4,-0.05998944863677025,0.9417666792869568,1.67169988155365
2025-07-15,05:31:49.4,-0.959831178188324,1.6212830543518066,-0.3677896559238434
2025-07-15,05:31:49.4,1.8705799579620361,1.0214468240737915,-0.16670413315296173
2025-07-15,05:31:49.7,-0.040901895612478256,0.07510353624820709,0.017330432310700417
2025-07-15,05:31:49.7,1.8978478908538818,0.8852072358131409,-0.012598352506756783
2025-07-15,05:31:49.7,-0.17996834218502045,1.39046311378479,1.311231255531311
2025-07-15,05:31:49.7,0.959831178188324,1.6241191625595093,-0.35505619645118713
2025-07-15,05:31:50.1,-0.040901895612478256,0.07510150223970413,0.017339233309030533
2025-07-15,05:31:50.1,1.9632909297943115,0.7067000269889832,0.17787930369377136
2025-07-15,05:31:50.1,-0.05998944863677025,0.9516974687576294,1.666066288948059
2025-07-15,05:31:50.1,1.0798100233078003,1.5637613534927368,-0.2715960443019867
2025-07-15,05:31:50.5,-0.040901895612478256,0.07509879022836685,0.01735096611082554
2025-07-15,05:31:50.5,-0.1199788972735405,0.6491770148277283,1.8025753498077393
2025-07-15,05:31:50.5,1.6797045469284058,0.8898227214813232,0.26816388964653015
2025-07-15,05:31:50.7,-0.040901895612478256,0.07509563863277435,0.0173646230250597
2025-07-15,05:31:50.7,-0.1840585321187973,0.6618122458457947,1.8391951322555542
2025-07-15,05:31:51.1,-0.040901895612478256,0.07509837299585342,0.017352797091007233
2025-07-15,05:31:51.1,-0.24541138112545013,1.1467764377593994,1.574544072151184
2025-07-15,05:31:51.4,-0.040901895612478256,0.07509587705135345,0.01736358366906643
2025-07-15,05:31:51.4,-0.17996834218502045,0.5531898736953735,1.8293976783752441
2025-07-15,05:31:51.7,-0.040901895612478256,0.07509545981884003,0.01736537367105484
2025-07-15,05:31:51.7,2.028733968734741,0.5192258954048157,0.01484690885990858
2025-07-15,05:31:52.1,-0.040901895612478256,0.075098417699337,0.01735258847475052
2025-07-15,05:31:52.1,-0.239957794547081,0.9713149070739746,1.6383135318756104
2025-07-15,05:31:52.1,1.9632909297943115,0.7253521680831909,-0.07021475583314896
2025-07-15,05:31:52.1,1.922389030456543,0.7116119861602783,-0.05270196869969368
2025-07-15,05:31:52.4,-0.040901895612478256,0.07509725540876389,0.017357613891363144
2025-07-15,05:31:52.4,-0.239957794547081,0.9443022608757019,1.6540305614471436
2025-07-15,05:31:52.4,-0.8998417258262634,1.6941864490509033,-0.07156068831682205
2025-07-15,05:31:52.4,2.028733968734741,0.5036724209785461,0.12700407207012177
2025-07-15,05:31:52.7,-0.040901895612478256,0.0750943198800087,0.0173703134059906
2025-07-15,05:31:52.7,-0.1199788972735405,0.8368216156959534,1.7234959602355957
2025-07-15,05:31:52.7,0.8998417258262634,1.6928999423980713,-0.0973578467965126
2025-07-15,05:31:52.7,1.922389030456543,0.6999061107635498,-0.13892631232738495
2025-07-15,05:31:52.7,1.8978478908538818,0.8803523778915405,-0.09343551844358444
2025-07-15,05:31:53.1,-0.040901895612478256,0.07509534060955048,0.017365893349051476
2025-07-15,05:31:53.1,-0.3681170642375946,0.41807112097740173,-1.8826093673706055
2025-07-15,05:31:53.4,-0.040901895612478256,0.07511459290981293,0.017282448709011078
2025-07-15,05:31:53.7,-0.040901895612478256,0.07511773705482483,0.01726878061890602
2025-07-15,05:31:53.7,-0.3067642152309418,0.31684187054634094,1.913117527961731
2025-07-15,05:31:54.1,-0.040901895612478256,0.07511895895004272,0.01726345531642437
2025-07-15,05:31:54.1,-0.24541138112545013,0.781051754951477,-1.784444808959961
2025-07-15,05:31:54.4,-0.040901895612478256,0.07511880993843079,0.017264099791646004
2025-07-15,05:31:54.4,-0.24541138112545013,0.4613126218318939,1.8924787044525146
2025-07-15,05:31:54.7,-0.040901895612478256,0.0751161128282547,0.01727583259344101
2025-07-15,05:31:54.7,-0.3067642152309418,0.6797885298728943,1.8161208629608154
2025-07-15,05:31:55.1,-0.040901895612478256,0.07511596381664276,0.01727648824453354
2025-07-15,05:31:55.4,-0.040901895612478256,0.07511360198259354,0.0172867551445961
2025-07-15,05:31:55.8,-0.040901895612478256,0.0751177966594696,0.017268499359488487
2025-07-15,05:31:56.1,-0.040901895612478256,0.0751173347234726,0.017270527780056
2025-07-15,05:31:56.4,-0.040901895612478256,0.07511425018310547,0.017283925786614418
2025-07-15,05:31:56.4,0.0,0.2722744941711426,-1.8561705350875854
2025-07-15,05:31:56.4,0.6448865532875061,1.7587887048721313,-0.101422019302845
2025-07-15,05:31:56.4,-0.239957794547081,0.9533156156539917,-1.6488521099090576
2025-07-15,05:31:56.4,0.8398522734642029,1.7112104892730713,0.2269587516784668
2025-07-15,05:31:56.7,-0.040901895612478256,0.07511552423238754,0.017278403043746948
2025-07-15,05:31:56.7,0.05862605199217796,0.8097559809684753,1.6912600994110107
2025-07-15,05:31:56.7,0.7035126090049744,1.7388050556182861,0.03360729292035103
2025-07-15,05:31:58.4,-0.040901895612478256,0.07511249929666519,0.01729152910411358
2025-07-15,05:31:58.4,-0.05862605199217796,0.7295340299606323,1.7273811101913452
2025-07-15,05:31:58.4,-0.9966428875923157,1.5890241861343384,0.034751519560813904
2025-07-15,05:31:58.5,-0.040901895612478256,0.07511455565690994,0.01728261634707451
2025-07-15,05:31:58.5,-0.29994723200798035,0.6868418455123901,1.7673096656799316
2025-07-15,05:31:58.5,-1.0198205709457397,1.6263211965560913,-0.012210986576974392
2025-07-15,05:31:58.8,-0.040901895612478256,0.07511620968580246,0.01727539673447609
2025-07-15,05:31:58.8,0.05726265534758568,0.6547238230705261,1.7104870080947876
2025-07-15,05:31:59.1,-0.040901895612478256,0.07511313259601593,0.017288794741034508
2025-07-15,05:31:59.1,-0.11725210398435593,0.4434472918510437,1.8190956115722656
2025-07-15,05:31:59.4,-0.040901895612478256,0.07511281222105026,0.017290176823735237
2025-07-15,05:31:59.4,-0.2863132655620575,0.8381152153015137,-1.6041494607925415
2025-07-15,05:31:59.4,0.7444145083427429,1.6599040031433105,0.21971248090267181
2025-07-15,05:31:59.8,-0.040901895612478256,0.07511693239212036,0.017272276803851128
2025-07-15,05:31:59.8,-0.2290506213903427,0.8863815069198608,-1.5873157978057861
2025-07-15,05:31:59.8,0.7444145083427429,1.6721705198287964,-0.08602713793516159
2025-07-15,05:32:00.1,-0.040901895612478256,0.07511483877897263,0.01728135719895363
2025-07-15,05:32:00.1,-0.16769777238368988,0.7295272946357727,1.6246193647384644
2025-07-15,05:32:00.1,0.7266903519630432,1.6186763048171997,-0.22699907422065735
2025-07-15,05:32:00.5,-0.040901895612478256,0.075113944709301,0.017285246402025223
2025-07-15,05:32:00.5,-0.43628689646720886,1.0554503202438354,-1.3195524215698242
2025-07-15,05:32:00.8,-0.040901895612478256,0.07511299848556519,0.017289355397224426
2025-07-15,05:32:00.8,-0.27267929911613464,0.4810628592967987,1.6552234888076782
2025-07-15,05:32:01.1,-0.040901895612478256,0.07511191815137863,0.01729406788945198
2025-07-15,05:32:01.1,-0.38175103068351746,1.2953588962554932,-1.1053739786148071
2025-07-15,05:32:01.1,-0.9271096587181091,1.469422698020935,0.16372159123420715
2025-07-15,05:32:01.4,-0.040901895612478256,0.07511571794748306,0.017277538776397705
2025-07-15,05:32:01.4,-0.10907172411680222,0.9254590272903442,1.4755233526229858
2025-07-15,05:32:01.4,-0.16769777238368988,0.721854567527771,1.6280430555343628
2025-07-15,05:32:01.8,-0.040901895612478256,0.07511474937200546,0.017281752079725266
2025-07-15,05:32:01.8,-0.05726265534758568,1.8133302927017212,-0.25741466879844666
2025-07-15,05:32:01.8,-0.6871518492698669,1.1668843030929565,1.2344679832458496
2025-07-15,05:32:02.1,-0.040901895612478256,0.07511316984891891,0.017288638278841972
2025-07-15,05:32:02.1,0.0,0.26021909713745117,1.7697476148605347
2025-07-15,05:32:02.4,-0.040901895612478256,0.07511257380247116,0.017291206866502762
2025-07-15,05:32:02.4,-0.11179851740598679,1.1484178304672241,1.3668789863586426
2025-07-15,05:32:02.4,-0.05589925870299339,0.9566221237182617,1.5104535818099976
2025-07-15,05:32:02.4,0.8943881392478943,1.523271083831787,-0.2818434238433838
2025-07-15,05:32:02.8,-0.040901895612478256,0.0751129761338234,0.017289459705352783
2025-07-15,05:32:02.8,0.05589925870299339,1.1945717334747314,1.330260992050171
2025-07-15,05:32:02.8,-0.33539554476737976,1.5535809993743896,0.8207414150238037
2025-07-15,05:32:03.1,-0.040901895612478256,0.07511390745639801,0.017285414040088654
2025-07-15,05:32:03.1,0.11179851740598679,0.7220746874809265,1.6327369213104248
2025-07-15,05:32:03.5,-0.040901895612478256,0.07511438429355621,0.017283333465456963
2025-07-15,05:32:03.5,-0.33539554476737976,1.1271365880966187,1.3478848934173584
2025-07-15,05:32:03.5,-0.7266903519630432,0.26549121737480164,-1.6128100156784058
2025-07-15,05:32:03.8,-0.040901895612478256,0.07511397451162338,0.017285143956542015
2025-07-15,05:32:03.8,-0.16360758244991302,0.40792033076286316,1.6888971328735352
2025-07-15,05:32:04.1,-0.040901895612478256,0.07511525601148605,0.017279546707868576
2025-07-15,05:32:04.1,-0.16360758244991302,0.5973390340805054,1.6315510272979736
2025-07-15,05:32:04.4,-0.040901895612478256,0.07511597126722336,0.01727643609046936
2025-07-15,05:32:04.4,-0.21814344823360443,0.1765047162771225,-1.7224400043487549
2025-07-15,05:32:04.8,-0.040901895612478256,0.07511284947395325,0.017290011048316956
2025-07-15,05:32:04.8,-0.27267929911613464,0.8714789152145386,-1.4871821403503418
2025-07-15,05:32:04.8,-0.9271096587181091,1.4778950214385986,0.042827703058719635
2025-07-15,05:32:05.1,-0.040901895612478256,0.07511529326438904,0.017279410734772682
2025-07-15,05:32:05.1,-0.950287401676178,1.5002496242523193,-0.21430249512195587
2025-07-15,05:32:05.4,-0.040901895612478256,0.07511278986930847,0.017290281131863594
2025-07-15,05:32:05.4,-0.05453586205840111,0.7341625094413757,1.5822677612304688
2025-07-15,05:32:05.8,-0.040901895612478256,0.07511506974697113,0.017280368134379387
2025-07-15,05:32:06.1,-0.040901895612478256,0.07511571794748306,0.017277538776397705
2025-07-15,05:32:06.1,-0.11179851740598679,0.8103939294815063,1.5907493829727173
2025-07-15,05:32:06.1,0.8943881392478943,1.5407854318618774,-0.16053210198879242
2025-07-15,05:32:06.5,-0.040901895612478256,0.07511553168296814,0.01727835088968277
2025-07-15,05:32:06.5,-0.11179851740598679,0.9139164090156555,1.5336161851882935
2025-07-15,05:32:06.8,-0.040901895612478256,0.07511597126722336,0.01727643609046936
2025-07-15,05:32:06.8,0.0,0.9366543889045715,1.472487211227417
2025-07-15,05:32:07.1,-0.040901895612478256,0.07511740177869797,0.017270205542445183
2025-07-15,05:32:07.1,-0.11179851740598679,0.8003577589988708,1.5958224534988403
2025-07-15,05:32:07.5,-0.040901895612478256,0.07511740177869797,0.017270205542445183
2025-07-15,05:32:07.5,0.05589925870299339,0.7591462135314941,1.6187318563461304
2025-07-15,05:32:07.8,-0.040901895612478256,0.07511637359857559,0.01727468892931938
2025-07-15,05:32:07.8,-0.05453586205840111,0.8793305158615112,1.5064340829849243
2025-07-15,05:32:08.1,-0.040901895612478256,0.07511518895626068,0.017279837280511856
2025-07-15,05:32:08.1,0.0,0.577191174030304,-1.693095088005066
2025-07-15,05:32:08.5,-0.040901895612478256,0.07511550188064575,0.017278475686907768
2025-07-15,05:32:08.5,0.0,0.6671508550643921,1.6597079038619995
2025-07-15,05:32:08.5,0.7825896143913269,1.6069384813308716,-0.07087068259716034
2025-07-15,05:32:08.8,-0.040901895612478256,0.07511858642101288,0.017265068367123604
2025-07-15,05:32:08.8,0.11179851740598679,0.9164251089096069,1.5321184396743774
2025-07-15,05:32:08.8,0.7266903519630432,1.6295465230941772,-0.12735721468925476
2025-07-15,05:32:08.8,1.9864686727523804,0.4818633198738098,-0.16278384625911713
2025-07-15,05:32:09.1,-0.040901895612478256,0.07511793822050095,0.017267907038331032
2025-07-15,05:32:09.1,0.05589925870299339,1.0660572052001953,1.4353110790252686
2025-07-15,05:32:09.1,-1.6797045469284058,0.866714358329773,0.33541402220726013
2025-07-15,05:32:09.5,-0.040901895612478256,0.07511637359857559,0.01727468892931938
2025-07-15,05:32:09.5,0.05726265534758568,0.5610549449920654,1.7434581518173218
2025-07-15,05:32:09.5,-1.030727744102478,1.5048598051071167,-0.1752292662858963
2025-07-15,05:32:09.5,-1.9019381999969482,0.484069287776947,0.05310097336769104
2025-07-15,05:32:09.5,-2.5359175205230713,2.787654161453247,1.50371253490448
2025-07-15,05:32:09.8,-0.040901895612478256,0.0751166045665741,0.01727370172739029
2025-07-15,05:32:09.8,1.7396939992904663,0.7195218205451965,-0.37530890107154846
2025-07-15,05:32:09.8,-1.4997361898422241,0.6899812817573547,0.9797044396400452
2025-07-15,05:32:10.1,-0.040901895612478256,0.07511753588914871,0.01726965419948101
2025-07-15,05:32:10.1,-1.7996834516525269,0.6678679585456848,0.013980390504002571
2025-07-15,05:32:10.1,-1.922389030456543,0.7072328925132751,0.09481973946094513
2025-07-15,05:32:10.1,-2.944936513900757,1.0930217504501343,-0.0142095647752285
2025-07-15,05:32:10.1,0.05726265534758568,0.4591599106788635,1.7730203866958618
2025-07-15,05:32:10.1,0.7444145083427429,1.6738392114639282,-0.04263300076127052
2025-07-15,05:32:10.5,-0.040901895612478256,0.07511862367391586,0.017264900729060173
2025-07-15,05:32:10.5,1.8405853509902954,0.6763989329338074,-0.09613437205553055
2025-07-15,05:32:10.8,-0.040901895612478256,0.07511341571807861,0.017287546768784523
2025-07-15,05:32:10.8,1.9019381999969482,0.48042982816696167,-0.07956112176179886
2025-07-15,05:32:10.8,1.9632909297943115,0.7017947435379028,-0.19634182751178741
2025-07-15,05:32:11.1,-0.040901895612478256,0.07511759549379349,0.017269384115934372
2025-07-15,05:32:11.1,0.0,0.3867366313934326,1.7911288738250732
2025-07-15,05:32:11.1,-0.11452531069517136,0.6854068636894226,1.6955262422561646
2025-07-15,05:32:11.5,-0.040901895612478256,0.07511622458696365,0.01727534458041191
2025-07-15,05:32:11.5,0.0,0.4934045076370239,1.7193814516067505
2025-07-15,05:32:11.8,-0.040901895612478256,0.07511770725250244,0.01726890541613102
2025-07-15,05:32:12.1,-0.040901895612478256,0.07511641085147858,0.017274532467126846
2025-07-15,05:32:12.1,0.05589925870299339,0.3281184732913971,1.7575364112854004
2025-07-15,05:32:12.5,-0.040901895612478256,0.07511856406927109,0.01726517081260681
2025-07-15,05:32:12.5,0.05589925870299339,0.5871262550354004,1.6887506246566772
2025-07-15,05:32:12.5,1.9632909297943115,0.7014474868774414,-0.1975788176059723
2025-07-15,05:32:12.5,2.085996627807617,0.7443619966506958,-0.21318818628787994
2025-07-15,05:32:12.8,-0.040901895612478256,0.0751194953918457,0.017261125147342682
2025-07-15,05:32:12.8,-0.05589925870299339,0.4068804085254669,1.7409894466400146
2025-07-15,05:32:12.8,-0.950287401676178,1.5106785297393799,-0.12051927298307419
2025-07-15,05:32:12.8,1.9632909297943115,0.7271454930305481,0.04822249338030815
2025-07-15,05:32:12.8,2.056001901626587,0.95889812707901,0.018243957310914993
2025-07-15,05:32:12.8,-2.7895092964172363,2.525904417037964,1.517066240310669
2025-07-15,05:32:13.1,-0.040901895612478256,0.07511643320322037,0.01727443002164364
2025-07-15,05:32:13.1,0.0,0.5358783602714539,1.7066209316253662
2025-07-15,05:32:13.1,2.028733968734741,0.5189951658248901,-0.021445784717798233
2025-07-15,05:32:13.1,2.056001901626587,0.9578953385353088,0.04748653993010521
2025-07-15,05:32:13.5,-0.040901895612478256,0.07511743158102036,0.017270101234316826
2025-07-15,05:32:13.5,-0.05589925870299339,0.6628782749176025,1.6604783535003662
2025-07-15,05:32:13.5,0.7266903519630432,1.630832552909851,-0.10966776311397552
2025-07-15,05:32:13.8,-0.040901895612478256,0.07511662691831589,0.01727360673248768
2025-07-15,05:32:13.8,-0.16360758244991302,0.0965118482708931,1.7347790002822876
2025-07-15,05:32:14.1,-0.040901895612478256,0.0751158818602562,0.017276832833886147
2025-07-15,05:32:14.1,1.937386393547058,0.8891820907592773,0.16156235337257385
2025-07-15,05:32:14.5,-0.040901895612478256,0.07511637359857559,0.017274700105190277
2025-07-15,05:32:14.8,-0.040901895612478256,0.07511715590953827,0.017271308228373528
2025-07-15,05:32:15.1,-0.040901895612478256,0.0751187726855278,0.01726425625383854
2025-07-15,05:32:15.5,-0.040901895612478256,0.0751153826713562,0.017279015854001045
2025-07-15,05:32:15.5,0.0,0.9408718347549438,1.5213418006896973
2025-07-15,05:32:15.8,-0.040901895612478256,0.07511907070875168,0.017262956127524376
2025-07-15,05:32:15.8,-0.9734651446342468,1.5508335828781128,-0.07062985748052597
2025-07-15,05:32:15.8,0.11452531069517136,0.6233806610107422,-1.7192988395690918
2025-07-15,05:32:16.1,-0.040901895612478256,0.07511767745018005,0.017269020900130272
2025-07-15,05:32:16.1,-0.05726265534758568,1.4444972276687622,-1.1259914636611938
2025-07-15,05:32:16.1,0.8589398264884949,1.608717679977417,-0.1787673383951187
2025-07-15,05:32:16.5,-0.040901895612478256,0.07511784881353378,0.01726830191910267
2025-07-15,05:32:16.5,-0.11452531069517136,0.8201039433479309,1.634631872177124
2025-07-15,05:32:16.8,-0.040901895612478256,0.0751156285405159,0.017277933657169342
2025-07-15,05:32:16.8,0.0,0.41725826263427734,1.829042911529541
2025-07-15,05:32:16.8,0.0,0.6795729398727417,1.6546604633331299
2025-07-15,05:32:17.1,-0.040901895612478256,0.0751170665025711,0.01727169379591942
2025-07-15,05:32:17.5,-0.040901895612478256,0.07511869072914124,0.017264630645513535
2025-07-15,05:32:17.5,-0.11179851740598679,0.38741785287857056,1.7427361011505127
2025-07-15,05:32:17.5,0.8943881392478943,1.5479044914245605,-0.0615001879632473
2025-07-15,05:32:17.8,-0.040901895612478256,0.07511628419160843,0.01727508381009102
2025-07-15,05:32:18.1,-0.040901895612478256,0.0751195102930069,0.017261052504181862
2025-07-15,05:32:18.1,-0.16769777238368988,1.1394233703613281,1.3686901330947876
2025-07-15,05:32:18.1,-0.8943881392478943,1.5478438138961792,0.06300650537014008
2025-07-15,05:32:18.5,-0.040901895612478256,0.07511995732784271,0.01725911721587181
2025-07-15,05:32:18.5,-0.05453586205840111,0.3702414929866791,1.704548954963684
2025-07-15,05:32:18.8,-0.040901895612478256,0.07511661946773529,0.017273617908358574
2025-07-15,05:32:18.8,-0.05589925870299339,0.8809770941734314,1.5557876825332642
2025-07-15,05:32:19.1,-0.040901895612478256,0.07511746138334274,0.017269955947995186
2025-07-15,05:32:19.1,-0.11179851740598679,0.763631284236908,1.6137189865112305
2025-07-15,05:32:19.5,-0.040901895612478256,0.07511932402849197,0.017261862754821777
2025-07-15,05:32:19.5,-0.11179851740598679,0.8226667046546936,1.5844372510910034
2025-07-15,05:32:19.5,-0.220870241522789,1.6647319793701172,3.109421491622925
2025-07-15,05:32:19.8,-0.040901895612478256,0.07511552423238754,0.017278382554650307
2025-07-15,05:32:19.8,-0.22359703481197357,1.0594829320907593,-1.4238051176071167
2025-07-15,05:32:19.8,0.0,0.6803351044654846,1.7014265060424805
2025-07-15,05:32:20.1,-0.040901895612478256,0.07511630654335022,0.017274990677833557
2025-07-15,05:32:20.1,0.11179851740598679,0.7668581008911133,1.6121881008148193
2025-07-15,05:32:20.1,-0.950287401676178,1.4659193754196167,-0.38438913226127625
2025-07-15,05:32:20.5,-0.040901895612478256,0.07511600852012634,0.017276281490921974
2025-07-15,05:32:20.5,-0.05453586205840111,0.8245121836662292,1.5371224880218506
2025-07-15,05:32:20.8,-0.040901895612478256,0.07511721551418304,0.01727103814482689
2025-07-15,05:32:20.8,-0.33539554476737976,0.8273245096206665,1.5500853061676025
2025-07-15,05:32:20.8,-0.950287401676178,1.5071678161621094,-0.1584923416376114
2025-07-15,05:32:21.1,-0.040901895612478256,0.07511302083730698,0.017289262264966965
2025-07-15,05:32:21.1,-0.05589925870299339,0.7946838736534119,1.6015846729278564
2025-07-15,05:32:21.1,-0.8016771078109741,8.35478687286377,1.6365419626235962
2025-07-15,05:32:21.5,-0.040901895612478256,0.07511205226182938,0.017293475568294525
2025-07-15,05:32:21.5,-0.11179851740598679,1.205197811126709,1.3170876502990723
2025-07-15,05:32:21.5,-0.16360758244991302,0.5593727827072144,1.6449543237686157
2025-07-15,05:32:21.8,-0.040901895612478256,0.07511267811059952,0.017290739342570305
2025-07-15,05:32:21.8,-0.22359703481197357,0.2934180200099945,-1.7503230571746826
2025-07-15,05:32:21.8,-0.950287401676178,1.5128023624420166,-0.09001916646957397
2025-07-15,05:32:22.1,-0.040901895612478256,0.0751095861196518,0.0173041895031929
2025-07-15,05:32:22.1,0.0,0.9508793354034424,1.4633415937423706
2025-07-15,05:32:22.1,-3.0594615936279297,7.429141521453857,1.4176502227783203
2025-07-15,05:32:22.5,-0.040901895612478256,0.0751146748661995,0.017282074317336082
2025-07-15,05:32:22.5,-0.05453586205840111,0.9424766898155212,1.467754602432251
2025-07-15,05:32:22.5,-0.2658623158931732,8.323771476745605,1.738762617111206
2025-07-15,05:32:22.8,-0.040901895612478256,0.07511311769485474,0.017288867384195328
2025-07-15,05:32:22.8,0.0,8.4215726852417,1.2067592144012451
2025-07-15,05:32:22.8,0.11179851740598679,0.6137298941612244,1.6764717102050781
2025-07-15,05:32:23.2,-0.040901895612478256,0.07511336356401443,0.01728777401149273
2025-07-15,05:32:23.2,-0.11179851740598679,0.6124252080917358,1.6769487857818604
2025-07-15,05:32:23.2,-2.2823257446289062,7.654198169708252,1.4340224266052246
2025-07-15,05:32:23.5,-0.040901895612478256,0.07511164993047714,0.017295222729444504
2025-07-15,05:32:23.5,-2.549551486968994,7.577982425689697,1.6236228942871094
2025-07-15,05:32:23.5,0.0,0.49103569984436035,1.674641489982605
2025-07-15,05:32:23.8,-0.040901895612478256,0.07511083036661148,0.017298780381679535
2025-07-15,05:32:23.8,-2.549551486968994,7.566638946533203,1.675691843032837
2025-07-15,05:32:23.8,-0.11179851740598679,0.7741715908050537,1.6086889505386353
2025-07-15,05:32:24.1,-0.040901895612478256,0.07510799169540405,0.01731111668050289
2025-07-15,05:32:24.1,-0.11452531069517136,0.7907165884971619,1.6490479707717896
2025-07-15,05:32:24.1,0.23450420796871185,0.9103218913078308,1.623522162437439
2025-07-15,05:32:24.1,0.9380168318748474,1.6194813251495361,-0.1300269067287445
2025-07-15,05:32:24.5,-0.040901895612478256,0.07510817795991898,0.01731029525399208
2025-07-15,05:32:24.5,0.0,0.9230021834373474,1.6332695484161377
2025-07-15,05:32:24.8,-0.040901895612478256,0.07510777562856674,0.01731204241514206
2025-07-15,05:32:24.8,0.0,0.8582119345664978,1.6682250499725342
2025-07-15,05:32:25.1,-0.040901895612478256,0.07510783523321152,0.017311781644821167
2025-07-15,05:32:25.1,0.959831178188324,1.6506571769714355,-0.19788596034049988
2025-07-15,05:32:25.1,0.1199788972735405,0.498625785112381,1.8498867750167847
2025-07-15,05:32:25.1,1.5624523162841797,8.036542892456055,1.5533623695373535
2025-07-15,05:32:25.5,-0.040901895612478256,0.07510896027088165,0.017306894063949585
2025-07-15,05:32:25.5,0.05862605199217796,0.6330258846282959,1.7650336027145386
2025-07-15,05:32:25.8,-0.040901895612478256,0.07511058449745178,0.017299840226769447
2025-07-15,05:32:25.8,0.6598839163780212,1.7355167865753174,-0.48748165369033813
2025-07-15,05:32:26.1,-0.040901895612478256,0.0751117467880249,0.01729479618370533
2025-07-15,05:32:26.1,-0.1758781522512436,0.8374764919281006,1.6694916486740112
2025-07-15,05:32:26.5,-0.040901895612478256,0.07511281222105026,0.017290176823735237
2025-07-15,05:32:26.5,1.5706326961517334,8.18311595916748,0.8596241474151611
2025-07-15,05:32:26.5,-0.11725210398435593,1.135547399520874,1.4887197017669678
2025-07-15,05:32:26.8,-0.040901895612478256,0.07510992884635925,0.017302680760622025
2025-07-15,05:32:26.8,-0.1758781522512436,0.7628887891769409,1.7048665285110474
2025-07-15,05:32:26.8,0.8793907761573792,1.6544163227081299,-0.0952940285205841
2025-07-15,05:32:26.8,1.5706326961517334,8.15988826751709,1.057627558708191
2025-07-15,05:32:27.1,-0.040901895612478256,0.07510631531476974,0.017318377271294594
2025-07-15,05:32:27.1,-0.11725210398435593,0.8212494254112244,1.6826478242874146
2025-07-15,05:32:27.5,-0.040901895612478256,0.07510647177696228,0.01731771230697632
2025-07-15,05:32:27.5,0.0,0.8709526658058167,1.7107148170471191
2025-07-15,05:32:27.8,-0.040901895612478256,0.07510559260845184,0.01732150837779045
2025-07-15,05:32:28.1,-0.040901895612478256,0.07510803639888763,0.017310908064246178
2025-07-15,05:32:28.1,0.13361285626888275,2.1277854442596436,-0.15776591002941132
2025-07-15,05:32:28.1,-0.668064296245575,0.739788293838501,1.891194462776184
2025-07-15,05:32:28.5,-0.040901895612478256,0.07510966807603836,0.017303844913840294
2025-07-15,05:32:28.5,0.27267929911613464,2.1568846702575684,-0.17930445075035095
2025-07-15,05:32:28.5,-1.7042455673217773,1.3350603580474854,-0.2679864764213562
2025-07-15,05:32:28.8,-0.040901895612478256,0.07510534673929214,0.017322590574622154
2025-07-15,05:32:28.8,3.08400297164917,1.4191625118255615,0.2357337474822998
2025-07-15,05:32:28.8,0.3613000810146332,2.280259370803833,-0.12924905121326447
2025-07-15,05:32:28.8,-0.7948601841926575,0.9608062505722046,1.9472737312316895
2025-07-15,05:32:29.1,-0.040901895612478256,0.07510753720998764,0.017313072457909584
2025-07-15,05:32:29.1,-0.38175103068351746,0.8752555251121521,2.248878002166748
2025-07-15,05:32:29.1,1.068902850151062,2.187042236328125,-0.208690345287323
2025-07-15,05:32:29.1,0.4499208331108093,2.3448944091796875,-0.2387789934873581
2025-07-15,05:32:29.1,-0.524907648563385,1.5337194204330444,1.7692230939865112
2025-07-15,05:32:29.5,-0.040901895612478256,0.07510741055011749,0.017313623800873756
2025-07-15,05:32:29.5,0.15542720258235931,1.0616344213485718,2.243462562561035
2025-07-15,05:32:29.8,-0.040901895612478256,0.07510599493980408,0.017319750040769577
2025-07-15,05:32:29.8,-0.07907699793577194,1.5257881879806519,2.017167568206787
2025-07-15,05:32:30.1,-0.040901895612478256,0.0751100704073906,0.01730208843946457
2025-07-15,05:32:30.1,1.0143669843673706,1.881851077079773,1.6572887897491455
2025-07-15,05:32:30.1,-0.591714084148407,2.453779697418213,-0.9724963307380676
2025-07-15,05:32:30.5,-0.040901895612478256,0.07510785013437271,0.01731172949075699
2025-07-15,05:32:30.5,-3.4084911346435547,2.683184862136841,0.4661872088909149
2025-07-15,05:32:30.8,-0.040901895612478256,0.07511040568351746,0.01730061136186123
2025-07-15,05:32:30.8,-0.7157831788063049,0.37015455961227417,-1.297066569328308
2025-07-15,05:32:30.8,0.0,0.3733104169368744,-1.3452824354171753
2025-07-15,05:32:30.8,0.26177212595939636,0.40740451216697693,1.3094435930252075
2025-07-15,05:32:31.1,-0.040901895612478256,0.07510697096586227,0.01731552742421627
2025-07-15,05:32:31.1,-2.849498748779297,2.507650136947632,1.6645705699920654
2025-07-15,05:32:31.1,-0.479915589094162,1.294821858406067,0.20557929575443268
2025-07-15,05:32:31.1,0.21814344823360443,0.30452725291252136,1.3449245691299438
2025-07-15,05:32:31.5,-0.040901895612478256,0.07511337846517563,0.017287733033299446
2025-07-15,05:32:31.8,-0.040901895612478256,0.07510922849178314,0.017305759713053703
2025-07-15,05:32:31.8,-0.04362868890166283,0.5187368392944336,-1.295435905456543
2025-07-15,05:32:31.8,-0.5671729445457458,1.2745087146759033,-0.05556847155094147
2025-07-15,05:32:32.1,-0.040901895612478256,0.0751090943813324,0.017306311056017876
2025-07-15,05:32:32.1,-2.849498748779297,2.5136094093322754,1.6555578708648682
2025-07-15,05:32:32.5,-0.040901895612478256,0.07511050999164581,0.017300184816122055
2025-07-15,05:32:32.5,-0.1745147556066513,0.9268872141838074,1.0293543338775635
2025-07-15,05:32:32.5,-0.610801637172699,1.0113965272903442,-0.7437364459037781
2025-07-15,05:32:32.8,-0.040901895612478256,0.07510926574468613,0.017305593937635422
2025-07-15,05:32:32.8,-0.1854219287633896,1.0481925010681152,1.0331088304519653
2025-07-15,05:32:32.8,-0.788043200969696,0.6344552040100098,-1.0848305225372314
2025-07-15,05:32:33.1,-0.040901895612478256,0.07510947436094284,0.017304668202996254
2025-07-15,05:32:33.1,-3.2394299507141113,2.6489157676696777,1.0701279640197754
2025-07-15,05:32:33.5,-0.040901895612478256,0.07511097937822342,0.0172981359064579
2025-07-15,05:32:33.5,3.3539555072784424,1.2446315288543701,0.027517180889844894
2025-07-15,05:32:33.5,-0.16906116902828217,0.3823968470096588,1.2862420082092285
2025-07-15,05:32:33.8,-0.040901895612478256,0.07511085271835327,0.01729869656264782
2025-07-15,05:32:33.8,3.3539555072784424,1.2436548471450806,-0.05645836889743805
2025-07-15,05:32:33.8,-3.0730957984924316,2.7572200298309326,1.1111583709716797
2025-07-15,05:32:34.2,-0.040901895612478256,0.0751100704073906,0.017302097752690315
2025-07-15,05:32:34.2,3.242156982421875,1.4923590421676636,0.24528512358665466
