Date,Time,X,Y,Z
2025-07-15,05:41:58.1,-0.040901895612478256,0.07485707849264145,0.01836579479277134
2025-07-15,05:41:58.1,-0.2126898616552353,0.5454210638999939,1.597637414932251
2025-07-15,05:41:58.1,-2.79768967628479,1.7796599864959717,-0.01194748654961586
2025-07-15,05:41:58.1,-4.005659103393555,2.87369441986084,-0.043428003787994385
2025-07-15,05:41:58.1,-3.2394301891326904,2.050370693206787,-0.20612311363220215
2025-07-15,05:41:58.4,-0.040901895612478256,0.0748554915189743,0.018372274935245514
2025-07-15,05:41:58.4,-2.5904533863067627,2.0467705726623535,-0.30770331621170044
2025-07-15,05:41:58.4,-2.9776580333709717,2.1314406394958496,0.14609989523887634
2025-07-15,05:41:58.4,-3.851595163345337,3.0741190910339355,-0.14254005253314972
2025-07-15,05:41:58.7,-0.040901895612478256,0.07485555857419968,0.018371984362602234
2025-07-15,05:41:58.7,-2.6940715312957764,1.8415436744689941,-0.587448239326477
2025-07-15,05:41:58.7,-3.0921833515167236,1.9639595746994019,-0.10998526215553284
2025-07-15,05:41:59.0,-0.040901895612478256,0.07485645264387131,0.01836833357810974
2025-07-15,05:41:59.0,-2.6940715312957764,1.731865644454956,-0.8584988117218018
2025-07-15,05:41:59.0,-3.013106346130371,1.951715111732483,-0.9297930598258972
2025-07-15,05:41:59.0,-4.005659103393555,2.769502878189087,-0.7680234313011169
2025-07-15,05:41:59.4,-0.040901895612478256,0.07485392689704895,0.018378641456365585
2025-07-15,05:41:59.4,-2.5904533863067627,1.8305585384368896,-0.9659225940704346
2025-07-15,05:41:59.4,3.50801944732666,0.8784352540969849,0.18736225366592407
2025-07-15,05:41:59.4,-4.313786506652832,2.3636460304260254,-0.331264466047287
2025-07-15,05:41:59.7,-0.040901895612478256,0.0748530849814415,0.018382063135504723
2025-07-15,05:41:59.7,-1.9769248962402344,0.19859786331653595,-1.5670273303985596
2025-07-15,05:42:00.0,-0.040901895612478256,0.07485667616128922,0.01836743950843811
2025-07-15,05:42:00.0,-2.8631327152252197,1.781177282333374,1.4355175495147705
2025-07-15,05:42:00.4,-0.040901895612478256,0.07485579699277878,0.018371038138866425
2025-07-15,05:42:00.7,-0.040901895612478256,0.07485581189393997,0.01837097480893135
2025-07-15,05:42:00.7,3.592550039291382,0.8987485766410828,-0.19583629071712494
2025-07-15,05:42:01.0,-0.040901895612478256,0.07485929876565933,0.01835673488676548
2025-07-15,05:42:01.4,-0.040901895612478256,0.0748559981584549,0.018370196223258972
2025-07-15,05:42:01.4,-0.15951739251613617,0.7176699638366699,-1.5344936847686768
2025-07-15,05:42:01.7,-0.040901895612478256,0.07485594600439072,0.018370402976870537
2025-07-15,05:42:01.7,-0.05317246541380882,0.42748430371284485,-1.6460851430892944
2025-07-15,05:42:02.0,-0.040901895612478256,0.07485685497522354,0.018366700038313866
2025-07-15,05:42:02.4,-0.040901895612478256,0.07485602051019669,0.018370121717453003
2025-07-15,05:42:02.7,-0.040901895612478256,0.0748559832572937,0.01837024837732315
2025-07-15,05:42:02.7,0.0,0.7964257597923279,1.552818775177002
2025-07-15,05:42:03.0,-0.040901895612478256,0.07485420256853104,0.018377529457211494
2025-07-15,05:42:03.0,0.0,0.7959361672401428,1.601938247680664
2025-07-15,05:42:03.4,-0.040901895612478256,0.07485941052436829,0.01835629902780056
2025-07-15,05:42:03.4,0.05589925870299339,0.59798663854599,1.6849355697631836
2025-07-15,05:42:03.4,-1.0620858669281006,1.4377607107162476,0.06736915558576584
2025-07-15,05:42:03.4,0.11452531069517136,0.6455528736114502,1.7110971212387085
2025-07-15,05:42:03.7,-0.040901895612478256,0.07486113905906677,0.018349235877394676
2025-07-15,05:42:04.0,-0.040901895612478256,0.07485946267843246,0.01835607923567295
2025-07-15,05:42:04.4,-0.040901895612478256,0.07485952228307724,0.018355820327997208
2025-07-15,05:42:04.7,-0.040901895612478256,0.07486125826835632,0.01834876835346222
2025-07-15,05:42:05.0,-0.040901895612478256,0.07485777139663696,0.018362976610660553
2025-07-15,05:42:05.0,-0.27267929911613464,0.6892464756965637,1.5799131393432617
2025-07-15,05:42:05.0,-1.14525306224823,1.2515712976455688,-0.40927359461784363
2025-07-15,05:42:05.4,-0.040901895612478256,0.07486043125391006,0.018352137878537178
2025-07-15,05:42:05.4,-0.32721516489982605,0.959976851940155,1.4201812744140625
2025-07-15,05:42:05.7,-0.040901895612478256,0.07486043125391006,0.018352137878537178
2025-07-15,05:42:06.0,-0.040901895612478256,0.07485950738191605,0.018355892971158028
2025-07-15,05:42:06.4,-0.040901895612478256,0.07486041635274887,0.018352190032601357
2025-07-15,05:42:06.7,-0.040901895612478256,0.0748586505651474,0.018359387293457985
2025-07-15,05:42:07.0,-0.040901895612478256,0.07485861331224442,0.018359534442424774
2025-07-15,05:42:07.4,-0.040901895612478256,0.07486049085855484,0.01835188828408718
2025-07-15,05:42:07.7,-0.040901895612478256,0.07485872507095337,0.01835908554494381
2025-07-15,05:42:08.0,-0.040901895612478256,0.0748613178730011,0.018348507583141327
2025-07-15,05:42:08.4,-0.040901895612478256,0.0748596042394638,0.01835549809038639
2025-07-15,05:42:08.7,-0.040901895612478256,0.07486045360565186,0.01835203357040882
2025-07-15,05:42:09.1,-0.040901895612478256,0.07486052066087723,0.01835177280008793
2025-07-15,05:42:09.4,-0.040901895612478256,0.0748579353094101,0.018362311646342278
2025-07-15,05:42:09.7,-0.040901895612478256,0.07486052066087723,0.01835177280008793
2025-07-15,05:42:09.7,-0.33539554476737976,0.29737329483032227,1.7317042350769043
2025-07-15,05:42:09.7,-0.950287401676178,1.5113489627838135,-0.11179851740598679
2025-07-15,05:42:10.0,-0.040901895612478256,0.0748613253235817,0.01834847591817379
2025-07-15,05:42:10.4,-0.040901895612478256,0.07485965639352798,0.018355289474129677
2025-07-15,05:42:10.4,-0.27267929911613464,0.12397825717926025,1.7192485332489014
2025-07-15,05:42:10.4,0.7635020613670349,1.568573236465454,-0.04672050476074219
2025-07-15,05:42:10.7,-0.040901895612478256,0.07486127316951752,0.01834869384765625
2025-07-15,05:42:10.7,-0.27949628233909607,0.6445451378822327,1.6450423002243042
2025-07-15,05:42:10.7,-0.8943881392478943,1.5487816333770752,0.03264791890978813
2025-07-15,05:42:11.0,-0.040901895612478256,0.07486391067504883,0.01833793893456459
2025-07-15,05:42:11.4,-0.040901895612478256,0.07485710829496384,0.018365681171417236
2025-07-15,05:42:11.4,0.0,0.8826183080673218,1.6058309078216553
2025-07-15,05:42:11.7,-0.040901895612478256,0.07485875487327576,0.018358971923589706
2025-07-15,05:42:12.0,-0.040901895612478256,0.07486140727996826,0.01834816485643387
2025-07-15,05:42:12.4,-0.040901895612478256,0.07486048340797424,0.018351919949054718
2025-07-15,05:42:12.7,-0.040901895612478256,0.07486216723918915,0.018345054239034653
2025-07-15,05:42:12.7,-0.22359703481197357,1.0100849866867065,1.4592646360397339
2025-07-15,05:42:12.7,0.8384888768196106,1.5629576444625854,-0.23199203610420227
2025-07-15,05:42:13.0,-0.040901895612478256,0.07486049085855484,0.01835188828408718
2025-07-15,05:42:13.0,-0.27267929911613464,0.6106054186820984,1.6119389533996582
2025-07-15,05:42:13.4,-0.040901895612478256,0.07485613226890564,0.018369654193520546
2025-07-15,05:42:13.4,-0.33539554476737976,0.17435742914676666,1.7483792304992676
2025-07-15,05:42:13.4,-0.8943881392478943,1.5424957275390625,-0.14316853880882263
2025-07-15,05:42:13.7,-0.040901895612478256,0.07485700398683548,0.018366117030382156
2025-07-15,05:42:13.7,-0.22359703481197357,0.8512696027755737,1.5572620630264282
2025-07-15,05:42:14.0,-0.040901895612478256,0.07486213743686676,0.01834517903625965
2025-07-15,05:42:14.4,-0.040901895612478256,0.07485778629779816,0.01836291328072548
2025-07-15,05:42:14.7,-0.040901895612478256,0.07485868781805038,0.0183592326939106
2025-07-15,05:42:15.0,-0.040901895612478256,0.07485698163509369,0.018366212025284767
2025-07-15,05:42:15.0,-0.2290506213903427,0.7149928212165833,1.6715348958969116
2025-07-15,05:42:15.4,-0.040901895612478256,0.0748569667339325,0.018366264179348946
2025-07-15,05:42:15.4,-0.2863132655620575,0.8128525018692017,1.61709725856781
2025-07-15,05:42:15.7,-0.040901895612478256,0.07485952228307724,0.018355820327997208
2025-07-15,05:42:16.0,-0.040901895612478256,0.07485875487327576,0.018358983099460602
2025-07-15,05:42:16.0,-0.23450420796871185,0.8155681490898132,1.6731284856796265
2025-07-15,05:42:16.4,-0.040901895612478256,0.07485862821340561,0.0183594711124897
2025-07-15,05:42:16.4,4.923224925994873,4.726590156555176,0.5827983617782593
2025-07-15,05:42:16.7,-0.040901895612478256,0.07485686242580414,0.018366679549217224
2025-07-15,05:42:16.7,5.137278079986572,4.509001731872559,0.44241079688072205
2025-07-15,05:42:16.7,-0.33539554476737976,0.7621771693229675,1.5831350088119507
2025-07-15,05:42:16.7,0.6148918271064758,1.6714040040969849,-0.16744276881217957
2025-07-15,05:42:17.0,-0.040901895612478256,0.07485689967870712,0.01836652308702469
2025-07-15,05:42:17.0,5.180906772613525,4.08289098739624,0.6824984550476074
2025-07-15,05:42:17.4,-0.040901895612478256,0.07485858350992203,0.018359648063778877
2025-07-15,05:42:17.7,-0.040901895612478256,0.0748559907078743,0.01837022602558136
2025-07-15,05:42:18.0,-0.040901895612478256,0.07485862076282501,0.01835952326655388
2025-07-15,05:42:18.0,-0.1758781522512436,0.8709296584129333,1.6522865295410156
2025-07-15,05:42:18.4,-0.040901895612478256,0.07485950738191605,0.01835591346025467
2025-07-15,05:42:18.7,-0.040901895612478256,0.07485765218734741,0.018363455310463905
2025-07-15,05:42:18.7,-0.11725210398435593,0.9515758752822876,1.6125314235687256
2025-07-15,05:42:18.7,0.9380168318748474,1.5790024995803833,-0.38259345293045044
2025-07-15,05:42:19.0,-0.040901895612478256,0.07485686987638474,0.01836663857102394
2025-07-15,05:42:19.0,0.05862605199217796,0.5634960532188416,1.7884455919265747
2025-07-15,05:42:19.4,-0.040901895612478256,0.07485584169626236,0.018370850011706352
2025-07-15,05:42:19.7,-0.040901895612478256,0.07485512644052505,0.01837376318871975
2025-07-15,05:42:20.1,-0.040901895612478256,0.07485511153936386,0.018373815342783928
2025-07-15,05:42:20.4,-0.040901895612478256,0.07485512644052505,0.01837376318871975
2025-07-15,05:42:20.7,-0.040901895612478256,0.07485590875148773,0.018370579928159714
2025-07-15,05:42:21.0,-0.040901895612478256,0.07485761493444443,0.01836361177265644
2025-07-15,05:42:21.4,-0.040901895612478256,0.07485761493444443,0.01836361177265644
2025-07-15,05:42:21.7,-0.040901895612478256,0.07485677301883698,0.018367033451795578
2025-07-15,05:42:22.0,-0.040901895612478256,0.07485677301883698,0.018367033451795578
2025-07-15,05:42:22.4,-0.040901895612478256,0.0748550221323967,0.018374189734458923
2025-07-15,05:42:22.7,-0.040901895612478256,0.07485155761241913,0.01838827319443226
2025-07-15,05:42:23.0,-0.040901895612478256,0.0748506486415863,0.01839199848473072
2025-07-15,05:42:23.4,-0.040901895612478256,0.07485239207744598,0.0183849036693573
2025-07-15,05:42:23.7,-0.040901895612478256,0.07485150545835495,0.018388502299785614
2025-07-15,05:42:24.0,-0.040901895612478256,0.07485060393810272,0.018392164260149002
2025-07-15,05:42:24.4,-0.040901895612478256,0.07484971731901169,0.01839577406644821
2025-07-15,05:42:24.7,-0.040901895612478256,0.07484880089759827,0.018399497494101524
2025-07-15,05:42:25.0,-0.040901895612478256,0.07484965026378632,0.01839604414999485
2025-07-15,05:42:25.4,-0.040901895612478256,0.0748496875166893,0.018395887687802315
2025-07-15,05:42:25.7,-0.040901895612478256,0.07484886050224304,0.018399279564619064
2025-07-15,05:42:26.0,-0.040901895612478256,0.07484979927539825,0.018395451828837395
2025-07-15,05:42:26.4,-0.040901895612478256,0.0748497024178505,0.018395835533738136
2025-07-15,05:42:26.7,-0.040901895612478256,0.07485060393810272,0.018392175436019897
2025-07-15,05:42:27.0,-0.040901895612478256,0.07484886050224304,0.018399279564619064
2025-07-15,05:42:27.4,-0.040901895612478256,0.07484883815050125,0.01839934103190899
2025-07-15,05:42:27.7,-0.040901895612478256,0.07484627515077591,0.01840977557003498
2025-07-15,05:42:28.0,-0.040901895612478256,0.07484880089759827,0.018399497494101524
2025-07-15,05:42:28.4,-0.040901895612478256,0.07485136389732361,0.018389064818620682
2025-07-15,05:42:28.7,-0.040901895612478256,0.0748470351099968,0.01840667426586151
2025-07-15,05:42:29.0,-0.040901895612478256,0.07484792917966843,0.018403055146336555
2025-07-15,05:42:29.4,-0.040901895612478256,0.07485049962997437,0.018392611294984818
2025-07-15,05:42:29.7,-0.040901895612478256,0.07485050708055496,0.01839255914092064
2025-07-15,05:42:30.0,-0.040901895612478256,0.07484883069992065,0.018399393185973167
2025-07-15,05:42:30.4,-0.040901895612478256,0.07484877854585648,0.018399611115455627
2025-07-15,05:42:30.7,-0.040901895612478256,0.07485055178403854,0.018392393365502357
2025-07-15,05:42:30.7,0.0,0.7394046783447266,1.6288036108016968
2025-07-15,05:42:30.7,0.8384888768196106,1.542094349861145,-0.34438613057136536
2025-07-15,05:42:31.0,-0.040901895612478256,0.07485049962997437,0.018392611294984818
2025-07-15,05:42:31.0,0.11452531069517136,0.721073567867279,1.6806679964065552
2025-07-15,05:42:31.4,-0.040901895612478256,0.07484709471464157,0.018406445160508156
2025-07-15,05:42:31.7,-0.040901895612478256,0.07484624534845352,0.018409889191389084
2025-07-15,05:42:32.0,-0.040901895612478256,0.07484801113605499,0.01840273290872574
2025-07-15,05:42:32.4,-0.040901895612478256,0.07484802603721619,0.018402669578790665
2025-07-15,05:42:32.7,-0.040901895612478256,0.07484891265630722,0.018399059772491455
2025-07-15,05:42:33.0,-0.040901895612478256,0.07484972476959229,0.01839573122560978
2025-07-15,05:42:33.4,-0.040901895612478256,0.07485229521989822,0.018385278061032295
2025-07-15,05:42:33.7,-0.040901895612478256,0.07485055178403854,0.018392393365502357
2025-07-15,05:42:34.0,-0.040901895612478256,0.07484883069992065,0.018399393185973167
2025-07-15,05:42:34.4,-0.040901895612478256,0.07485049962997437,0.018392611294984818
2025-07-15,05:42:34.7,-0.040901895612478256,0.0748487338423729,0.018399778753519058
2025-07-15,05:42:35.0,-0.040901895612478256,0.07484617829322815,0.018410170450806618
2025-07-15,05:42:35.4,-0.040901895612478256,0.07484868168830872,0.018399996683001518
2025-07-15,05:42:35.4,0.0,0.8597156405448914,1.5686330795288086
2025-07-15,05:42:35.7,-0.040901895612478256,0.07485049962997437,0.018392611294984818
2025-07-15,05:42:35.7,1.14525306224823,1.4291565418243408,-0.06012465059757233
2025-07-15,05:42:36.1,-0.040901895612478256,0.07484786957502365,0.01840328425168991
2025-07-15,05:42:36.4,-0.040901895612478256,0.07484616339206696,0.018410231918096542
2025-07-15,05:42:36.7,-0.040901895612478256,0.07484950125217438,0.018396668136119843
2025-07-15,05:42:37.0,-0.040901895612478256,0.07484959065914154,0.018396273255348206
2025-07-15,05:42:37.4,-0.040901895612478256,0.07484707981348038,0.018406497314572334
2025-07-15,05:42:37.7,-0.040901895612478256,0.07485051453113556,0.018392549827694893
2025-07-15,05:42:37.7,0.0,0.7277035713195801,1.6340649127960205
2025-07-15,05:42:38.0,-0.040901895612478256,0.07484959065914154,0.018396273255348206
2025-07-15,05:42:38.4,-0.040901895612478256,0.07485140860080719,0.018388887867331505
2025-07-15,05:42:38.7,-0.040901895612478256,0.07484792917966843,0.018403055146336555
2025-07-15,05:42:39.0,-0.040901895612478256,0.0748487189412117,0.018399840220808983
2025-07-15,05:42:39.4,-0.040901895612478256,0.07484877854585648,0.018399611115455627
2025-07-15,05:42:39.7,-0.040901895612478256,0.07484874874353409,0.01839972659945488
2025-07-15,05:42:39.7,0.05589925870299339,0.5613548755645752,1.6974912881851196
2025-07-15,05:42:39.7,1.006186604499817,1.4787384271621704,-0.025337453931570053
2025-07-15,05:42:40.0,-0.040901895612478256,0.07484796643257141,0.01840289868414402
2025-07-15,05:42:40.0,0.11179851740598679,1.0408977270126343,1.450432300567627
2025-07-15,05:42:40.0,0.8384888768196106,1.5751500129699707,-0.12473677843809128
2025-07-15,05:42:40.4,-0.040901895612478256,0.07485149055719376,0.018388565629720688
2025-07-15,05:42:40.7,-0.040901895612478256,0.07484888285398483,0.018399164080619812
2025-07-15,05:42:41.0,-0.040901895612478256,0.07484973222017288,0.018395721912384033
2025-07-15,05:42:41.4,-0.040901895612478256,0.07485053688287735,0.018392445519566536
2025-07-15,05:42:41.7,-0.040901895612478256,0.07485057413578033,0.018392277881503105
2025-07-15,05:42:41.7,-0.05589925870299339,0.7120255827903748,1.6400047540664673
2025-07-15,05:42:42.0,-0.040901895612478256,0.07485145330429077,0.018388722091913223
2025-07-15,05:42:42.0,0.05726265534758568,0.8572661280632019,1.6184942722320557
2025-07-15,05:42:42.4,-0.040901895612478256,0.07485229521989822,0.018385278061032295
2025-07-15,05:42:42.7,-0.040901895612478256,0.07484973222017288,0.018395721912384033
2025-07-15,05:42:43.0,-0.040901895612478256,0.0748523622751236,0.018385007977485657
2025-07-15,05:42:43.4,-0.040901895612478256,0.07484529167413712,0.018413789570331573
2025-07-15,05:42:43.4,-2.6504428386688232,1.7254282236099243,-1.576917290687561
2025-07-15,05:42:43.4,2.981748342514038,1.4239325523376465,1.2530803680419922
2025-07-15,05:42:43.7,-0.040901895612478256,0.07484523952007294,0.018414007499814034
2025-07-15,05:42:43.7,3.242156982421875,1.5008904933929443,0.1860857754945755
2025-07-15,05:42:44.0,-0.040901895612478256,0.07484616339206696,0.018410231918096542
2025-07-15,05:42:44.0,-2.6504428386688232,1.0030276775360107,-2.111328125
2025-07-15,05:42:44.4,-0.040901895612478256,0.07484521716833115,0.018414070829749107
2025-07-15,05:42:44.7,-0.040901895612478256,0.07484786212444305,0.01840333640575409
2025-07-15,05:42:44.7,0.05180906876921654,0.6995872259140015,1.5021629333496094
2025-07-15,05:42:44.7,-0.8807541728019714,1.3876954317092896,-0.2171941101551056
2025-07-15,05:42:45.0,-0.040901895612478256,0.07484614849090576,0.01841028407216072
2025-07-15,05:42:45.4,-0.040901895612478256,0.0748443678021431,0.018417512997984886
2025-07-15,05:42:45.7,-0.040901895612478256,0.07484521716833115,0.018414070829749107
2025-07-15,05:42:45.7,-2.6504428386688232,1.061755657196045,-2.0824134349823
2025-07-15,05:42:46.0,-0.040901895612478256,0.07484693825244904,0.018407071009278297
2025-07-15,05:42:46.4,-0.040901895612478256,0.0748479962348938,0.018402785062789917
2025-07-15,05:42:46.4,-2.6504428386688232,1.7285513877868652,-1.573493242263794
2025-07-15,05:42:46.7,-0.040901895612478256,0.07485052198171616,0.01839250698685646
2025-07-15,05:42:46.7,-2.760878086090088,1.976766586303711,-0.9790627360343933
2025-07-15,05:42:47.1,-0.040901895612478256,0.07484962046146393,0.01839616894721985
2025-07-15,05:42:47.1,3.394857406616211,1.2573477029800415,0.08350474387407303
2025-07-15,05:42:47.1,-0.403565376996994,1.5022697448730469,0.4314637780189514
2025-07-15,05:42:47.4,-0.040901895612478256,0.07484963536262512,0.01839611679315567
2025-07-15,05:42:47.4,-2.906761407852173,1.7764892578125,-1.0925688743591309
2025-07-15,05:42:47.4,2.7949628829956055,0.32873407006263733,2.208845615386963
2025-07-15,05:42:47.7,-0.040901895612478256,0.07485131174325943,0.018389273434877396
2025-07-15,05:42:47.7,-3.0185599327087402,1.4020607471466064,-1.3120230436325073
2025-07-15,05:42:48.0,-0.040901895612478256,0.07485131174325943,0.018389282748103142
2025-07-15,05:42:48.0,-2.4595673084259033,2.224762439727783,1.341582179069519
2025-07-15,05:42:48.4,-0.040901895612478256,0.07484780251979828,0.018403565511107445
2025-07-15,05:42:48.4,3.2026185989379883,0.7158439755439758,1.3112661838531494
2025-07-15,05:42:48.7,-0.040901895612478256,0.07484781742095947,0.01840350218117237
2025-07-15,05:42:48.7,-2.760878086090088,2.1034653186798096,-0.6645326018333435
2025-07-15,05:42:49.0,-0.040901895612478256,0.07484693080186844,0.018407121300697327
2025-07-15,05:42:49.4,-0.040901895612478256,0.07484770566225052,0.01840396039187908
2025-07-15,05:42:49.7,-0.040901895612478256,0.0748477652668953,0.018403731286525726
2025-07-15,05:42:50.0,-0.040901895612478256,0.07484687119722366,0.018407350406050682
2025-07-15,05:42:50.4,-0.040901895612478256,0.07484602928161621,0.01841079443693161
2025-07-15,05:42:50.4,-0.2672257125377655,1.1757702827453613,0.19613602757453918
2025-07-15,05:42:50.7,-0.040901895612478256,0.07484335452318192,0.01842164248228073
2025-07-15,05:42:51.0,-0.040901895612478256,0.07484681904315948,0.018407579511404037
2025-07-15,05:42:51.4,-0.040901895612478256,0.07484598457813263,0.01841096021234989
2025-07-15,05:42:51.4,0.0,0.8068755865097046,1.3981387615203857
2025-07-15,05:42:51.4,0.0,0.2747822105884552,1.6349601745605469
2025-07-15,05:42:51.4,0.6735178828239441,1.5133681297302246,0.06848859786987305
2025-07-15,05:42:51.7,-0.040901895612478256,0.07484427839517593,0.018417909741401672
2025-07-15,05:42:51.7,3.4357593059539795,1.2749520540237427,-0.02977638877928257
2025-07-15,05:42:51.7,0.05180906876921654,0.4544907212257385,1.59353506565094
2025-07-15,05:42:51.7,-0.31630799174308777,1.1816794872283936,0.3231019675731659
2025-07-15,05:42:52.0,-0.040901895612478256,0.07484426349401474,0.0184179600328207
2025-07-15,05:42:52.0,0.05044567212462425,0.5185268521308899,1.5278825759887695
2025-07-15,05:42:52.0,-0.9080221056938171,1.3330553770065308,-0.06557067483663559
2025-07-15,05:42:52.4,-0.040901895612478256,0.07484952360391617,0.018396563827991486
2025-07-15,05:42:52.7,-0.040901895612478256,0.07484862208366394,0.01840023696422577
2025-07-15,05:42:53.1,-0.040901895612478256,0.07484866678714752,0.018400060012936592
2025-07-15,05:42:53.4,-0.040901895612478256,0.07484693825244904,0.018407071009278297
2025-07-15,05:42:53.7,-0.040901895612478256,0.07484521716833115,0.018414070829749107
2025-07-15,05:42:54.0,-0.040901895612478256,0.07484439760446548,0.018417399376630783
2025-07-15,05:42:54.4,-0.040901895612478256,0.07484868913888931,0.01839994452893734
2025-07-15,05:42:54.7,-0.040901895612478256,0.07484786212444305,0.01840333640575409
2025-07-15,05:42:55.0,-0.040901895612478256,0.07484860718250275,0.0184002872556448
2025-07-15,05:42:55.4,-0.040901895612478256,0.07486195862293243,0.018345896154642105
2025-07-15,05:42:55.4,-0.16360758244991302,0.7154878973960876,1.0837092399597168
2025-07-15,05:42:55.4,-0.6544303297996521,1.1316273212432861,-0.06524398922920227
2025-07-15,05:42:55.7,-0.040901895612478256,0.07486449182033539,0.018335556611418724
2025-07-15,05:42:55.7,-0.20450948178768158,0.6993951797485352,1.0872619152069092
2025-07-15,05:42:55.7,-0.6544303297996521,1.085249900817871,-0.32721516489982605
2025-07-15,05:42:56.0,-0.040901895612478256,0.07486552745103836,0.018331322818994522
2025-07-15,05:42:56.4,-0.040901895612478256,0.07486465573310852,0.018334880471229553
2025-07-15,05:42:56.4,-0.2495015561580658,2.282405376434326,-1.3457930088043213
2025-07-15,05:42:56.7,-0.040901895612478256,0.07486370950937271,0.018338751047849655
2025-07-15,05:42:56.7,-0.12270568311214447,0.7174635529518127,1.0877984762191772
2025-07-15,05:42:57.0,-0.040901895612478256,0.07486636936664581,0.018327880650758743
2025-07-15,05:42:57.0,0.040901895612478256,0.49282771348953247,1.2118432521820068
2025-07-15,05:42:57.0,-0.3217615783214569,2.2903330326080322,-1.129954218864441
2025-07-15,05:42:57.4,-0.040901895612478256,0.07486547529697418,0.01833152212202549
2025-07-15,05:42:57.4,-0.08044039458036423,1.9643083810806274,-1.6616181135177612
2025-07-15,05:42:57.7,-0.040901895612478256,0.07486370205879211,0.018338780850172043
2025-07-15,05:42:57.7,0.040901895612478256,0.06500011682510376,1.306605577468872
2025-07-15,05:42:57.7,-0.08180379122495651,2.330291509628296,-1.1897538900375366
2025-07-15,05:42:58.0,-0.040901895612478256,0.07486739754676819,0.01832369901239872
2025-07-15,05:42:58.4,-0.040901895612478256,0.07484854012727737,0.018400568515062332
2025-07-15,05:42:58.4,-0.14315663278102875,0.8963830471038818,1.2279027700424194
2025-07-15,05:42:58.7,-0.040901895612478256,0.07484506815671921,0.0184146948158741
2025-07-15,05:42:59.0,-0.040901895612478256,0.07484418898820877,0.01841825246810913
2025-07-15,05:42:59.4,-0.040901895612478256,0.07484234869480133,0.018425730988383293
2025-07-15,05:42:59.7,-0.040901895612478256,0.07484591752290726,0.018411241471767426
2025-07-15,05:42:59.7,-0.23177741467952728,0.672130286693573,1.3018920421600342
2025-07-15,05:42:59.7,-0.788043200969696,1.2052476406097412,-0.35604605078697205
2025-07-15,05:43:00.0,-0.040901895612478256,0.0748458132147789,0.018411647528409958
2025-07-15,05:43:00.4,-0.040901895612478256,0.07484499365091324,0.01841498538851738
2025-07-15,05:43:00.7,-0.040901895612478256,0.07484321296215057,0.018422236666083336
2025-07-15,05:43:00.7,-0.2385943979024887,0.824377179145813,1.2630188465118408
2025-07-15,05:43:01.0,-0.040901895612478256,0.07484493404626846,0.018415214493870735
2025-07-15,05:43:01.0,3.592550039291382,0.42677071690559387,-0.8148420453071594
2025-07-15,05:43:01.0,-0.2781328856945038,0.10845780372619629,1.453024983406067
2025-07-15,05:43:01.4,-0.040901895612478256,0.07483790814876556,0.018443768844008446
2025-07-15,05:43:01.4,0.0,4.834841728210449,-0.27724528312683105
2025-07-15,05:43:01.7,-0.040901895612478256,0.07483877241611481,0.018440240994095802
2025-07-15,05:43:02.0,-0.040901895612478256,0.0748388022184372,0.018440138548612595
2025-07-15,05:43:02.0,-0.2781328856945038,0.8318653106689453,1.1962628364562988
2025-07-15,05:43:02.4,-0.040901895612478256,0.07483697682619095,0.018447553738951683
2025-07-15,05:43:02.4,-0.3026740252971649,4.831305980682373,0.1393931359052658
2025-07-15,05:43:02.4,-0.18814872205257416,2.9885048866271973,-0.3095521032810211
2025-07-15,05:43:02.7,-0.040901895612478256,0.07484128326177597,0.01843004859983921
2025-07-15,05:43:02.7,-0.1486102193593979,4.752026557922363,0.10581361502408981
2025-07-15,05:43:02.7,0.7089661955833435,0.9752331972122192,-1.26167631149292
2025-07-15,05:43:03.0,-0.040901895612478256,0.07483869791030884,0.018440553918480873
2025-07-15,05:43:03.0,-0.4540110230445862,4.798765659332275,0.46720772981643677
2025-07-15,05:43:03.4,-0.040901895612478256,0.07483871281147003,0.0184404905885458
2025-07-15,05:43:03.4,3.476661205291748,1.0307375192642212,-0.7764813899993896
2025-07-15,05:43:03.4,-0.29994723200798035,4.789339065551758,0.06446925550699234
2025-07-15,05:43:03.4,-0.38175103068351746,0.4340488016605377,1.4133681058883667
2025-07-15,05:43:03.4,0.5180906653404236,1.1866346597671509,-1.035413146018982
2025-07-15,05:43:03.4,1.4506539106369019,0.4414946734905243,0.6702877283096313
2025-07-15,05:43:03.7,-0.040901895612478256,0.0748395174741745,0.018437236547470093
2025-07-15,05:43:03.7,-0.4499208331108093,4.775878429412842,0.14301516115665436
2025-07-15,05:43:04.1,-0.040901895612478256,0.07484128326177597,0.01843004859983921
2025-07-15,05:43:04.1,-0.2972204387187958,4.741662979125977,0.2081633061170578
2025-07-15,05:43:04.1,0.49082276225090027,0.6685959100723267,1.333776593208313
2025-07-15,05:43:04.1,0.0,1.42640221118927,-0.6574679613113403
2025-07-15,05:43:04.4,-0.040901895612478256,0.07483413070440292,0.018459079787135124
2025-07-15,05:43:04.7,-0.040901895612478256,0.07483335584402084,0.01846221089363098
2025-07-15,05:43:04.7,-0.17178796231746674,2.7091996669769287,-0.4307768940925598
2025-07-15,05:43:04.7,3.592550039291382,0.7402083873748779,-0.5460699796676636
2025-07-15,05:43:05.0,-0.040901895612478256,0.07483329623937607,0.01846246048808098
2025-07-15,05:43:05.0,3.476661205291748,1.199277400970459,-0.4765259027481079
2025-07-15,05:43:05.4,-0.040901895612478256,0.07483591884374619,0.018451819196343422
2025-07-15,05:43:05.4,-0.43628689646720886,1.6820615530014038,0.16081863641738892
2025-07-15,05:43:05.4,-0.17178796231746674,2.705677032470703,-0.45237523317337036
2025-07-15,05:43:05.4,3.592550039291382,0.7826855778694153,-0.4832225441932678
2025-07-15,05:43:05.7,-0.040901895612478256,0.07483597099781036,0.01845163106918335
2025-07-15,05:43:06.0,-0.040901895612478256,0.07483596354722977,0.01845165342092514
2025-07-15,05:43:06.0,-0.19632910192012787,1.333789587020874,-0.8058211803436279
2025-07-15,05:43:06.0,0.883480966091156,1.2512030601501465,0.34762042760849
2025-07-15,05:43:06.4,-0.040901895612478256,0.0748385414481163,0.01844118908047676
2025-07-15,05:43:06.4,-1.0907171964645386,0.4988856911659241,-1.267670750617981
2025-07-15,05:43:06.7,-0.040901895612478256,0.07483674585819244,0.01844845898449421
2025-07-15,05:43:06.7,3.476661205291748,1.0482044219970703,-0.7527354955673218
2025-07-15,05:43:06.7,-0.37220725417137146,0.8326093554496765,0.08746641129255295
2025-07-15,05:43:07.0,-0.040901895612478256,0.07483414560556412,0.01845903880894184
2025-07-15,05:43:07.0,3.476661205291748,1.2228580713272095,0.41226378083229065
2025-07-15,05:43:07.4,-0.040901895612478256,0.07483688741922379,0.018447907641530037
2025-07-15,05:43:07.7,-0.040901895612478256,0.0748395025730133,0.018437298014760017
2025-07-15,05:43:08.0,-0.040901895612478256,0.07483859360218048,0.018440991640090942
2025-07-15,05:43:08.4,-0.040901895612478256,0.07483603060245514,0.018451372161507607
2025-07-15,05:43:08.4,-0.23177741467952728,0.7535778284072876,1.2565040588378906
2025-07-15,05:43:08.7,-0.040901895612478256,0.0748368427157402,0.018448075279593468
2025-07-15,05:43:08.7,0.08180379122495651,2.3940155506134033,-1.0556809902191162
2025-07-15,05:43:09.0,-0.040901895612478256,0.07483513653278351,0.018455011770129204
2025-07-15,05:43:09.4,-0.040901895612478256,0.0748385563492775,0.01844111643731594
2025-07-15,05:43:09.4,-0.23177741467952728,0.22273387014865875,1.4481269121170044
2025-07-15,05:43:09.4,0.08180379122495651,2.139129161834717,-1.506618618965149
2025-07-15,05:43:09.4,1.0634492635726929,2.121176242828369,1.1055097579956055
2025-07-15,05:43:09.7,-0.040901895612478256,0.07483769208192825,0.01844463124871254
2025-07-15,05:43:09.7,0.08180379122495651,2.1398775577545166,-1.505555272102356
2025-07-15,05:43:10.0,-0.040901895612478256,0.07483594864606857,0.018451714888215065
2025-07-15,05:43:10.4,-0.040901895612478256,0.07483139634132385,0.0184701569378376
2025-07-15,05:43:10.4,0.0,1.4758635759353638,-1.6063880920410156
2025-07-15,05:43:10.4,-0.06680642813444138,1.3107829093933105,-1.6874828338623047
2025-07-15,05:43:10.7,-0.040901895612478256,0.07483408600091934,0.018459277227520943
2025-07-15,05:43:10.7,-0.19087551534175873,0.5173141360282898,1.0900766849517822
2025-07-15,05:43:10.7,0.534451425075531,1.098318338394165,-0.01931609772145748
2025-07-15,05:43:10.7,-0.13088606297969818,1.6412187814712524,-1.294158697128296
2025-07-15,05:43:11.0,-0.040901895612478256,0.07483221590518951,0.018466850742697716
2025-07-15,05:43:11.0,-0.13361285626888275,1.6738849878311157,-1.323053240776062
2025-07-15,05:43:11.4,-0.040901895612478256,0.07483223080635071,0.018466776236891747
2025-07-15,05:43:11.4,-0.15270040929317474,0.5410608053207397,1.0845507383346558
2025-07-15,05:43:11.4,-0.19223889708518982,1.8896980285644531,-0.7725504040718079
2025-07-15,05:43:11.7,-0.040901895612478256,0.07483306527137756,0.018463395535945892
2025-07-15,05:43:11.7,-0.15270040929317474,0.5213738083839417,1.0941510200500488
2025-07-15,05:43:11.7,-0.1649709790945053,5.240685939788818,-0.6136687397956848
2025-07-15,05:43:11.7,-0.13088606297969818,1.4470252990722656,-1.508165717124939
2025-07-15,05:43:12.0,-0.040901895612478256,0.07483389228582382,0.018460046499967575
2025-07-15,05:43:12.0,-0.13361285626888275,1.8038665056228638,-1.139485239982605
2025-07-15,05:43:12.4,-0.040901895612478256,0.07483315467834473,0.018463032320141792
2025-07-15,05:43:12.4,0.15133701264858246,1.1906228065490723,-1.0795159339904785
2025-07-15,05:43:12.4,0.7566850781440735,1.2639919519424438,0.6599941849708557
2025-07-15,05:43:12.7,-0.040901895612478256,0.0748322606086731,0.018466651439666748
2025-07-15,05:43:12.7,-0.26177212595939636,1.8337123394012451,-0.9770114421844482
2025-07-15,05:43:13.0,-0.040901895612478256,0.07483065128326416,0.018473174422979355
2025-07-15,05:43:13.0,0.0,5.28726053237915,-0.6131959557533264
2025-07-15,05:43:13.4,-0.040901895612478256,0.0748295783996582,0.01847752183675766
2025-07-15,05:43:13.7,-0.040901895612478256,0.07482858002185822,0.018481558188796043
2025-07-15,05:43:14.0,-0.040901895612478256,0.07482690364122391,0.01848835125565529
2025-07-15,05:43:14.4,-0.040901895612478256,0.07482682913541794,0.01848866231739521
2025-07-15,05:43:14.4,0.6026212573051453,1.3529726266860962,-0.08194871991872787
2025-07-15,05:43:14.8,-0.040901895612478256,0.07482858002185822,0.018481558188796043
2025-07-15,05:43:14.8,-0.31630799174308777,1.5396461486816406,-1.9831002950668335
2025-07-15,05:43:15.0,-0.040901895612478256,0.07482600212097168,0.01849200204014778
2025-07-15,05:43:15.0,0.5889872908592224,6.253750801086426,-0.11787635833024979
2025-07-15,05:43:15.0,-5.3008856773376465,3.3636598587036133,-0.2379160225391388
2025-07-15,05:43:15.0,-0.47446197271347046,1.7668272256851196,-1.7482720613479614
2025-07-15,05:43:15.4,-0.040901895612478256,0.07482685148715973,0.018488558009266853
2025-07-15,05:43:15.4,-0.37493404746055603,1.7065010070800781,-1.6447652578353882
2025-07-15,05:43:15.7,-0.040901895612478256,0.07482776045799255,0.018484897911548615
2025-07-15,05:43:15.7,-0.42946991324424744,1.007365345954895,-1.0641955137252808
2025-07-15,05:43:15.7,-1.00209641456604,0.9928770661354065,0.5845848321914673
2025-07-15,05:43:15.7,-0.543995201587677,1.867825984954834,-1.5490787029266357
2025-07-15,05:43:16.0,-0.040901895612478256,0.07482855767011642,0.0184816624969244
2025-07-15,05:43:16.0,-0.610801637172699,1.7963743209838867,-1.5392266511917114
2025-07-15,05:43:16.4,-0.040901895612478256,0.07482591271400452,0.018492385745048523
2025-07-15,05:43:16.7,-0.040901895612478256,0.07482939213514328,0.018478281795978546
2025-07-15,05:43:17.1,-0.040901895612478256,0.0748276561498642,0.018485313281416893
2025-07-15,05:43:17.1,-0.3340321481227875,0.7119684219360352,-1.30891752243042
2025-07-15,05:43:17.4,-0.040901895612478256,0.07482939213514328,0.018478281795978546
2025-07-15,05:43:17.7,-0.040901895612478256,0.07482942193746567,0.018478145822882652
2025-07-15,05:43:17.7,-0.19087551534175873,0.8916646838188171,1.2248437404632568
2025-07-15,05:43:18.0,-0.040901895612478256,0.07482939213514328,0.018478281795978546
2025-07-15,05:43:18.4,-0.040901895612478256,0.07483018934726715,0.018475046381354332
2025-07-15,05:43:18.7,-0.040901895612478256,0.0748276337981224,0.018485385924577713
2025-07-15,05:43:19.1,-0.040901895612478256,0.07482849061489105,0.018481943756341934
2025-07-15,05:43:19.4,-0.040901895612478256,0.07482939958572388,0.01847825013101101
2025-07-15,05:43:19.4,-0.3244883716106415,0.4334375560283661,1.3810292482376099
2025-07-15,05:43:19.4,-0.8343986868858337,1.2264324426651,-0.006710072048008442
2025-07-15,05:43:19.7,-0.040901895612478256,0.07483110576868057,0.018471354618668556
2025-07-15,05:43:19.7,-0.3599366843700409,0.8012189269065857,1.1407736539840698
2025-07-15,05:43:19.7,0.4949129521846771,1.342818260192871,-0.15738807618618011
2025-07-15,05:43:20.1,-0.040901895612478256,0.07483292371034622,0.0184639785438776
2025-07-15,05:43:20.1,-0.22496043145656586,0.1454119235277176,1.4146090745925903
2025-07-15,05:43:20.1,0.24541138112545013,0.7014011144638062,-1.383725881576538
2025-07-15,05:43:20.4,-0.040901895612478256,0.07483207434415817,0.01846742257475853
2025-07-15,05:43:20.4,0.0,0.6570812463760376,1.3783997297286987
2025-07-15,05:43:20.4,0.668064296245575,1.355973720550537,-0.21625620126724243
2025-07-15,05:43:20.7,-0.040901895612478256,0.07483208924531937,0.018467359244823456
2025-07-15,05:43:21.0,-0.040901895612478256,0.07483215630054474,0.018467089161276817
2025-07-15,05:43:21.0,-0.17996834218502045,0.3903699517250061,-1.3740791082382202
2025-07-15,05:43:21.0,-0.7198733687400818,1.2276511192321777,-0.2180042862892151
2025-07-15,05:43:21.4,-0.040901895612478256,0.07483294606208801,0.018463874235749245
2025-07-15,05:43:21.4,-0.17996834218502045,0.6215000152587891,-1.2861647605895996
2025-07-15,05:43:21.7,-0.040901895612478256,0.07483120262622833,0.01847093738615513
2025-07-15,05:43:21.7,-0.46355482935905457,0.5891621708869934,1.2800029516220093
2025-07-15,05:43:21.7,-1.0198205709457397,1.0695964097976685,-0.12779764831066132
2025-07-15,05:43:22.0,-0.040901895612478256,0.07483211904764175,0.01846722513437271
2025-07-15,05:43:22.0,-0.2781328856945038,0.43065395951271057,-1.3919705152511597
2025-07-15,05:43:22.0,0.5099102854728699,1.3919814825057983,0.05274325981736183
2025-07-15,05:43:22.4,-0.040901895612478256,0.07483304291963577,0.01846349984407425
2025-07-15,05:43:22.4,-0.13497625291347504,0.1749226301908493,-1.4226926565170288
2025-07-15,05:43:22.4,-0.9448338150978088,1.081491231918335,0.10264746099710464
2025-07-15,05:43:22.7,-0.040901895612478256,0.07483396679162979,0.0184597447514534
2025-07-15,05:43:23.1,-0.040901895612478256,0.07483478635549545,0.018456436693668365
2025-07-15,05:43:23.4,-0.040901895612478256,0.07483742386102676,0.01844572275876999
2025-07-15,05:43:23.4,-0.13497625291347504,0.9655721187591553,-1.0593973398208618
2025-07-15,05:43:23.4,0.629889190196991,1.2792863845825195,0.19883835315704346
2025-07-15,05:43:23.7,-0.040901895612478256,0.07483401149511337,0.01845954731106758
2025-07-15,05:43:23.7,-0.13497625291347504,0.43872159719467163,-1.364615559577942
2025-07-15,05:43:24.1,-0.040901895612478256,0.07483306527137756,0.018463395535945892
2025-07-15,05:43:24.1,-0.2699525058269501,0.3034505844116211,1.3812726736068726
2025-07-15,05:43:24.1,-0.8098575472831726,1.1822521686553955,-0.13885752856731415
2025-07-15,05:43:24.4,-0.040901895612478256,0.07483223080635071,0.018466776236891747
2025-07-15,05:43:24.7,-0.040901895612478256,0.07483480870723724,0.018456334248185158
2025-07-15,05:43:25.1,-0.040901895612478256,0.07483303546905518,0.018463531509041786
2025-07-15,05:43:25.1,-0.13497625291347504,0.17390833795070648,1.4228169918060303
2025-07-15,05:43:25.5,-0.040901895612478256,0.07483305782079697,0.018463438376784325
2025-07-15,05:43:25.5,0.0,0.7063575387001038,1.30440092086792
2025-07-15,05:43:25.7,-0.040901895612478256,0.07483218610286713,0.018466953188180923
2025-07-15,05:43:25.7,-0.0463554821908474,0.6591394543647766,1.3280771970748901
2025-07-15,05:43:25.7,0.6953322291374207,1.3035281896591187,0.13315416872501373
2025-07-15,05:43:26.0,-0.040901895612478256,0.07483305782079697,0.018463438376784325
2025-07-15,05:43:26.0,-0.1854219287633896,0.6849184036254883,1.3026542663574219
2025-07-15,05:43:26.4,-0.040901895612478256,0.07483303546905518,0.018463531509041786
2025-07-15,05:43:26.7,-0.040901895612478256,0.07483391463756561,0.018459953367710114
2025-07-15,05:43:27.1,-0.040901895612478256,0.07483310252428055,0.018463261425495148
2025-07-15,05:43:27.4,-0.040901895612478256,0.07483401149511337,0.01845954731106758
2025-07-15,05:43:27.7,-0.040901895612478256,0.0748322606086731,0.018466651439666748
2025-07-15,05:43:27.7,-0.08998417109251022,0.3792648911476135,1.385976791381836
2025-07-15,05:43:28.1,-0.040901895612478256,0.07483489066362381,0.018456000834703445
2025-07-15,05:43:28.1,-0.08998417109251022,0.5194678902626038,1.339748740196228
2025-07-15,05:43:28.4,-0.040901895612478256,0.07483045011758804,0.01847400702536106
2025-07-15,05:43:28.7,-0.040901895612478256,0.07483047991991043,0.018473882228136063
2025-07-15,05:43:29.1,-0.040901895612478256,0.07483310252428055,0.018463261425495148
2025-07-15,05:43:29.1,-0.13497625291347504,0.5512186288833618,1.3231818675994873
2025-07-15,05:43:29.4,-0.040901895612478256,0.07483303546905518,0.018463531509041786
2025-07-15,05:43:29.4,-0.0927109643816948,0.8894572854042053,1.1835004091262817
2025-07-15,05:43:29.4,0.6953322291374207,1.2887728214263916,-0.23660209774971008
2025-07-15,05:43:29.7,-0.040901895612478256,0.0748356506228447,0.018452921882271767
2025-07-15,05:43:29.7,-0.1854219287633896,0.3944336473941803,1.4179010391235352
2025-07-15,05:43:29.7,0.6026212573051453,1.3552348613739014,-0.02426750771701336
2025-07-15,05:43:30.0,-0.040901895612478256,0.07483483850955963,0.018456198275089264
2025-07-15,05:43:30.0,3.2312498092651367,1.1932432651519775,-0.12126513570547104
2025-07-15,05:43:30.0,0.19632910192012787,0.5232265591621399,-1.467847466468811
2025-07-15,05:43:30.4,-0.040901895612478256,0.07483396679162979,0.0184597447514534
2025-07-15,05:43:30.4,-0.0927109643816948,0.2919011414051056,-1.4514135122299194
2025-07-15,05:43:30.4,-0.648976743221283,1.3168823719024658,0.21225620806217194
2025-07-15,05:43:30.8,-0.040901895612478256,0.0748295933008194,0.018477460369467735
2025-07-15,05:43:30.8,-0.1390664428472519,0.18814991414546967,1.4648081064224243
2025-07-15,05:43:30.8,0.1472468227148056,0.6578123569488525,1.4186221361160278
2025-07-15,05:43:31.1,-0.040901895612478256,0.07483481615781784,0.01845630258321762
2025-07-15,05:43:31.1,-0.13497625291347504,0.48574328422546387,1.3485939502716064
2025-07-15,05:43:31.4,-0.040901895612478256,0.07483389228582382,0.018460046499967575
2025-07-15,05:43:31.4,-0.08998417109251022,0.5899949073791504,1.3102211952209473
2025-07-15,05:43:31.4,0.6748812794685364,1.2610881328582764,-0.16450780630111694
2025-07-15,05:43:31.4,3.2312498092651367,1.1529946327209473,0.330360472202301
2025-07-15,05:43:31.7,-0.040901895612478256,0.07483037561178207,0.018474286422133446
2025-07-15,05:43:31.7,3.2312498092651367,1.1555004119873047,0.3214864134788513
2025-07-15,05:43:31.7,3.1685335636138916,1.7530417442321777,-0.013886664062738419
2025-07-15,05:43:31.7,1.2447810173034668,1.7049561738967896,-2.9422097206115723
2025-07-15,05:43:31.7,-0.1390664428472519,0.3878616392612457,-1.425000548362732
2025-07-15,05:43:31.7,-0.648976743221283,1.3241758346557617,0.16059362888336182
2025-07-15,05:43:32.1,-0.040901895612478256,0.07483472675085068,0.018456676974892616
2025-07-15,05:43:32.1,-0.3244883716106415,0.7698214054107666,1.2257589101791382
2025-07-15,05:43:32.1,0.5099102854728699,1.382405400276184,-0.1713171899318695
2025-07-15,05:43:32.1,3.1235415935516357,1.4181581735610962,0.33440348505973816
2025-07-15,05:43:32.1,-0.08998417109251022,0.5083559155464172,1.3440043926239014
2025-07-15,05:43:32.4,-0.040901895612478256,0.07483478635549545,0.01845642738044262
2025-07-15,05:43:32.4,3.1235415935516357,1.4259073734283447,0.29964348673820496
2025-07-15,05:43:32.4,-0.08998417109251022,0.9400123357772827,-1.086807370185852
2025-07-15,05:43:32.7,-0.040901895612478256,0.07483381032943726,0.018460391089320183
2025-07-15,05:43:32.7,-0.08998417109251022,0.4863154888153076,1.3521356582641602
2025-07-15,05:43:32.7,3.5175631046295166,1.2386442422866821,-0.4129408001899719
2025-07-15,05:43:33.1,-0.040901895612478256,0.07483470439910889,0.018456770107150078
2025-07-15,05:43:33.1,-0.3244883716106415,0.7004631757736206,1.2666733264923096
2025-07-15,05:43:33.1,0.5099102854728699,1.376721739768982,-0.21220646798610687
2025-07-15,05:43:33.4,-0.040901895612478256,0.07483035326004028,0.018474390730261803
2025-07-15,05:43:33.4,-0.3340321481227875,0.41059836745262146,1.4323313236236572
2025-07-15,05:43:33.7,-0.040901895612478256,0.07483123242855072,0.01847083307802677
2025-07-15,05:43:34.0,-0.040901895612478256,0.07483040541410446,0.018474183976650238
2025-07-15,05:43:34.0,3.2312498092651367,1.0689623355865479,-0.5439249277114868
2025-07-15,05:43:34.0,-0.04771887883543968,0.7160360813140869,1.34787118434906
2025-07-15,05:43:34.0,-0.8589398264884949,1.2546502351760864,-0.14077164232730865
2025-07-15,05:43:34.0,-0.1854219287633896,0.30799633264541626,1.4391523599624634
2025-07-15,05:43:34.0,-0.8343986868858337,1.226212978363037,0.02415120229125023
2025-07-15,05:43:34.4,-0.040901895612478256,0.07482483983039856,0.018496714532375336
2025-07-15,05:43:34.4,3.3321409225463867,2.122605323791504,1.1001719236373901
2025-07-15,05:43:34.7,-0.040901895612478256,0.07482750713825226,0.01848590560257435
2025-07-15,05:43:35.1,-0.040901895612478256,0.07482670992612839,0.018489141017198563
2025-07-15,05:43:35.4,-0.040901895612478256,0.07482589036226273,0.018492449074983597
2025-07-15,05:43:35.4,-0.2944936454296112,1.034040927886963,2.096313238143921
2025-07-15,05:43:35.7,-0.040901895612478256,0.07482659071683884,0.018489640206098557
2025-07-15,05:43:36.1,-0.040901895612478256,0.07482664287090302,0.018489422276616096
2025-07-15,05:43:36.4,-0.040901895612478256,0.07482822984457016,0.0184829942882061
2025-07-15,05:43:36.7,-0.040901895612478256,0.07482662796974182,0.018489453941583633
2025-07-15,05:43:37.1,-0.040901895612478256,0.07482664287090302,0.018489422276616096
2025-07-15,05:43:37.4,-0.040901895612478256,0.07482747733592987,0.01848605088889599
2025-07-15,05:43:37.4,-3.272151470184326,0.7390507459640503,-2.507815361022949
2025-07-15,05:43:37.4,3.4030375480651855,2.1009609699249268,1.2440286874771118
2025-07-15,05:43:37.4,-0.22496041655540466,0.9173223376274109,2.2058753967285156
2025-07-15,05:43:37.7,-0.040901895612478256,0.07482928782701492,0.018478697165846825
2025-07-15,05:43:37.7,-0.29994723200798035,0.7136988639831543,2.271263837814331
2025-07-15,05:43:38.0,-0.040901895612478256,0.07482578605413437,0.01849287562072277
2025-07-15,05:43:38.0,0.0,1.018897533416748,2.124228000640869
2025-07-15,05:43:38.4,-0.040901895612478256,0.07482229918241501,0.018506990745663643
2025-07-15,05:43:38.7,-0.040901895612478256,0.07483019679784775,0.018475035205483437
2025-07-15,05:43:39.1,-0.040901895612478256,0.07482754439115524,0.018485771492123604
2025-07-15,05:43:39.1,0.0,0.5243517756462097,2.3415868282318115
2025-07-15,05:43:39.4,-0.040901895612478256,0.07482852041721344,0.018481796607375145
2025-07-15,05:43:39.4,-1.297953486442566,2.0159378051757812,-0.4696485102176666
2025-07-15,05:43:39.4,1.068902850151062,2.1834969520568848,-0.2429930716753006
2025-07-15,05:43:39.7,-0.040901895612478256,0.07482673972845078,0.01848900504410267
2025-07-15,05:43:40.1,-0.040901895612478256,0.07482591271400452,0.018492385745048523
2025-07-15,05:43:40.1,0.0,0.7290400266647339,-2.2861483097076416
2025-07-15,05:43:40.1,-0.8998416662216187,2.224015235900879,0.04487824812531471
2025-07-15,05:43:40.4,-0.040901895612478256,0.0748240128159523,0.018500063568353653
2025-07-15,05:43:40.4,-0.1472468227148056,0.7042657732963562,2.2433958053588867
2025-07-15,05:43:40.7,-0.040901895612478256,0.07482659816741943,0.018489599227905273
2025-07-15,05:43:40.7,0.0,0.7361798286437988,2.2838592529296875
2025-07-15,05:43:41.1,-0.040901895612478256,0.07482754439115524,0.018485771492123604
2025-07-15,05:43:41.1,-0.21678003668785095,0.08054124563932419,2.300727128982544
2025-07-15,05:43:41.4,-0.040901895612478256,0.07482489198446274,0.018496494740247726
2025-07-15,05:43:41.4,0.0,1.2314151525497437,2.1101837158203125
2025-07-15,05:43:41.4,1.3743036985397339,1.9935802221298218,-0.32586193084716797
2025-07-15,05:43:41.7,-0.040901895612478256,0.07482489198446274,0.018496494740247726
2025-07-15,05:43:41.7,-3.3321409225463867,0.6536082029342651,-2.299701690673828
2025-07-15,05:43:42.0,-0.040901895612478256,0.07482405751943588,0.01849987544119358
2025-07-15,05:43:42.4,-0.040901895612478256,0.07482664287090302,0.018489422276616096
2025-07-15,05:43:42.7,-0.040901895612478256,0.07482661306858063,0.018489526584744453
2025-07-15,05:43:42.7,-3.075822353363037,0.41385456919670105,-2.6808648109436035
2025-07-15,05:43:42.7,0.0,0.7677651047706604,2.2734358310699463
2025-07-15,05:43:43.1,-0.040901895612478256,0.07482405751943588,0.01849987544119358
2025-07-15,05:43:43.4,-0.040901895612478256,0.07482657581567764,0.018489671871066093
2025-07-15,05:43:43.4,-0.14997361600399017,0.4957692325115204,-2.3430097103118896
2025-07-15,05:43:43.7,-0.040901895612478256,0.07482398301362991,0.01850018836557865
2025-07-15,05:43:43.7,0.23723098635673523,0.9471505880355835,2.3344967365264893
2025-07-15,05:43:43.7,0.0,0.6284295320510864,2.315825939178467
2025-07-15,05:43:43.7,0.8248549103736877,2.2493207454681396,-0.13469946384429932
2025-07-15,05:43:44.1,-0.040901895612478256,0.07482132315635681,0.01851092278957367
2025-07-15,05:43:44.1,-0.22905060648918152,1.370334506034851,2.009720802307129
2025-07-15,05:43:44.4,-0.040901895612478256,0.074824757874012,0.018497025594115257
2025-07-15,05:43:44.4,0.15542720258235931,1.1064060926437378,2.221724033355713
2025-07-15,05:43:44.4,1.2434176206588745,2.143325090408325,-0.2107609063386917
2025-07-15,05:43:44.4,0.0,1.0333911180496216,2.2139017581939697
2025-07-15,05:43:44.7,-0.040901895612478256,0.07482481747865677,0.018496807664632797
2025-07-15,05:43:44.7,-0.1472468227148056,1.1677109003067017,2.040898323059082
2025-07-15,05:43:44.7,0.22905060648918152,0.977448582649231,2.227417469024658
2025-07-15,05:43:45.1,-0.040901895612478256,0.07482297718524933,0.01850423403084278
2025-07-15,05:43:45.1,-0.0736234113574028,0.6602595448493958,2.2603392601013184
2025-07-15,05:43:45.4,-0.040901895612478256,0.07482388615608215,0.018500572070479393
2025-07-15,05:43:45.4,-0.2208702266216278,0.9444699883460999,2.1470186710357666
2025-07-15,05:43:45.7,-0.040901895612478256,0.07482478767633438,0.0184969212859869
2025-07-15,05:43:45.7,0.0,0.7538062930107117,2.232100486755371
2025-07-15,05:43:45.7,-3.108543872833252,0.9884337186813354,-2.5570883750915527
2025-07-15,05:43:45.7,0.22496041655540466,0.8041439056396484,2.2496042251586914
2025-07-15,05:43:45.7,-1.1997889280319214,2.041292428970337,-0.38936612010002136
2025-07-15,05:43:46.1,-0.040901895612478256,0.07482485473155975,0.018496662378311157
2025-07-15,05:43:46.1,0.0736234113574028,1.3664060831069946,1.9178141355514526
2025-07-15,05:43:46.4,-0.040901895612478256,0.07482309639453888,0.01850375533103943
2025-07-15,05:43:46.4,0.0,0.9223005771636963,2.1679155826568604
2025-07-15,05:43:46.4,3.2380666732788086,2.0252127647399902,1.6100261211395264
2025-07-15,05:43:46.8,-0.040901895612478256,0.07482746243476868,0.018486082553863525
2025-07-15,05:43:46.8,0.21678003668785095,1.0724377632141113,2.037083625793457
2025-07-15,05:43:46.8,1.011640191078186,2.061995029449463,-0.2675561010837555
2025-07-15,05:43:46.8,-0.2208702266216278,0.9755463600158691,2.133078098297119
2025-07-15,05:43:47.1,-0.040901895612478256,0.0748240128159523,0.01850004307925701
2025-07-15,05:43:47.1,0.0,1.363614559173584,1.8674532175064087
2025-07-15,05:43:47.1,0.2208702266216278,0.820986807346344,2.1972012519836426
2025-07-15,05:43:47.4,-0.040901895612478256,0.07482405006885529,0.018499895930290222
2025-07-15,05:43:47.4,0.0,0.618398129940033,2.228095531463623
2025-07-15,05:43:47.4,0.8671201467514038,2.1435353755950928,0.013603524304926395
2025-07-15,05:43:47.7,-0.040901895612478256,0.07482407242059708,0.01849980279803276
2025-07-15,05:43:47.7,0.0,1.1107643842697144,2.1270110607147217
2025-07-15,05:43:47.7,1.3497625589370728,1.974266529083252,-0.19592499732971191
2025-07-15,05:43:48.1,-0.040901895612478256,0.07482481747865677,0.018496807664632797
2025-07-15,05:43:48.1,-0.07498680800199509,0.42982786893844604,2.3595759868621826
2025-07-15,05:43:48.1,-0.07226001471281052,1.183496356010437,1.985180377960205
2025-07-15,05:43:48.1,0.0,0.8148037195205688,2.303335189819336
2025-07-15,05:43:48.4,-0.040901895612478256,0.07482312619686127,0.01850363053381443
2025-07-15,05:43:48.4,0.0,0.727575421333313,2.33235764503479
2025-07-15,05:43:48.4,1.297953486442566,2.0688915252685547,-0.06528783589601517
2025-07-15,05:43:48.7,-0.040901895612478256,0.07482392340898514,0.01850040629506111
2025-07-15,05:43:49.1,-0.040901895612478256,0.07482139766216278,0.01851063221693039
2025-07-15,05:43:49.1,-0.22496041655540466,0.9496901035308838,2.1921348571777344
2025-07-15,05:43:49.4,-0.040901895612478256,0.07482291758060455,0.018504483625292778
2025-07-15,05:43:49.4,-0.0736234113574028,1.1501617431640625,2.054800271987915
2025-07-15,05:43:49.4,-0.07635020464658737,1.0966570377349854,2.1819193363189697
2025-07-15,05:43:49.7,-0.040901895612478256,0.07482396066188812,0.01850026100873947
2025-07-15,05:43:49.7,-0.07771360129117966,1.5229820013046265,1.9643919467926025
2025-07-15,05:43:50.1,-0.040901895612478256,0.0748230591416359,0.01850392296910286
2025-07-15,05:43:50.1,0.0,1.0075657367706299,2.1296262741088867
2025-07-15,05:43:50.1,-0.07635020464658737,0.7568507194519043,2.321767807006836
2025-07-15,05:43:50.1,1.068902850151062,2.196770191192627,0.030098143965005875
2025-07-15,05:43:50.4,-0.040901895612478256,0.07482293993234634,0.018504390493035316
2025-07-15,05:43:50.7,-0.040901895612478256,0.0748230367898941,0.01850399561226368
2025-07-15,05:43:50.7,-0.1472468227148056,0.9129407405853271,2.1668765544891357
2025-07-15,05:43:51.1,-0.040901895612478256,0.07482217997312546,0.018507469445466995
2025-07-15,05:43:51.1,0.07771360129117966,0.958818256855011,2.293246030807495
2025-07-15,05:43:51.4,-0.040901895612478256,0.07482035458087921,0.018514834344387054
2025-07-15,05:43:51.4,-0.0736234113574028,1.2943049669265747,1.9671937227249146
2025-07-15,05:43:51.4,0.07771360129117966,0.8229774236679077,2.3454248905181885
2025-07-15,05:43:51.7,-0.040901895612478256,0.07482312619686127,0.01850363053381443
2025-07-15,05:43:51.7,0.31630799174308777,0.8133763074874878,2.375208616256714
2025-07-15,05:43:52.1,-0.040901895612478256,0.07482312619686127,0.01850363053381443
2025-07-15,05:43:52.1,-0.22496041655540466,1.0196324586868286,2.160489797592163
2025-07-15,05:43:52.5,-0.040901895612478256,0.07482115924358368,0.01851159892976284
2025-07-15,05:43:52.5,-0.07498680800199509,0.9800472259521484,2.1890313625335693
2025-07-15,05:43:52.5,0.23723098635673523,1.0373706817626953,2.2958290576934814
2025-07-15,05:43:52.5,-0.7907699942588806,2.392765522003174,-0.2293548583984375
2025-07-15,05:43:52.7,-0.040901895612478256,0.07482025027275085,0.018515270203351974
2025-07-15,05:43:52.7,-1.274775743484497,2.0101215839385986,-0.303860604763031
2025-07-15,05:43:52.7,-0.37493404746055603,1.8846807479858398,1.4371418952941895
2025-07-15,05:43:52.7,-3.075822353363037,0.5928586721420288,-2.6470417976379395
2025-07-15,05:43:53.1,-0.040901895612478256,0.07482113689184189,0.01851167157292366
2025-07-15,05:43:53.1,-0.0736234113574028,0.8486797213554382,-2.196547031402588
2025-07-15,05:43:53.1,0.0,1.7282100915908813,1.7270054817199707
2025-07-15,05:43:53.4,-0.040901895612478256,0.07482028007507324,0.018515124917030334
2025-07-15,05:43:53.4,0.563082754611969,1.6497057676315308,-1.8940330743789673
2025-07-15,05:43:53.7,-0.040901895612478256,0.0748203918337822,0.018514687195420265
2025-07-15,05:43:53.7,-3.2380666732788086,0.7706449031829834,-2.4697728157043457
2025-07-15,05:43:53.7,-0.29994723200798035,0.4179225564002991,2.3437888622283936
2025-07-15,05:43:53.7,0.9748284816741943,2.1926395893096924,0.003761042607948184
2025-07-15,05:43:54.1,-0.040901895612478256,0.07481934875249863,0.018518900498747826
2025-07-15,05:43:54.1,-3.2380666732788086,1.3250826597213745,-2.2221221923828125
2025-07-15,05:43:54.1,-0.22496041655540466,0.5698779821395874,2.3200442790985107
2025-07-15,05:43:54.4,-0.040901895612478256,0.07482113689184189,0.01851167157292366
2025-07-15,05:43:54.4,-0.07498680800199509,1.0878520011901855,2.137505292892456
2025-07-15,05:43:54.7,-0.040901895612478256,0.07482029497623444,0.018515072762966156
2025-07-15,05:43:55.1,-0.040901895612478256,0.07482113689184189,0.01851167157292366
2025-07-15,05:43:55.1,-0.14997361600399017,1.2592260837554932,2.0371134281158447
2025-07-15,05:43:55.1,0.15270040929317474,0.624238133430481,-2.3571736812591553
2025-07-15,05:43:55.4,-0.040901895612478256,0.0748211145401001,0.018511755391955376
2025-07-15,05:43:55.4,0.0,0.2559031546115875,2.3858933448791504
2025-07-15,05:43:55.4,-0.1472468227148056,0.6052269339561462,2.2721168994903564
2025-07-15,05:43:55.4,-3.108543872833252,0.55816251039505,-2.684056043624878
2025-07-15,05:43:55.7,-0.040901895612478256,0.07482025027275085,0.018515270203351974
2025-07-15,05:43:55.7,0.22905060648918152,1.0036652088165283,-2.2157280445098877
2025-07-15,05:43:56.1,-0.040901895612478256,0.0748201534152031,0.01851566508412361
2025-07-15,05:43:56.1,-0.2208702266216278,0.37615659832954407,2.3152146339416504
2025-07-15,05:43:56.4,-0.040901895612478256,0.0748201534152031,0.01851566508412361
2025-07-15,05:43:56.4,-0.2208702266216278,1.1602578163146973,2.0385079383850098
2025-07-15,05:43:56.4,-1.1043511629104614,2.0617222785949707,-0.28320732712745667
2025-07-15,05:43:56.7,-0.040901895612478256,0.07481927424669266,0.018519192934036255
2025-07-15,05:43:56.7,-0.0736234113574028,1.542562484741211,1.7792069911956787
2025-07-15,05:43:56.7,1.1779745817184448,1.9720110893249512,-0.5234928131103516
2025-07-15,05:43:57.1,-0.040901895612478256,0.07482101768255234,0.018512150272727013
2025-07-15,05:43:57.1,-0.2208702266216278,0.48754581809043884,-2.2943434715270996
2025-07-15,05:43:57.1,-0.07498680800199509,0.6423009037971497,2.310800790786743
2025-07-15,05:43:57.4,-0.040901895612478256,0.07481831312179565,0.01852310262620449
2025-07-15,05:43:57.4,-0.1472468227148056,0.8250389695167542,2.20184588432312
2025-07-15,05:43:57.8,-0.040901895612478256,0.07482016831636429,0.01851559244096279
2025-07-15,05:43:58.1,-0.040901895612478256,0.07481846213340759,0.01852249912917614
2025-07-15,05:43:58.1,3.3321409225463867,2.157055139541626,1.0309921503067017
2025-07-15,05:43:58.4,-0.040901895612478256,0.07481563091278076,0.01853393204510212
2025-07-15,05:43:58.4,0.0,1.556998610496521,1.7681210041046143
2025-07-15,05:43:58.4,0.9571043252944946,2.1279218196868896,0.3261851966381073
2025-07-15,05:43:58.4,0.07635020464658737,0.6677510142326355,2.3489439487457275
2025-07-15,05:43:58.4,-0.8398522734642029,2.284710168838501,-0.20977520942687988
2025-07-15,05:43:58.7,-0.040901895612478256,0.07481303811073303,0.0185443963855505
2025-07-15,05:43:58.7,1.04981529712677,2.1575465202331543,-0.029221773147583008
2025-07-15,05:43:59.1,-0.040901895612478256,0.0748182088136673,0.018523499369621277
2025-07-15,05:43:59.1,0.0,0.8063538670539856,2.2600369453430176
2025-07-15,05:43:59.4,-0.040901895612478256,0.07481743395328522,0.018526650965213776
2025-07-15,05:43:59.4,-0.22496041655540466,0.6015775799751282,2.3120274543762207
2025-07-15,05:43:59.7,-0.040901895612478256,0.07481737434864044,0.018526878207921982
2025-07-15,05:43:59.7,-0.7362341284751892,1.7539840936660767,-1.3899624347686768
2025-07-15,05:44:00.1,-0.040901895612478256,0.0748181864619255,0.018523601815104485
2025-07-15,05:44:00.4,-0.040901895612478256,0.07481464743614197,0.018537884578108788
2025-07-15,05:44:00.4,-3.075822353363037,0.35207346081733704,-2.689675807952881
2025-07-15,05:44:00.7,-0.040901895612478256,0.07481647282838821,0.01853051967918873
2025-07-15,05:44:00.7,0.0,0.701899528503418,2.294626474380493
2025-07-15,05:44:01.1,-0.040901895612478256,0.0748181864619255,0.018523601815104485
2025-07-15,05:44:01.1,0.22905060648918152,0.8159441351890564,-2.2915124893188477
2025-07-15,05:44:01.4,-0.040901895612478256,0.07481729239225388,0.018527202308177948
2025-07-15,05:44:01.4,-0.4417404532432556,1.1483993530273438,2.0091145038604736
2025-07-15,05:44:01.4,0.15542720258235931,0.15411752462387085,2.4771838188171387
2025-07-15,05:44:01.7,-0.040901895612478256,0.07481561601161957,0.018533973023295403
2025-07-15,05:44:01.7,-3.203981637954712,1.0311055183410645,-2.3431427478790283
2025-07-15,05:44:01.7,-0.2208702266216278,1.8924927711486816,1.385707139968872
2025-07-15,05:44:01.7,-1.1779745817184448,1.9666929244995117,-0.5431309342384338
2025-07-15,05:44:01.7,0.3953849971294403,1.119624137878418,-2.2345829010009766
2025-07-15,05:44:01.7,-1.0280009508132935,2.3021962642669678,0.2153010219335556
2025-07-15,05:44:02.1,-0.040901895612478256,0.07481381297111511,0.018541274592280388
2025-07-15,05:44:02.1,0.23723098635673523,0.6793766617774963,2.425987720489502
2025-07-15,05:44:02.1,-0.2208702266216278,0.5108821988105774,-2.289260149002075
2025-07-15,05:44:02.1,3.6770803928375244,1.4884642362594604,0.8524079918861389
2025-07-15,05:44:02.4,-0.040901895612478256,0.07481201738119125,0.01854848302900791
2025-07-15,05:44:02.4,-0.2208702266216278,1.3901804685592651,-1.8892091512680054
2025-07-15,05:44:02.4,-0.29994723200798035,0.694913923740387,2.2770814895629883
2025-07-15,05:44:02.4,-3.1698968410491943,0.9038498997688293,-2.365978479385376
2025-07-15,05:44:02.4,3.5502843856811523,0.9575339555740356,1.715125322341919
2025-07-15,05:44:02.7,-0.040901895612478256,0.07481376826763153,0.01854144223034382
2025-07-15,05:44:02.7,-0.2944936454296112,0.9606446623802185,-2.130946159362793
2025-07-15,05:44:02.7,-3.1698968410491943,1.8901225328445435,-1.6858930587768555
2025-07-15,05:44:03.1,-0.040901895612478256,0.07481375336647034,0.018541494384407997
2025-07-15,05:44:03.1,-0.515363872051239,0.9286734461784363,2.1029651165008545
2025-07-15,05:44:03.1,3.8038761615753174,0.9671371579170227,-1.0286967754364014
2025-07-15,05:44:03.4,-0.040901895612478256,0.07481458783149719,0.018538134172558784
2025-07-15,05:44:03.4,-0.505820095539093,1.024795413017273,-2.0101656913757324
2025-07-15,05:44:03.4,0.7226001620292664,2.196455717086792,-0.01602700911462307
2025-07-15,05:44:03.4,3.761611223220825,0.9533233046531677,-0.1370484083890915
2025-07-15,05:44:03.4,-0.07498680800199509,1.055748701095581,2.1535425186157227
2025-07-15,05:44:03.4,1.274775743484497,1.9528151750564575,-0.5651840567588806
2025-07-15,05:44:03.7,-0.040901895612478256,0.07481365650892258,0.01854189857840538
2025-07-15,05:44:03.7,-0.4335600733757019,0.37225738167762756,2.2405972480773926
2025-07-15,05:44:03.7,3.6402688026428223,1.3151720762252808,-0.30998700857162476
2025-07-15,05:44:04.1,-0.040901895612478256,0.07481373101472855,0.01854158751666546
2025-07-15,05:44:04.1,-0.0736234113574028,0.6154997944831848,-2.272935628890991
2025-07-15,05:44:04.1,-0.7362341284751892,1.855664849281311,1.2509851455688477
2025-07-15,05:44:04.4,-0.040901895612478256,0.07481556385755539,0.018534181639552116
2025-07-15,05:44:04.4,-0.403565376996994,1.5308195352554321,0.31554195284843445
2025-07-15,05:44:04.4,-0.09543775767087936,1.2413593530654907,-0.88411545753479
2025-07-15,05:44:04.4,-6.222541809082031,3.3719403743743896,0.6950446963310242
2025-07-15,05:44:04.4,-0.5671729445457458,1.1718552112579346,-0.5041981339454651
2025-07-15,05:44:04.4,0.08725737780332565,1.3477028608322144,-0.35387641191482544
2025-07-15,05:44:04.4,-0.5140004754066467,0.7950599789619446,-0.8393420577049255
2025-07-15,05:44:04.4,-1.107077956199646,0.5387837886810303,0.2913801372051239
2025-07-15,05:44:04.4,-0.9898259043693542,0.7236880660057068,-0.7545799612998962
2025-07-15,05:44:04.4,0.4499208629131317,1.1029607057571411,-0.8086530566215515
2025-07-15,05:44:04.4,0.8153111338615417,0.5873857140541077,-0.5262949466705322
2025-07-15,05:44:04.4,-0.20450946688652039,1.0592914819717407,0.16044099628925323
2025-07-15,05:44:04.7,-0.040901895612478256,0.07481822371482849,0.0185234472155571
2025-07-15,05:44:04.7,-0.6544303297996521,1.4622403383255005,0.6921806931495667
2025-07-15,05:44:04.7,-0.05453586205840111,0.22707808017730713,-1.7294511795043945
2025-07-15,05:44:04.7,-0.4949129521846771,1.2051485776901245,-0.6128204464912415
2025-07-15,05:44:04.7,0.13497625291347504,1.1507714986801147,-0.8546211123466492
2025-07-15,05:44:04.7,-6.365698337554932,2.938425064086914,0.4280167520046234
2025-07-15,05:44:04.7,-0.6762446761131287,0.8966806530952454,-0.7535810470581055
2025-07-15,05:44:04.7,-0.6326159834861755,0.9037789702415466,-0.6195099353790283
2025-07-15,05:44:04.7,-0.1840585321187973,1.1491665840148926,-0.18210643529891968
2025-07-15,05:44:05.1,-0.040901895612478256,0.07481624186038971,0.01853145658969879
2025-07-15,05:44:05.1,-0.46628162264823914,1.50548255443573,0.5144935250282288
2025-07-15,05:44:05.1,0.20723627507686615,1.4677823781967163,-0.742474377155304
2025-07-15,05:44:05.1,-0.5889872908592224,1.3245527744293213,0.604600191116333
2025-07-15,05:44:05.1,0.0,1.5217053890228271,-0.3889731466770172
2025-07-15,05:44:05.1,0.04499208554625511,1.2230280637741089,-0.7583197951316833
2025-07-15,05:44:05.1,-0.7362341284751892,0.5157815217971802,-0.9513384699821472
2025-07-15,05:44:05.1,-6.720181465148926,1.6961992979049683,0.2889736294746399
2025-07-15,05:44:05.1,-0.4049287736415863,0.6938467025756836,-0.8615298271179199
2025-07-15,05:44:05.1,-0.5671729445457458,0.4197946786880493,-0.8881598114967346
2025-07-15,05:44:05.1,0.2481381595134735,0.6988932490348816,-0.8583217263221741
2025-07-15,05:44:05.4,-0.040901895612478256,0.07481464743614197,0.01853790506720543
2025-07-15,05:44:05.4,1.9182988405227661,4.461634635925293,-7.301762104034424
2025-07-15,05:44:05.4,4.93276834487915,6.923470973968506,2.152935743331909
2025-07-15,05:44:05.4,-0.34357592463493347,1.3269706964492798,0.7668062448501587
2025-07-15,05:44:05.4,0.10634493082761765,1.6651161909103394,-0.33353477716445923
2025-07-15,05:44:05.4,-0.6380695700645447,0.8090208768844604,1.3540749549865723
2025-07-15,05:44:05.4,-0.38175103068351746,0.8427442312240601,-0.7977235913276672
2025-07-15,05:44:05.4,0.38175103068351746,1.0422123670578003,0.5102685689926147
2025-07-15,05:44:05.4,-6.593385696411133,1.6671549081802368,0.2655637562274933
2025-07-15,05:44:05.4,0.1472468227148056,0.9611894488334656,0.6648739576339722
2025-07-15,05:44:05.4,-0.2944936454296112,0.9533918499946594,-0.6260523200035095
2025-07-15,05:44:05.4,-0.7771360278129578,0.1532413810491562,-1.0419658422470093
2025-07-15,05:44:05.4,0.3681170642375946,0.4377824664115906,-1.1772648096084595
2025-07-15,05:44:05.7,-0.040901895612478256,0.07481367141008377,0.01854182593524456
2025-07-15,05:44:05.7,-0.629889190196991,1.4689297676086426,0.896210253238678
2025-07-15,05:44:05.7,0.805767297744751,3.6839358806610107,-7.723394870758057
2025-07-15,05:44:05.7,4.028836727142334,7.326428413391113,1.9908288717269897
2025-07-15,05:44:05.7,-0.5399050116539001,1.2376768589019775,0.8022131323814392
2025-07-15,05:44:05.7,1.9182988405227661,3.5438241958618164,-7.788660049438477
2025-07-15,05:44:05.7,4.93276834487915,6.992696762084961,1.9161878824234009
2025-07-15,05:44:05.7,-0.4349234998226166,0.8339856266975403,-0.8462396264076233
2025-07-15,05:44:05.7,-0.14179323613643646,0.804282546043396,0.7872514128684998
2025-07-15,05:44:06.1,-0.040901895612478256,0.0748109221458435,0.018552904948592186
2025-07-15,05:44:06.1,-0.0927109643816948,1.232719898223877,-0.8198835849761963
2025-07-15,05:44:06.1,-6.271623611450195,5.0003981590271,0.3261519968509674
2025-07-15,05:44:06.1,-0.4908227324485779,1.0771087408065796,-0.5586108565330505
2025-07-15,05:44:06.1,-6.339794158935547,2.343766927719116,0.21083955466747284
2025-07-15,05:44:06.1,-0.648976743221283,0.6041231751441956,-0.8403445482254028
2025-07-15,05:44:06.1,-0.6380695700645447,0.10325070470571518,-0.9321733117103577
2025-07-15,05:44:06.1,0.035448309034109116,0.12997548282146454,1.1263171434402466
2025-07-15,05:44:06.4,-0.040901895612478256,0.07481004297733307,0.01855645142495632
2025-07-15,05:44:06.4,-0.42946991324424744,1.2538528442382812,-0.7583865523338318
2025-07-15,05:44:06.4,0.524907648563385,1.3302289247512817,0.5354482531547546
2025-07-15,05:44:06.4,-0.05180906876921654,1.3432204723358154,-0.9703992605209351
2025-07-15,05:44:06.4,-0.6339793801307678,1.0308809280395508,-0.6038064360618591
2025-07-15,05:44:06.4,-0.08453058451414108,0.8165484666824341,-1.074863076210022
2025-07-15,05:44:06.4,-0.3244883716106415,1.3728715181350708,-0.4586213529109955
2025-07-15,05:44:06.4,-0.8807541728019714,1.0975816249847412,0.4690302610397339
2025-07-15,05:44:06.4,0.35584649443626404,0.163299098610878,0.029784906655550003
2025-07-15,05:44:06.4,-0.7116929888725281,0.877020537853241,-0.5702104568481445
2025-07-15,05:44:06.8,-0.040901895612478256,0.07481084018945694,0.01855325885117054
2025-07-15,05:44:06.8,-0.0463554821908474,1.2389980554580688,-0.8143326640129089
2025-07-15,05:44:06.8,0.46491822600364685,1.2396502494812012,-0.27630725502967834
2025-07-15,05:44:06.8,-0.211326465010643,1.2791706323623657,-0.38508573174476624
2025-07-15,05:44:06.8,-4.022019863128662,3.1374809741973877,0.6952565908432007
2025-07-15,05:44:06.8,-6.557937145233154,4.467514514923096,1.4767429828643799
2025-07-15,05:44:06.8,0.496276319026947,0.8390792012214661,-0.7361864447593689
2025-07-15,05:44:06.8,-0.572626531124115,1.0119537115097046,-0.37465083599090576
2025-07-15,05:44:07.1,-0.040901895612478256,0.0748109221458435,0.018552914261817932
2025-07-15,05:44:07.1,-3.4466664791107178,5.785949230194092,1.4701440334320068
2025-07-15,05:44:07.1,-0.04771887883543968,0.9589061141014099,-1.187418818473816
2025-07-15,05:44:07.1,-4.0765557289123535,2.9191973209381104,0.18240220844745636
2025-07-15,05:44:07.1,-4.218348979949951,3.026277780532837,-0.04589483514428139
2025-07-15,05:44:07.1,0.43628689646720886,1.2124814987182617,-0.5372968912124634
2025-07-15,05:44:07.1,-0.08725737780332565,1.0989665985107422,-0.8566235899925232
2025-07-15,05:44:07.1,-4.041107177734375,2.8024954795837402,0.7435525059700012
2025-07-15,05:44:07.1,-3.7956957817077637,3.3113861083984375,0.4903121292591095
2025-07-15,05:44:07.1,-6.237539291381836,4.610063076019287,1.893537998199463
2025-07-15,05:44:07.1,-0.31903478503227234,0.6286537051200867,-0.8886798620223999
2025-07-15,05:44:07.1,0.2835864722728729,1.095394492149353,-0.08018788695335388
2025-07-15,05:44:07.1,0.06544303148984909,0.22820214927196503,1.0198211669921875
2025-07-15,05:44:07.4,-0.040901895612478256,0.07481454312801361,0.01853831112384796
2025-07-15,05:44:07.4,-0.25359174609184265,1.1162346601486206,-0.7203740477561951
2025-07-15,05:44:07.4,0.25359174609184265,1.201647400856018,-0.5665354132652283
2025-07-15,05:44:07.4,-3.190347909927368,5.84615421295166,1.4024358987808228
2025-07-15,05:44:07.4,-4.005659103393555,2.872814655303955,0.08331625163555145
2025-07-15,05:44:07.4,0.5317246317863464,0.9756351709365845,0.22835402190685272
2025-07-15,05:44:07.4,0.553538978099823,0.7298768162727356,-0.872746467590332
2025-07-15,05:44:07.4,-0.7512314915657043,0.6486712694168091,-0.7846584320068359
2025-07-15,05:44:07.4,-0.7771360278129578,0.8316842913627625,-0.646124541759491
2025-07-15,05:44:07.4,-3.6061837673187256,3.317413806915283,1.0786542892456055
2025-07-15,05:44:07.4,-3.4180350303649902,3.031649351119995,1.3195364475250244
2025-07-15,05:44:07.4,-0.12543247640132904,0.4537428319454193,0.8861804008483887
2025-07-15,05:44:07.7,-0.040901895612478256,0.0748119130730629,0.018548909574747086
2025-07-15,05:44:07.7,-0.19632910192012787,1.542618751525879,0.22061167657375336
2025-07-15,05:44:07.7,-3.7793352603912354,2.220869302749634,-5.09184455871582
2025-07-15,05:44:07.7,-1.259778380393982,6.3728108406066895,1.7154463529586792
2025-07-15,05:44:07.7,0.32721516489982605,0.5435789823532104,-1.1448005437850952
2025-07-15,05:44:07.7,-0.40901896357536316,0.877007782459259,0.8812927603721619
2025-07-15,05:44:07.7,-0.479915589094162,1.251784086227417,0.3896962106227875
2025-07-15,05:44:07.7,0.8289451003074646,0.6786110401153564,0.8952556252479553
2025-07-15,05:44:07.7,-3.919764995574951,3.1197590827941895,0.2753835916519165
2025-07-15,05:44:07.7,0.45810121297836304,1.0023971796035767,-0.526932418346405
2025-07-15,05:44:07.7,-0.572626531124115,0.9133747220039368,-0.57459557056427
2025-07-15,05:44:07.7,-3.697531223297119,3.099106550216675,1.0144518613815308
2025-07-15,05:44:07.7,-5.644461631774902,5.133779048919678,1.8591804504394531
2025-07-15,05:44:07.7,-0.2944936454296112,0.24563677608966827,-0.9743358492851257
2025-07-15,05:44:07.7,0.0,0.8371386528015137,0.628961980342865
2025-07-15,05:44:07.7,-0.18814870715141296,0.6060454249382019,0.77732914686203
2025-07-15,05:44:08.1,-0.040901895612478256,0.0748118981719017,0.0185489933937788
2025-07-15,05:44:08.1,-3.705711841583252,3.0264158248901367,-4.528725624084473
2025-07-15,05:44:08.1,-1.2352372407913208,6.205204963684082,1.83588445186615
2025-07-15,05:44:08.1,0.24541136622428894,0.9767213463783264,-0.8360053300857544
2025-07-15,05:44:08.1,-0.20450948178768158,1.214211344718933,-0.443827360868454
2025-07-15,05:44:08.1,0.1472468227148056,1.067184329032898,-0.47650808095932007
2025-07-15,05:44:08.1,-3.5666451454162598,2.953645944595337,1.0816911458969116
2025-07-15,05:44:08.1,-5.581745624542236,5.158478736877441,1.5948421955108643
2025-07-15,05:44:08.1,-0.45810121297836304,0.8741618394851685,-0.7199298143386841
2025-07-15,05:44:08.1,0.19087551534175873,1.153828740119934,-0.3529312312602997
2025-07-15,05:44:08.1,-3.697531223297119,3.113071918487549,0.970751166343689
2025-07-15,05:44:08.1,-3.17944073677063,2.766179323196411,1.9043930768966675
2025-07-15,05:44:08.1,0.39265817403793335,0.6782994270324707,0.694351315498352
2025-07-15,05:44:09.7,-0.040901895612478256,0.07481101900339127,0.018552519381046295
2025-07-15,05:44:09.7,-3.8338711261749268,2.245500087738037,-4.685360908508301
2025-07-15,05:44:09.7,-1.614261507987976,5.966101169586182,1.8690217733383179
2025-07-15,05:44:09.7,0.2958570420742035,0.669095516204834,1.1375443935394287
2025-07-15,05:44:09.7,0.8030405640602112,0.7344281673431396,-0.8030993938446045
2025-07-15,05:44:09.7,-3.533923625946045,3.001234531402588,0.840214729309082
2025-07-15,05:44:09.7,-3.4807512760162354,3.3041980266571045,0.6474618911743164
2025-07-15,05:44:09.7,-5.9989447593688965,4.443886756896973,1.796159267425537
2025-07-15,05:44:09.7,-3.1494460105895996,3.1421642303466797,1.0924594402313232
2025-07-15,05:44:09.7,-2.79768967628479,4.009288787841797,0.9142945408821106
2025-07-15,05:44:09.7,-0.040901895612478256,0.07481095939874649,0.018552759662270546
2025-07-15,05:44:09.7,-1.5815399885177612,5.974181175231934,1.3521039485931396
2025-07-15,05:44:09.7,-0.3244883716106415,1.0886789560317993,-0.9538805484771729
2025-07-15,05:44:09.7,-0.15815399587154388,1.216739535331726,-0.308778315782547
2025-07-15,05:44:09.7,0.19769249856472015,0.7978113889694214,-0.961887001991272
2025-07-15,05:44:09.7,-2.949026584625244,3.2489655017852783,0.9702046513557434
2025-07-15,05:44:09.7,-3.647085666656494,2.8528919219970703,0.5937299132347107
2025-07-15,05:44:09.7,-5.930775165557861,4.470630645751953,1.57117760181427
2025-07-15,05:44:10.4,-0.040901895612478256,0.07480894029140472,0.018560893833637238
2025-07-15,05:44:10.4,-2.8890373706817627,6.107629299163818,2.2188801765441895
2025-07-15,05:44:10.4,0.4908227324485779,1.0835498571395874,-0.5460118651390076
2025-07-15,05:44:10.4,-0.3681170642375946,1.0093871355056763,-0.7474914789199829
2025-07-15,05:44:10.4,0.37493404746055603,0.3615076243877411,-0.9583322405815125
2025-07-15,05:44:10.4,-0.20450946688652039,0.3475104868412018,-1.0134477615356445
2025-07-15,05:44:10.7,-0.040901895612478256,0.07480538636445999,0.018575217574834824
2025-07-15,05:44:10.7,-0.0463554821908474,1.3965619802474976,0.4978639781475067
2025-07-15,05:44:10.7,0.648976743221283,0.9541487097740173,-0.9321116805076599
2025-07-15,05:44:10.7,-0.983008861541748,4.197305202484131,1.2689191102981567
2025-07-15,05:44:10.7,-3.490295171737671,5.961705207824707,1.0022728443145752
2025-07-15,05:44:10.7,0.5140004754066467,0.8596587777137756,-0.7730473279953003
2025-07-15,05:44:10.7,-0.17042456567287445,0.4965939223766327,-0.9560407996177673
2025-07-15,05:44:10.7,0.5453585982322693,0.8800453543663025,0.3431737720966339
2025-07-15,05:44:10.7,0.09816454350948334,0.59022456407547,-0.8592979311943054
2025-07-15,05:44:11.1,-0.040901895612478256,0.07480549067258835,0.018574800342321396
2025-07-15,05:44:11.1,-0.13497625291347504,1.270022988319397,0.6646005511283875
2025-07-15,05:44:11.1,1.0798100233078003,0.7847437262535095,0.5394982695579529
2025-07-15,05:44:11.1,-0.992552638053894,4.370243072509766,0.7096931338310242
2025-07-15,05:44:11.1,3.731616258621216,2.6207962036132812,-5.3428568840026855
2025-07-15,05:44:11.1,1.0034598112106323,0.7768176198005676,0.582038164138794
2025-07-15,05:44:11.1,-0.21814344823360443,1.3258305788040161,0.3791205585002899
2025-07-15,05:44:11.1,0.41992613673210144,0.6991102695465088,-0.9095171689987183
2025-07-15,05:44:11.1,-5.169999599456787,4.555418491363525,0.19315382838249207
2025-07-15,05:44:11.1,-0.515363872051239,0.44001734256744385,-0.9635398387908936
2025-07-15,05:44:11.1,0.09816454350948334,0.365763396024704,-0.9762044548988342
2025-07-15,05:44:11.4,-0.040901895612478256,0.07480362057685852,0.018582351505756378
2025-07-15,05:44:11.4,-0.29176685214042664,3.330578327178955,-3.2580456733703613
2025-07-15,05:44:11.4,-2.042367935180664,3.872243881225586,1.6208645105361938
2025-07-15,05:44:11.4,-0.15542720258235931,2.495389461517334,-4.299566268920898
2025-07-15,05:44:11.4,-2.0205535888671875,4.466166019439697,0.8415002226829529
2025-07-15,05:44:11.4,0.26177212595939636,1.15504789352417,-0.7392463684082031
2025-07-15,05:44:11.4,-0.49082276225090027,1.3728286027908325,-0.5842277407646179
2025-07-15,05:44:11.4,0.09816455096006393,1.411082148551941,0.6827139854431152
2025-07-15,05:44:11.4,-4.619187355041504,4.746284008026123,1.1306707859039307
2025-07-15,05:44:11.4,0.6339793801307678,1.1443895101547241,-0.34303081035614014
2025-07-15,05:44:11.4,-0.211326465010643,1.1775072813034058,-0.6309082508087158
2025-07-15,05:44:11.4,-5.317246437072754,4.241683483123779,0.2401588410139084
2025-07-15,05:44:11.4,0.38175103068351746,0.368966668844223,-1.100201964378357
2025-07-15,05:44:11.4,-0.22905060648918152,0.8444024920463562,-0.8525460958480835
2025-07-15,05:44:11.4,-4.537383556365967,3.2292628288269043,0.41272568702697754
2025-07-15,05:44:11.4,-0.20450946688652039,0.24682678282260895,1.0425528287887573
2025-07-15,05:44:11.4,0.09816454350948334,0.5478062033653259,-0.8869421482086182
2025-07-15,05:44:11.4,-0.19632908701896667,0.7884178757667542,0.660489559173584
2025-07-15,05:44:11.7,-0.040901895612478256,0.07480720430612564,0.018567893654108047
2025-07-15,05:44:11.7,-0.6326159834861755,4.981749057769775,0.6284601092338562
2025-07-15,05:44:11.7,-2.1977951526641846,1.5729020833969116,-0.11218398809432983
2025-07-15,05:44:11.7,0.0,1.4396350383758545,-1.2028937339782715
2025-07-15,05:44:11.7,0.0,2.604712963104248,-3.97875714302063
2025-07-15,05:44:11.7,-1.7833225727081299,4.356472969055176,0.6752350330352783
2025-07-15,05:44:11.7,0.0,1.0054776668548584,-1.2628756761550903
2025-07-15,05:44:11.7,0.08998417109251022,1.1982154846191406,-0.7931288480758667
2025-07-15,05:44:11.7,-5.249076843261719,4.08886194229126,0.9332305192947388
2025-07-15,05:44:11.7,0.591714084148407,0.9675791263580322,-0.7368124127388
2025-07-15,05:44:11.7,0.3313053548336029,0.24439293146133423,1.1036906242370605
2025-07-15,05:44:11.7,-0.8098575472831726,0.5582864880561829,0.6481289267539978
2025-07-15,05:44:11.7,-0.553538978099823,0.7987927794456482,-0.8101460337638855
2025-07-15,05:44:12.1,-0.040901895612478256,0.07480543106794357,0.018575040623545647
2025-07-15,05:44:12.1,-2.1746175289154053,0.9987633228302002,0.17743746936321259
2025-07-15,05:44:12.1,-2.4663844108581543,1.5689139366149902,-0.010019714012742043
2025-07-15,05:44:12.1,-2.214155912399292,1.216010570526123,-0.14859335124492645
2025-07-15,05:44:12.1,-2.304140090942383,1.6358193159103394,-0.23908786475658417
2025-07-15,05:44:12.1,-0.6380695700645447,4.9993133544921875,0.8100810647010803
2025-07-15,05:44:12.1,0.0,1.4347926378250122,-1.1397711038589478
2025-07-15,05:44:12.1,-0.15270040929317474,3.1628503799438477,-3.721571445465088
2025-07-15,05:44:12.1,-1.985105276107788,4.344638347625732,1.0298091173171997
2025-07-15,05:44:12.1,0.21814344823360443,1.3582700490951538,-0.2380363792181015
2025-07-15,05:44:12.1,0.7416877150535583,1.0426870584487915,-0.558434009552002
2025-07-15,05:44:12.1,0.5099102854728699,0.9919666051864624,-0.9779552221298218
2025-07-15,05:44:12.1,-0.788043200969696,0.9887049198150635,-0.7757920026779175
2025-07-15,05:44:12.1,0.6135284304618835,0.623246431350708,-0.9737879037857056
2025-07-15,05:44:12.1,-0.4908227324485779,0.8105194568634033,-0.9029216170310974
2025-07-15,05:44:12.4,-0.040901895612478256,0.07480812817811966,0.01856417953968048
2025-07-15,05:44:12.4,-2.0982673168182373,1.3318750858306885,0.08793503046035767
2025-07-15,05:44:12.4,-2.3191375732421875,1.4134031534194946,-0.42277058959007263
2025-07-15,05:44:12.4,-2.1718907356262207,1.361791968345642,-0.23316557705402374
2025-07-15,05:44:12.4,-0.8180379271507263,5.1641845703125,-0.2680920362472534
2025-07-15,05:44:12.4,-0.10634493082761765,1.415236473083496,-0.9385963082313538
2025-07-15,05:44:12.4,0.0,1.3953291177749634,-0.6203210949897766
2025-07-15,05:44:12.4,-0.524907648563385,1.3886290788650513,-0.35766324400901794
2025-07-15,05:44:12.4,-0.15815399587154388,3.1541483402252197,-3.9546587467193604
2025-07-15,05:44:12.4,-2.056001901626587,4.454431056976318,1.2425336837768555
2025-07-15,05:44:12.4,-4.940948963165283,4.2964186668396,0.7270891070365906
2025-07-15,05:44:12.4,-0.17724154889583588,0.9570988416671753,-0.582484245300293
2025-07-15,05:44:12.4,0.5317246317863464,0.9745973944664001,-0.23274311423301697
2025-07-15,05:44:12.4,0.4349234998226166,0.5417773723602295,-1.0574170351028442
2025-07-15,05:44:12.4,-0.31630799174308777,0.8867047429084778,-0.84529048204422
2025-07-15,05:44:12.4,-0.6762446761131287,0.6370120048522949,-0.9829223155975342
2025-07-15,05:44:12.4,0.5071834921836853,0.4679204523563385,-1.1632037162780762
2025-07-15,05:44:12.4,0.06816982477903366,0.568290114402771,0.9284735918045044
2025-07-15,05:44:12.7,-0.040901895612478256,0.07481177896261215,0.018549472093582153
2025-07-15,05:44:12.7,-2.056001901626587,1.4668723344802856,0.15617182850837708
2025-07-15,05:44:12.7,-2.0791797637939453,1.433704137802124,0.8392184972763062
2025-07-15,05:44:12.7,-2.3518590927124023,1.8509148359298706,0.3244342505931854
2025-07-15,05:44:12.7,0.807130753993988,1.1170439720153809,-0.84059077501297
2025-07-15,05:44:12.7,0.15133701264858246,1.2950856685638428,0.9516776204109192
2025-07-15,05:44:12.7,0.34357592463493347,0.8031887412071228,-0.8539075255393982
2025-07-15,05:44:12.7,-0.15270040929317474,1.1060234308242798,-0.49569064378738403
2025-07-15,05:44:12.7,0.40901896357536316,1.006530523300171,-0.7298739552497864
2025-07-15,05:44:12.7,-0.6135284304618835,0.5209141969680786,-1.0321567058563232
2025-07-15,05:44:12.7,-0.07089661806821823,0.4268498420715332,-1.048576831817627
2025-07-15,05:44:12.7,0.8507593870162964,0.5689656138420105,-0.48910847306251526
2025-07-15,05:44:12.7,-0.15951739251613617,3.350245714187622,-3.8479743003845215
2025-07-15,05:44:12.7,-1.9142086505889893,4.518592357635498,1.4052139520645142
2025-07-15,05:44:12.7,-0.03408491238951683,0.40274545550346375,1.0130637884140015
2025-07-15,05:44:12.7,0.0,0.2862416207790375,0.9617677927017212
2025-07-15,05:44:13.1,-0.040901895612478256,0.07480641454458237,0.018571097403764725
2025-07-15,05:44:13.1,-0.33539554476737976,1.6300690174102783,0.6558243036270142
2025-07-15,05:44:13.1,0.5030933022499084,1.5103180408477783,-0.8158169388771057
2025-07-15,05:44:13.1,-0.7076027989387512,7.507932186126709,-0.3146107792854309
2025-07-15,05:44:13.1,0.2590453326702118,1.3194118738174438,0.9698699712753296
2025-07-15,05:44:13.1,-0.31085440516471863,1.0310847759246826,1.2604894638061523
2025-07-15,05:44:13.1,-1.030727744102478,3.516611099243164,-0.0433313325047493
2025-07-15,05:44:13.1,-0.9543775320053101,4.218306541442871,0.5741757750511169
2025-07-15,05:44:13.1,0.788043200969696,0.4241642355918884,-1.1829942464828491
2025-07-15,05:44:13.1,0.23177741467952728,1.2385832071304321,0.7826836705207825
2025-07-15,05:44:13.1,-1.1043511629104614,3.6654746532440186,0.8733559846878052
2025-07-15,05:44:13.1,-1.1534334421157837,3.8308897018432617,0.9015924334526062
2025-07-15,05:44:13.1,-1.0579956769943237,4.0638861656188965,0.5245514512062073
2025-07-15,05:44:13.1,0.5494487881660461,0.934211790561676,-0.8090623021125793
2025-07-15,05:44:13.1,-0.08453058451414108,1.3483463525772095,0.0635952278971672
2025-07-15,05:44:13.1,-4.362868785858154,3.4167513847351074,0.6910243630409241
2025-07-15,05:44:13.1,-4.286518573760986,3.7175815105438232,0.6860528588294983
2025-07-15,05:44:13.1,-0.45810121297836304,0.5490431785583496,-0.9904592037200928
2025-07-15,05:44:13.1,0.11452530324459076,1.09333336353302,-0.5327481627464294
2025-07-15,05:44:13.1,0.0,4.618310928344727,-5.578800678253174
2025-07-15,05:44:13.1,-2.4895620346069336,6.613556861877441,1.5858007669448853
2025-07-15,05:44:13.4,-0.040901895612478256,0.07480810582637787,0.018564283847808838
2025-07-15,05:44:13.4,-1.2393274307250977,4.199029445648193,0.4994391202926636
2025-07-15,05:44:13.4,-0.201782688498497,1.6013134717941284,-0.030321186408400536
2025-07-15,05:44:13.4,0.35311970114707947,1.10094153881073,-1.126531958580017
2025-07-15,05:44:13.4,0.15951739251613617,1.2496567964553833,1.1437127590179443
2025-07-15,05:44:13.4,0.6380695700645447,1.016714334487915,-1.2059543132781982
2025-07-15,05:44:13.4,-0.7116929888725281,7.514218807220459,0.8119383454322815
2025-07-15,05:44:13.4,-0.3149445950984955,1.2062777280807495,-0.7201212644577026
2025-07-15,05:44:13.4,-4.294699192047119,3.28792405128479,0.9820821285247803
2025-07-15,05:44:13.4,0.0,5.400589942932129,-4.955497741699219
2025-07-15,05:44:13.4,-2.7486073970794678,6.291563510894775,2.5660696029663086
2025-07-15,05:44:13.4,-0.572626531124115,0.7530137896537781,-0.9045359492301941
2025-07-15,05:44:13.4,0.648976743221283,0.9555649757385254,-0.9306597113609314
2025-07-15,05:44:13.4,0.2672257125377655,0.44922778010368347,-1.104128360748291
2025-07-15,05:44:13.4,0.0,3.057691812515259,-7.138615131378174
2025-07-15,05:44:13.4,-2.912214994430542,7.173076152801514,0.6126096248626709
2025-07-15,05:44:13.7,-0.040901895612478256,0.07480985671281815,0.018557211384177208
2025-07-15,05:44:13.7,-1.1997889280319214,7.580376148223877,0.24506519734859467
2025-07-15,05:44:13.7,-1.2815927267074585,3.879075050354004,0.3595714271068573
2025-07-15,05:44:13.7,-1.202515721321106,4.032181262969971,0.7591606974601746
2025-07-15,05:44:13.7,-1.2515980005264282,4.270049095153809,0.061687640845775604
2025-07-15,05:44:13.7,-4.527839660644531,2.6551053524017334,1.1164979934692383
2025-07-15,05:44:13.7,-0.23177741467952728,3.779566764831543,-6.37739896774292
2025-07-15,05:44:13.7,-3.013106346130371,6.7028398513793945,1.0015976428985596
2025-07-15,05:44:13.7,0.3244883716106415,0.9989016056060791,-1.0475234985351562
2025-07-15,05:44:13.7,-0.788043200969696,0.9444858431816101,-0.8290579915046692
2025-07-15,05:44:13.7,-0.6544303297996521,0.8793840408325195,-0.7152068614959717
2025-07-15,05:44:13.7,0.035448309034109116,0.6629322171211243,0.91978520154953
2025-07-15,05:44:13.7,-0.35448309779167175,1.0539882183074951,-0.22403348982334137
2025-07-15,05:44:14.1,-0.040901895612478256,0.0748080387711525,0.018564533442258835
2025-07-15,05:44:14.1,-0.4690084159374237,1.6683881282806396,0.7183416485786438
2025-07-15,05:44:14.1,1.231147050857544,1.1067489385604858,0.8825453519821167
2025-07-15,05:44:14.1,-0.20723627507686615,1.6239222288131714,0.2617822289466858
2025-07-15,05:44:14.1,0.46628162264823914,1.359276533126831,-0.8267699480056763
2025-07-15,05:44:14.1,-0.27267929911613464,1.325724720954895,1.1016533374786377
2025-07-15,05:44:14.1,-1.595173954963684,3.5799622535705566,0.2394513636827469
2025-07-15,05:44:14.1,-1.0470885038375854,1.9826135635375977,-3.537677049636841
2025-07-15,05:44:14.1,-2.6177213191986084,3.2060070037841797,0.6413758397102356
2025-07-15,05:44:14.1,-0.7198733687400818,1.0055581331253052,-0.7372283935546875
2025-07-15,05:44:14.1,-0.4717352092266083,5.23573637008667,-5.416018962860107
2025-07-15,05:44:14.1,-3.5380141735076904,6.272940635681152,2.2586286067962646
2025-07-15,05:44:14.1,-0.22905060648918152,0.9695054888725281,-0.7070428133010864
2025-07-15,05:44:14.1,0.0,0.5254658460617065,-1.1028146743774414
2025-07-15,05:44:14.1,0.422652930021286,0.5524691343307495,-1.1599007844924927
2025-07-15,05:44:14.1,-0.7607752680778503,0.7721370458602905,-0.8088589906692505
2025-07-15,05:44:14.1,-0.35584649443626404,1.0587092638015747,-0.5944071412086487
2025-07-15,05:44:14.1,-0.03953849896788597,0.5954550504684448,-1.115653157234192
2025-07-15,05:44:14.1,-0.10225473344326019,0.5035081505775452,0.9621265530586243
2025-07-15,05:44:14.4,-0.040901895612478256,0.07480714470148087,0.018568143248558044
2025-07-15,05:44:14.4,-1.5747230052947998,4.297745227813721,-0.18789881467819214
2025-07-15,05:44:14.4,-0.201782688498497,1.4049824476242065,0.7688616514205933
2025-07-15,05:44:14.4,-0.8589398264884949,0.8563480973243713,-0.9277024269104004
2025-07-15,05:44:14.4,-1.259778380393982,1.1919748783111572,-0.8229568004608154
2025-07-15,05:44:14.4,-1.3497625589370728,1.762599229812622,-3.705026149749756
2025-07-15,05:44:14.4,-2.834501266479492,3.2159409523010254,0.5283564925193787
2025-07-15,05:44:14.4,-0.3953849971294403,0.8426365256309509,-0.8569985032081604
2025-07-15,05:44:14.4,-0.8303084969520569,0.4097881317138672,0.8622490763664246
2025-07-15,05:44:14.4,-4.908227443695068,1.7523298263549805,0.4985005855560303
2025-07-15,05:44:14.4,0.03408491238951683,0.11577826738357544,1.0840191841125488
2025-07-15,05:44:14.4,0.40901893377304077,1.0013794898986816,-0.14002396166324615
2025-07-15,05:44:14.8,-0.040901895612478256,0.07480727136135101,0.01856764405965805
2025-07-15,05:44:14.8,-0.39265820384025574,1.470633625984192,0.3872257173061371
2025-07-15,05:44:14.8,-1.2761391401290894,0.2648952901363373,-0.8764626979827881
2025-07-15,05:44:14.8,-1.6524364948272705,4.071957111358643,0.325327605009079
2025-07-15,05:44:14.8,-0.8098575472831726,0.8330170512199402,-0.8503434658050537
2025-07-15,05:44:14.8,-4.826423645019531,1.729195475578308,0.4683257043361664
2025-07-15,05:44:14.8,-1.2134228944778442,3.7020046710968018,-6.718040943145752
2025-07-15,05:44:14.8,-4.125638008117676,6.519689559936523,0.884344756603241
2025-07-15,05:44:14.8,-0.5317246317863464,0.4275672733783722,0.9061985015869141
2025-07-15,05:44:14.8,-0.035448309034109116,0.716525137424469,-0.8786783814430237
2025-07-15,05:44:14.8,-0.06816982477903366,0.6072292923927307,0.9034873843193054
2025-07-15,05:44:15.1,-0.040901895612478256,0.07480821013450623,0.018563857302069664
2025-07-15,05:44:15.1,-1.750601053237915,4.318331241607666,0.2831107974052429
2025-07-15,05:44:15.1,-1.709699273109436,4.670305252075195,0.05076930671930313
2025-07-15,05:44:15.1,-1.1234387159347534,1.7549197673797607,-3.9814536571502686
2025-07-15,05:44:15.1,-2.6681668758392334,3.5504114627838135,0.6850518584251404
2025-07-15,05:44:15.1,-0.5399050116539001,1.1761404275894165,-0.6309254169464111
2025-07-15,05:44:15.1,0.17996834218502045,1.231585144996643,-0.7236573100090027
2025-07-15,05:44:15.1,-0.9870991110801697,4.7953877449035645,-6.19590425491333
2025-07-15,05:44:15.1,-3.7016217708587646,6.875542163848877,1.1765434741973877
2025-07-15,05:44:15.1,-0.6544303297996521,0.8822076320648193,-0.7117210626602173
2025-07-15,05:44:15.1,-4.902773857116699,1.0989834070205688,0.6066591739654541
2025-07-15,05:44:15.1,-0.5889872908592224,0.44847342371940613,-0.9162912368774414
2025-07-15,05:44:15.1,0.13633964955806732,0.10106124728918076,1.0774331092834473
2025-07-15,05:44:15.4,-0.040901895612478256,0.07481002062559128,0.018556544557213783
2025-07-15,05:44:15.4,0.2944936454296112,0.10581987351179123,-0.23718370497226715
2025-07-15,05:44:15.4,-1.2229666709899902,0.9032341241836548,0.7639943361282349
2025-07-15,05:44:15.4,-0.5317246317863464,1.301822304725647,-0.9579635858535767
2025-07-15,05:44:15.4,0.22496043145656586,6.899640083312988,2.041109800338745
2025-07-15,05:44:15.4,0.6871518492698669,6.952788352966309,2.2158260345458984
2025-07-15,05:44:15.4,0.8262182474136353,8.60350227355957,1.7222048044204712
2025-07-15,05:44:15.4,1.4970093965530396,7.5868659019470215,1.9858226776123047
2025-07-15,05:44:15.4,1.7846859693527222,7.540123462677002,2.5541367530822754
2025-07-15,05:44:15.4,2.7676949501037598,8.202679634094238,1.8696789741516113
2025-07-15,05:44:15.7,-0.040901895612478256,0.07480812072753906,0.01856420189142227
2025-07-15,05:44:15.7,-5.337697505950928,3.3647825717926025,-0.4555455148220062
2025-07-15,05:44:15.7,0.5480853915214539,8.515241622924805,2.0228798389434814
2025-07-15,05:44:15.7,-0.23723098635673523,0.9255132079124451,-0.8294327855110168
2025-07-15,05:44:15.7,1.7369672060012817,7.575967788696289,1.6241776943206787
2025-07-15,05:44:15.7,-0.06816982477903366,0.2848172187805176,-1.0506645441055298
2025-07-15,05:44:16.1,-0.040901895612478256,0.07480905950069427,0.01856042444705963
2025-07-15,05:44:16.1,0.5426318049430847,8.482234954833984,1.770950198173523
2025-07-15,05:44:16.1,0.8262182474136353,8.602581024169922,1.7268010377883911
2025-07-15,05:44:16.1,-0.06816982477903366,0.21654681861400604,1.0668290853500366
2025-07-15,05:44:16.1,1.3497625589370728,6.679528713226318,2.320303201675415
2025-07-15,05:44:16.1,0.13633964955806732,0.17283190786838531,-1.0682717561721802
2025-07-15,05:44:16.1,0.5794435143470764,0.9236324429512024,0.028502218425273895
2025-07-15,05:44:16.1,2.3068668842315674,5.658073425292969,0.7122552394866943
2025-07-15,05:44:16.4,-0.040901895612478256,0.07480814307928085,0.018564118072390556
2025-07-15,05:44:16.4,0.5071834921836853,8.006288528442383,1.2224088907241821
2025-07-15,05:44:16.4,-0.5930774807929993,0.7854893803596497,-0.7950330376625061
2025-07-15,05:44:16.4,0.6462499499320984,6.415461540222168,2.4376726150512695
2025-07-15,05:44:16.4,1.1016243696212769,8.511781692504883,2.00121808052063
2025-07-15,05:44:16.4,-0.1104351133108139,0.8260785341262817,-0.83247971534729
2025-07-15,05:44:16.4,1.9523838758468628,7.141895294189453,2.4840238094329834
2025-07-15,05:44:16.4,2.9844748973846436,8.002717018127441,1.5583457946777344
2025-07-15,05:44:16.4,0.06544303148984909,0.24907705187797546,-1.0149246454238892
2025-07-15,05:44:16.7,-0.040901895612478256,0.07480902224779129,0.018560580909252167
2025-07-15,05:44:16.7,0.0,0.5828039646148682,0.8168666362762451
2025-07-15,05:44:16.7,0.3762974143028259,0.9080864787101746,-0.20176905393600464
2025-07-15,05:44:16.7,0.0,5.912603378295898,-5.621681213378906
2025-07-15,05:44:16.7,3.3144168853759766,7.059134483337402,2.396965265274048
2025-07-15,05:44:16.7,1.578813076019287,8.08393383026123,1.7491230964660645
2025-07-15,05:44:16.7,1.8324049711227417,6.802471160888672,2.0228700637817383
2025-07-15,05:44:16.7,0.05998944863677025,1.4275163412094116,-1.282069444656372
2025-07-15,05:44:17.1,-0.040901895612478256,0.07480639219284058,0.01857118122279644
2025-07-15,05:44:17.1,2.017826795578003,7.420882225036621,2.450484275817871
2025-07-15,05:44:17.1,0.0640796348452568,1.7524561882019043,-1.0627981424331665
2025-07-15,05:44:17.4,-0.040901895612478256,0.07480822503566742,0.018563784658908844
2025-07-15,05:44:17.4,-1.0089133977890015,0.8141489624977112,-0.9618188142776489
2025-07-15,05:44:17.4,-0.403565376996994,1.5584964752197266,0.11859075725078583
2025-07-15,05:44:17.4,-0.211326465010643,1.2087364196777344,-0.5687924027442932
2025-07-15,05:44:17.4,2.944936513900757,7.22817850112915,0.8677381873130798
2025-07-15,05:44:17.4,3.108543872833252,7.625916004180908,0.9472845196723938
2025-07-15,05:44:17.4,0.07089661806821823,0.26642465591430664,-1.1003327369689941
2025-07-15,05:44:17.4,-0.31903478503227234,0.8229228854179382,0.712569534778595
2025-07-15,05:44:17.7,-0.040901895612478256,0.07480820268392563,0.01856386847794056
2025-07-15,05:44:18.1,-0.040901895612478256,0.07480824738740921,0.018563691526651382
2025-07-15,05:44:18.1,-0.14315663278102875,0.5455042123794556,0.7220514416694641
2025-07-15,05:44:18.1,-0.8998417258262634,0.8470448851585388,0.7386951446533203
2025-07-15,05:44:18.1,-0.5044566988945007,1.506787657737732,-0.28452563285827637
2025-07-15,05:44:18.1,-1.1602504253387451,0.7856555581092834,0.801501452922821
2025-07-15,05:44:18.1,-0.534451425075531,0.5163288712501526,-0.9695776104927063
2025-07-15,05:44:18.1,-0.45810121297836304,0.7602230906486511,-0.8393561244010925
2025-07-15,05:44:18.1,0.0,0.6616358757019043,0.8671228289604187
2025-07-15,05:44:18.1,0.31630799174308777,0.13969933986663818,-0.04748624935746193
2025-07-15,05:44:18.1,-0.19632908701896667,0.3622729480266571,0.9626045227050781
2025-07-15,05:44:18.1,1.51649945770549e-36,4.00302983982266e-34,2.4450302586118365e-35
2025-07-15,05:44:18.4,-0.040901895612478256,0.07481091469526291,0.018552936613559723
2025-07-15,05:44:18.4,0.22905060648918152,0.1876896619796753,0.07468649744987488
2025-07-15,05:44:18.4,-3.7520673274993896,6.470953941345215,-0.6006531119346619
2025-07-15,05:44:18.4,-0.9734651446342468,1.0056109428405762,0.49144160747528076
2025-07-15,05:44:18.4,-0.41719934344291687,0.7874203324317932,-1.1858822107315063
2025-07-15,05:44:18.4,-3.9633936882019043,6.299793243408203,0.5130913853645325
2025-07-15,05:44:18.4,-0.572626531124115,0.3524453938007355,-1.1229413747787476
2025-07-15,05:44:18.4,-0.12270568311214447,1.132646918296814,-0.6443371772766113
2025-07-15,05:44:18.4,-1.8514924049377441,1.564993143081665,-8.109345436096191
2025-07-15,05:44:18.4,-0.534451425075531,0.06915086507797241,1.0963094234466553
2025-07-15,05:44:18.4,-0.11452530324459076,1.0756081342697144,-0.567684531211853
2025-07-15,05:44:18.7,-0.040901895612478256,0.07481364160776138,0.018541941419243813
2025-07-15,05:44:18.7,0.239957794547081,0.24422915279865265,0.06777888536453247
2025-07-15,05:44:18.7,-1.0089133977890015,1.1590158939361572,0.49458691477775574
2025-07-15,05:44:18.7,-0.8725737929344177,1.0756477117538452,0.17533592879772186
2025-07-15,05:44:18.7,-0.3054008185863495,1.128024935722351,-0.7638296484947205
2025-07-15,05:44:18.7,-3.642995595932007,6.223552227020264,1.0400224924087524
2025-07-15,05:44:18.7,0.0368117056787014,0.2565877437591553,1.149100422859192
2025-07-15,05:44:19.1,-0.040901895612478256,0.07481091469526291,0.018552936613559723
2025-07-15,05:44:19.1,0.20723627507686615,0.2329035848379135,0.1569415181875229
2025-07-15,05:44:19.1,0.4171993136405945,1.603421688079834,1.4852237701416016
2025-07-15,05:44:19.1,1.2515980005264282,1.6617032289505005,-0.7893987894058228
2025-07-15,05:44:19.4,-0.040901895612478256,0.07481099665164948,0.018552612513303757
2025-07-15,05:44:19.4,-0.22496043145656586,1.2649550437927246,-0.6497325301170349
2025-07-15,05:44:19.4,-0.8875711560249329,0.9418938159942627,-0.3927861750125885
2025-07-15,05:44:19.4,0.12679587304592133,1.258698582649231,-0.47836002707481384
2025-07-15,05:44:19.4,0.2863132655620575,0.7937254905700684,-1.0005701780319214
2025-07-15,05:44:19.4,0.09816454350948334,0.630717396736145,0.8300322890281677
2025-07-15,05:44:19.4,-0.22905060648918152,0.2056826502084732,-1.00081205368042
2025-07-15,05:44:19.7,-0.040901895612478256,0.07480910420417786,0.018560247495770454
2025-07-15,05:44:19.7,-0.42946991324424744,1.2570737600326538,0.7530355453491211
2025-07-15,05:44:19.7,-0.20723627507686615,1.584849238395691,0.44034767150878906
2025-07-15,05:44:19.7,0.36266347765922546,1.4826037883758545,0.647271990776062
2025-07-15,05:44:19.7,-0.2699525058269501,0.9033687710762024,-1.0880814790725708
2025-07-15,05:44:19.7,-0.7648654580116272,1.2192648649215698,0.03528016433119774
2025-07-15,05:44:19.7,0.8016771674156189,0.672656774520874,-0.6302072405815125
2025-07-15,05:44:19.7,-0.35448309779167175,0.7102748155593872,-0.8103036284446716
2025-07-15,05:44:19.7,0.7089661955833435,0.8361119627952576,-0.2915892004966736
2025-07-15,05:44:19.7,0.5494487881660461,0.9509033560752869,-0.7893771529197693
2025-07-15,05:44:19.7,-0.8875711560249329,0.9493778944015503,-0.37433475255966187
2025-07-15,05:44:19.7,0.13088606297969818,0.4734707474708557,0.9247099757194519
2025-07-15,05:44:19.7,-0.26177212595939636,0.07750917226076126,-1.0108718872070312
2025-07-15,05:44:20.1,-0.040901895612478256,0.07480918616056442,0.018559925258159637
2025-07-15,05:44:20.1,-0.15133701264858246,1.5944721698760986,0.201483815908432
2025-07-15,05:44:20.1,0.403565376996994,1.2731162309646606,-0.9067251086235046
2025-07-15,05:44:20.1,-0.27267929911613464,1.4967628717422485,0.8549193143844604
2025-07-15,05:44:20.1,0.49082276225090027,1.4389681816101074,-0.8567402362823486
2025-07-15,05:44:20.1,-3.2312498092651367,5.820176124572754,1.7895851135253906
2025-07-15,05:44:20.1,-0.6135284304618835,0.41495373845100403,-1.0791257619857788
2025-07-15,05:44:20.1,-1.0634492635726929,0.5093502998352051,0.5681145191192627
2025-07-15,05:44:20.1,-0.5371782183647156,2.8399901390075684,-8.094280242919922
2025-07-15,05:44:20.1,-3.7602474689483643,7.646721363067627,1.1223480701446533
2025-07-15,05:44:20.1,-0.3681170642375946,0.1854180097579956,-1.1035099029541016
2025-07-15,05:44:20.1,0.7730458378791809,0.8827383518218994,0.10390982776880264
2025-07-15,05:44:20.1,-0.845305860042572,1.0055596828460693,-0.3217688500881195
2025-07-15,05:44:20.1,0.422652930021286,1.086507797241211,-0.6856332421302795
2025-07-15,05:44:20.1,-0.10225473344326019,0.6763254404067993,0.8495833277702332
2025-07-15,05:44:20.1,0.3067642152309418,0.7566514611244202,-0.7232138514518738
2025-07-15,05:44:20.1,-0.19632908701896667,0.3968304395675659,0.9488807916641235
2025-07-15,05:44:20.4,-0.040901895612478256,0.07480816543102264,0.018564024940133095
2025-07-15,05:44:20.4,-0.668064296245575,1.087083339691162,0.8388571739196777
2025-07-15,05:44:20.4,-4.009749412536621,6.300314903259277,1.0939244031906128
2025-07-15,05:44:20.4,-0.8030405640602112,0.983812689781189,0.46525904536247253
2025-07-15,05:44:20.4,-0.2958570420742035,1.2147148847579956,-0.5159107446670532
2025-07-15,05:44:20.4,-0.8998417258262634,0.8814852237701416,0.697236955165863
2025-07-15,05:44:20.4,-0.4049287736415863,0.9169660806655884,-1.0334779024124146
2025-07-15,05:44:20.4,-0.41992613673210144,0.7897137999534607,-0.8320629000663757
2025-07-15,05:44:20.4,0.34357592463493347,0.854177713394165,0.8029013872146606
2025-07-15,05:44:20.7,-0.040901895612478256,0.07480985671281815,0.018557211384177208
2025-07-15,05:44:20.7,-0.12543247640132904,0.489490270614624,0.8669472336769104
2025-07-15,05:44:20.7,-2.9013078212738037,5.663412094116211,1.867024540901184
2025-07-15,05:44:20.7,2.4641303198971457e-35,6.457253388531973e-40,2.776616855121052e-40
2025-07-15,05:44:20.7,-6.464339176761047e-27,1.6155880968576044e-27,3.432326988115329e-35
2025-07-15,05:44:20.7,0.0,2.350988701644575e-38,3.6893488147419103e+19
2025-07-15,05:44:20.7,nan,-2.2921047965647988e+26,5.564661299218673e-39
2025-07-15,05:44:20.7,105040287105024.0,3.7764233193387004e-29,-0.00583824934437871
2025-07-15,05:44:20.7,1.6842759554668713e-13,1.4683103462604246e-31,4.5048105390944184e-36
2025-07-15,05:44:20.7,-1.2648095427173176e-21,-0.046738799661397934,4.491786041598293e-36
2025-07-15,05:44:20.7,-208479272828928.0,-9.199357076081804e-33,100422472.0
2025-07-15,05:44:21.1,-0.040901895612478256,0.07480814307928085,0.018564127385616302
2025-07-15,05:44:21.1,-0.479915589094162,1.016972303390503,-0.827401876449585
2025-07-15,05:44:21.1,0.43628689646720886,0.5408583879470825,-1.2108969688415527
2025-07-15,05:44:21.1,-0.6326159834861755,0.35540351271629333,-1.0364831686019897
2025-07-15,05:44:21.1,0.3953849971294403,0.6323527097702026,-1.0220630168914795
2025-07-15,05:44:21.1,0.5071834921836853,0.3417220413684845,-1.2063243389129639
2025-07-15,05:44:21.1,-0.515363872051239,0.5903501510620117,-0.8794947266578674
2025-07-15,05:44:21.1,0.4417404532432556,0.7193984985351562,-0.8215566277503967
2025-07-15,05:44:21.1,-0.10225473344326019,0.22745993733406067,-1.061823844909668
2025-07-15,05:44:21.1,-0.47718876600265503,0.9462704062461853,0.25792863965034485
2025-07-15,05:44:21.4,-0.040901895612478256,0.07480797916650772,0.018564783036708832
2025-07-15,05:44:21.7,-0.040901895612478256,0.07480987906455994,0.018557127565145493
2025-07-15,05:44:21.7,-0.3408491313457489,1.9899846315383911,-0.8260988593101501
2025-07-15,05:44:21.7,-0.5562657713890076,1.1775004863739014,-0.710256040096283
2025-07-15,05:44:21.7,0.3244883716106415,0.4643439054489136,-1.3709466457366943
2025-07-15,05:44:21.7,-0.16360758244991302,1.0388578176498413,-0.7791810035705566
2025-07-15,05:44:21.7,0.6953322291374207,1.0935046672821045,0.18405646085739136
2025-07-15,05:44:21.7,0.07635020464658737,0.42771443724632263,1.1417292356491089
2025-07-15,05:44:21.7,-0.7853164076805115,0.2669554650783539,-1.1230131387710571
2025-07-15,05:44:21.7,0.479915589094162,0.873707115650177,-0.9774776101112366
2025-07-15,05:44:22.1,-0.040901895612478256,0.07480908185243607,0.018560342490673065
2025-07-15,05:44:22.1,-0.7348707318305969,1.6313029527664185,1.1700549125671387
2025-07-15,05:44:22.1,0.13361285626888275,1.374487042427063,-1.6319149732589722
2025-07-15,05:44:22.1,-0.5848971009254456,0.89774489402771,-0.9616757035255432
2025-07-15,05:44:22.1,0.2699525058269501,0.32964155077934265,-1.3752573728561401
2025-07-15,05:44:22.1,-0.03953849896788597,0.5623802542686462,1.1326857805252075
2025-07-15,05:44:22.1,0.553538978099823,1.1047718524932861,-0.27181902527809143
2025-07-15,05:44:22.4,-0.040901895612478256,0.07481091469526291,0.01855294592678547
2025-07-15,05:44:22.4,-0.8030405640602112,1.0646493434906006,0.22555510699748993
2025-07-15,05:44:22.4,-0.2958570420742035,0.6524289846420288,-1.1471846103668213
2025-07-15,05:44:22.4,-0.2208702266216278,0.6509410738945007,0.9566170573234558
2025-07-15,05:44:22.4,0.515363872051239,1.0515203475952148,-0.1277858167886734
2025-07-15,05:44:22.4,-0.3953849971294403,1.1976144313812256,0.10100696235895157
2025-07-15,05:44:22.7,-0.040901895612478256,0.07481272518634796,0.01854563318192959
2025-07-15,05:44:22.7,-0.6912420392036438,1.4260523319244385,0.6194560527801514
2025-07-15,05:44:22.7,-0.591714084148407,0.7796502113342285,-0.9334063529968262
2025-07-15,05:44:22.7,-0.10225473344326019,0.5280815958976746,0.948861300945282
2025-07-15,05:44:23.1,-0.040901895612478256,0.07480893284082413,0.018560923635959625
2025-07-15,05:44:23.1,-0.610801637172699,0.7751775979995728,-0.9875052571296692
2025-07-15,05:44:23.1,0.035448309034109116,0.5276145935058594,1.0035470724105835
2025-07-15,05:44:23.4,-0.040901895612478256,0.07480718195438385,0.01856798678636551
2025-07-15,05:44:23.4,-0.5317246317863464,0.8218490481376648,-0.8688781261444092
2025-07-15,05:44:23.4,0.4499208629131317,0.5684905648231506,-1.0897274017333984
2025-07-15,05:44:23.4,-0.648976743221283,0.48868075013160706,-0.9123238921165466
2025-07-15,05:44:23.4,0.34357592463493347,0.812976598739624,-0.8445941209793091
2025-07-15,05:44:23.4,-0.06816982477903366,0.2548828125,-1.058324933052063
2025-07-15,05:44:23.7,-0.040901895612478256,0.07480636984109879,0.0185712743550539
2025-07-15,05:44:23.7,-0.09816454350948334,0.2507379949092865,1.011873722076416
2025-07-15,05:44:24.1,-0.040901895612478256,0.07480812072753906,0.01856420189142227
2025-07-15,05:44:24.1,-0.4581012427806854,1.728057861328125,0.40207844972610474
2025-07-15,05:44:24.1,0.5848971009254456,0.8883532881736755,-0.9703579545021057
2025-07-15,05:44:24.1,0.06544303148984909,0.5249675512313843,0.9036152362823486
2025-07-15,05:44:24.4,-0.040901895612478256,0.0748080164194107,0.018564628437161446
2025-07-15,05:44:24.4,-0.6339793801307678,0.7872330546379089,-0.8986443877220154
2025-07-15,05:44:24.7,-0.040901895612478256,0.07480885088443756,0.018561257049441338
2025-07-15,05:44:24.7,0.0,0.8580019474029541,-0.8695672750473022
2025-07-15,05:44:24.7,0.10634492337703705,0.3267489969730377,1.0810487270355225
2025-07-15,05:44:25.1,-0.040901895612478256,0.07480812072753906,0.01856420189142227
2025-07-15,05:44:25.1,0.6339793801307678,1.0735045671463013,0.5242952704429626
2025-07-15,05:44:25.1,0.211326465010643,0.8318840265274048,-1.0452451705932617
2025-07-15,05:44:25.4,-0.040901895612478256,0.07480642944574356,0.018571024760603905
2025-07-15,05:44:25.4,-0.6026212573051453,0.9304172992706299,-0.9856845140457153
2025-07-15,05:44:25.4,0.0368117056787014,0.5953883528709412,1.0157666206359863
2025-07-15,05:44:25.4,-0.03408491238951683,0.6181595325469971,0.8979871869087219
2025-07-15,05:44:25.7,-0.040901895612478256,0.07480720430612564,0.018567904829978943
2025-07-15,05:44:25.7,-0.950287401676178,1.2313828468322754,0.8833858966827393
2025-07-15,05:44:25.7,-0.22359703481197357,1.5353426933288574,-0.890195369720459
2025-07-15,05:44:25.7,-0.6544303297996521,0.6561682224273682,-1.0441789627075195
2025-07-15,05:44:25.7,0.1104351133108139,0.23572254180908203,1.1488529443740845
2025-07-15,05:44:25.7,-0.032721515744924545,0.43356239795684814,-0.9525477290153503
2025-07-15,05:44:25.7,0.4253796935081482,0.9557818174362183,-0.043903958052396774
2025-07-15,05:44:26.1,-0.040901895612478256,0.07480799406766891,0.018564710393548012
2025-07-15,05:44:26.1,-0.36266347765922546,3.9339935779571533,-4.250002384185791
2025-07-15,05:44:26.1,1.8133174180984497,5.149874210357666,1.9649497270584106
2025-07-15,05:44:26.1,-0.11452531069517136,1.5482864379882812,-0.9733451008796692
2025-07-15,05:44:26.1,-0.7444145083427429,1.1453454494476318,-1.221367597579956
2025-07-15,05:44:26.1,-0.7416877150535583,0.9740610122680664,0.83756023645401
2025-07-15,05:44:26.1,-0.5671729445457458,1.1090131998062134,-0.6305158138275146
2025-07-15,05:44:26.1,-0.10634492337703705,0.3117009401321411,1.085483193397522
2025-07-15,05:44:26.1,0.5317246317863464,1.001981496810913,-0.006526699289679527
2025-07-15,05:44:26.4,-0.040901895612478256,0.07480967044830322,0.018557969480752945
2025-07-15,05:44:26.4,-1.6892483234405518,4.628052711486816,-5.946523666381836
2025-07-15,05:44:26.4,1.2066059112548828,7.458056449890137,1.598460078239441
2025-07-15,05:44:26.4,-0.5317246317863464,3.7017250061035156,-4.26415491104126
2025-07-15,05:44:26.4,1.7724155187606812,5.037938594818115,1.9095122814178467
2025-07-15,05:44:26.4,0.8875711560249329,0.9030184745788574,-0.4753973186016083
2025-07-15,05:44:26.4,-0.211326465010643,1.2477489709854126,-0.47717002034187317
2025-07-15,05:44:26.4,-0.9325632452964783,0.6732202172279358,-1.0695736408233643
2025-07-15,05:44:26.4,-0.13088606297969818,1.346398949623108,-0.34528881311416626
2025-07-15,05:44:26.4,0.40901896357536316,0.6779673099517822,1.0421996116638184
2025-07-15,05:44:26.4,-0.1104351133108139,0.7028638124465942,0.9388347268104553
2025-07-15,05:44:26.4,0.5889872908592224,1.008593201637268,-0.1531597226858139
2025-07-15,05:44:26.7,-0.040901895612478256,0.07480715960264206,0.018568070605397224
2025-07-15,05:44:26.7,-0.7076027989387512,4.661441802978516,-5.893979072570801
2025-07-15,05:44:26.7,2.1228084564208984,7.106194496154785,1.4015765190124512
2025-07-15,05:44:26.7,-0.34357592463493347,1.359854817390442,1.1791770458221436
2025-07-15,05:44:26.7,0.17315135896205902,4.3006792068481445,-3.4892868995666504
2025-07-15,05:44:26.7,-0.8575764298439026,1.2107062339782715,-0.6360763907432556
2025-07-15,05:44:26.7,-0.25222834944725037,0.9806629419326782,-1.257187843322754
2025-07-15,05:44:26.7,-0.3149445950984955,0.7267282605171204,-1.2023088932037354
2025-07-15,05:44:26.7,0.2699525058269501,1.310030221939087,0.5327449440956116
2025-07-15,05:44:26.7,-0.08180379122495651,1.2231745719909668,-0.45855027437210083
2025-07-15,05:44:26.7,0.40901896357536316,0.8704142570495605,0.8878055214881897
2025-07-15,05:44:26.7,0.0,0.3212580680847168,-1.1333214044570923
2025-07-15,05:44:26.7,-0.4785521626472473,1.015378475189209,0.3572375774383545
2025-07-15,05:44:26.7,0.07635020464658737,0.4504929780960083,-1.132934808731079
2025-07-15,05:44:26.7,-0.648976743221283,0.8254573941230774,0.6243106722831726
2025-07-15,05:44:26.7,-0.07089661806821823,0.31059619784355164,-1.0886892080307007
2025-07-15,05:44:26.7,0.0,0.21717841923236847,-1.1133615970611572
2025-07-15,05:44:27.1,-0.040901895612478256,0.07480724155902863,0.018567748367786407
2025-07-15,05:44:27.1,-0.3681170642375946,1.9029747247695923,0.3125517964363098
2025-07-15,05:44:27.1,0.3681170642375946,1.2495684623718262,-1.4688704013824463
2025-07-15,05:44:27.1,0.26177212595939636,1.35752272605896,0.19430159032344818
2025-07-15,05:44:27.1,0.7416877150535583,0.5610535144805908,-1.041279911994934
2025-07-15,05:44:27.1,-0.4908227324485779,0.37768247723579407,-1.153067708015442
2025-07-15,05:44:27.1,0.0,1.2533986568450928,-0.3769720196723938
2025-07-15,05:44:27.1,-0.1472468227148056,0.32501253485679626,1.122635006904602
2025-07-15,05:44:27.1,0.5521755814552307,1.0384238958358765,-0.06634785234928131
2025-07-15,05:44:27.1,-0.10634492337703705,0.3631978929042816,1.0693542957305908
2025-07-15,05:44:27.4,-0.040901895612478256,0.07480814307928085,0.018564127385616302
2025-07-15,05:44:27.4,-0.3067642152309418,1.9073714017868042,0.349773645401001
2025-07-15,05:44:27.4,0.49082276225090027,1.2932831048965454,-1.393206238746643
2025-07-15,05:44:27.4,-0.4581012427806854,5.343555927276611,-4.995986461639404
2025-07-15,05:44:27.4,2.29050612449646,6.3999857902526855,2.741732120513916
2025-07-15,05:44:27.4,1.0198205709457397,1.4721735715866089,-0.6912123560905457
2025-07-15,05:44:27.4,-1.0798100233078003,1.3988124132156372,-0.7499586343765259
2025-07-15,05:44:27.4,-0.15815399587154388,1.0052552223205566,-0.7518385052680969
2025-07-15,05:44:27.4,0.5494487881660461,0.8235664367675781,-0.9214509129524231
2025-07-15,05:44:27.4,-0.7185099720954895,0.7251917123794556,-0.8871684670448303
2025-07-15,05:44:27.4,0.14179323613643646,0.7136693000793457,-0.870236337184906
2025-07-15,05:44:27.4,-0.2481381595134735,0.8581809401512146,0.6990661025047302
2025-07-15,05:44:27.7,-0.040901895612478256,0.0748063251376152,0.018571440130472183
2025-07-15,05:44:27.7,-0.4499208629131317,4.9751057624816895,-5.183403015136719
2025-07-15,05:44:27.7,2.2496042251586914,6.329883098602295,2.587205410003662
2025-07-15,05:44:27.7,-0.41038236021995544,1.4326019287109375,1.1396230459213257
2025-07-15,05:44:27.7,0.4690084159374237,1.5673638582229614,-0.9180980920791626
2025-07-15,05:44:27.7,0.2658623158931732,1.3138176202774048,-1.0480300188064575
2025-07-15,05:44:27.7,-0.37220725417137146,1.5413317680358887,-0.6171911358833313
2025-07-15,05:44:27.7,0.0,1.28230619430542,-0.9069611430168152
2025-07-15,05:44:27.7,0.16906116902828217,1.1896235942840576,-0.6208394169807434
2025-07-15,05:44:27.7,0.422652930021286,0.34423619508743286,-1.237777590751648
2025-07-15,05:44:27.7,0.7157831788063049,0.7355507016181946,-1.1306463479995728
2025-07-15,05:44:27.7,-0.9066587090492249,1.0904748439788818,-0.566194474697113
2025-07-15,05:44:28.1,-0.040901895612478256,0.07480628788471222,0.018571607768535614
2025-07-15,05:44:28.1,0.0,3.706697940826416,-3.445777416229248
2025-07-15,05:44:28.1,1.8978478908538818,3.9887168407440186,2.4700818061828613
2025-07-15,05:44:28.1,0.5112736821174622,4.237921237945557,-3.3941454887390137
2025-07-15,05:44:28.1,2.556368589401245,4.3554863929748535,2.058231830596924
2025-07-15,05:44:28.1,2.4641303198971457e-35,6.457253388531973e-40,-1.1098119427440876e-19
2025-07-15,05:44:28.1,-5.766383234313093e+17,-3.868564928609823e+25,8.721682839033354e-31
2025-07-15,05:44:28.1,0.0,2.350988701644575e-38,-8589934592.0
2025-07-15,05:44:28.1,-2.779374386291089e-37,-1.3989896314070789e+22,5.564694930381817e-39
2025-07-15,05:44:28.1,-6.488792465778083e-19,9.976525896913436e+35,-0.002944505773484707
