Date,Time,X,Y,Z
2025-07-15,05:45:23.4,-0.040901895612478256,0.07474282383918762,0.01882537268102169
2025-07-15,05:45:23.4,0.08862077444791794,0.48359018564224243,-0.282793253660202
2025-07-15,05:45:23.4,0.1649709790945053,0.3034326732158661,-0.3332149088382721
2025-07-15,05:45:23.4,-4.820970058441162,2.2371985912323,-2.6381118297576904
2025-07-15,05:45:23.4,4.820970058441162,2.136871099472046,2.720013380050659
2025-07-15,05:45:23.4,-0.43901365995407104,1.956464171409607,0.08509474247694016
2025-07-15,05:45:23.4,-3.101727247238159,1.979507327079773,-1.4911112785339355
2025-07-15,05:45:23.4,-0.10907172411680222,0.5965748429298401,-0.3456706702709198
2025-07-15,05:45:23.6,-0.040901895612478256,0.07474461197853088,0.01881827786564827
2025-07-15,05:45:23.6,0.040901895612478256,0.4750290513038635,-0.44827836751937866
2025-07-15,05:45:23.6,0.19087551534175873,0.48502957820892334,-0.31842032074928284
2025-07-15,05:45:23.6,0.17996834218502045,0.3038114607334137,-0.3250060975551605
2025-07-15,05:45:23.6,-4.417404651641846,3.724407434463501,1.1427730321884155
2025-07-15,05:45:23.6,-0.950287401676178,0.37868940830230713,-1.4674021005630493
2025-07-15,05:45:23.6,-1.1820647716522217,1.5989794731140137,0.9984453916549683
2025-07-15,05:45:23.6,-2.6995251178741455,2.820382833480835,0.41958630084991455
2025-07-15,05:45:23.6,-4.384683132171631,3.8518319129943848,0.34134629368782043
2025-07-15,05:45:23.6,-0.33675894141197205,0.2433452606201172,-0.7173050045967102
2025-07-15,05:45:23.6,-0.05180906876921654,0.8271126747131348,-0.018720578402280807
2025-07-15,05:45:23.6,0.021814344450831413,0.6811361908912659,-0.15120841562747955
2025-07-15,05:45:24.0,-0.040901895612478256,0.07474181056022644,0.01882941834628582
2025-07-15,05:45:24.0,0.33675894141197205,0.532633364200592,-0.5385583639144897
2025-07-15,05:45:24.0,-0.5930774807929993,0.19892308115959167,-0.19226999580860138
2025-07-15,05:45:24.0,-0.553538978099823,0.06927299499511719,-0.248745858669281
2025-07-15,05:45:24.0,-2.4268457889556885,3.030679941177368,-0.052193887531757355
2025-07-15,05:45:24.0,-3.445302963256836,4.6600542068481445,0.2900509536266327
2025-07-15,05:45:24.0,-0.9543775320053101,1.955321192741394,0.1566484570503235
2025-07-15,05:45:24.0,0.024541137740015984,0.652732253074646,-0.43595901131629944
2025-07-15,05:45:24.0,0.27267929911613464,8.145363807678223,3.117241382598877
2025-07-15,05:45:24.3,-0.040901895612478256,0.07474463433027267,0.018818194046616554
2025-07-15,05:45:24.3,-3.393493890762329,4.587626934051514,-0.3212468922138214
2025-07-15,05:45:24.3,-4.7991557121276855,5.992354393005371,0.14647600054740906
2025-07-15,05:45:24.3,-0.7621386647224426,1.6353925466537476,0.5139438509941101
2025-07-15,05:45:24.3,1.2897731065750122,1.351011037826538,-0.1753763109445572
2025-07-15,05:45:24.3,-0.8971148729324341,1.8178744316101074,0.3086526095867157
2025-07-15,05:45:24.3,-2.3995778560638428,2.7550034523010254,-1.179998755455017
2025-07-15,05:45:24.3,-1.0798100233078003,0.786754310131073,3.5993669033050537
2025-07-15,05:45:24.3,-0.09407435357570648,0.6539791822433472,-0.7552435398101807
2025-07-15,05:45:24.3,-0.992552638053894,1.949476718902588,0.6011170148849487
2025-07-15,05:45:24.3,0.10361813753843307,0.6159391403198242,-0.5450066328048706
2025-07-15,05:45:24.3,-1.030727744102478,2.039141893386841,1.5278557538986206
2025-07-15,05:45:24.3,0.5317246317863464,7.672689437866211,3.6367931365966797
2025-07-15,05:45:24.6,-0.040901895612478256,0.07474467903375626,0.018818017095327377
2025-07-15,05:45:24.6,-3.5448310375213623,3.8022966384887695,-2.268310070037842
2025-07-15,05:45:24.6,-1.595173954963684,1.8600729703903198,5.115082263946533
2025-07-15,05:45:24.6,-5.010482311248779,5.644474029541016,-1.1526153087615967
2025-07-15,05:45:24.6,-1.9087551832199097,1.857962965965271,7.155289649963379
2025-07-15,05:45:24.6,-0.5453585982322693,1.6185052394866943,-0.35855939984321594
2025-07-15,05:45:24.6,-0.6748812794685364,1.8020851612091064,0.3892762362957001
2025-07-15,05:45:24.6,-0.06544303148984909,0.8807222843170166,-0.5625297427177429
2025-07-15,05:45:24.6,0.0,0.692435085773468,-0.5999671816825867
2025-07-15,05:45:24.6,0.37220725417137146,0.7351058125495911,0.400634765625
2025-07-15,05:45:24.6,-0.2699525058269501,0.3518627882003784,-1.3697404861450195
2025-07-15,05:45:24.6,0.5399050116539001,1.3338016271591187,-0.048440515995025635
2025-07-15,05:45:24.6,0.805767297744751,7.686530590057373,3.7602474689483643
2025-07-15,05:45:24.9,-0.040901895612478256,0.07474318891763687,0.018823936581611633
2025-07-15,05:45:24.9,0.239957794547081,0.12808857858181,-0.6428840756416321
2025-07-15,05:45:24.9,-0.3708438575267792,0.5521512031555176,0.21187318861484528
2025-07-15,05:45:24.9,-0.43628689646720886,1.543458104133606,-0.6876997351646423
2025-07-15,05:45:24.9,-0.4690084159374237,1.7716516256332397,0.4009789526462555
2025-07-15,05:45:24.9,-0.5017299056053162,1.9114910364151,0.3495648205280304
2025-07-15,05:45:24.9,-2.085996627807617,3.020601749420166,-0.526402473449707
2025-07-15,05:45:24.9,-2.9899284839630127,4.29463529586792,-2.0717034339904785
2025-07-15,05:45:24.9,4.7487101554870605,1.0041128396987915,2.8490402698516846
2025-07-15,05:45:24.9,1.3497625589370728,8.060670852661133,2.797687530517578
2025-07-15,05:45:25.3,-0.040901895612478256,0.07474444806575775,0.0188189335167408
2025-07-15,05:45:25.3,0.38175103068351746,0.20445126295089722,-0.43074873089790344
2025-07-15,05:45:25.3,-0.27267929911613464,1.6978263854980469,0.29760977625846863
2025-07-15,05:45:25.3,-0.42946991324424744,1.6726306676864624,0.9340096116065979
2025-07-15,05:45:25.3,1.7887762784957886,2.6095266342163086,-1.6701894998550415
2025-07-15,05:45:25.3,-2.124171733856201,1.7255535125732422,-2.3041794300079346
2025-07-15,05:45:25.3,-3.463027238845825,4.31772518157959,-0.2561998665332794
2025-07-15,05:45:25.3,-0.2944936454296112,1.032112956047058,-1.1466926336288452
2025-07-15,05:45:25.3,-0.4581012427806854,1.742957592010498,-0.33158713579177856
2025-07-15,05:45:25.3,0.02863132767379284,0.796233594417572,-0.45234861969947815
2025-07-15,05:45:25.3,0.40083858370780945,0.6967082023620605,0.43971937894821167
2025-07-15,05:45:25.6,-0.040901895612478256,0.07474279403686523,0.01882549747824669
2025-07-15,05:45:25.6,-1.2147862911224365,3.0694613456726074,-1.2614749670028687
2025-07-15,05:45:25.6,-2.726793050765991,4.409226417541504,-1.692609190940857
2025-07-15,05:45:25.6,-0.6816982626914978,3.896505117416382,3.754215955734253
2025-07-15,05:45:25.6,-4.403770923614502,5.852875709533691,-1.1664961576461792
2025-07-15,05:45:25.6,3.7084386348724365,6.053468704223633,-2.1478049755096436
2025-07-15,05:45:25.6,-0.21814344823360443,1.7255877256393433,-0.142479807138443
2025-07-15,05:45:25.6,-0.239957794547081,1.8932924270629883,0.20728689432144165
2025-07-15,05:45:25.6,-0.31085440516471863,1.4041410684585571,2.0288190841674805
2025-07-15,05:45:25.6,0.3149445950984955,0.8578819632530212,-0.06538663804531097
2025-07-15,05:45:26.0,-0.040901895612478256,0.07469814270734787,0.01900191232562065
2025-07-15,05:45:26.0,3.190347909927368,1.1811937093734741,-0.0844275951385498
2025-07-15,05:45:26.0,4.0329270362854,1.7084730863571167,-0.7875552773475647
2025-07-15,05:45:26.3,-0.040901895612478256,0.07469628751277924,0.01900918409228325
2025-07-15,05:45:26.3,3.190347909927368,1.1829460859298706,-0.05463613569736481
2025-07-15,05:45:26.3,4.0329270362854,1.6950411796569824,-0.8160631060600281
2025-07-15,05:45:26.6,-0.040901895612478256,0.07469736039638519,0.019004981964826584
2025-07-15,05:45:26.6,3.190347909927368,1.1842037439346313,-0.0028194324113428593
2025-07-15,05:45:26.6,4.0329270362854,1.7645399570465088,-0.6523206233978271
2025-07-15,05:45:26.9,-0.040901895612478256,0.07469692826271057,0.019006676971912384
2025-07-15,05:45:26.9,3.2966928482055664,0.8405418992042542,0.0772767886519432
2025-07-15,05:45:26.9,3.893860340118408,2.041808605194092,-0.6873811483383179
2025-07-15,05:45:27.3,-0.040901895612478256,0.07469981908798218,0.01899530738592148
2025-07-15,05:45:27.3,3.190347909927368,1.184188723564148,0.00661248154938221
2025-07-15,05:45:27.3,4.0329270362854,1.7900601625442505,-0.5786262154579163
2025-07-15,05:45:27.6,-0.040901895612478256,0.07469815760850906,0.019001850858330727
2025-07-15,05:45:27.6,3.190347909927368,1.1833244562149048,-0.04571456089615822
2025-07-15,05:45:27.6,4.0329270362854,1.7792181968688965,-0.6111514568328857
2025-07-15,05:45:27.9,-0.040901895612478256,0.07469633966684341,0.019008995965123177
2025-07-15,05:45:27.9,3.190347909927368,1.1840847730636597,-0.017024097964167595
2025-07-15,05:45:27.9,4.0329270362854,1.7986319065093994,-0.5514042973518372
2025-07-15,05:45:27.9,-0.5998944640159607,0.207809716463089,0.7198733687400818
2025-07-15,05:45:27.9,-0.5399050116539001,0.08258379250764847,0.7892771363258362
2025-07-15,05:45:28.3,-0.040901895612478256,0.07469899207353592,0.01899857446551323
2025-07-15,05:45:28.3,3.190347909927368,1.1726601123809814,0.1649688333272934
2025-07-15,05:45:28.3,4.171993255615234,1.341705322265625,-0.7732546925544739
2025-07-15,05:45:28.6,-0.040901895612478256,0.07469791918992996,0.01900278590619564
2025-07-15,05:45:28.6,3.190347909927368,1.1811740398406982,0.08470223844051361
2025-07-15,05:45:28.6,4.0329270362854,1.8101354837417603,-0.5123799443244934
2025-07-15,05:45:29.0,-0.040901895612478256,0.07469609379768372,0.019009942188858986
2025-07-15,05:45:29.0,3.190347909927368,1.181654930114746,0.07770679891109467
2025-07-15,05:45:29.0,4.0329270362854,1.7733829021453857,-0.6278827786445618
2025-07-15,05:45:29.0,2.2250630855560303,1.816188097000122,3.399143695831299
2025-07-15,05:45:29.3,-0.040901895612478256,0.07469623535871506,0.01900940202176571
2025-07-15,05:45:29.3,3.190347909927368,1.1780354976654053,0.12074310332536697
2025-07-15,05:45:29.3,4.171993255615234,1.3934348821640015,-0.6755998730659485
2025-07-15,05:45:29.6,-0.040901895612478256,0.07469231635332108,0.01902477629482746
2025-07-15,05:45:29.6,3.190347909927368,1.184192419052124,-0.005923647433519363
2025-07-15,05:45:29.6,4.0329270362854,1.794205904006958,-0.5656401515007019
2025-07-15,05:45:29.9,-0.040901895612478256,0.0746932104229927,0.01902129128575325
2025-07-15,05:45:29.9,3.08400297164917,1.4381252527236938,0.03725707530975342
2025-07-15,05:45:29.9,4.171993255615234,1.3346952199935913,-0.7852927446365356
2025-07-15,05:45:30.3,-0.040901895612478256,0.07469483464956284,0.019014915451407433
2025-07-15,05:45:30.3,3.190347909927368,1.183613896369934,0.0374801941215992
2025-07-15,05:45:30.6,-0.040901895612478256,0.0746922418475151,0.019025098532438278
2025-07-15,05:45:30.6,3.2966928482055664,0.809029757976532,0.24073489010334015
2025-07-15,05:45:30.9,-0.040901895612478256,0.07469405233860016,0.01901797391474247
2025-07-15,05:45:30.9,3.190347909927368,1.1742639541625977,0.15313614904880524
2025-07-15,05:45:30.9,1.668797254562378,0.42805755138397217,4.103109359741211
2025-07-15,05:45:31.3,-0.040901895612478256,0.07469381392002106,0.019018908962607384
2025-07-15,05:45:31.3,3.2966928482055664,0.8254112005233765,0.176575168967247
2025-07-15,05:45:31.3,4.311059951782227,0.8178350329399109,-0.7413039803504944
2025-07-15,05:45:31.6,-0.040901895612478256,0.07469134777784348,0.01902858354151249
2025-07-15,05:45:31.6,3.190347909927368,1.1830626726150513,0.05205037072300911
2025-07-15,05:45:32.0,-0.040901895612478256,0.07469072192907333,0.019031047821044922
2025-07-15,05:45:32.0,0.08725737780332565,0.5692884922027588,1.2717870473861694
2025-07-15,05:45:32.0,-0.6980590224266052,1.2003810405731201,-0.14472296833992004
2025-07-15,05:45:32.0,0.0,1.1500886678695679,2.3028783798217773
2025-07-15,05:45:32.0,3.190347909927368,1.1826860904693604,-0.060000766068696976
2025-07-15,05:45:32.0,3.893860340118408,2.1534957885742188,-0.06269512325525284
2025-07-15,05:45:32.0,2.3641295433044434,0.9671524167060852,3.6440541744232178
2025-07-15,05:45:32.3,-0.040901895612478256,0.07469356805086136,0.01901986636221409
2025-07-15,05:45:32.3,0.08725737780332565,0.61882084608078,1.2484359741210938
2025-07-15,05:45:32.3,-0.6544303297996521,1.2175859212875366,-0.1958344727754593
2025-07-15,05:45:32.3,0.0,1.3180620670318604,2.2110326290130615
2025-07-15,05:45:32.3,3.08400297164917,1.434216856956482,-0.11231441795825958
2025-07-15,05:45:32.3,3.893860340118408,2.154217481613159,-0.02866378054022789
2025-07-15,05:45:32.6,-0.040901895612478256,0.0746927410364151,0.01902313157916069
2025-07-15,05:45:32.6,0.08725737780332565,0.6166070103645325,1.2495309114456177
2025-07-15,05:45:32.6,-0.6980590224266052,1.2027045488357544,-0.12393955886363983
2025-07-15,05:45:32.6,0.0,1.127720832824707,2.3139140605926514
2025-07-15,05:45:32.6,3.190347909927368,1.178808569908142,-0.11294686794281006
2025-07-15,05:45:32.6,3.754793882369995,2.385347366333008,0.12354517728090286
2025-07-15,05:45:32.6,2.2250630855560303,0.564996063709259,3.8122823238372803
2025-07-15,05:45:32.6,0.0,3.0349693298339844,4.687780857086182
2025-07-15,05:45:32.6,2.6177213191986084,4.9205732345581055,-0.3490295112133026
2025-07-15,05:45:32.9,-0.040901895612478256,0.07469362020492554,0.01901966892182827
2025-07-15,05:45:32.9,0.08725737780332565,0.6281760334968567,1.2437549829483032
2025-07-15,05:45:32.9,-0.6980590224266052,1.1997767686843872,-0.1496492475271225
2025-07-15,05:45:32.9,0.0,1.3718554973602295,2.1780645847320557
2025-07-15,05:45:32.9,3.190347909927368,1.1839665174484253,0.02387065254151821
2025-07-15,05:45:32.9,3.893860340118408,2.1451802253723145,0.19918866455554962
2025-07-15,05:45:32.9,2.2250630855560303,0.7552459239959717,3.779195785522461
2025-07-15,05:45:33.3,-0.040901895612478256,0.07469367235898972,0.019019460305571556
2025-07-15,05:45:33.3,0.08725737780332565,0.6163176894187927,1.24967360496521
2025-07-15,05:45:33.3,-0.6980590224266052,1.2017008066177368,-0.13332106173038483
2025-07-15,05:45:33.3,0.0,1.2833634614944458,2.231351852416992
2025-07-15,05:45:33.3,3.190347909927368,1.1841408014297485,0.012533695437014103
2025-07-15,05:45:33.3,3.754793882369995,2.3639392852783203,0.3419601023197174
2025-07-15,05:45:33.3,2.2250630855560303,1.115916132926941,3.6888275146484375
2025-07-15,05:45:33.3,0.17178796231746674,2.190857410430908,5.038849353790283
2025-07-15,05:45:33.3,0.0,2.045891284942627,5.149298667907715
2025-07-15,05:45:33.3,-2.943572998046875,4.676940441131592,-0.4031767249107361
2025-07-15,05:45:33.6,-0.040901895612478256,0.07469268143177032,0.0190233513712883
2025-07-15,05:45:33.6,0.04226529225707054,0.6985592246055603,1.1573487520217896
2025-07-15,05:45:33.6,0.0,1.2876229286193848,2.2288966178894043
2025-07-15,05:45:33.6,3.190347909927368,1.183872103691101,-0.028167549520730972
2025-07-15,05:45:33.6,3.893860340118408,2.1476521492004395,0.17048349976539612
2025-07-15,05:45:33.6,2.2250630855560303,0.7246975302696228,3.785172462463379
2025-07-15,05:45:33.6,0.17315135896205902,2.8949368000030518,4.721261024475098
2025-07-15,05:45:33.6,2.0778162479400635,5.119484901428223,-0.4177314043045044
2025-07-15,05:45:33.9,-0.040901895612478256,0.07469381392002106,0.019018899649381638
2025-07-15,05:45:33.9,0.08725737780332565,0.5856533050537109,1.2643345594406128
2025-07-15,05:45:33.9,-0.6980590224266052,1.2035034894943237,-0.11592552065849304
2025-07-15,05:45:33.9,0.08044039458036423,1.3459663391113281,2.1926825046539307
2025-07-15,05:45:33.9,-0.08044039458036423,1.105777382850647,2.3230881690979004
2025-07-15,05:45:33.9,3.190347909927368,1.1823076009750366,-0.06704691052436829
2025-07-15,05:45:33.9,4.0329270362854,1.8802573680877686,0.061282940208911896
2025-07-15,05:45:33.9,2.5031960010528564,1.2080923318862915,3.475362777709961
2025-07-15,05:45:33.9,-0.6980590224266052,2.360842704772949,5.01253080368042
2025-07-15,05:45:34.3,-0.040901895612478256,0.07469657063484192,0.01900809071958065
2025-07-15,05:45:34.3,0.08725737780332565,0.6272032260894775,1.2442458868026733
2025-07-15,05:45:34.3,-0.6980590224266052,1.1995595693588257,-0.15138095617294312
2025-07-15,05:45:34.3,0.0,1.2979331016540527,2.2229084968566895
2025-07-15,05:45:34.3,3.190347909927368,1.1840640306472778,0.01841028407216072
2025-07-15,05:45:34.3,3.893860340118408,2.1527106761932373,0.08550965040922165
2025-07-15,05:45:34.3,2.3641295433044434,1.4695409536361694,3.4720258712768555
2025-07-15,05:45:34.3,-0.3490295112133026,3.1711535453796387,4.583480358123779
2025-07-15,05:45:34.7,-0.040901895612478256,0.07469424605369568,0.019017202779650688
2025-07-15,05:45:34.7,0.08725737780332565,0.6382696032524109,1.2386054992675781
2025-07-15,05:45:34.7,-0.6980590224266052,1.1995609998703003,-0.15136924386024475
2025-07-15,05:45:34.7,0.0,1.2538946866989136,2.2480437755584717
2025-07-15,05:45:34.7,3.190347909927368,1.1830421686172485,-0.05251486971974373
2025-07-15,05:45:34.7,4.0329270362854,1.881229043006897,0.01003486942499876
2025-07-15,05:45:35.0,-0.040901895612478256,0.0746939554810524,0.019018348306417465
2025-07-15,05:45:35.0,0.08725737780332565,0.6508967876434326,1.232016682624817
2025-07-15,05:45:35.0,-0.6980590224266052,1.2002346515655518,-0.14593134820461273
2025-07-15,05:45:35.0,0.0,1.2558180093765259,2.2469699382781982
2025-07-15,05:45:35.0,3.08400297164917,1.4352465867996216,-0.0982837900519371
2025-07-15,05:45:35.0,3.893860340118408,2.1537091732025146,0.0548766665160656
2025-07-15,05:45:35.0,-0.17178796231746674,1.2922515869140625,5.340406894683838
2025-07-15,05:45:35.3,-0.040901895612478256,0.074696846306324,0.019006988033652306
2025-07-15,05:45:35.3,0.08725737780332565,0.6619314551353455,1.226123332977295
2025-07-15,05:45:35.3,-0.6980590224266052,1.2042758464813232,-0.10760533809661865
2025-07-15,05:45:35.3,0.0,1.171298861503601,2.292163133621216
2025-07-15,05:45:35.3,3.08400297164917,1.4346354007720947,-0.10683377087116241
2025-07-15,05:45:35.3,4.0329270362854,1.881255865097046,0.00016020990733522922
2025-07-15,05:45:35.3,2.3641295433044434,0.6478621959686279,3.7141337394714355
2025-07-15,05:45:35.6,-0.040901895612478256,0.07469680160284042,0.019007185474038124
2025-07-15,05:45:35.6,0.08725737780332565,0.6085885763168335,1.2534558773040771
2025-07-15,05:45:35.6,-0.6980590224266052,1.2032208442687988,-0.11882227659225464
2025-07-15,05:45:35.6,0.0,1.3715351819992065,2.1782662868499756
2025-07-15,05:45:35.6,3.190347909927368,1.1841046810150146,0.015578682534396648
2025-07-15,05:45:35.6,3.893860340118408,2.1146416664123535,0.41202592849731445
2025-07-15,05:45:35.6,2.5031960010528564,1.4449713230133057,3.3837392330169678
2025-07-15,05:45:35.9,-0.040901895612478256,0.07469762861728668,0.019003931432962418
2025-07-15,05:45:35.9,0.08725737780332565,0.638680100440979,1.2383939027786255
2025-07-15,05:45:35.9,-0.6980590224266052,1.200688362121582,-0.14215055108070374
2025-07-15,05:45:35.9,0.0,1.2926198244094849,2.2260024547576904
2025-07-15,05:45:35.9,3.08400297164917,1.43661367893219,-0.07571981102228165
2025-07-15,05:45:35.9,3.893860340118408,2.1420414447784424,0.23050598800182343
2025-07-15,05:45:36.3,-0.040901895612478256,0.07469610124826431,0.019009912386536598
2025-07-15,05:45:36.3,0.08725737780332565,0.6231048703193665,1.2463033199310303
2025-07-15,05:45:36.3,-0.6980590224266052,1.2024706602096558,-0.12618838250637054
2025-07-15,05:45:36.3,0.0,1.2130252122879028,2.270357370376587
2025-07-15,05:45:36.3,3.08400297164917,1.438184142112732,-0.0349118746817112
2025-07-15,05:45:36.3,3.754793882369995,2.3848326206207275,0.13311108946800232
2025-07-15,05:45:36.3,2.3641295433044434,1.1341317892074585,3.5955889225006104
2025-07-15,05:45:36.6,-0.040901895612478256,0.07469522207975388,0.019013386219739914
2025-07-15,05:45:36.6,0.04362868890166283,0.5704902410507202,1.273492455482483
2025-07-15,05:45:36.6,-0.6980590224266052,1.1979707479476929,-0.1634782999753952
2025-07-15,05:45:36.6,0.0,1.3888871669769287,2.167243719100952
2025-07-15,05:45:36.6,3.2966928482055664,0.842542827129364,-0.051030103117227554
2025-07-15,05:45:36.6,4.0329270362854,1.8776174783706665,0.11694474518299103
2025-07-15,05:45:36.6,2.5031960010528564,1.4962416887283325,3.3613827228546143
2025-07-15,05:45:36.9,-0.040901895612478256,0.07469791918992996,0.019002776592969894
2025-07-15,05:45:36.9,0.08725737780332565,0.6356468200683594,1.2399535179138184
2025-07-15,05:45:36.9,-0.6980590224266052,1.1989986896514893,-0.15576006472110748
2025-07-15,05:45:36.9,0.0,1.2494499683380127,2.2505171298980713
2025-07-15,05:45:36.9,3.2966928482055664,0.844073474407196,0.004731778055429459
2025-07-15,05:45:36.9,4.0329270362854,1.8739781379699707,0.16531646251678467
2025-07-15,05:45:36.9,2.5031960010528564,1.0111464262008667,3.5376851558685303
2025-07-15,05:45:37.3,-0.040901895612478256,0.07469233125448227,0.01902473345398903
2025-07-15,05:45:37.3,0.04362868890166283,0.5759886503219604,1.2710150480270386
2025-07-15,05:45:37.3,-0.6980590224266052,1.2008450031280518,-0.14082130789756775
2025-07-15,05:45:37.3,0.0,1.2832506895065308,2.231416702270508
2025-07-15,05:45:37.3,3.190347909927368,1.184133529663086,-0.013207519426941872
2025-07-15,05:45:37.3,3.893860340118408,2.154325485229492,-0.018885670229792595
2025-07-15,05:45:37.3,2.2250630855560303,0.7968043684959412,3.7706525325775146
2025-07-15,05:45:37.6,-0.040901895612478256,0.07469527423381805,0.019013168290257454
2025-07-15,05:45:37.6,0.04362868890166283,0.5858064889907837,1.2665200233459473
2025-07-15,05:45:37.6,-0.6980590224266052,1.198813796043396,-0.15717683732509613
2025-07-15,05:45:37.6,0.0,1.2396681308746338,2.255920171737671
2025-07-15,05:45:37.6,-1.4479271173477173,2.12772274017334,-0.04749206453561783
2025-07-15,05:45:37.6,3.190347909927368,1.177557110786438,-0.12532275915145874
2025-07-15,05:45:37.6,4.0329270362854,1.8809547424316406,-0.03365468978881836
2025-07-15,05:45:37.6,2.5031960010528564,1.4045640230178833,3.4007105827331543
2025-07-15,05:45:37.9,-0.040901895612478256,0.07469317317008972,0.01902141608297825
2025-07-15,05:45:37.9,0.08725737780332565,0.6082882285118103,1.2536016702651978
2025-07-15,05:45:37.9,-0.6980590224266052,1.2049773931503296,-0.09944242238998413
2025-07-15,05:45:37.9,0.0,1.2651886940002441,2.2417070865631104
2025-07-15,05:45:37.9,3.190347909927368,1.1835864782333374,0.03833535313606262
2025-07-15,05:45:37.9,3.893860340118408,2.1487157344818115,0.15651129186153412
2025-07-15,05:45:37.9,2.2250630855560303,0.8437579274177551,3.7604241371154785
2025-07-15,05:45:38.3,-0.040901895612478256,0.07469591498374939,0.01901066116988659
2025-07-15,05:45:38.3,0.04362868890166283,0.5584417581558228,1.2788217067718506
2025-07-15,05:45:38.3,-0.6980590224266052,1.2045211791992188,-0.10482318699359894
2025-07-15,05:45:38.3,0.0,1.241922378540039,2.2546799182891846
2025-07-15,05:45:38.3,3.190347909927368,1.183942437171936,-0.025036154314875603
2025-07-15,05:45:38.3,3.893860340118408,2.145404815673828,-0.19675473868846893
2025-07-15,05:45:38.3,2.2250630855560303,0.6521763205528259,3.798339605331421
2025-07-15,05:45:38.6,-0.040901895612478256,0.07469944655895233,0.01899678446352482
2025-07-15,05:45:38.6,0.04362868890166283,0.5843454599380493,1.2671947479248047
2025-07-15,05:45:38.6,-0.6980590224266052,1.2026921510696411,-0.12405938655138016
2025-07-15,05:45:38.6,0.0,1.268978476524353,2.2395639419555664
2025-07-15,05:45:38.6,3.190347909927368,1.1838496923446655,-0.029094919562339783
2025-07-15,05:45:38.6,3.893860340118408,2.153891086578369,0.047199323773384094
2025-07-15,05:45:38.6,2.3641295433044434,1.243003010749817,3.559418201446533
2025-07-15,05:45:38.9,-0.040901895612478256,0.07469591498374939,0.019010649994015694
2025-07-15,05:45:38.9,0.04362868890166283,0.577572226524353,1.2702962160110474
2025-07-15,05:45:38.9,-0.6980590224266052,1.1990981101989746,-0.1549931913614273
2025-07-15,05:45:38.9,0.38175103068351746,0.6867818832397461,-1.309327483177185
2025-07-15,05:45:38.9,0.0,1.0912809371948242,2.3313212394714355
2025-07-15,05:45:38.9,3.190347909927368,1.1823256015777588,-0.06672967225313187
2025-07-15,05:45:38.9,3.893860340118408,2.148094415664673,-0.1648193895816803
2025-07-15,05:45:38.9,2.2250630855560303,1.0263434648513794,3.7147457599639893
2025-07-15,05:45:39.3,-0.040901895612478256,0.07469488680362701,0.019014686346054077
2025-07-15,05:45:39.3,0.08725737780332565,0.6523383855819702,1.231253981590271
2025-07-15,05:45:39.3,-0.6980590224266052,1.2028530836105347,-0.12248922139406204
2025-07-15,05:45:39.3,-0.08044039458036423,1.0794346332550049,2.335444927215576
2025-07-15,05:45:39.3,3.190347909927368,1.1840711832046509,-0.01794741116464138
2025-07-15,05:45:39.3,4.0329270362854,1.8805798292160034,-0.050431106239557266
2025-07-15,05:45:39.3,2.3641295433044434,0.5048233270645142,3.7362639904022217
2025-07-15,05:45:39.6,-0.040901895612478256,0.07469478249549866,0.019015101715922356
2025-07-15,05:45:39.6,0.04362868890166283,0.5847340822219849,1.2670154571533203
2025-07-15,05:45:39.6,-0.6980590224266052,1.203590750694275,-0.1150151714682579
2025-07-15,05:45:39.6,0.0,1.3066997528076172,2.217766523361206
2025-07-15,05:45:39.6,3.190347909927368,1.1819944381713867,-0.0723583996295929
2025-07-15,05:45:39.6,4.0329270362854,1.8807748556137085,-0.04253997281193733
2025-07-15,05:45:39.6,2.3641295433044434,1.0233852863311768,3.6286633014678955
2025-07-15,05:45:40.0,-0.040901895612478256,0.07469647377729416,0.01900847628712654
2025-07-15,05:45:40.0,0.08725737780332565,0.6476001143455505,1.233752727508545
2025-07-15,05:45:40.0,-0.6980590224266052,1.1955361366271973,-0.18042348325252533
2025-07-15,05:45:40.0,0.0,1.3059707880020142,2.218195915222168
2025-07-15,05:45:40.0,-1.3674867153167725,2.167280435562134,-0.2425452172756195
2025-07-15,05:45:40.0,3.190347909927368,1.1840224266052246,0.020920593291521072
2025-07-15,05:45:40.0,4.0329270362854,1.8812516927719116,-0.003979783970862627
2025-07-15,05:45:40.0,2.3641295433044434,0.8814075589179993,3.665738105773926
2025-07-15,05:45:40.3,-0.040901895612478256,0.0746966078877449,0.01900794543325901
2025-07-15,05:45:40.3,0.04362868890166283,0.5865792632102966,1.2661622762680054
2025-07-15,05:45:40.3,-0.6980590224266052,1.1981213092803955,-0.16237138211727142
2025-07-15,05:45:40.3,0.0,1.3126980066299438,2.214221477508545
2025-07-15,05:45:40.3,3.190347909927368,1.1841875314712524,-0.006831545382738113
2025-07-15,05:45:40.3,4.0329270362854,1.8681862354278564,-0.22136765718460083
2025-07-15,05:45:40.3,2.2250630855560303,1.0263434648513794,3.7147457599639893
2025-07-15,05:45:40.6,-0.040901895612478256,0.0746939554810524,0.019018348306417465
2025-07-15,05:45:40.6,0.08725737780332565,0.6531252264976501,1.2308367490768433
2025-07-15,05:45:40.6,-0.6980590224266052,1.200136423110962,-0.14673690497875214
2025-07-15,05:45:40.6,0.4771887958049774,0.4003741145133972,-1.3941782712936401
2025-07-15,05:45:40.6,-0.7635020613670349,1.0886849164962769,0.7507138848304749
2025-07-15,05:45:40.6,0.0,1.1962475776672363,2.2792420387268066
2025-07-15,05:45:40.6,3.190347909927368,1.1814581155776978,-0.08064225316047668
2025-07-15,05:45:40.6,3.893860340118408,2.151822805404663,-0.10551466792821884
2025-07-15,05:45:40.6,2.3641295433044434,1.3468588590621948,3.521432399749756
2025-07-15,05:45:40.6,-0.3517563045024872,3.090623378753662,4.690398216247559
2025-07-15,05:45:41.0,-0.040901895612478256,0.07469455152750015,0.019016027450561523
2025-07-15,05:45:41.0,0.08725737780332565,0.6810887455940247,1.2155861854553223
2025-07-15,05:45:41.0,-0.6980590224266052,1.201642394065857,-0.1338457465171814
2025-07-15,05:45:41.0,0.0,1.2726778984069824,2.2374637126922607
2025-07-15,05:45:41.0,3.190347909927368,1.1827021837234497,0.05968433991074562
2025-07-15,05:45:41.0,4.0329270362854,1.8797056674957275,-0.07635487616062164
2025-07-15,05:45:41.3,-0.040901895612478256,0.07469327002763748,0.019021030515432358
2025-07-15,05:45:41.3,0.04362868890166283,0.5994482040405273,1.2601206302642822
2025-07-15,05:45:41.3,-0.6544303297996521,1.218605875968933,-0.18938350677490234
2025-07-15,05:45:41.3,0.0,1.2785110473632812,2.234135627746582
2025-07-15,05:45:41.3,3.190347909927368,1.1832998991012573,0.04634740948677063
2025-07-15,05:45:41.3,3.754793882369995,2.3532891273498535,0.408871591091156
2025-07-15,05:45:41.3,0.0,2.918776273727417,4.709744453430176
2025-07-15,05:45:41.6,-0.040901895612478256,0.07469291985034943,0.019022425636649132
2025-07-15,05:45:41.6,0.04362868890166283,0.594047486782074,1.2626756429672241
2025-07-15,05:45:41.6,-0.7416877150535583,1.1775195598602295,-0.11176980286836624
2025-07-15,05:45:41.6,0.0,1.260890245437622,2.2441275119781494
2025-07-15,05:45:41.6,3.190347909927368,1.1841182708740234,0.014514193870127201
2025-07-15,05:45:41.6,4.0329270362854,1.8735054731369019,-0.1705901324748993
2025-07-15,05:45:41.6,2.2250630855560303,0.6983261704444885,3.790126323699951
2025-07-15,05:45:41.9,-0.040901895612478256,0.0746939554810524,0.01901833713054657
2025-07-15,05:45:41.9,0.08725737780332565,0.6606564521789551,1.2268108129501343
2025-07-15,05:45:41.9,-0.6980590224266052,1.1997592449188232,-0.14979031682014465
2025-07-15,05:45:41.9,0.0,1.2193371057510376,2.2669737339019775
2025-07-15,05:45:41.9,3.190347909927368,1.1814581155776978,-0.08064225316047668
2025-07-15,05:45:41.9,3.893860340118408,2.1395955085754395,-0.25220170617103577
2025-07-15,05:45:41.9,2.3641295433044434,1.7882347106933594,3.319146156311035
2025-07-15,05:45:42.3,-0.040901895612478256,0.07466205954551697,0.019143180921673775
2025-07-15,05:45:42.3,3.190347909927368,1.1788650751113892,-0.1123557984828949
2025-07-15,05:45:42.3,4.0329270362854,1.5231443643569946,-1.1041533946990967
2025-07-15,05:45:42.6,-0.040901895612478256,0.07470521330833435,0.018974076956510544
2025-07-15,05:45:42.6,3.190347909927368,1.1820659637451172,-0.0711815357208252
2025-07-15,05:45:42.6,4.0329270362854,1.5337151288986206,-1.089422583580017
2025-07-15,05:45:43.0,-0.040901895612478256,0.07473074644804001,0.018873272463679314
2025-07-15,05:45:43.0,3.190347909927368,1.1839665174484253,0.02387065254151821
2025-07-15,05:45:43.0,4.0329270362854,1.6323764324188232,-0.9351314306259155
2025-07-15,05:45:43.3,-0.040901895612478256,0.07470593601465225,0.018971247598528862
2025-07-15,05:45:43.3,3.190347909927368,1.175171136856079,-0.14601171016693115
2025-07-15,05:45:43.3,3.9933884143829346,1.8013825416564941,0.4744352698326111
2025-07-15,05:45:43.3,2.2032487392425537,1.8753058910369873,3.323573589324951
2025-07-15,05:45:43.6,-0.040901895612478256,0.07468904554843903,0.019037622958421707
2025-07-15,05:45:43.6,3.08400297164917,1.4385918378829956,-0.006774751003831625
2025-07-15,05:45:43.6,3.717982292175293,2.3460426330566406,0.2998512387275696
2025-07-15,05:45:43.6,2.2032487392425537,2.482963800430298,2.8978967666625977
2025-07-15,05:45:43.9,-0.040901895612478256,0.074699766933918,0.018995516002178192
2025-07-15,05:45:43.9,3.190347909927368,1.1759966611862183,0.1392069309949875
2025-07-15,05:45:43.9,3.855685234069824,2.0918447971343994,0.41844508051872253
2025-07-15,05:45:43.9,2.2032487392425537,1.361899971961975,3.5648481845855713
2025-07-15,05:45:44.3,-0.040901895612478256,0.07470196485519409,0.01898687146604061
2025-07-15,05:45:44.3,3.190347909927368,1.184133529663086,0.01320711337029934
2025-07-15,05:45:44.3,3.754793882369995,2.3835034370422363,-0.15510493516921997
2025-07-15,05:45:44.6,-0.040901895612478256,0.07468679547309875,0.01904645375907421
2025-07-15,05:45:44.6,3.190347909927368,1.1804101467132568,0.0947556421160698
2025-07-15,05:45:44.6,3.893860340118408,2.1288132667541504,-0.3311018943786621
2025-07-15,05:45:44.9,-0.040901895612478256,0.07471666485071182,0.01892894320189953
2025-07-15,05:45:44.9,0.0,0.6071504950523376,1.2571848630905151
2025-07-15,05:45:44.9,0.6980590224266052,1.197049856185913,-0.17009054124355316
2025-07-15,05:45:44.9,3.08400297164917,1.4380730390548706,-0.03922053426504135
2025-07-15,05:45:44.9,3.9933884143829346,1.695984959602356,0.7705212235450745
2025-07-15,05:45:44.9,2.340951681137085,2.0640482902526855,3.110766649246216
2025-07-15,05:45:45.3,-0.040901895612478256,0.07468855381011963,0.01903955638408661
2025-07-15,05:45:45.3,0.0,0.6455693244934082,1.2378957271575928
2025-07-15,05:45:45.3,0.4771887958049774,0.5441172122955322,-1.3446073532104492
2025-07-15,05:45:45.3,-0.08044039458036423,1.209843635559082,2.2706298828125
2025-07-15,05:45:45.3,3.190347909927368,1.1837736368179321,0.03203848749399185
2025-07-15,05:45:45.3,4.0329270362854,1.7020841836929321,-0.8012697100639343
2025-07-15,05:45:45.3,-0.1745147556066513,0.571410059928894,5.552419662475586
2025-07-15,05:45:45.6,-0.040901895612478256,0.07468073815107346,0.01907019130885601
2025-07-15,05:45:45.6,0.0,0.6208860278129578,1.2504583597183228
2025-07-15,05:45:45.6,0.4771887958049774,0.38034602999687195,-1.3997747898101807
2025-07-15,05:45:45.6,1.00209641456604,1.087289571762085,0.38124242424964905
2025-07-15,05:45:45.6,-0.08044039458036423,1.1947435140609741,2.278611421585083
2025-07-15,05:45:45.6,3.190347909927368,1.184133529663086,0.01320711337029934
2025-07-15,05:45:45.6,4.0329270362854,1.8294833898544312,-0.4383082985877991
2025-07-15,05:45:45.6,2.3641295433044434,1.7978515625,3.3139469623565674
2025-07-15,05:45:45.6,0.34630271792411804,3.160219430923462,4.538064956665039
2025-07-15,05:45:45.6,-3.1167244911193848,4.438126087188721,-1.135787844657898
2025-07-15,05:45:45.6,0.0,1.1693298816680908,-5.505287170410156
2025-07-15,05:45:45.6,-2.2864160537719727,5.118810176849365,-0.4955885410308838
2025-07-15,05:45:45.6,0.8725737929344177,2.421187400817871,4.9560866355896
2025-07-15,05:45:45.6,2.792236089706421,4.795121192932129,-0.6297287344932556
2025-07-15,05:45:45.9,-0.040901895612478256,0.07467661798000336,0.019086314365267754
2025-07-15,05:45:45.9,0.0,0.6097173690795898,1.2559419870376587
2025-07-15,05:45:45.9,0.4771887958049774,0.3441995084285736,-1.409098744392395
2025-07-15,05:45:45.9,-0.08044039458036423,1.1761912107467651,2.288243055343628
2025-07-15,05:45:45.9,3.190347909927368,1.1840734481811523,-0.01779528334736824
2025-07-15,05:45:45.9,3.893860340118408,2.1537742614746094,-0.05225548520684242
2025-07-15,05:45:45.9,2.3641295433044434,1.3949835300445557,3.5026469230651855
2025-07-15,05:45:45.9,-0.5317246317863464,1.7248504161834717,5.376864910125732
2025-07-15,05:45:45.9,0.0,2.430353879928589,4.9793901443481445
2025-07-15,05:45:45.9,2.5972704887390137,4.893745422363281,0.07991769164800644
2025-07-15,05:45:46.3,-0.040901895612478256,0.07468230277299881,0.019064053893089294
2025-07-15,05:45:46.3,0.0,0.622269868850708,1.2497702836990356
2025-07-15,05:45:46.3,0.4771887958049774,0.5354013442993164,-1.3481016159057617
2025-07-15,05:45:46.3,1.00209641456604,1.0425463914871216,0.49055206775665283
2025-07-15,05:45:46.3,-0.08044039458036423,1.1718050241470337,2.290492296218872
2025-07-15,05:45:46.3,3.190347909927368,1.184133529663086,-0.013207519426941872
2025-07-15,05:45:46.3,3.893860340118408,2.153959035873413,-0.04399194195866585
2025-07-15,05:45:46.3,2.3641295433044434,0.1533576250076294,3.7670938968658447
2025-07-15,05:45:46.3,-0.5194540619850159,2.2787554264068604,5.023782253265381
2025-07-15,05:45:46.7,-0.040901895612478256,0.07468744367361069,0.019043905660510063
2025-07-15,05:45:46.7,0.0,0.5961909294128418,1.2624191045761108
2025-07-15,05:45:46.7,0.4771887958049774,0.4621666371822357,-1.374930739402771
2025-07-15,05:45:46.7,0.9066587090492249,0.9948257207870483,0.721133291721344
2025-07-15,05:45:46.7,0.0,1.252309799194336,2.248927116394043
2025-07-15,05:45:46.7,3.190347909927368,1.1815533638000488,-0.07923538237810135
2025-07-15,05:45:46.7,3.754793882369995,2.3698949813842773,0.2978981137275696
2025-07-15,05:45:46.7,0.17178796231746674,1.3134733438491821,5.335227012634277
2025-07-15,05:45:46.7,-0.34630271792411804,2.950122833251953,4.677370548248291
2025-07-15,05:45:46.9,-0.040901895612478256,0.07468465715646744,0.019054826349020004
2025-07-15,05:45:46.9,-0.04362868890166283,0.5949438214302063,1.2622535228729248
2025-07-15,05:45:46.9,0.4771887958049774,0.41922280192375183,-1.3886269330978394
2025-07-15,05:45:46.9,0.9066587090492249,1.0000698566436768,0.7138429880142212
2025-07-15,05:45:46.9,0.0,1.2905255556106567,2.227217197418213
2025-07-15,05:45:46.9,3.190347909927368,1.1833311319351196,-0.045542147010564804
2025-07-15,05:45:46.9,3.754793882369995,2.3787665367126465,0.21590778231620789
2025-07-15,05:45:46.9,2.3641295433044434,1.1589035987854004,3.587681293487549
2025-07-15,05:45:46.9,-0.17315135896205902,2.8077776432037354,4.773609638214111
2025-07-15,05:45:46.9,-0.17178796231746674,2.45605731010437,4.915042400360107
2025-07-15,05:45:47.3,-0.040901895612478256,0.07468031346797943,0.019071845337748528
2025-07-15,05:45:47.3,0.0,0.5880167484283447,1.2662471532821655
2025-07-15,05:45:47.3,0.0,1.2312476634979248,2.2605268955230713
2025-07-15,05:45:47.3,2.4641303198971457e-35,6.457253388531973e-40,2.047241687774658
2025-07-15,05:45:47.3,9.22621317490095e+18,-1.661535192801551e+35,5.7398654466683035e-34
2025-07-15,05:45:47.3,0.0,2.350988701644575e-38,-0.0
2025-07-15,05:45:47.3,24211.765625,3.7391484498978545e-29,5.566302219720397e-39
2025-07-15,05:45:47.3,-6.64613997892458e+35,-205782073344.0,5.882573881820044e-39
2025-07-15,05:45:47.6,-0.040901895612478256,0.07467202097177505,0.019104309380054474
2025-07-15,05:45:47.6,0.04362868890166283,0.550388514995575,1.2823083400726318
2025-07-15,05:45:47.6,0.5671729445457458,1.2736057043075562,-0.07341048866510391
2025-07-15,05:45:47.6,0.0,1.3467507362365723,2.193676233291626
2025-07-15,05:45:47.6,3.190347909927368,1.170893907546997,-0.17707090079784393
2025-07-15,05:45:47.6,3.893860340118408,2.154078483581543,-0.03769335895776749
2025-07-15,05:45:47.6,-0.6980590224266052,1.7168724536895752,5.267959117889404
2025-07-15,05:45:47.6,-0.17315135896205902,2.154670000076294,5.101799964904785
2025-07-15,05:45:47.6,2.2509677410125732,4.990989685058594,-0.8509474992752075
2025-07-15,05:45:48.0,-0.040901895612478256,0.07469256967306137,0.01902378723025322
2025-07-15,05:45:48.0,0.04362868890166283,0.5321877002716064,1.2899683713912964
2025-07-15,05:45:48.0,0.5671729445457458,1.2717869281768799,-0.10009162127971649
2025-07-15,05:45:48.0,0.0,1.3056693077087402,2.2183732986450195
2025-07-15,05:45:48.0,3.190347909927368,1.1835907697677612,-0.03820269927382469
2025-07-15,05:45:48.0,3.893860340118408,2.135495901107788,-0.2848367691040039
2025-07-15,05:45:48.0,2.2250630855560303,1.3210049867630005,3.620450735092163
2025-07-15,05:45:48.0,-0.3490295112133026,0.8876389265060425,5.502418041229248
2025-07-15,05:45:48.3,-0.040901895612478256,0.07468441128730774,0.019055815413594246
2025-07-15,05:45:48.3,0.0,0.5039207935333252,1.3020020723342896
2025-07-15,05:45:48.3,0.5235442519187927,1.2927584648132324,-0.06182681769132614
2025-07-15,05:45:48.3,0.08044039458036423,1.4485958814620972,2.1262764930725098
2025-07-15,05:45:48.3,3.08400297164917,1.4383225440979004,-0.02865273505449295
2025-07-15,05:45:48.3,3.893860340118408,2.150369167327881,-0.13186123967170715
2025-07-15,05:45:48.3,2.2250630855560303,0.74742192029953,3.7807509899139404
2025-07-15,05:45:48.3,-1.24069082736969,3.036911964416504,4.626701831817627
2025-07-15,05:45:48.3,2.1268985271453857,5.23539400100708,-0.48525336384773254
2025-07-15,05:45:48.3,-0.34357592463493347,3.1341538429260254,4.50315523147583
2025-07-15,05:45:48.6,-0.040901895612478256,0.07468242943286896,0.019063575193285942
2025-07-15,05:45:48.6,0.0,0.48418164253234863,1.309470772743225
2025-07-15,05:45:48.6,0.5671729445457458,1.2710577249526978,-0.10896217077970505
2025-07-15,05:45:48.6,0.4771887958049774,0.46041232347488403,-1.3755191564559937
2025-07-15,05:45:48.6,1.04981529712677,1.014923095703125,0.4467219114303589
2025-07-15,05:45:48.6,0.08044039458036423,1.2974945306777954,2.2217087745666504
2025-07-15,05:45:48.6,3.190347909927368,1.1833088397979736,0.046118609607219696
2025-07-15,05:45:48.6,3.893860340118408,2.1487934589385986,-0.1554412692785263
2025-07-15,05:45:48.6,2.2250630855560303,0.8746625781059265,3.7533562183380127
2025-07-15,05:45:48.6,0.17315135896205902,2.733004093170166,4.81680965423584
2025-07-15,05:45:48.9,-0.040901895612478256,0.07468248158693314,0.019063357263803482
2025-07-15,05:45:48.9,0.0,0.4870990216732025,1.308388352394104
2025-07-15,05:45:48.9,0.5671729445457458,1.2730228900909424,-0.08290532976388931
2025-07-15,05:45:48.9,0.4771887958049774,0.48304763436317444,-1.367734432220459
2025-07-15,05:45:48.9,1.00209641456604,1.0690943002700806,0.42962974309921265
2025-07-15,05:45:48.9,0.08044039458036423,1.412642478942871,2.1503310203552246
2025-07-15,05:45:48.9,3.190347909927368,1.1836599111557007,0.03599623963236809
2025-07-15,05:45:48.9,3.754793882369995,2.3867242336273193,-0.09323792159557343
2025-07-15,05:45:48.9,2.2250630855560303,1.3466336727142334,3.6109964847564697
2025-07-15,05:45:48.9,0.0,2.285367488861084,4.951635837554932
2025-07-15,05:45:49.3,-0.040901895612478256,0.07468096166849136,0.019069327041506767
2025-07-15,05:45:49.3,0.0,0.4728236794471741,1.3136146068572998
2025-07-15,05:45:49.3,0.5671729445457458,1.2721052169799805,-0.09596195071935654
2025-07-15,05:45:49.3,0.4771887958049774,0.4641278386116028,-1.374269962310791
2025-07-15,05:45:49.3,1.00209641456604,1.0487302541732788,0.4771887958049774
2025-07-15,05:45:49.3,0.0,1.2062997817993164,2.273937940597534
2025-07-15,05:45:49.3,3.190347909927368,1.1841903924942017,0.006308226380497217
2025-07-15,05:45:49.3,3.893860340118408,2.1459898948669434,-0.1902688890695572
2025-07-15,05:45:49.3,2.2250630855560303,1.1688939332962036,3.672384023666382
2025-07-15,05:45:49.6,-0.040901895612478256,0.07468372583389282,0.019058478996157646
2025-07-15,05:45:49.6,0.0,0.46530282497406006,1.3162974119186401
2025-07-15,05:45:49.6,0.5671729445457458,1.2714719772338867,-0.10401683300733566
2025-07-15,05:45:49.6,0.4771887958049774,0.5017520189285278,-1.360983967781067
2025-07-15,05:45:49.6,0.0,1.2716079950332642,2.238071918487549
2025-07-15,05:45:49.6,3.08400297164917,1.4282125234603882,-0.17263120412826538
2025-07-15,05:45:49.6,3.893860340118408,2.1533613204956055,-0.0671565979719162
2025-07-15,05:45:49.6,2.3641295433044434,1.0681902170181274,3.615727424621582
2025-07-15,05:45:49.6,-0.17042456567287445,3.6344854831695557,4.062397480010986
2025-07-15,05:45:49.6,0.17042456567287445,1.9148730039596558,5.10351037979126
2025-07-15,05:45:49.9,-0.040901895612478256,0.07468278706073761,0.019062159582972527
2025-07-15,05:45:49.9,0.0,0.48907017707824707,1.3076528310775757
2025-07-15,05:45:49.9,0.5235442519187927,1.2912606000900269,-0.08770999312400818
2025-07-15,05:45:49.9,0.42946991324424744,0.6362036466598511,-1.3200538158416748
2025-07-15,05:45:49.9,0.0,1.2410862445831299,2.2551403045654297
2025-07-15,05:45:49.9,3.08400297164917,1.4291019439697266,-0.16510595381259918
2025-07-15,05:45:49.9,3.893860340118408,2.1543095111846924,0.0206278208643198
2025-07-15,05:45:49.9,2.4641303198971457e-35,6.457253388531973e-40,2.047241687774658
2025-07-15,05:45:50.3,-0.040901895612478256,0.07467903941869736,0.019076848402619362
2025-07-15,05:45:50.3,-0.04362868890166283,0.6046532988548279,1.2576313018798828
2025-07-15,05:45:50.3,0.5671729445457458,1.2689814567565918,-0.1309448629617691
2025-07-15,05:45:50.3,0.42946991324424744,0.5092557072639465,-1.3740290403366089
2025-07-15,05:45:50.3,0.0,1.2173736095428467,2.268028736114502
2025-07-15,05:45:50.3,3.190347909927368,1.184203028678894,-0.0031500563491135836
2025-07-15,05:45:50.3,3.893860340118408,2.151939630508423,0.10310515761375427
2025-07-15,05:45:50.3,2.3641295433044434,1.0681902170181274,3.615727424621582
2025-07-15,05:45:50.3,-0.34630271792411804,2.3313097953796387,5.014580249786377
2025-07-15,05:45:50.6,-0.040901895612478256,0.07468190789222717,0.019065624102950096
2025-07-15,05:45:50.6,0.0,0.6261979341506958,1.2478067874908447
2025-07-15,05:45:50.6,0.5235442519187927,1.2882044315338135,-0.12480521202087402
2025-07-15,05:45:50.6,0.42946991324424744,0.5579199194908142,-1.35499906539917
2025-07-15,05:45:50.6,0.0,1.1777222156524658,2.2888693809509277
2025-07-15,05:45:50.6,3.190347909927368,1.175331473350525,-0.14471517503261566
2025-07-15,05:45:50.6,3.893860340118408,2.15388822555542,0.0473330095410347
2025-07-15,05:45:50.6,0.0,2.0844149589538574,5.086706638336182
2025-07-15,05:45:50.6,-0.34630271792411804,2.4921250343322754,4.936631679534912
2025-07-15,05:45:51.0,-0.040901895612478256,0.07468075305223465,0.019070127978920937
2025-07-15,05:45:51.0,0.0,0.6215211153030396,1.2501428127288818
2025-07-15,05:45:51.0,0.5235442519187927,1.2887656688690186,-0.11886988580226898
2025-07-15,05:45:51.0,0.42946991324424744,0.5687001943588257,-1.3505100011825562
2025-07-15,05:45:51.0,0.0,1.234197735786438,2.2589175701141357
2025-07-15,05:45:51.0,3.190347909927368,1.1840400695800781,0.01989423856139183
2025-07-15,05:45:51.0,3.893860340118408,2.153564929962158,0.06027393788099289
2025-07-15,05:45:51.0,2.3641295433044434,0.35542717576026917,3.7534232139587402
2025-07-15,05:45:51.0,-0.6926054358482361,1.492524266242981,-5.290899276733398
2025-07-15,05:45:51.3,-0.040901895612478256,0.0746796652674675,0.01907440274953842
2025-07-15,05:45:51.3,-0.04362868890166283,0.6018028259277344,1.2589977979660034
2025-07-15,05:45:51.3,0.5671729445457458,1.2662408351898193,-0.1552247852087021
2025-07-15,05:45:51.3,0.42946991324424744,0.5991509556770325,-1.3372790813446045
2025-07-15,05:45:51.3,0.0,1.2215960025787354,2.2657573223114014
2025-07-15,05:45:51.3,3.190347909927368,1.1786808967590332,-0.11427098512649536
2025-07-15,05:45:51.3,3.893860340118408,2.147958517074585,-0.16658011078834534
2025-07-15,05:45:51.3,2.3641295433044434,1.533546805381775,3.4442341327667236
2025-07-15,05:45:51.3,0.0,2.2147605419158936,5.031322479248047
2025-07-15,05:45:51.6,-0.040901895612478256,0.07468060404062271,0.019070731475949287
2025-07-15,05:45:51.6,0.0,0.6417537927627563,1.2398780584335327
2025-07-15,05:45:51.6,0.5235442519187927,1.2885619401931763,-0.12105757743120193
2025-07-15,05:45:51.6,0.42946991324424744,0.599778950214386,-1.3369975090026855
2025-07-15,05:45:51.6,0.0,1.2195453643798828,2.2668616771698
2025-07-15,05:45:51.6,3.190347909927368,1.1751792430877686,-0.14594680070877075
2025-07-15,05:45:51.6,3.893860340118408,2.151667356491089,-0.1086408868432045
2025-07-15,05:45:51.6,2.3641295433044434,1.2087942361831665,3.571180582046509
2025-07-15,05:45:51.6,0.0,3.237043857574463,4.443075180053711
2025-07-15,05:45:51.6,2.7486073970794678,4.707396030426025,-0.7105978727340698
2025-07-15,05:45:52.0,-0.040901895612478256,0.07467997819185257,0.019073165953159332
2025-07-15,05:45:52.0,0.0,0.6469565629959106,1.2371712923049927
2025-07-15,05:45:52.0,0.5235442519187927,1.2889055013656616,-0.11734403669834137
2025-07-15,05:45:52.0,0.42946991324424744,0.5603091716766357,-1.3540128469467163
2025-07-15,05:45:52.0,0.0,1.215621829032898,2.268968105316162
2025-07-15,05:45:52.0,3.190347909927368,1.1810922622680664,-0.08583447337150574
2025-07-15,05:45:52.0,3.893860340118408,2.150484561920166,0.1299641877412796
2025-07-15,05:45:52.0,2.3641295433044434,1.463575005531311,3.4745450019836426
2025-07-15,05:45:52.0,0.0,2.874293327331543,4.685915946960449
2025-07-15,05:45:52.3,-0.040901895612478256,0.07468258589506149,0.019062960520386696
2025-07-15,05:45:52.3,0.0,0.6345222592353821,1.2435944080352783
2025-07-15,05:45:52.3,0.5235442519187927,1.2890403270721436,-0.11585362255573273
2025-07-15,05:45:52.3,2.4641303198971457e-35,6.457253388531973e-40,2.047241687774658
2025-07-15,05:45:52.3,-1.0100529963689136e-28,4.0389683162140665e-28,3.013413380124528e-33
2025-07-15,05:45:52.3,0.0,2.350988701644575e-38,-2.524354896707238e-29
2025-07-15,05:45:52.3,6346969088.0,6.300452674362821e+37,5.566300818421933e-39
2025-07-15,05:45:52.3,7.105427357601002e-15,-1.1392377928132191e-05,5.842788215820934e-39
2025-07-15,05:45:52.3,-48902.0234375,-6.4931739380852e-19,1.743936117550121e-38
2025-07-15,05:45:52.6,-0.040901895612478256,0.07467125356197357,0.019107304513454437
2025-07-15,05:45:52.6,0.0,0.6226329803466797,1.249589443206787
2025-07-15,05:45:52.6,0.5235442519187927,1.2895997762680054,-0.10945024341344833
2025-07-15,05:45:52.6,0.42946991324424744,0.5136224627494812,-1.3724026679992676
2025-07-15,05:45:52.6,0.0,1.2046151161193848,2.2748308181762695
2025-07-15,05:45:52.6,3.190347909927368,1.1810725927352905,0.08610586822032928
2025-07-15,05:45:52.6,3.893860340118408,2.1530094146728516,0.07762116938829422
2025-07-15,05:45:52.6,2.3641295433044434,0.9084414839744568,3.659132242202759
2025-07-15,05:45:52.6,0.0,2.7846615314483643,4.790261745452881
2025-07-15,05:45:52.6,-0.34357592463493347,2.4440035820007324,4.912043571472168
2025-07-15,05:45:52.9,-0.040901895612478256,0.07467590272426605,0.019089121371507645
2025-07-15,05:45:52.9,0.0,0.5966989398002625,1.2621790170669556
2025-07-15,05:45:52.9,0.5235442519187927,1.291347622871399,-0.0864190086722374
2025-07-15,05:45:52.9,0.42946991324424744,0.4366138279438019,-1.3988085985183716
2025-07-15,05:45:52.9,0.0,1.231405258178711,2.2604410648345947
2025-07-15,05:45:52.9,3.190347909927368,1.179511547088623,-0.1053522452712059
2025-07-15,05:45:52.9,3.893860340118408,2.1470460891723633,0.17795607447624207
2025-07-15,05:45:52.9,-1.24069082736969,2.5686066150665283,4.9021897315979
2025-07-15,05:45:52.9,2.1268985271453857,5.073935508728027,-1.3784050941467285
2025-07-15,05:45:52.9,-0.17315135896205902,2.428152322769165,4.977453231811523
2025-07-15,05:45:53.3,-0.040901895612478256,0.07467584311962128,0.019089341163635254
2025-07-15,05:45:53.3,0.0,0.5827139019966125,1.2686961889266968
2025-07-15,05:45:53.3,0.5235442519187927,1.2902005910873413,-0.10212392359972
2025-07-15,05:45:53.3,0.42946991324424744,0.5010194182395935,-1.3770536184310913
2025-07-15,05:45:53.3,0.0,1.1693840026855469,2.2931406497955322
2025-07-15,05:45:53.3,3.190347909927368,1.1832507848739624,-0.04758390411734581
2025-07-15,05:45:53.3,3.893860340118408,2.1501169204711914,0.1359131783246994
2025-07-15,05:45:53.3,2.3641295433044434,0.8416603207588196,3.675067663192749
2025-07-15,05:45:53.3,-0.8793907761573792,1.7829608917236328,5.265286445617676
2025-07-15,05:45:53.6,-0.040901895612478256,0.07467657327651978,0.01908649131655693
2025-07-15,05:45:53.6,0.04362868890166283,0.6381056308746338,1.2409929037094116
2025-07-15,05:45:53.6,0.5671729445457458,1.2702953815460205,-0.11751667410135269
2025-07-15,05:45:53.6,0.42946991324424744,0.4579167068004608,-1.3919804096221924
2025-07-15,05:45:53.6,0.0,1.1950844526290894,2.2798521518707275
2025-07-15,05:45:53.6,3.190347909927368,1.1838116645812988,-0.030604837462306023
2025-07-15,05:45:53.6,3.893860340118408,2.1497395038604736,0.14175499975681305
2025-07-15,05:45:53.6,-1.221603274345398,0.9100451469421387,5.372693061828613
2025-07-15,05:45:53.6,0.5235442519187927,1.3271912336349487,-5.3991475105285645
2025-07-15,05:45:53.6,0.1745147556066513,2.2969157695770264,5.087244033813477
2025-07-15,05:45:53.9,-0.040901895612478256,0.07467596232891083,0.019088903442025185
2025-07-15,05:45:53.9,0.04362868890166283,0.6245125532150269,1.2478886842727661
2025-07-15,05:45:53.9,0.5671729445457458,1.271531105041504,-0.10329167544841766
2025-07-15,05:45:53.9,0.42946991324424744,0.42638781666755676,-1.4019595384597778
2025-07-15,05:45:53.9,0.0,1.2054444551467896,2.2743914127349854
2025-07-15,05:45:53.9,3.190347909927368,1.1835296154022217,0.040052976459264755
2025-07-15,05:45:53.9,3.893860340118408,2.1531331539154053,0.07411140203475952
2025-07-15,05:45:53.9,-0.5235442519187927,1.7441691160202026,5.279214382171631
2025-07-15,05:45:53.9,0.0,1.0500822067260742,-5.4404296875
2025-07-15,05:45:53.9,-0.5276344418525696,3.1894497871398926,4.607008934020996
2025-07-15,05:45:54.3,-0.040901895612478256,0.0746738538146019,0.019097110256552696
2025-07-15,05:45:54.3,0.04362868890166283,0.6422613859176636,1.238847255706787
2025-07-15,05:45:54.3,0.5671729445457458,1.2690513134002686,-0.13026641309261322
2025-07-15,05:45:54.3,0.42946991324424744,0.4751059412956238,-1.3862075805664062
2025-07-15,05:45:54.3,0.0,1.2149072885513306,2.26935076713562
2025-07-15,05:45:54.3,3.190347909927368,1.1836726665496826,0.035576771944761276
2025-07-15,05:45:54.3,3.893860340118408,2.153820037841797,0.05034410580992699
2025-07-15,05:45:54.3,2.3641295433044434,0.8848432302474976,3.664910316467285
2025-07-15,05:45:54.3,0.5194540619850159,2.7838797569274902,4.762470722198486
2025-07-15,05:45:54.3,2.424118995666504,4.955624580383301,-0.516118049621582
2025-07-15,05:45:54.6,-0.040901895612478256,0.07467522472143173,0.01909177377820015
2025-07-15,05:45:54.6,0.0,0.5831354856491089,1.2685024738311768
2025-07-15,05:45:54.6,0.5235442519187927,1.2907763719558716,-0.09456882625818253
2025-07-15,05:45:54.6,0.42946991324424744,0.4700387418270111,-1.3879339694976807
2025-07-15,05:45:54.6,0.0,1.1673156023025513,2.294194221496582
2025-07-15,05:45:54.6,3.190347909927368,1.1784567832946777,-0.11655979603528976
2025-07-15,05:45:54.6,3.893860340118408,2.1540353298187256,0.04007900133728981
2025-07-15,05:45:54.6,-0.34630271792411804,1.072045087814331,-5.425102710723877
2025-07-15,05:45:55.0,-0.040901895612478256,0.07467883080244064,0.019077669829130173
2025-07-15,05:45:55.0,0.04362868890166283,0.6473375558853149,1.236202359199524
2025-07-15,05:45:55.0,0.5671729445457458,1.2706114053726196,-0.11404941976070404
2025-07-15,05:45:55.0,2.4641303198971457e-35,6.457253388531973e-40,2.047241687774658
2025-07-15,05:45:55.0,-1.819549719228597e-12,1.4411520525572506e+17,9.3005002834464e-34
2025-07-15,05:45:55.0,0.0,2.350988701644575e-38,-0.0
2025-07-15,05:45:55.0,-5.505118139126353e-09,-1.003720746214234e-20,5.566094827547677e-39
2025-07-15,05:45:55.0,0.03125,-4.556083877105266e-05,5.8436065741241e-39
2025-07-15,05:45:55.0,-1.0603936009974911e-14,0.00018276726768817753,1.7426540695851103e-38
2025-07-15,05:45:55.3,-0.040901895612478256,0.07468435168266296,0.0190560445189476
2025-07-15,05:45:55.3,0.04362868890166283,0.6182079315185547,1.2510240077972412
2025-07-15,05:45:55.3,0.5671729445457458,1.269732117652893,-0.12345391511917114
2025-07-15,05:45:55.3,0.42946991324424744,0.5003859996795654,-1.3772839307785034
2025-07-15,05:45:55.3,0.0,1.2331039905548096,2.259514808654785
2025-07-15,05:45:55.3,3.190347909927368,1.1791181564331055,-0.1096678078174591
2025-07-15,05:45:55.3,3.893860340118408,2.1543500423431396,-0.01582629792392254
2025-07-15,05:45:55.3,2.3641295433044434,0.9111186861991882,3.6584665775299072
2025-07-15,05:45:55.3,-0.17178796231746674,2.5144600868225098,4.885422229766846
2025-07-15,05:45:55.3,2.7486073970794678,4.739863872528076,-0.44521787762641907
2025-07-15,05:45:55.3,-0.1745147556066513,2.9547696113586426,4.7355265617370605
2025-07-15,05:45:55.3,2.792236089706421,4.806126117706299,-0.5393518209457397
2025-07-15,05:45:55.6,-0.040901895612478256,0.07468158006668091,0.019066883251070976
2025-07-15,05:45:55.6,0.0,0.5946038961410522,1.263167381286621
2025-07-15,05:45:55.6,0.5235442519187927,1.2909626960754395,-0.0919904112815857
2025-07-15,05:45:55.6,0.42946991324424744,0.3994942009449005,-1.4098587036132812
2025-07-15,05:45:55.6,0.0,1.1503989696502686,2.3027234077453613
2025-07-15,05:45:55.6,3.190347909927368,1.1832830905914307,-0.046771340072155
2025-07-15,05:45:55.6,3.893860340118408,2.1509017944335938,0.12286614626646042
2025-07-15,05:45:55.6,0.34630271792411804,1.7377517223358154,5.249879837036133
2025-07-15,05:45:55.6,2.424118995666504,4.974470615386963,-0.2814951241016388
2025-07-15,05:45:55.6,-0.5235442519187927,2.949063539505005,4.713305950164795
2025-07-15,05:45:55.9,-0.040901895612478256,0.07468273490667343,0.019062379375100136
2025-07-15,05:45:55.9,0.0,0.6178272366523743,1.2519724369049072
2025-07-15,05:45:55.9,0.5671729445457458,1.269559383392334,-0.12521784007549286
2025-07-15,05:45:55.9,0.42946991324424744,0.4172005355358124,-1.4047209024429321
2025-07-15,05:45:55.9,0.0,1.2287195920944214,2.261902093887329
2025-07-15,05:45:55.9,3.190347909927368,1.180652141571045,-0.0916907787322998
2025-07-15,05:45:55.9,3.893860340118408,2.1535730361938477,0.059986408799886703
2025-07-15,05:45:55.9,2.3641295433044434,0.7711127996444702,3.6905148029327393
2025-07-15,05:45:55.9,0.0,2.536785364151001,4.876893520355225
2025-07-15,05:45:56.3,-0.040901895612478256,0.07468543946743011,0.01905175857245922
2025-07-15,05:45:56.3,0.0,0.6282378435134888,1.2467809915542603
2025-07-15,05:45:56.3,0.5235442519187927,1.2896335124969482,-0.10905157029628754
2025-07-15,05:45:56.3,0.42946991324424744,0.48205986618995667,-1.3838046789169312
2025-07-15,05:45:56.3,0.0,1.2371634244918823,2.2572946548461914
2025-07-15,05:45:56.3,3.190347909927368,1.178092122077942,-0.12018976360559464
2025-07-15,05:45:56.3,4.0329270362854,1.8812391757965088,0.007913945242762566
2025-07-15,05:45:56.3,2.3641295433044434,1.094619870185852,3.607814073562622
2025-07-15,05:45:56.3,0.0,2.06775164604187,5.093502998352051
2025-07-15,05:45:56.3,-0.8793907761573792,2.092174768447876,5.150242328643799
2025-07-15,05:45:56.6,-0.040901895612478256,0.0746845006942749,0.01905544102191925
2025-07-15,05:45:56.6,0.0,0.6311397552490234,1.2453144788742065
2025-07-15,05:45:56.6,0.5235442519187927,1.289793610572815,-0.10714195668697357
2025-07-15,05:45:56.6,0.42946991324424744,0.5327194333076477,-1.3651033639907837
2025-07-15,05:45:56.6,0.0,1.2458009719848633,2.2525391578674316
2025-07-15,05:45:56.6,3.190347909927368,1.1834516525268555,-0.04229391738772392
2025-07-15,05:45:56.6,3.893860340118408,2.1539080142974854,0.046426922082901
2025-07-15,05:45:56.6,2.3641295433044434,1.3109678030014038,3.5349509716033936
2025-07-15,05:45:56.6,0.17178796231746674,3.2445297241210938,4.4342851638793945
2025-07-15,05:45:56.6,-3.0921833515167236,4.540477275848389,-0.2045421153306961
2025-07-15,05:45:56.6,-1.0552688837051392,2.8408546447753906,4.742517471313477
2025-07-15,05:45:57.0,-0.040901895612478256,0.07468471676111221,0.01905461959540844
2025-07-15,05:45:57.0,0.0,0.6385422348976135,1.2415350675582886
2025-07-15,05:45:57.0,0.5235442519187927,1.2897075414657593,-0.10817213356494904
2025-07-15,05:45:57.0,0.42946991324424744,0.46861886978149414,-1.3884140253067017
2025-07-15,05:45:57.0,0.0,1.2371256351470947,2.2573153972625732
2025-07-15,05:45:57.0,3.190347909927368,1.1647142171859741,-0.21397989988327026
2025-07-15,05:45:57.0,3.893860340118408,2.153986692428589,0.042612653225660324
2025-07-15,05:45:57.3,-0.040901895612478256,0.07468471676111221,0.01905461959540844
2025-07-15,05:45:57.3,0.0,0.6244202852249146,1.248697280883789
2025-07-15,05:45:57.3,0.5235442519187927,1.2879923582077026,-0.12697499990463257
2025-07-15,05:45:57.3,0.42946991324424744,0.5351434350013733,-1.3641549348831177
2025-07-15,05:45:57.3,-0.08044039458036423,1.1691663265228271,2.2918403148651123
2025-07-15,05:45:57.3,3.190347909927368,1.1840400695800781,0.01989423856139183
2025-07-15,05:45:57.3,3.893860340118408,2.149385690689087,0.14702388644218445
2025-07-15,05:45:57.3,2.3641295433044434,0.5180035829544067,3.734459400177002
2025-07-15,05:45:57.3,-0.34357592463493347,2.7587571144104004,4.742424011230469
2025-07-15,05:45:57.6,-0.040901895612478256,0.07468553632497787,0.019051384180784225
2025-07-15,05:45:57.6,0.0,0.6357424855232239,1.2429710626602173
2025-07-15,05:45:57.6,0.5235442519187927,1.2888476848602295,-0.11797703057527542
2025-07-15,05:45:57.6,0.42946991324424744,0.5895169377326965,-1.3415539264678955
2025-07-15,05:45:57.6,0.0,1.2381733655929565,2.2567408084869385
2025-07-15,05:45:57.6,3.190347909927368,1.181760549545288,-0.07608288526535034
2025-07-15,05:45:57.6,3.893860340118408,2.1454129219055176,0.19666774570941925
2025-07-15,05:45:57.6,2.4641303198971457e-35,6.457253388531973e-40,2.047241687774658
2025-07-15,05:45:58.0,-0.040901895612478256,0.07468560338020325,0.019051123410463333
2025-07-15,05:45:58.0,-0.04362868890166283,0.6164634227752686,1.2518845796585083
2025-07-15,05:45:58.0,0.5235442519187927,1.2888160943984985,-0.11832192540168762
2025-07-15,05:45:58.0,0.4771887958049774,0.5724001526832581,-1.332813024520874
2025-07-15,05:45:58.0,-0.08044039458036423,1.1990320682525635,2.276357650756836
2025-07-15,05:45:58.0,3.190347909927368,1.1830676794052124,-0.05193881317973137
2025-07-15,05:45:58.0,3.893860340118408,2.1448755264282227,0.20244485139846802
2025-07-15,05:45:58.0,0.515363872051239,1.5438196659088135,5.250751495361328
2025-07-15,05:45:58.0,2.57681941986084,4.834372043609619,-0.45631110668182373
2025-07-15,05:45:58.0,-0.8793907761573792,1.5769364833831787,5.330615520477295
2025-07-15,05:45:58.3,-0.040901895612478256,0.0746874287724495,0.019043967127799988
2025-07-15,05:45:58.3,-0.04362868890166283,0.6173890233039856,1.2514283657073975
2025-07-15,05:45:58.3,0.5235442519187927,1.289326786994934,-0.11262134462594986
2025-07-15,05:45:58.3,0.42946991324424744,0.6441462635993958,-1.316196322441101
2025-07-15,05:45:58.3,-0.08044039458036423,1.162906527519226,2.295022964477539
2025-07-15,05:45:58.3,3.190347909927368,1.1739470958709717,-0.15554706752300262
2025-07-15,05:45:58.3,3.893860340118408,2.147883415222168,0.16754667460918427
2025-07-15,05:45:58.3,0.0,2.556532144546509,4.866570949554443
2025-07-15,05:45:58.3,-2.7486073970794678,4.746023654937744,-0.37388181686401367
2025-07-15,05:45:58.3,-0.8793907761573792,2.5330748558044434,4.948305130004883
2025-07-15,05:45:58.3,-2.8140504360198975,4.821506023406982,-0.7139450311660767
2025-07-15,05:45:58.6,-0.040901895612478256,0.07468342036008835,0.019059674814343452
2025-07-15,05:45:58.6,-0.04362868890166283,0.6403550505638123,1.2398337125778198
2025-07-15,05:45:58.6,0.42946991324424744,0.6571935415267944,-1.3097304105758667
2025-07-15,05:45:58.6,-0.08044039458036423,1.2060129642486572,2.2726669311523438
2025-07-15,05:45:58.6,3.190347909927368,1.1815904378890991,-0.07867960631847382
2025-07-15,05:45:58.6,3.893860340118408,2.1399519443511963,0.2491592913866043
2025-07-15,05:45:58.6,-0.8862077593803406,1.9844677448272705,5.2388014793396
2025-07-15,05:45:59.0,-0.040901895612478256,0.07468082010746002,0.019069857895374298
2025-07-15,05:45:59.0,0.0,0.6586877107620239,1.230965495109558
2025-07-15,05:45:59.0,0.42946991324424744,0.6303327083587646,-1.3228672742843628
2025-07-15,05:45:59.0,0.0,1.2639216184616089,2.2424216270446777
2025-07-15,05:45:59.0,3.190347909927368,1.1817107200622559,-0.07685285806655884
2025-07-15,05:45:59.0,3.893860340118408,2.1370458602905273,0.2729647755622864
2025-07-15,05:45:59.0,-0.17178796231746674,2.4018876552581787,4.941740036010742
2025-07-15,05:45:59.0,0.0,0.4878689646720886,-5.5631208419799805
2025-07-15,05:45:59.3,-0.040901895612478256,0.07468348741531372,0.0190594345331192
2025-07-15,05:45:59.3,-0.04362868890166283,0.6238725781440735,1.24820876121521
2025-07-15,05:45:59.3,0.4771887958049774,0.5934200286865234,-1.3235880136489868
2025-07-15,05:45:59.3,-0.08044039458036423,1.2521591186523438,2.2475719451904297
2025-07-15,05:45:59.3,3.190347909927368,1.1818026304244995,-0.07542651146650314
2025-07-15,05:45:59.3,3.893860340118408,2.152060031890869,0.10056089609861374
2025-07-15,05:45:59.3,2.3641295433044434,0.7643783688545227,3.691915512084961
2025-07-15,05:45:59.3,-0.34630271792411804,1.9290844202041626,5.1826300621032715
2025-07-15,05:45:59.6,-0.040901895612478256,0.07468348741531372,0.0190594345331192
2025-07-15,05:45:59.6,-0.04362868890166283,0.6415237784385681,1.2392293214797974
2025-07-15,05:45:59.6,0.42946991324424744,0.6341805458068848,-1.3210269212722778
2025-07-15,05:45:59.6,-0.08044039458036423,1.1806261539459229,2.2859580516815186
2025-07-15,05:45:59.6,3.08400297164917,1.4316890239715576,-0.14092253148555756
2025-07-15,05:45:59.6,3.893860340118408,2.1507930755615234,0.12475576996803284
2025-07-15,05:45:59.6,0.0,3.03538179397583,4.583211421966553
2025-07-15,05:46:00.0,-0.040901895612478256,0.07468265295028687,0.019062690436840057
2025-07-15,05:46:00.0,-0.04362868890166283,0.6376224160194397,1.241241216659546
2025-07-15,05:46:00.0,0.42946991324424744,0.634366512298584,-1.3209376335144043
2025-07-15,05:46:00.0,-0.08044039458036423,1.2181017398834229,2.2662105560302734
2025-07-15,05:46:00.0,3.190347909927368,1.1827681064605713,-0.058363061398267746
2025-07-15,05:46:00.0,3.893860340118408,2.153838634490967,0.04953775182366371
2025-07-15,05:46:00.0,2.3641295433044434,0.43057769536972046,3.745546340942383
2025-07-15,05:46:00.0,2.4641303198971457e-35,6.457253388531973e-40,2.047241687774658
2025-07-15,05:46:00.3,-0.040901895612478256,0.07468204945325851,0.019065052270889282
2025-07-15,05:46:00.3,-0.04362868890166283,0.6103012561798096,1.2549002170562744
2025-07-15,05:46:00.3,0.5235442519187927,1.28921639919281,-0.1138768270611763
2025-07-15,05:46:00.3,0.42946991324424744,0.605207622051239,-1.3345489501953125
2025-07-15,05:46:00.3,0.0,1.241082787513733,2.2551422119140625
2025-07-15,05:46:00.3,3.190347909927368,1.1788443326950073,-0.11257243156433105
2025-07-15,05:46:00.3,3.893860340118408,2.1505773067474365,0.12842150032520294
2025-07-15,05:46:00.3,2.3641295433044434,0.9758219718933105,3.64174222946167
2025-07-15,05:46:00.3,0.0,0.5598608255386353,5.556337356567383
2025-07-15,05:46:00.3,-2.094177007675171,5.139553546905518,-0.6210789680480957
2025-07-15,05:46:00.6,-0.040901895612478256,0.07468012720346451,0.01907259412109852
2025-07-15,05:46:00.6,-0.04362868890166283,0.6240130066871643,1.2481385469436646
2025-07-15,05:46:00.6,0.5235442519187927,1.2888706922531128,-0.11772483587265015
2025-07-15,05:46:00.6,0.42946991324424744,0.6638320684432983,-1.3063782453536987
2025-07-15,05:46:00.6,0.0,1.281683087348938,2.2323174476623535
2025-07-15,05:46:00.6,3.190347909927368,1.1822158098220825,-0.06864689290523529
2025-07-15,05:46:00.6,3.893860340118408,2.1522560119628906,0.09627766907215118
2025-07-15,05:46:00.6,2.3641295433044434,1.3077197074890137,3.536153793334961
2025-07-15,05:46:00.6,0.5235442519187927,2.127352476119995,5.136788845062256
2025-07-15,05:46:01.0,-0.040901895612478256,0.07467802613973618,0.019080810248851776
2025-07-15,05:46:01.0,0.0,0.6623396277427673,1.2290043830871582
2025-07-15,05:46:01.0,0.42946991324424744,0.6674831509590149,-1.3045165538787842
2025-07-15,05:46:01.0,-0.08044039458036423,1.2412190437316895,2.253632068634033
2025-07-15,05:46:01.0,3.190347909927368,1.184199571609497,-0.00423685647547245
2025-07-15,05:46:01.0,3.893860340118408,2.136599540710449,0.2764374315738678
2025-07-15,05:46:01.0,-0.5194540619850159,2.4334075450897217,-4.950721263885498
2025-07-15,05:46:01.0,-2.7704217433929443,4.798461437225342,-0.02190825343132019
2025-07-15,05:46:01.3,-0.040901895612478256,0.07468000799417496,0.019073041155934334
2025-07-15,05:46:01.3,0.0,0.6568780541419983,1.2319321632385254
2025-07-15,05:46:01.3,0.42946991324424744,0.655970573425293,-1.3103433847427368
2025-07-15,05:46:01.3,-0.08044039458036423,1.1678497791290283,2.292511463165283
2025-07-15,05:46:01.3,3.190347909927368,1.17634916305542,-0.13619603216648102
2025-07-15,05:46:01.3,4.0329270362854,1.881118655204773,-0.02272169105708599
2025-07-15,05:46:01.3,2.3641295433044434,0.5136430859565735,3.7350616455078125
2025-07-15,05:46:01.3,-1.231147050857544,1.8263635635375977,5.179207801818848
2025-07-15,05:46:01.3,-2.9899284839630127,4.754460334777832,-0.36187753081321716
2025-07-15,05:46:01.3,0.17178796231746674,1.3659536838531494,5.322032451629639
2025-07-15,05:46:01.6,-0.040901895612478256,0.07468221336603165,0.019064396619796753
2025-07-15,05:46:01.6,-0.04362868890166283,0.6301692128181458,1.2450417280197144
2025-07-15,05:46:01.6,0.42946991324424744,0.6524184942245483,-1.3121155500411987
2025-07-15,05:46:01.6,-0.08044039458036423,1.2208185195922852,2.2647480964660645
2025-07-15,05:46:01.6,3.190347909927368,1.1842066049575806,-0.0011508963070809841
2025-07-15,05:46:01.6,3.893860340118408,2.1544082164764404,0.0
2025-07-15,05:46:01.6,-0.17178796231746674,1.538453221321106,-5.274753093719482
2025-07-15,05:46:01.6,3.0921833515167236,4.290969371795654,-1.4984506368637085
2025-07-15,05:46:01.6,-0.35448309779167175,2.2676572799682617,5.186577796936035
2025-07-15,05:46:02.0,-0.040901895612478256,0.07468100637197495,0.019069140776991844
2025-07-15,05:46:02.0,-0.04362868890166283,0.6275331377983093,1.2463724613189697
2025-07-15,05:46:02.0,0.5235442519187927,1.288973331451416,-0.11659586429595947
2025-07-15,05:46:02.0,0.42946991324424744,0.6497488021850586,-1.3134396076202393
2025-07-15,05:46:02.0,0.0,1.2737723588943481,2.2368407249450684
2025-07-15,05:46:02.0,3.190347909927368,1.175964593887329,-0.13947752118110657
2025-07-15,05:46:02.0,3.893860340118408,2.1514511108398438,0.11283764243125916
2025-07-15,05:46:02.0,2.3641295433044434,0.6149847507476807,3.7197189331054688
2025-07-15,05:46:02.0,-0.7035126090049744,2.967912197113037,4.72991418838501
2025-07-15,05:46:02.0,0.0,1.704802393913269,5.2261857986450195
2025-07-15,05:46:02.3,-0.040901895612478256,0.07468101382255554,0.019069118425250053
2025-07-15,05:46:02.3,-0.04362868890166283,0.6161829829216003,1.252022624015808
2025-07-15,05:46:02.3,0.5235442519187927,1.28916597366333,-0.1144459918141365
2025-07-15,05:46:02.3,2.4641303198971457e-35,6.457253388531973e-40,2.047241687774658
2025-07-15,05:46:02.3,-1.623092586582995e+32,-7.629395440744702e-06,5.815198471508688e-33
2025-07-15,05:46:02.3,0.0,2.350988701644575e-38,-2.524354896707238e-29
2025-07-15,05:46:02.3,-1.251718945042365e-21,1.7243780014997157e-10,5.5662727924526465e-39
2025-07-15,05:46:02.3,-1.7869250015507624e+24,3131304.0,5.843047456036834e-39
2025-07-15,05:46:02.3,2.712268560786657e-12,-3.9525724194804994e-23,1.7601226562413835e-38
2025-07-15,05:46:02.3,8.830964048911483e-08,1.3805557058797306e+19,5.884029830924478e-39
2025-07-15,05:46:02.6,-0.040901895612478256,0.0746755599975586,0.0190904438495636
2025-07-15,05:46:02.6,-0.04362868890166283,0.6303625702857971,1.2449438571929932
2025-07-15,05:46:02.6,0.42946991324424744,0.6039437055587769,-1.3351213932037354
2025-07-15,05:46:02.6,-0.08044039458036423,1.2194925546646118,2.2654623985290527
2025-07-15,05:46:02.6,3.190347909927368,1.1840518712997437,-0.019181065261363983
2025-07-15,05:46:02.6,3.893860340118408,2.1491525173187256,0.15039360523223877
2025-07-15,05:46:02.6,2.2250630855560303,0.9331907033920288,3.739234209060669
2025-07-15,05:46:03.0,-0.040901895612478256,0.07467474043369293,0.019093647599220276
2025-07-15,05:46:03.0,0.0,0.6698238253593445,1.2249414920806885
2025-07-15,05:46:03.0,0.42946991324424744,0.6546090841293335,-1.3110240697860718
2025-07-15,05:46:03.0,-0.08044039458036423,1.2331032752990723,2.258082866668701
2025-07-15,05:46:03.0,3.190347909927368,1.183146357536316,-0.05011206120252609
2025-07-15,05:46:03.0,3.893860340118408,2.1467177867889404,0.18187113106250763
2025-07-15,05:46:03.0,-0.5235442519187927,2.2145142555236816,5.099819183349609
2025-07-15,05:46:03.3,-0.040901895612478256,0.07467363774776459,0.019097983837127686
2025-07-15,05:46:03.3,0.0,0.6711471676826477,1.2242169380187988
2025-07-15,05:46:03.3,0.42946991324424744,0.648178219795227,-1.3142154216766357
2025-07-15,05:46:03.3,-0.08044039458036423,1.2413350343704224,2.253568172454834
2025-07-15,05:46:03.3,3.190347909927368,1.1725656986236572,-0.16563941538333893
2025-07-15,05:46:03.3,3.893860340118408,2.135179281234741,0.28720012307167053
2025-07-15,05:46:03.3,2.3641295433044434,1.0681902170181274,3.615727424621582
2025-07-15,05:46:03.3,-0.6980590224266052,2.130206823348999,5.114808082580566
2025-07-15,05:46:03.3,0.17042456567287445,1.486759901046753,5.244244575500488
2025-07-15,05:46:03.3,2.8972175121307373,4.570065021514893,-0.6798824667930603
2025-07-15,05:46:03.6,-0.040901895612478256,0.07467450946569443,0.019094550982117653
2025-07-15,05:46:03.6,-0.04362868890166283,0.6447229981422424,1.2375679016113281
2025-07-15,05:46:03.6,0.42946991324424744,0.6636584401130676,-1.3064664602279663
2025-07-15,05:46:03.6,-0.08044039458036423,1.1728475093841553,2.2899587154388428
2025-07-15,05:46:03.6,3.190347909927368,1.17634916305542,-0.13619603216648102
2025-07-15,05:46:03.6,3.893860340118408,2.1420414447784424,0.23050598800182343
2025-07-15,05:46:03.6,2.2250630855560303,0.8471075892448425,3.7596709728240967
2025-07-15,05:46:04.0,-0.040901895612478256,0.07467494159936905,0.019092867150902748
2025-07-15,05:46:04.0,-0.04362868890166283,0.6322569847106934,1.2439827919006348
2025-07-15,05:46:04.0,0.42946991324424744,0.67320716381073,-1.3015718460083008
2025-07-15,05:46:04.0,-0.08044039458036423,1.1798211336135864,2.2863736152648926
2025-07-15,05:46:04.0,3.190347909927368,1.1813921928405762,-0.08160370588302612
2025-07-15,05:46:04.0,4.0329270362854,1.8796192407608032,-0.0784551128745079
2025-07-15,05:46:04.0,2.3641295433044434,1.3085150718688965,3.5358595848083496
2025-07-15,05:46:04.0,0.1745147556066513,2.7628204822540283,4.850020408630371
2025-07-15,05:46:04.3,-0.040901895612478256,0.07467091828584671,0.0191086046397686
2025-07-15,05:46:04.3,0.0,0.6599640250205994,1.2302817106246948
2025-07-15,05:46:04.3,0.42946991324424744,0.6607571840286255,-1.307936191558838
2025-07-15,05:46:04.3,-0.08044039458036423,1.2367584705352783,2.2560830116271973
2025-07-15,05:46:04.3,3.190347909927368,1.1788443326950073,-0.11257243156433105
2025-07-15,05:46:04.3,3.893860340118408,2.154055595397949,0.038976628333330154
2025-07-15,05:46:04.3,2.3641295433044434,0.8230353593826294,3.679283618927002
2025-07-15,05:46:04.3,-0.17315135896205902,2.3452374935150146,5.017053604125977
2025-07-15,05:46:04.3,0.8793907761573792,3.1536147594451904,4.577871322631836
2025-07-15,05:46:04.3,2.9899284839630127,4.588304042816162,-1.2974247932434082
2025-07-15,05:46:04.6,-0.040901895612478256,0.0746755599975586,0.019090473651885986
2025-07-15,05:46:04.6,0.0,0.6605017185211182,1.2299931049346924
2025-07-15,05:46:04.6,0.42946991324424744,0.6470368504524231,-1.3147777318954468
2025-07-15,05:46:04.6,-0.08044039458036423,1.2326784133911133,2.258314847946167
2025-07-15,05:46:04.6,3.190347909927368,1.1832542419433594,-0.047495871782302856
2025-07-15,05:46:04.6,3.893860340118408,2.1483330726623535,0.16167619824409485
2025-07-15,05:46:04.6,2.3641295433044434,1.272360920906067,3.54902982711792
2025-07-15,05:46:04.6,0.0,2.6006128787994385,4.941977500915527
2025-07-15,05:46:05.0,-0.040901895612478256,0.07466980814933777,0.019112952053546906
2025-07-15,05:46:05.0,0.0,0.6775336265563965,1.2206939458847046
2025-07-15,05:46:05.0,0.42946991324424744,0.647210955619812,-1.3146920204162598
2025-07-15,05:46:05.0,-0.08044039458036423,1.2260522842407227,2.2619190216064453
2025-07-15,05:46:05.0,3.190347909927368,1.1817107200622559,-0.07685285806655884
2025-07-15,05:46:05.0,3.893860340118408,2.1541974544525146,0.03013431653380394
2025-07-15,05:46:05.0,2.3641295433044434,1.1988341808319092,3.5745365619659424
2025-07-15,05:46:05.0,0.0,3.0494730472564697,4.730352401733398
2025-07-15,05:46:05.3,-0.040901895612478256,0.07466544210910797,0.01912999153137207
2025-07-15,05:46:05.3,-0.04362868890166283,0.6382910013198853,1.240897536277771
2025-07-15,05:46:05.3,0.42946991324424744,0.6501196026802063,-1.3132561445236206
2025-07-15,05:46:05.3,-0.08044039458036423,1.211532711982727,2.2697291374206543
2025-07-15,05:46:05.3,3.190347909927368,1.1825416088104248,-0.06278571486473083
2025-07-15,05:46:05.3,3.754793882369995,2.3629841804504395,0.34849900007247925
2025-07-15,05:46:05.3,2.3641295433044434,1.303086757659912,3.5378637313842773
2025-07-15,05:46:05.3,0.1745147556066513,2.023153305053711,5.202184677124023
2025-07-15,05:46:05.3,-2.443206548690796,4.98325777053833,-0.6198506951332092
2025-07-15,05:46:05.6,-0.040901895612478256,0.0746653825044632,0.019130220636725426
2025-07-15,05:46:05.6,-0.04362868890166283,0.6332970857620239,1.2434536218643188
2025-07-15,05:46:05.6,0.42946991324424744,0.6477010846138,-1.3144506216049194
2025-07-15,05:46:05.6,-0.08044039458036423,1.2527422904968262,2.2472469806671143
2025-07-15,05:46:05.6,3.190347909927368,1.1839628219604492,-0.02405482903122902
2025-07-15,05:46:05.6,4.0329270362854,1.8812534809112549,0.0029750235844403505
2025-07-15,05:46:05.6,2.3641295433044434,0.6659855246543884,3.7109267711639404
2025-07-15,05:46:05.6,0.5235442519187927,1.665641188621521,5.304513931274414
2025-07-15,05:46:06.0,-0.040901895612478256,0.07466737180948257,0.019122470170259476
2025-07-15,05:46:06.0,-0.04362868890166283,0.6356078386306763,1.2422740459442139
2025-07-15,05:46:06.0,0.42946991324424744,0.6949039697647095,-1.2901184558868408
2025-07-15,05:46:06.0,-0.08044039458036423,1.2022979259490967,2.27463436126709
2025-07-15,05:46:06.0,3.190347909927368,1.181617259979248,-0.07827717810869217
2025-07-15,05:46:06.0,3.893860340118408,2.153683662414551,0.05586975812911987
2025-07-15,05:46:06.0,2.3641295433044434,0.9905170202255249,3.637772798538208
2025-07-15,05:46:06.0,0.17315135896205902,2.9024581909179688,4.716640949249268
2025-07-15,05:46:06.3,-0.040901895612478256,0.07466819882392883,0.019119225442409515
2025-07-15,05:46:06.3,-0.04362868890166283,0.6449881792068481,1.2374297380447388
2025-07-15,05:46:06.3,0.42946991324424744,0.6697664856910706,-1.3033456802368164
2025-07-15,05:46:06.3,-0.08044039458036423,1.2427480220794678,2.252789258956909
2025-07-15,05:46:06.3,3.190347909927368,1.1837984323501587,-0.031110305339097977
2025-07-15,05:46:06.3,3.893860340118408,2.1406185626983643,0.24336521327495575
2025-07-15,05:46:06.3,0.0,1.9884002208709717,5.265148162841797
2025-07-15,05:46:06.3,0.3490295112133026,2.217909097671509,5.113255977630615
2025-07-15,05:46:06.6,-0.040901895612478256,0.07466470450162888,0.019132861867547035
2025-07-15,05:46:06.6,-0.04362868890166283,0.6354561448097229,1.2423516511917114
2025-07-15,05:46:06.6,0.42946991324424744,0.6510006785392761,-1.3128196001052856
2025-07-15,05:46:06.6,-0.08044039458036423,1.2082853317260742,2.2714595794677734
2025-07-15,05:46:06.6,3.190347909927368,1.1836366653442383,-0.03675201162695885
2025-07-15,05:46:06.6,3.893860340118408,2.1537768840789795,0.052152037620544434
2025-07-15,05:46:06.6,2.3641295433044434,1.3648438453674316,3.514500856399536
2025-07-15,05:46:06.6,0.0,2.069363832473755,5.092848300933838
2025-07-15,05:46:07.0,-0.040901895612478256,0.0746682733297348,0.019118955358862877
2025-07-15,05:46:07.0,-0.04362868890166283,0.6365742683410645,1.241779088973999
2025-07-15,05:46:07.0,0.42946991324424744,0.6710082292556763,-1.3027068376541138
2025-07-15,05:46:07.0,-0.08044039458036423,1.2359639406204224,2.2565183639526367
2025-07-15,05:46:07.0,3.190347909927368,1.1749064922332764,-0.148126482963562
2025-07-15,05:46:07.0,4.0329270362854,1.8795169591903687,0.08086568862199783
2025-07-15,05:46:07.0,2.3641295433044434,1.2337586879730225,3.5626330375671387
2025-07-15,05:46:07.0,0.0,1.9646971225738525,5.134134292602539
2025-07-15,05:46:07.3,-0.040901895612478256,0.07466942071914673,0.019114471971988678
2025-07-15,05:46:07.3,-0.04362868890166283,0.6412647366523743,1.239363431930542
2025-07-15,05:46:07.3,0.42946991324424744,0.6595532894134521,-1.3085436820983887
2025-07-15,05:46:07.3,-0.08044039458036423,1.2042243480682373,2.2736151218414307
2025-07-15,05:46:07.3,3.190347909927368,1.183890461921692,0.0273854099214077
2025-07-15,05:46:07.3,2.4641303198971457e-35,6.457253388531973e-40,2.047241687774658
2025-07-15,05:46:07.3,1.7769040226841767e-15,9.403957048655843e-38,5.210798398237231e-34
2025-07-15,05:46:07.3,0.0,2.350988701644575e-38,-0.0
2025-07-15,05:46:07.3,-2.0508163195574107e-17,1.7657625051015202e-07,5.5663596729574346e-39
2025-07-15,05:46:07.6,-0.040901895612478256,0.07466422021389008,0.019134754315018654
2025-07-15,05:46:07.6,-0.04362868890166283,0.6214132308959961,1.2494349479675293
2025-07-15,05:46:07.6,0.42946991324424744,0.641145646572113,-1.3176605701446533
2025-07-15,05:46:07.6,-0.08044039458036423,1.2153494358062744,2.2676877975463867
2025-07-15,05:46:07.6,3.190347909927368,1.1840534210205078,-0.019084515050053596
2025-07-15,05:46:07.6,3.893860340118408,2.153862714767456,0.04848100244998932
2025-07-15,05:46:07.6,2.3641295433044434,1.231866478919983,3.5632877349853516
2025-07-15,05:46:07.6,0.6980590224266052,1.5629174709320068,-5.31566858291626
2025-07-15,05:46:07.6,-2.443206548690796,5.0018310546875,-0.4458238482475281
2025-07-15,05:46:08.0,-0.040901895612478256,0.07466799765825272,0.01912001520395279
2025-07-15,05:46:08.0,0.0,0.6616496443748474,1.229375958442688
2025-07-15,05:46:08.0,0.42946991324424744,0.629639208316803,-1.3231974840164185
2025-07-15,05:46:08.0,-0.08044039458036423,1.2062989473342896,2.272515058517456
2025-07-15,05:46:08.0,3.190347909927368,1.1832507848739624,-0.04758390411734581
2025-07-15,05:46:08.0,3.893860340118408,2.1514976024627686,0.11194959282875061
2025-07-15,05:46:08.0,2.2250630855560303,1.0620627403259277,3.7046916484832764
2025-07-15,05:46:08.0,0.5235442519187927,1.7432852983474731,5.279506206512451
2025-07-15,05:46:08.0,-1.570632815361023,4.807403087615967,-2.36818790435791
2025-07-15,05:46:08.3,-0.040901895612478256,0.07466428726911545,0.019134484231472015
2025-07-15,05:46:08.3,0.0,0.6589288711547852,1.2308363914489746
2025-07-15,05:46:08.3,0.42946991324424744,0.6585725545883179,-1.3090375661849976
2025-07-15,05:46:08.3,-0.08044039458036423,1.2124403715133667,2.269244432449341
2025-07-15,05:46:08.3,3.190347909927368,1.1792993545532227,-0.10770110040903091
2025-07-15,05:46:08.3,3.893860340118408,2.149280071258545,0.14856021106243134
2025-07-15,05:46:08.3,2.3641295433044434,0.8513345718383789,3.6728386878967285
2025-07-15,05:46:08.3,0.3490295112133026,3.394693613052368,4.420470714569092
2025-07-15,05:46:08.7,-0.040901895612478256,0.07466257363557816,0.019141172990202904
2025-07-15,05:46:08.7,0.0,0.6563268303871155,1.2322258949279785
2025-07-15,05:46:08.7,0.42946991324424744,0.6080383658409119,-1.3332616090774536
2025-07-15,05:46:08.7,-0.08044039458036423,1.2042090892791748,2.27362322807312
2025-07-15,05:46:08.7,3.190347909927368,1.1816041469573975,-0.07847433537244797
2025-07-15,05:46:08.7,3.893860340118408,2.1541202068328857,0.03522920235991478
2025-07-15,05:46:08.7,-0.6980590224266052,1.8991185426712036,5.205035209655762
2025-07-15,05:46:09.0,-0.040901895612478256,0.07466436177492142,0.019134214147925377
2025-07-15,05:46:09.0,0.0,0.6556408405303955,1.2325910329818726
2025-07-15,05:46:09.0,0.42946991324424744,0.6037971377372742,-1.3351876735687256
2025-07-15,05:46:09.0,-0.08044039458036423,1.2440911531448364,2.2520477771759033
2025-07-15,05:46:09.0,3.190347909927368,1.1808698177337646,-0.08884376287460327
2025-07-15,05:46:09.0,3.893860340118408,2.154397487640381,0.00678717065602541
2025-07-15,05:46:09.0,2.3641295433044434,0.9281490445137024,3.6541831493377686
2025-07-15,05:46:09.0,-0.5194540619850159,0.3399728238582611,-5.505954265594482
2025-07-15,05:46:09.3,-0.040901895612478256,0.0746624544262886,0.01914166286587715
2025-07-15,05:46:09.3,-0.04362868890166283,0.6371067762374878,1.2415059804916382
2025-07-15,05:46:09.3,0.42946991324424744,0.6458752155303955,-1.315348744392395
2025-07-15,05:46:09.3,-0.08044039458036423,1.2096339464187622,2.2707417011260986
2025-07-15,05:46:09.3,3.190347909927368,1.1837984323501587,-0.031110305339097977
2025-07-15,05:46:09.3,3.893860340118408,2.152139663696289,0.09884314984083176
2025-07-15,05:46:09.3,2.3641295433044434,1.508111596107483,3.45544695854187
2025-07-15,05:46:09.3,0.17315135896205902,3.1780452728271484,4.535525798797607
2025-07-15,05:46:09.3,2.943572998046875,4.651919364929199,-0.6292608976364136
2025-07-15,05:46:09.6,-0.040901895612478256,0.07466267794370651,0.019140787422657013
2025-07-15,05:46:09.6,0.0,0.666318416595459,1.2268518209457397
2025-07-15,05:46:09.6,0.42946991324424744,0.6274288892745972,-1.3242470026016235
2025-07-15,05:46:09.6,-0.08044039458036423,1.2150731086730957,2.267835855484009
2025-07-15,05:46:09.6,3.190347909927368,1.1762592792510986,-0.13697005808353424
2025-07-15,05:46:09.6,4.0329270362854,1.874057412147522,-0.1644151508808136
2025-07-15,05:46:09.6,2.3641295433044434,1.1915563344955444,3.5769691467285156
2025-07-15,05:46:09.6,0.0,2.5668745040893555,4.910407543182373
2025-07-15,05:46:09.6,-2.0778162479400635,5.128571033477783,-0.2852868437767029
2025-07-15,05:46:10.0,-0.040901895612478256,0.0746612399816513,0.019146393984556198
2025-07-15,05:46:10.0,-0.04362868890166283,0.6361870169639587,1.241977572441101
2025-07-15,05:46:10.0,0.42946991324424744,0.6324172616004944,-1.3218719959259033
2025-07-15,05:46:10.0,-0.08044039458036423,1.196568250656128,2.277653694152832
2025-07-15,05:46:10.0,3.190347909927368,1.179511547088623,-0.1053522452712059
2025-07-15,05:46:10.0,3.893860340118408,2.153731107711792,-0.05400983616709709
2025-07-15,05:46:10.0,2.3641295433044434,1.519434928894043,3.4504828453063965
2025-07-15,05:46:10.0,0.5235442519187927,0.8646036982536316,-5.492238998413086
2025-07-15,05:46:10.3,-0.040901895612478256,0.07465770095586777,0.019160186871886253
2025-07-15,05:46:10.3,0.0,0.6626812815666199,1.2288202047348022
2025-07-15,05:46:10.3,0.42946991324424744,0.6022394299507141,-1.3358910083770752
2025-07-15,05:46:10.3,-0.08044039458036423,1.2016866207122803,2.2749574184417725
2025-07-15,05:46:10.3,3.190347909927368,1.1821874380111694,-0.06913410127162933
2025-07-15,05:46:10.3,3.893860340118408,2.1541383266448975,-0.03409924730658531
2025-07-15,05:46:10.3,0.17178796231746674,3.143381357192993,4.506552219390869
2025-07-15,05:46:10.3,0.3490295112133026,2.0295088291168213,5.190915107727051
2025-07-15,05:46:10.6,-0.040901895612478256,0.0746532529592514,0.019177516922354698
2025-07-15,05:46:10.6,-0.04362868890166283,0.6182361841201782,1.2510100603103638
2025-07-15,05:46:10.6,0.42946991324424744,0.6352123618125916,-1.3205311298370361
2025-07-15,05:46:10.6,-0.08044039458036423,1.210768222808838,2.270137071609497
2025-07-15,05:46:10.6,3.190347909927368,1.1841511726379395,0.011515454389154911
2025-07-15,05:46:10.6,3.893860340118408,2.1541590690612793,0.03276027366518974
2025-07-15,05:46:10.6,2.3641295433044434,0.8549830913543701,3.6719911098480225
2025-07-15,05:46:10.6,0.0,2.5704505443573,4.957732677459717
2025-07-15,05:46:10.6,2.9667508602142334,4.712604522705078,-0.419615238904953
2025-07-15,05:46:11.0,-0.040901895612478256,0.07465586066246033,0.01916736550629139
2025-07-15,05:46:11.0,-0.04362868890166283,0.620442271232605,1.2499173879623413
2025-07-15,05:46:11.0,0.42946991324424744,0.6487256288528442,-1.3139452934265137
2025-07-15,05:46:11.0,-0.08044039458036423,1.2144280672073364,2.268181324005127
2025-07-15,05:46:11.0,3.190347909927368,1.1751430034637451,-0.1462380737066269
2025-07-15,05:46:11.0,3.893860340118408,2.1536691188812256,0.056427840143442154
2025-07-15,05:46:11.0,2.3641295433044434,1.2843070030212402,3.544724225997925
2025-07-15,05:46:11.0,0.3490295112133026,1.1059707403182983,5.462722301483154
2025-07-15,05:46:11.0,0.17178796231746674,2.5198261737823486,4.882656574249268
2025-07-15,05:46:11.3,-0.040901895612478256,0.07465475797653198,0.019171640276908875
2025-07-15,05:46:11.3,-0.04362868890166283,0.6240009069442749,1.2481446266174316
2025-07-15,05:46:11.3,0.42946991324424744,0.5921424627304077,-1.3403971195220947
2025-07-15,05:46:11.3,-0.08044039458036423,1.2253466844558716,2.262301445007324
2025-07-15,05:46:11.3,3.190347909927368,1.1841241121292114,-0.014020894654095173
2025-07-15,05:46:11.3,3.893860340118408,2.131118059158325,0.31592756509780884
2025-07-15,05:46:11.3,2.3641295433044434,1.0681902170181274,3.615727424621582
2025-07-15,05:46:11.3,-0.17315135896205902,1.2390857934951782,5.397743225097656
2025-07-15,05:46:11.6,-0.040901895612478256,0.07465213537216187,0.01918184384703636
2025-07-15,05:46:11.6,-0.04362868890166283,0.6178819537162781,1.2511850595474243
2025-07-15,05:46:11.6,0.42946991324424744,0.6338797807693481,-1.3211712837219238
2025-07-15,05:46:11.6,-0.08044039458036423,1.1787065267562866,2.2869484424591064
2025-07-15,05:46:11.6,3.190347909927368,1.1814290285110474,-0.08106780797243118
2025-07-15,05:46:11.6,3.893860340118408,2.154400110244751,-0.005926705431193113
2025-07-15,05:46:11.6,2.3641295433044434,1.2865631580352783,3.5439059734344482
2025-07-15,05:46:11.6,-0.34630271792411804,2.058790683746338,-5.1324849128723145
2025-07-15,05:46:11.6,-0.5276344418525696,2.679896116256714,4.920902252197266
2025-07-15,05:46:11.6,2.8140504360198975,4.83195686340332,-0.6394006609916687
2025-07-15,05:46:12.0,-0.040901895612478256,0.0746549740433693,0.019170798361301422
2025-07-15,05:46:12.0,-0.04362868890166283,0.6207752227783203,1.2497520446777344
2025-07-15,05:46:12.0,0.42946991324424744,0.6001648902893066,-1.3368242979049683
2025-07-15,05:46:12.0,-0.08044039458036423,1.1660434007644653,2.293430805206299
2025-07-15,05:46:12.0,3.190347909927368,1.169679880142212,-0.1849202811717987
2025-07-15,05:46:12.0,3.893860340118408,2.1394383907318115,0.2535327076911926
2025-07-15,05:46:12.0,2.3641295433044434,1.3980733156204224,3.5014147758483887
2025-07-15,05:46:12.0,0.17178796231746674,2.5059282779693604,4.889803886413574
2025-07-15,05:46:12.3,-0.040901895612478256,0.0746559277176857,0.01916709542274475
2025-07-15,05:46:12.3,-0.04362868890166283,0.6163361072540283,1.251947283744812
2025-07-15,05:46:12.3,0.42946991324424744,0.6340922117233276,-1.321069359779358
2025-07-15,05:46:12.3,-0.08044039458036423,1.224651575088501,2.2626776695251465
2025-07-15,05:46:12.3,3.190347909927368,1.1832879781723022,-0.04665125906467438
2025-07-15,05:46:12.3,3.893860340118408,2.133786201477051,0.2973729372024536
2025-07-15,05:46:12.3,0.0,1.7153525352478027,5.268634796142578
2025-07-15,05:46:12.6,-0.040901895612478256,0.0746566504240036,0.019164275377988815
2025-07-15,05:46:12.6,-0.04362868890166283,0.6260383725166321,1.2471239566802979
2025-07-15,05:46:12.6,0.42946991324424744,0.610710859298706,-1.3320395946502686
2025-07-15,05:46:12.6,-0.08044039458036423,1.156722068786621,2.2981462478637695
2025-07-15,05:46:12.6,3.190347909927368,1.1782532930374146,-0.11859951913356781
2025-07-15,05:46:12.6,3.893860340118408,2.148125648498535,0.1644124984741211
2025-07-15,05:46:12.6,2.2250630855560303,1.1284689903259277,3.685006856918335
2025-07-15,05:46:12.6,2.4641303198971457e-35,6.457253388531973e-40,3.776494347140832e+19
2025-07-15,05:46:13.0,-0.040901895612478256,0.07465571165084839,0.019167937338352203
2025-07-15,05:46:13.0,0.0,0.6393900513648987,1.2410986423492432
2025-07-15,05:46:13.0,0.5235442519187927,1.2901561260223389,-0.10268514603376389
2025-07-15,05:46:13.0,0.38175103068351746,0.6158965826034546,-1.3441276550292969
2025-07-15,05:46:13.0,-0.08044039458036423,1.193009853363037,2.279519557952881
2025-07-15,05:46:13.0,3.08400297164917,1.4332445859909058,-0.12410572916269302
2025-07-15,05:46:13.0,3.754793882369995,2.3679282665252686,0.313146710395813
2025-07-15,05:46:13.0,2.3641295433044434,0.928859293460846,3.6540026664733887
2025-07-15,05:46:13.0,0.0,2.711479663848877,4.832062244415283
2025-07-15,05:46:13.3,-0.040901895612478256,0.07466153800487518,0.019145209342241287
2025-07-15,05:46:13.3,0.0,0.6283161044120789,1.246741533279419
2025-07-15,05:46:13.3,0.5235442519187927,1.2900084257125854,-0.10452289134263992
2025-07-15,05:46:13.3,0.4771887958049774,0.5008318424224854,-1.3613228797912598
2025-07-15,05:46:13.3,0.0,1.2597315311431885,2.2447781562805176
2025-07-15,05:46:13.3,3.190347909927368,1.178181529045105,-0.11931025981903076
2025-07-15,05:46:13.3,3.754793882369995,2.37726092338562,0.2318980097770691
2025-07-15,05:46:13.3,2.3641295433044434,1.1966552734375,3.5752665996551514
2025-07-15,05:46:13.3,-0.34630271792411804,3.0556015968322754,4.609156131744385
2025-07-15,05:46:13.6,-0.040901895612478256,0.07467471808195114,0.01909376122057438
2025-07-15,05:46:13.6,-0.04362868890166283,0.600484311580658,1.2596272230148315
2025-07-15,05:46:13.6,0.5235442519187927,1.2901208400726318,-0.1031273752450943
2025-07-15,05:46:13.6,0.42946991324424744,0.5920752882957458,-1.3404268026351929
2025-07-15,05:46:13.6,-0.08044039458036423,1.1233453750610352,2.3146440982818604
2025-07-15,05:46:13.6,3.190347909927368,1.1820827722549438,-0.07090121507644653
2025-07-15,05:46:13.6,3.893860340118408,2.1450276374816895,0.20082683861255646
2025-07-15,05:46:13.6,2.2250630855560303,0.9245617985725403,3.741377115249634
2025-07-15,05:46:13.6,0.0,3.0266168117523193,4.745008945465088
2025-07-15,05:46:13.6,0.5194540619850159,3.1910789012908936,4.499792098999023
2025-07-15,05:46:13.6,2.5972704887390137,4.796800136566162,-0.9725443720817566
2025-07-15,05:46:14.0,-0.040901895612478256,0.074663907289505,0.01913597248494625
2025-07-15,05:46:14.0,-0.04362868890166283,0.5630581378936768,1.2767958641052246
2025-07-15,05:46:14.0,0.5671729445457458,1.269623041152954,-0.12457023561000824
2025-07-15,05:46:14.0,0.42946991324424744,0.6061556935310364,-1.3341186046600342
2025-07-15,05:46:14.0,-0.08044039458036423,1.23920738697052,2.2547388076782227
2025-07-15,05:46:14.0,3.190347909927368,1.1832507848739624,-0.04758390411734581
2025-07-15,05:46:14.0,3.893860340118408,2.1490886211395264,0.15130287408828735
2025-07-15,05:46:14.0,2.3641295433044434,0.7475430965423584,3.6953611373901367
2025-07-15,05:46:14.0,0.0,3.038639545440674,4.581052303314209
2025-07-15,05:46:14.0,-1.231147050857544,2.037238121032715,5.099946975708008
2025-07-15,05:46:14.0,0.7035126090049744,1.2177989482879639,5.4495463371276855
2025-07-15,05:46:14.3,-0.040901895612478256,0.07465630769729614,0.019165607169270515
2025-07-15,05:46:14.3,0.0,0.5349571704864502,1.2895605564117432
2025-07-15,05:46:14.3,0.5235442519187927,1.2914605140686035,-0.08471560478210449
2025-07-15,05:46:14.3,0.42946991324424744,0.5891410112380981,-1.3417190313339233
2025-07-15,05:46:14.3,0.0,1.2056692838668823,2.2742722034454346
2025-07-15,05:46:14.3,3.190347909927368,1.1838626861572266,-0.028562674298882484
2025-07-15,05:46:14.3,3.754793882369995,2.36787486076355,0.3135509490966797
2025-07-15,05:46:14.3,2.3641295433044434,0.1513167768716812,3.767176389694214
2025-07-15,05:46:14.3,0.0,2.1001625061035156,5.127403259277344
2025-07-15,05:46:14.3,-1.24069082736969,2.3494608402252197,5.01091194152832
2025-07-15,05:46:14.3,1.595173954963684,5.421352386474609,-0.4825712740421295
2025-07-15,05:46:14.6,-0.040901895612478256,0.0746631920337677,0.019138770177960396
2025-07-15,05:46:14.6,0.0,0.5179706811904907,1.2964767217636108
2025-07-15,05:46:14.6,0.5671729445457458,1.2720354795455933,-0.09688317030668259
2025-07-15,05:46:14.6,0.08044039458036423,1.2064481973648071,2.2724359035491943
2025-07-15,05:46:14.6,3.190347909927368,1.1800153255462646,0.09955152124166489
2025-07-15,05:46:14.6,4.0329270362854,1.8530303239822388,-0.3246568739414215
2025-07-15,05:46:14.6,1.7587815523147583,5.341431617736816,-0.2265273481607437
2025-07-15,05:46:14.6,0.5235442519187927,2.5895822048187256,4.919989109039307
2025-07-15,05:46:15.0,-0.040901895612478256,0.07466699182987213,0.019123926758766174
2025-07-15,05:46:15.0,0.0,0.5843039751052856,1.219760775566101
2025-07-15,05:46:15.0,0.08044039458036423,1.0043222904205322,2.3687167167663574
2025-07-15,05:46:15.0,2.4641303198971457e-35,6.457253388531973e-40,2.776616855121052e-40
2025-07-15,05:46:15.0,1.014432866614372e+31,-6.338254512298422e+29,5.106619522629385e-35
2025-07-15,05:46:15.0,0.0,2.350988701644575e-38,3.6893488147419103e+19
2025-07-15,05:46:15.3,-0.040901895612478256,0.07465538382530212,0.019169196486473083
2025-07-15,05:46:15.3,0.0,0.7499876618385315,1.1775670051574707
2025-07-15,05:46:15.3,0.7853164076805115,1.1397044658660889,-0.18302284181118011
2025-07-15,05:46:15.3,-0.08180379122495651,1.2653361558914185,2.290130376815796
2025-07-15,05:46:15.3,7.100569248199463,1.7780805826187134,-0.3790435492992401
2025-07-15,05:46:15.3,0.515363872051239,1.0390982627868652,5.373457431793213
2025-07-15,05:46:15.3,2.57681941986084,4.851994514465332,0.19369816780090332
2025-07-15,05:46:15.6,-0.040901895612478256,0.07465533167123795,0.01916942559182644
2025-07-15,05:46:15.6,-0.04362868890166283,0.800188422203064,1.1432150602340698
2025-07-15,05:46:15.6,0.7416877150535583,1.1702957153320312,-0.1716185361146927
2025-07-15,05:46:15.6,-0.08044039458036423,1.3528815507888794,2.188422679901123
2025-07-15,05:46:15.6,7.100569248199463,1.7671089172363281,-0.4272828996181488
2025-07-15,05:46:15.6,0.34357592463493347,1.5589185953140259,-5.2603325843811035
2025-07-15,05:46:16.0,-0.040901895612478256,0.07463422417640686,0.01925143226981163
2025-07-15,05:46:16.0,0.04362868890166283,0.8203603029251099,1.1288273334503174
2025-07-15,05:46:16.0,0.7416877150535583,1.1816678047180176,-0.052018605172634125
2025-07-15,05:46:16.0,-0.08044039458036423,1.3225629329681396,2.2068777084350586
2025-07-15,05:46:16.0,5.240896224975586,1.1997730731964111,-0.6009912490844727
2025-07-15,05:46:16.0,0.5194540619850159,1.209347128868103,5.3822479248046875
2025-07-15,05:46:16.0,7.100569248199463,1.738439679145813,-0.5320448279380798
2025-07-15,05:46:16.3,-0.040901895612478256,0.07463008910417557,0.019267452880740166
2025-07-15,05:46:16.3,0.0,0.715172290802002,1.1990305185317993
2025-07-15,05:46:16.3,0.8289451003074646,1.1218435764312744,-0.058843906968832016
2025-07-15,05:46:16.3,0.0,1.252453088760376,2.248847246170044
2025-07-15,05:46:16.3,-3.1739869117736816,0.818532407283783,-2.6768431663513184
2025-07-15,05:46:16.3,0.515363872051239,1.6611136198043823,5.214831829071045
2025-07-15,05:46:16.6,-0.040901895612478256,0.07463114708662033,0.019263364374637604
2025-07-15,05:46:16.6,0.04362868890166283,0.6970983743667603,1.2088407278060913
2025-07-15,05:46:16.6,0.08044039458036423,1.2578506469726562,2.244391679763794
2025-07-15,05:46:16.6,-1.4479271173477173,2.0945286750793457,-0.37737151980400085
2025-07-15,05:46:16.6,-3.0417375564575195,0.8582959175109863,-2.8143982887268066
2025-07-15,05:46:16.6,0.515363872051239,2.4779317378997803,4.879920482635498
2025-07-15,05:46:16.6,2.57681941986084,4.7854228019714355,-0.8240755200386047
2025-07-15,05:46:17.0,-0.040901895612478256,0.07467580586671829,0.019089486449956894
2025-07-15,05:46:17.0,0.13088606297969818,0.7897961139678955,1.1437816619873047
2025-07-15,05:46:17.0,0.08044039458036423,1.038846731185913,2.3537797927856445
2025-07-15,05:46:17.0,3.2966928482055664,0.797584056854248,-0.27630072832107544
2025-07-15,05:46:17.0,-3.1739869117736816,1.9225205183029175,-2.0345513820648193
2025-07-15,05:46:17.0,0.8657568097114563,3.026577949523926,4.559741020202637
2025-07-15,05:46:17.3,-0.040901895612478256,0.07468629628419876,0.019048398360610008
2025-07-15,05:46:17.3,0.13088606297969818,0.5884451270103455,1.259264349937439
2025-07-15,05:46:17.3,0.08044039458036423,1.1130164861679077,2.3196284770965576
2025-07-15,05:46:17.3,3.2966928482055664,0.8033989071846008,-0.25890663266181946
2025-07-15,05:46:17.3,-3.306236505508423,1.7701215744018555,-1.960904598236084
2025-07-15,05:46:17.3,0.5194540619850159,2.1722073554992676,5.0707621574401855
2025-07-15,05:46:17.6,-0.040901895612478256,0.0746479481458664,0.019198134541511536
2025-07-15,05:46:17.6,0.0,0.585822343826294,1.2672638893127441
2025-07-15,05:46:17.6,0.0,1.3439443111419678,2.195396661758423
2025-07-15,05:46:17.6,1.4479271173477173,2.100903272628784,-0.34009620547294617
2025-07-15,05:46:17.6,0.0,1.3862950801849365,5.319544792175293
2025-07-15,05:46:18.0,-0.040901895612478256,0.0746530219912529,0.01917841099202633
2025-07-15,05:46:18.0,0.04362868890166283,0.6189132928848267,1.2506752014160156
2025-07-15,05:46:18.0,0.0,1.2845743894577026,2.2306549549102783
2025-07-15,05:46:18.0,1.3674867153167725,2.162862539291382,-0.2792102098464966
2025-07-15,05:46:18.0,3.2966928482055664,0.793745219707489,-0.2871427536010742
2025-07-15,05:46:18.0,-3.1739869117736816,0.3780539333820343,-2.7735464572906494
2025-07-15,05:46:18.0,0.17178796231746674,2.238075017929077,5.018055438995361
2025-07-15,05:46:18.3,-0.040901895612478256,0.07465546578168869,0.019168883562088013
2025-07-15,05:46:18.3,0.04362868890166283,0.6246912479400635,1.247799277305603
2025-07-15,05:46:18.3,0.08044039458036423,1.1905165910720825,2.28082275390625
2025-07-15,05:46:18.3,-3.1739869117736816,0.5288786888122559,-2.748776435852051
2025-07-15,05:46:18.3,0.5194540619850159,0.7666332721710205,5.462910175323486
2025-07-15,05:46:18.6,-0.040901895612478256,0.07465873658657074,0.019156161695718765
2025-07-15,05:46:18.6,0.04362868890166283,0.5088319182395935,1.2993583679199219
2025-07-15,05:46:18.6,0.16088078916072845,1.1945393085479736,2.2744550704956055
2025-07-15,05:46:18.6,3.2966928482055664,0.81206876039505,-0.23027540743350983
2025-07-15,05:46:18.6,-3.0417375564575195,1.5752414464950562,-2.4851808547973633
2025-07-15,05:46:18.6,0.8657568097114563,0.8595004081726074,5.404874801635742
2025-07-15,05:46:19.0,-0.040901895612478256,0.07464131712913513,0.019223889335989952
2025-07-15,05:46:19.0,0.04362868890166283,0.64225172996521,1.2388522624969482
2025-07-15,05:46:19.0,0.16088078916072845,1.2399650812149048,2.2500126361846924
2025-07-15,05:46:19.0,3.2966928482055664,0.8158393502235413,-0.2165376842021942
2025-07-15,05:46:19.0,-3.1739869117736816,1.581660270690918,-2.309509754180908
2025-07-15,05:46:19.0,-0.34630271792411804,5.327166557312012,1.4840211868286133
2025-07-15,05:46:19.3,-0.040901895612478256,0.07463245838880539,0.019258257001638412
2025-07-15,05:46:19.3,0.04362868890166283,0.8708834648132324,1.0903229713439941
2025-07-15,05:46:19.3,0.08044039458036423,1.238537311553955,2.2551069259643555
2025-07-15,05:46:19.3,3.2966928482055664,0.8242476582527161,-0.18192924559116364
2025-07-15,05:46:19.3,-0.1745147556066513,3.2179629802703857,4.560766220092773
2025-07-15,05:46:19.3,-2.2686917781829834,5.080729007720947,-0.4749315679073334
2025-07-15,05:46:19.3,1.0389081239700317,1.9879939556121826,5.066507339477539
2025-07-15,05:46:19.3,-2.2509677410125732,5.06301212310791,-0.00013905037485528737
2025-07-15,05:46:19.7,-0.040901895612478256,0.07463371008634567,0.01925341971218586
2025-07-15,05:46:19.7,0.08725737780332565,0.9008846879005432,1.0629856586456299
2025-07-15,05:46:19.7,0.08044039458036423,1.1934317350387573,2.279298782348633
2025-07-15,05:46:19.7,3.2966928482055664,0.827488362789154,-0.16656963527202606
2025-07-15,05:46:19.7,3.647085666656494,1.028472661972046,2.7264907360076904
2025-07-15,05:46:19.7,0.5194540619850159,1.650156021118164,-5.263848304748535
2025-07-15,05:46:20.0,-0.040901895612478256,0.07463502138853073,0.01924833282828331
2025-07-15,05:46:20.0,0.08725737780332565,0.816519558429718,1.1290825605392456
2025-07-15,05:46:20.0,0.08044039458036423,1.1039024591445923,2.323979616165161
2025-07-15,05:46:20.0,-1.4479271173477173,2.089723825454712,-0.4031311273574829
2025-07-15,05:46:20.0,3.2966928482055664,0.8366320133209229,-0.11193430423736572
2025-07-15,05:46:20.0,-3.1739869117736816,1.494493842124939,-2.3668487071990967
2025-07-15,05:46:20.0,0.8589398264884949,2.121995449066162,4.997872352600098
2025-07-15,05:46:20.0,-2.233243465423584,4.964354991912842,-0.7662718892097473
2025-07-15,05:46:20.3,-0.040901895612478256,0.0746772438287735,0.019083889201283455
2025-07-15,05:46:20.3,0.04362868890166283,0.44456392526626587,1.3227263689041138
2025-07-15,05:46:20.3,0.0,1.2552722692489624,2.247274875640869
2025-07-15,05:46:20.3,3.190347909927368,1.1824458837509155,-0.06456256657838821
2025-07-15,05:46:20.3,3.647085666656494,1.7534205913543701,2.3274500370025635
2025-07-15,05:46:20.3,0.0,3.9959287643432617,3.8384242057800293
2025-07-15,05:46:20.3,7.100569248199463,1.8054636716842651,-0.21341383457183838
2025-07-15,05:46:20.3,0.17178796231746674,2.947293996810913,4.637166976928711
2025-07-15,05:46:20.6,-0.040901895612478256,0.07467617839574814,0.01908804103732109
2025-07-15,05:46:20.6,0.04362868890166283,0.4851367175579071,1.3083900213241577
2025-07-15,05:46:20.6,0.4771887958049774,0.9846836924552917,-1.0650964975357056
2025-07-15,05:46:20.6,0.0,1.2467963695526123,2.251988410949707
2025-07-15,05:46:20.6,3.190347909927368,1.1836472749710083,-0.03641043230891228
2025-07-15,05:46:20.6,-3.063551902770996,1.4306740760803223,-3.218782901763916
2025-07-15,05:46:20.6,7.100569248199463,1.7437690496444702,-0.514309287071228
2025-07-15,05:46:20.6,0.0,2.436469316482544,4.976400852203369
2025-07-15,05:46:21.0,-0.040901895612478256,0.07467009872198105,0.01911179907619953
2025-07-15,05:46:21.0,0.0,0.5265640616416931,1.2930103540420532
2025-07-15,05:46:21.0,0.4771887958049774,1.0058844089508057,-1.0450975894927979
2025-07-15,05:46:21.0,0.0,1.2855976819992065,2.23006534576416
2025-07-15,05:46:21.0,3.190347909927368,1.1837724447250366,-0.03208311274647713
2025-07-15,05:46:21.0,7.100569248199463,1.8008005619049072,-0.24972374737262726
2025-07-15,05:46:21.0,0.8725737929344177,1.5023105144500732,-5.307353973388672
2025-07-15,05:46:21.3,-0.040901895612478256,0.07466994971036911,0.019112400710582733
2025-07-15,05:46:21.3,0.0,0.5010063052177429,1.303126335144043
2025-07-15,05:46:21.3,0.524907648563385,1.0259369611740112,-1.0018317699432373
2025-07-15,05:46:21.3,1.04981529712677,1.037588119506836,0.3912036418914795
2025-07-15,05:46:21.3,0.0,1.240053653717041,2.2557082176208496
2025-07-15,05:46:21.3,3.2966928482055664,0.8424373865127563,0.052742451429367065
2025-07-15,05:46:21.3,3.355318784713745,2.2833728790283203,2.306682825088501
2025-07-15,05:46:21.3,6.871518611907959,2.4850013256073,-0.5747401714324951
2025-07-15,05:46:21.3,0.17178796231746674,1.9325611591339111,5.143448829650879
2025-07-15,05:46:21.3,-0.8862077593803406,3.6261768341064453,4.27012825012207
2025-07-15,05:46:21.3,2.1268985271453857,5.085531711578369,-1.334985375404358
2025-07-15,05:46:21.6,-0.040901895612478256,0.07466795295476913,0.019120192155241966
2025-07-15,05:46:21.6,0.0,0.49676191806793213,1.3047502040863037
2025-07-15,05:46:21.6,0.0,1.2715181112289429,2.2381229400634766
2025-07-15,05:46:21.6,3.2966928482055664,0.8437058329582214,0.025355419144034386
2025-07-15,05:46:21.6,3.50120210647583,1.975019097328186,2.373525857925415
2025-07-15,05:46:21.6,0.17178796231746674,3.0625972747802734,4.561837196350098
2025-07-15,05:46:21.6,2.7486073970794678,4.51854944229126,-1.4990791082382202
2025-07-15,05:46:21.6,7.100569248199463,1.7298064231872559,-0.5594764947891235
2025-07-15,05:46:21.6,0.0,1.5083069801330566,6.547329902648926
2025-07-15,05:46:22.0,-0.040901895612478256,0.07466822117567062,0.019119132310152054
2025-07-15,05:46:22.0,0.0,0.4923463463783264,1.3064228296279907
2025-07-15,05:46:22.0,0.6980590224266052,1.2071977853775024,-0.06732536107301712
2025-07-15,05:46:22.0,0.08044039458036423,1.3074780702590942,2.215848207473755
2025-07-15,05:46:22.0,3.2966928482055664,0.8420330286026001,0.058845408260822296
2025-07-15,05:46:22.0,3.355318784713745,2.331242799758911,2.2582924365997314
2025-07-15,05:46:22.0,0.34357592463493347,3.0863704681396484,4.536038398742676
2025-07-15,05:46:22.0,7.100569248199463,1.816644549369812,0.07104182988405228
2025-07-15,05:46:22.3,-0.040901895612478256,0.07466716319322586,0.01912328228354454
2025-07-15,05:46:22.3,0.04362868890166283,0.4737943708896637,1.3125399351119995
2025-07-15,05:46:22.3,0.6544303297996521,1.2313227653503418,-0.0686352401971817
2025-07-15,05:46:22.3,0.0,1.2653216123580933,2.2416319847106934
2025-07-15,05:46:22.3,3.2966928482055664,0.8439136743545532,0.017091844230890274
2025-07-15,05:46:22.3,0.6871518492698669,1.8792052268981934,5.1201348304748535
2025-07-15,05:46:22.3,2.7486073970794678,4.708302021026611,-0.7045722007751465
2025-07-15,05:46:22.3,7.100569248199463,1.810733675956726,-0.16275067627429962
2025-07-15,05:46:22.6,-0.040901895612478256,0.07467099279165268,0.019108302891254425
2025-07-15,05:46:22.6,0.0,0.49965202808380127,1.303646206855774
2025-07-15,05:46:22.6,0.6980590224266052,1.2071808576583862,-0.06762892752885818
2025-07-15,05:46:22.6,0.0,1.3074198961257935,2.2173421382904053
2025-07-15,05:46:22.6,3.2966928482055664,0.8437843918800354,0.022591158747673035
2025-07-15,05:46:22.6,0.6871518492698669,2.602663516998291,4.793050765991211
2025-07-15,05:46:22.6,2.7486073970794678,4.7378764152526855,-0.4658925533294678
2025-07-15,05:46:22.6,7.100569248199463,1.8163399696350098,-0.07844344526529312
2025-07-15,05:46:23.0,-0.040901895612478256,0.07468490302562714,0.01905387081205845
2025-07-15,05:46:23.0,0.0,0.6934546232223511,1.21172034740448
2025-07-15,05:46:23.0,0.0,1.2909069061279297,2.2269961833953857
2025-07-15,05:46:23.0,3.190347909927368,1.1833674907684326,0.044587597250938416
2025-07-15,05:46:23.3,-0.040901895612478256,0.07467805594205856,0.019080696627497673
2025-07-15,05:46:23.3,0.0,0.6779823303222656,1.2204447984695435
2025-07-15,05:46:23.3,0.0,1.3137402534484863,2.2136032581329346
2025-07-15,05:46:23.3,3.190347909927368,1.1833547353744507,0.04492349550127983
2025-07-15,05:46:23.3,0.5235442519187927,1.289268136024475,-5.408328533172607
2025-07-15,05:46:23.6,-0.040901895612478256,0.07467930763959885,0.019075777381658554
2025-07-15,05:46:23.6,0.0,0.6811251044273376,1.2186936140060425
2025-07-15,05:46:23.6,0.0,1.3144618272781372,2.213174819946289
2025-07-15,05:46:23.6,3.190347909927368,1.1826705932617188,0.06030745431780815
2025-07-15,05:46:23.6,0.6871518492698669,2.90610408782959,4.615382194519043
2025-07-15,05:46:23.6,-2.57681941986084,4.8183913230896,-0.6020597219467163
2025-07-15,05:46:24.0,-0.040901895612478256,0.07467921823263168,0.01907615177333355
2025-07-15,05:46:24.0,0.0,0.6808916926383972,1.218824028968811
2025-07-15,05:46:24.0,0.0,1.2738343477249146,2.2368054389953613
2025-07-15,05:46:24.0,3.190347909927368,1.1835849285125732,0.03838565945625305
2025-07-15,05:46:24.0,0.515363872051239,1.8578848838806152,5.148012638092041
2025-07-15,05:46:24.3,-0.040901895612478256,0.07468230277299881,0.019064053893089294
2025-07-15,05:46:24.3,0.0,0.6920486092567444,1.2125239372253418
2025-07-15,05:46:24.3,0.0,1.2995121479034424,2.2219858169555664
2025-07-15,05:46:24.3,3.190347909927368,1.1838788986206055,0.027881953865289688
2025-07-15,05:46:24.3,1.0389081239700317,2.0396053791046143,5.0459513664245605
2025-07-15,05:46:24.3,-2.2509677410125732,5.002821922302246,-0.7783728837966919
2025-07-15,05:46:24.6,-0.040901895612478256,0.07468108832836151,0.019068816676735878
2025-07-15,05:46:24.6,0.0,0.6959570050239563,1.2102848291397095
2025-07-15,05:46:24.6,0.0,1.246563196182251,2.252117395401001
2025-07-15,05:46:24.6,3.190347909927368,1.1807785034179688,0.09004902094602585
2025-07-15,05:46:24.6,1.0470885038375854,2.4530231952667236,4.9063849449157715
2025-07-15,05:46:24.6,-2.094177007675171,5.175145149230957,-0.13646915555000305
2025-07-15,05:46:25.0,-0.040901895612478256,0.07467890530824661,0.019077368080615997
2025-07-15,05:46:25.0,0.0,0.6976178288459778,1.209328293800354
2025-07-15,05:46:25.0,0.0,1.3163026571273804,2.212080478668213
2025-07-15,05:46:25.0,3.190347909927368,1.183384895324707,0.04412269592285156
2025-07-15,05:46:25.0,0.17178796231746674,2.6698458194732666,4.8022685050964355
2025-07-15,05:46:25.0,1.221603274345398,2.215686321258545,-4.978428363800049
2025-07-15,05:46:25.3,-0.040901895612478256,0.07467382401227951,0.019097255542874336
2025-07-15,05:46:25.3,0.0,0.7037950754165649,1.2057437896728516
2025-07-15,05:46:25.3,0.0,1.3075200319290161,2.217283010482788
2025-07-15,05:46:25.3,3.190347909927368,1.1824586391448975,0.06432849168777466
2025-07-15,05:46:25.3,0.0,2.062873125076294,5.142518997192383
2025-07-15,05:46:25.7,-0.040901895612478256,0.07467075437307358,0.019109239801764488
2025-07-15,05:46:25.7,0.04226529225707054,0.6171202063560486,1.202748417854309
2025-07-15,05:46:25.7,0.0,1.3372851610183716,2.1994593143463135
2025-07-15,05:46:25.7,3.190347909927368,1.182642936706543,-0.06084578484296799
2025-07-15,05:46:25.7,3.855685234069824,1.9743003845214844,0.8081144690513611
2025-07-15,05:46:26.0,-0.040901895612478256,0.07467153668403625,0.019106190651655197
2025-07-15,05:46:26.0,0.04226529225707054,0.6119020581245422,1.2054115533828735
2025-07-15,05:46:26.0,0.08044039458036423,1.4596060514450073,2.1187336444854736
2025-07-15,05:46:26.0,3.190347909927368,1.179237961769104,-0.10837208479642868
2025-07-15,05:46:26.0,3.893860340118408,2.1544010639190674,-0.005581352394074202
2025-07-15,05:46:26.3,-0.040901895612478256,0.07467243820428848,0.019102655351161957
2025-07-15,05:46:26.3,0.04226529225707054,0.6647111177444458,1.1771152019500732
2025-07-15,05:46:26.3,0.0,1.3899059295654297,2.166590452194214
2025-07-15,05:46:26.3,3.190347909927368,1.1841484308242798,0.011801048181951046
2025-07-15,05:46:26.3,4.0329270362854,1.8585021495819092,-0.29170775413513184
2025-07-15,05:46:26.6,-0.040901895612478256,0.07467199116945267,0.019104423001408577
2025-07-15,05:46:26.6,0.04226529225707054,0.6606592535972595,1.1793941259384155
2025-07-15,05:46:26.6,0.0,1.5004183053970337,2.0915777683258057
2025-07-15,05:46:26.6,3.190347909927368,1.1819984912872314,-0.07229308784008026
2025-07-15,05:46:26.6,3.893860340118408,2.1543941497802734,-0.0077404724434018135
2025-07-15,05:46:27.0,-0.040901895612478256,0.07467087358236313,0.019108781591057777
2025-07-15,05:46:27.0,0.04226529225707054,0.6703674793243408,1.1739031076431274
2025-07-15,05:46:27.0,0.0,1.4532326459884644,2.124633550643921
2025-07-15,05:46:27.0,-1.3306750059127808,2.299853563308716,-0.15086859464645386
2025-07-15,05:46:27.0,1.3306750059127808,2.298722505569458,-0.16722047328948975
2025-07-15,05:46:27.0,3.190347909927368,1.1820120811462402,-0.07206915318965912
2025-07-15,05:46:27.0,3.893860340118408,2.1248667240142822,-0.3555503487586975
2025-07-15,05:46:27.0,2.3641295433044434,1.3840575218200684,3.506978750228882
2025-07-15,05:46:27.0,0.0,2.317004442214966,5.0331339836120605
2025-07-15,05:46:27.3,-0.040901895612478256,0.07467450946569443,0.01909458264708519
2025-07-15,05:46:27.3,0.04226529225707054,0.643454372882843,1.1888681650161743
2025-07-15,05:46:27.3,0.0,1.4669395685195923,2.1151928901672363
2025-07-15,05:46:27.3,-1.3674867153167725,2.159726142883301,-0.3025157153606415
2025-07-15,05:46:27.3,3.190347909927368,1.1805669069290161,-0.09278163313865662
2025-07-15,05:46:27.3,3.855685234069824,1.9797323942184448,0.7947142124176025
2025-07-15,05:46:27.6,-0.040901895612478256,0.07467082887887955,0.01910894736647606
2025-07-15,05:46:27.6,0.04226529225707054,0.6940109133720398,1.1600818634033203
2025-07-15,05:46:27.6,0.0,1.4532326459884644,2.124633550643921
2025-07-15,05:46:27.6,3.190347909927368,1.182414174079895,-0.06513983756303787
2025-07-15,05:46:27.6,3.893860340118408,2.1327292919158936,-0.3048619329929352
2025-07-15,05:46:27.6,2.2250630855560303,0.3297746181488037,3.839787244796753
2025-07-15,05:46:28.0,-0.040901895612478256,0.07467001676559448,0.01911212131381035
2025-07-15,05:46:28.0,0.04226529225707054,0.6747491359710693,1.1713900566101074
2025-07-15,05:46:28.0,0.0,1.519576907157898,2.07770037651062
2025-07-15,05:46:28.0,3.2966928482055664,0.8397615551948547,-0.08534036576747894
2025-07-15,05:46:28.0,3.893860340118408,2.125633716583252,-0.35093554854393005
2025-07-15,05:46:28.0,0.0,1.429405927658081,-5.353292942047119
2025-07-15,05:46:28.0,2.0778162479400635,5.122313976287842,0.3814782500267029
2025-07-15,05:46:28.0,0.35448309779167175,2.984381675720215,4.810023307800293
2025-07-15,05:46:28.0,3.013106346130371,4.792181968688965,-0.3531261086463928
2025-07-15,05:46:28.3,-0.040901895612478256,0.07468268275260925,0.01906256563961506
2025-07-15,05:46:28.3,0.04226529225707054,0.7286463379859924,1.1386463642120361
2025-07-15,05:46:28.3,0.0,1.4903353452682495,2.0987741947174072
2025-07-15,05:46:28.3,1.2475078105926514,2.3443856239318848,-0.1742512285709381
2025-07-15,05:46:28.3,-1.3306750059127808,2.2922239303588867,-0.240411639213562
2025-07-15,05:46:28.3,3.9933884143829346,1.7824008464813232,0.5414009690284729
2025-07-15,05:46:28.3,3.647085666656494,2.913902759552002,-0.02603868767619133
2025-07-15,05:46:28.3,0.0,0.5607152581214905,5.512399196624756
2025-07-15,05:46:28.3,2.2509677410125732,5.05996036529541,-0.17576315999031067
2025-07-15,05:46:28.6,-0.040901895612478256,0.07468268275260925,0.01906256563961506
2025-07-15,05:46:28.6,0.04226529225707054,0.6882919669151306,1.1634840965270996
2025-07-15,05:46:28.6,0.08044039458036423,1.58090341091156,2.029834032058716
2025-07-15,05:46:28.6,3.2966928482055664,0.8431941270828247,-0.038808777928352356
2025-07-15,05:46:28.6,3.9933884143829346,1.7556569576263428,0.6226851940155029
2025-07-15,05:46:28.6,0.34630271792411804,2.408198356628418,4.97811222076416
2025-07-15,05:46:29.0,-0.040901895612478256,0.07468661665916443,0.019047150388360023
2025-07-15,05:46:29.0,0.04226529225707054,0.6358016133308411,1.1929783821105957
2025-07-15,05:46:29.0,0.0,1.5481326580047607,2.056511163711548
2025-07-15,05:46:29.0,3.1235415935516357,1.4511463642120361,0.13104435801506042
2025-07-15,05:46:29.0,3.9933884143829346,1.813403844833374,0.42618584632873535
2025-07-15,05:46:29.3,-0.040901895612478256,0.0746845006942749,0.01905544102191925
2025-07-15,05:46:29.3,0.04226529225707054,0.7290166020393372,1.1384093761444092
2025-07-15,05:46:29.3,0.0,1.5988292694091797,2.0173492431640625
2025-07-15,05:46:29.3,3.2312498092651367,1.1984071731567383,-0.04852840676903725
2025-07-15,05:46:29.3,4.0329270362854,1.8585495948791504,-0.2914048433303833
2025-07-15,05:46:29.6,-0.040901895612478256,0.07468464970588684,0.01905485801398754
2025-07-15,05:46:29.6,0.04226529225707054,0.714604914188385,1.1475107669830322
2025-07-15,05:46:29.6,0.0,1.4681538343429565,2.1143503189086914
2025-07-15,05:46:29.6,1.0811734199523926,2.4253218173980713,0.17793823778629303
2025-07-15,05:46:29.6,-1.2475078105926514,2.299889326095581,-0.48684415221214294
2025-07-15,05:46:29.6,3.9933884143829346,1.7458784580230713,0.64959716796875
2025-07-15,05:46:29.6,0.0,1.40804123878479,5.449122905731201
2025-07-15,05:46:30.0,-0.040901895612478256,0.07468657195568085,0.019047338515520096
2025-07-15,05:46:30.0,0.04226529225707054,0.6975628137588501,1.1579495668411255
2025-07-15,05:46:30.0,0.0,1.420142650604248,2.146892547607422
2025-07-15,05:46:30.0,-1.2066059112548828,2.168654680252075,-0.6833678483963013
2025-07-15,05:46:30.0,1.2475078105926514,2.3503470420837402,0.04874764382839203
2025-07-15,05:46:30.0,-1.2475078105926514,2.3256356716156006,-0.3434041440486908
2025-07-15,05:46:30.0,3.1235415935516357,1.4554005861282349,0.06933427602052689
2025-07-15,05:46:30.0,3.9933884143829346,1.799612283706665,0.4811065196990967
2025-07-15,05:46:30.0,0.17178796231746674,0.775286078453064,5.439558029174805
2025-07-15,05:46:30.3,-0.040901895612478256,0.07468543946743011,0.019051779061555862
2025-07-15,05:46:30.3,0.04226529225707054,0.6517080664634705,1.184363842010498
2025-07-15,05:46:30.3,0.0,1.4834747314453125,2.1036291122436523
2025-07-15,05:46:30.3,-1.2475078105926514,2.320133686065674,-0.3787972927093506
2025-07-15,05:46:30.3,1.164340615272522,2.3923799991607666,-0.0601029098033905
2025-07-15,05:46:30.3,3.1235415935516357,1.4528053998947144,0.11115145683288574
2025-07-15,05:46:30.3,3.9933884143829346,1.8134591579437256,0.4259504973888397
2025-07-15,05:46:30.6,-0.040901895612478256,0.07468559592962265,0.01905115507543087
2025-07-15,05:46:30.6,0.04226529225707054,0.6710658669471741,1.1735039949417114
2025-07-15,05:46:30.6,0.0,1.3733363151550293,2.177131175994873
2025-07-15,05:46:30.6,3.190347909927368,1.1831510066986084,-0.05000171810388565
2025-07-15,05:46:30.6,4.0329270362854,1.8457950353622437,-0.36354386806488037
2025-07-15,05:46:30.6,2.3641295433044434,0.9496135115623474,3.6486639976501465
2025-07-15,05:46:31.0,-0.040901895612478256,0.07468970119953156,0.019035043194890022
2025-07-15,05:46:31.0,0.04226529225707054,0.6650371551513672,1.1769310235977173
2025-07-15,05:46:31.0,0.0,1.4866628646850586,2.101377248764038
2025-07-15,05:46:31.0,-1.2475078105926514,2.3442893028259277,-0.1755431741476059
2025-07-15,05:46:31.0,1.2475078105926514,2.3500332832336426,-0.062064070254564285
2025-07-15,05:46:31.0,3.190347909927368,1.181351661682129,-0.08218909054994583
2025-07-15,05:46:31.0,3.9933884143829346,1.81235671043396,0.43061724305152893
2025-07-15,05:46:31.3,-0.040901895612478256,0.07468865811824799,0.01903914101421833
2025-07-15,05:46:31.3,0.04226529225707054,0.6419361233711243,1.1896886825561523
2025-07-15,05:46:31.3,0.08044039458036423,1.5297396183013916,2.0686659812927246
2025-07-15,05:46:31.3,3.2312498092651367,1.1963684558868408,0.08507160097360611
2025-07-15,05:46:31.3,3.9933884143829346,1.7847739458084106,0.5335257649421692
2025-07-15,05:46:31.6,-0.040901895612478256,0.0746895968914032,0.019035469740629196
2025-07-15,05:46:31.6,0.04226529225707054,0.6322996020317078,1.1948381662368774
2025-07-15,05:46:31.6,0.0,1.385716438293457,2.1692724227905273
2025-07-15,05:46:31.6,-1.3306750059127808,2.291065216064453,-0.25121402740478516
2025-07-15,05:46:31.6,1.164340615272522,2.3907363414764404,0.10711758583784103
2025-07-15,05:46:31.6,3.190347909927368,1.1827157735824585,-0.059414565563201904
2025-07-15,05:46:31.6,3.9933884143829346,1.821066975593567,0.39215195178985596
2025-07-15,05:46:31.6,0.0,2.159492254257202,5.055290699005127
2025-07-15,05:46:32.0,-0.040901895612478256,0.07469069212675095,0.01903115212917328
2025-07-15,05:46:32.0,0.04226529225707054,0.6330494284629822,1.1944410800933838
2025-07-15,05:46:32.0,0.0,1.4067779779434204,2.1556735038757324
2025-07-15,05:46:32.0,1.2475078105926514,2.350428819656372,-0.04463712498545647
2025-07-15,05:46:32.0,-1.2475078105926514,2.3299524784088135,-0.31277579069137573
2025-07-15,05:46:32.0,3.2312498092651367,1.195849061012268,0.09208522737026215
2025-07-15,05:46:32.0,3.855685234069824,2.1148440837860107,0.2799026072025299
2025-07-15,05:46:32.0,3.647085666656494,2.913830518722534,-0.03316579759120941
2025-07-15,05:46:32.3,-0.040901895612478256,0.0746888667345047,0.019038328900933266
2025-07-15,05:46:32.3,0.04226529225707054,0.6619552373886108,1.1786671876907349
2025-07-15,05:46:32.3,0.08044039458036423,1.4710171222686768,2.1108269691467285
2025-07-15,05:46:32.3,-1.4479271173477173,2.124525547027588,-0.12590353190898895
2025-07-15,05:46:32.3,-1.2475078105926514,2.3429770469665527,-0.1922665536403656
2025-07-15,05:46:32.3,1.164340615272522,2.3931219577789307,-0.007876954041421413
2025-07-15,05:46:32.3,3.2312498092651367,1.1964884996414185,0.08336646854877472
2025-07-15,05:46:32.3,3.893860340118408,2.153771162033081,-0.05238598585128784
2025-07-15,05:46:32.3,3.647085666656494,2.913539409637451,0.05288096144795418
2025-07-15,05:46:32.6,-0.040901895612478256,0.0746898502111435,0.01903447136282921
2025-07-15,05:46:32.6,0.04226529225707054,0.6288632154464722,1.1966503858566284
2025-07-15,05:46:32.6,0.0,1.4643734693527222,2.1169703006744385
2025-07-15,05:46:32.6,3.190347909927368,1.183936595916748,-0.025309983640909195
2025-07-15,05:46:32.6,3.717982292175293,2.2743353843688965,0.6490193009376526
2025-07-15,05:46:33.0,-0.040901895612478256,0.07469172775745392,0.01902710646390915
2025-07-15,05:46:33.0,0.04226529225707054,0.6629048585891724,1.1781333684921265
2025-07-15,05:46:33.0,0.08044039458036423,1.6209373474121094,1.9980100393295288
2025-07-15,05:46:33.0,1.164340615272522,2.3918814659118652,0.07744794338941574
2025-07-15,05:46:33.0,-1.164340615272522,2.35304856300354,-0.43618443608283997
2025-07-15,05:46:33.0,3.190347909927368,1.1813992261886597,-0.08150187879800797
2025-07-15,05:46:33.0,3.717982292175293,2.29292631149292,0.5799272060394287
2025-07-15,05:46:33.3,-0.040901895612478256,0.07468921691179276,0.019036956131458282
2025-07-15,05:46:33.3,0.08453058451414108,0.7164806723594666,1.1440006494522095
2025-07-15,05:46:33.3,0.0,1.4300190210342407,2.140326738357544
2025-07-15,05:46:33.3,1.2475078105926514,2.34952449798584,-0.07901044189929962
2025-07-15,05:46:33.3,-1.0811734199523926,2.341392755508423,-0.6570594906806946
2025-07-15,05:46:33.3,3.1235415935516357,1.4568605422973633,0.023576809093356133
2025-07-15,05:46:33.3,3.717982292175293,2.2519500255584717,0.7228748202323914
2025-07-15,05:46:33.6,-0.040901895612478256,0.07469036430120468,0.019032452255487442
2025-07-15,05:46:33.6,0.08453058451414108,0.6875601410865784,1.1616122722625732
2025-07-15,05:46:33.6,0.0,1.3760923147201538,2.1753902435302734
2025-07-15,05:46:33.6,3.338958263397217,0.8546534180641174,0.02085435390472412
2025-07-15,05:46:33.6,3.893860340118408,2.154376983642578,-0.011610443703830242
2025-07-15,05:46:34.0,-0.040901895612478256,0.07468833029270172,0.019040429964661598
2025-07-15,05:46:34.0,0.08453058451414108,0.7076765298843384,1.1494677066802979
2025-07-15,05:46:34.0,0.0,1.303714632987976,2.219522714614868
2025-07-15,05:46:34.0,3.2312498092651367,1.198654055595398,0.04199056699872017
2025-07-15,05:46:34.0,3.893860340118408,2.152273416519165,0.09588827937841415
2025-07-15,05:46:34.0,3.792968988418579,2.720637321472168,-0.06527535617351532
2025-07-15,05:46:34.0,0.0,2.785243272781372,4.739387035369873
2025-07-15,05:46:34.3,-0.040901895612478256,0.0746883973479271,0.019040171056985855
2025-07-15,05:46:34.3,0.08453058451414108,0.6833191514015198,1.1641120910644531
2025-07-15,05:46:34.3,0.0,1.4728155136108398,2.1111056804656982
2025-07-15,05:46:34.3,3.190347909927368,1.1840448379516602,-0.019607428461313248
2025-07-15,05:46:34.3,3.855685234069824,2.0728061199188232,0.5043666362762451
2025-07-15,05:46:34.3,0.0,1.0132955312728882,5.44740104675293
2025-07-15,05:46:34.3,-2.943572998046875,4.69330358505249,-0.09603828936815262
2025-07-15,05:46:34.6,-0.040901895612478256,0.07469099014997482,0.01903000846505165
2025-07-15,05:46:34.6,0.04226529225707054,0.6695964336395264,1.1743431091308594
2025-07-15,05:46:34.6,0.0,1.4354008436203003,2.136721134185791
2025-07-15,05:46:34.6,-1.4479271173477173,2.1068050861358643,-0.301383912563324
2025-07-15,05:46:34.6,-1.2475078105926514,2.3248519897460938,-0.34866976737976074
2025-07-15,05:46:34.6,1.0811734199523926,2.428572654724121,0.12602511048316956
2025-07-15,05:46:34.6,3.190347909927368,1.1836122274398804,-0.03753130882978439
2025-07-15,05:46:34.6,3.893860340118408,2.1543691158294678,-0.012995039112865925
2025-07-15,05:46:35.0,-0.040901895612478256,0.0746883973479271,0.019040171056985855
2025-07-15,05:46:35.0,0.04226529225707054,0.6400406360626221,1.1907094717025757
2025-07-15,05:46:35.0,0.0,1.4659353494644165,2.115889072418213
2025-07-15,05:46:35.0,-1.2475078105926514,2.3203330039978027,-0.3775748908519745
2025-07-15,05:46:35.0,1.2475078105926514,2.3492629528045654,-0.08643781393766403
2025-07-15,05:46:35.0,3.1235415935516357,1.4568454027175903,-0.024486897513270378
2025-07-15,05:46:35.0,3.893860340118408,2.1501917839050293,-0.13472379744052887
2025-07-15,05:46:35.0,-2.943572998046875,4.670553684234619,0.47143492102622986
2025-07-15,05:46:35.0,0.17315135896205902,3.075676202774048,-4.605559825897217
2025-07-15,05:46:35.3,-0.040901895612478256,0.0746886134147644,0.019039329141378403
2025-07-15,05:46:35.3,0.04226529225707054,0.6452939510345459,1.187870740890503
2025-07-15,05:46:35.3,0.08044039458036423,1.5256950855255127,2.071650743484497
2025-07-15,05:46:35.3,3.190347909927368,1.1835294961929321,0.04005865752696991
2025-07-15,05:46:35.3,3.893860340118408,2.152203321456909,0.09744581580162048
2025-07-15,05:46:35.3,2.4641303198971457e-35,6.457253388531973e-40,2.047241687774658
2025-07-15,05:46:35.6,-0.040901895612478256,0.07468938082456589,0.01903631165623665
2025-07-15,05:46:35.6,0.04226529225707054,0.6683104038238525,1.1750754117965698
2025-07-15,05:46:35.6,0.0,1.4730253219604492,2.11095929145813
2025-07-15,05:46:35.6,1.164340615272522,2.392883062362671,0.03471957519650459
2025-07-15,05:46:35.6,-1.164340615272522,2.303554058074951,-0.6486393213272095
2025-07-15,05:46:35.6,3.2312498092651367,1.1992149353027344,0.020450053736567497
2025-07-15,05:46:35.6,3.855685234069824,2.0666887760162354,0.5288748145103455
2025-07-15,05:46:35.6,2.340951681137085,0.4539114534854889,3.7055537700653076
2025-07-15,05:46:35.6,-0.17315135896205902,2.730003833770752,4.81851053237915
2025-07-15,05:46:36.0,-0.040901895612478256,0.0746874064207077,0.01904406026005745
2025-07-15,05:46:36.0,0.04226529225707054,0.6304957866668701,1.1957910060882568
2025-07-15,05:46:36.0,0.08044039458036423,1.4685488939285278,2.1125450134277344
2025-07-15,05:46:36.0,-1.4479271173477173,2.1037893295288086,-0.3217615783214569
2025-07-15,05:46:36.0,1.2475078105926514,2.347822427749634,-0.11931970715522766
2025-07-15,05:46:36.0,-1.164340615272522,2.3602304458618164,-0.3954833447933197
2025-07-15,05:46:36.0,3.1235415935516357,1.453494906425476,0.10173996537923813
2025-07-15,05:46:36.0,3.893860340118408,2.1519880294799805,0.10209084302186966
2025-07-15,05:46:36.0,0.0,2.964322328567505,4.681211471557617
2025-07-15,05:46:36.3,-0.040901895612478256,0.07468928396701813,0.01903669722378254
2025-07-15,05:46:36.3,0.04226529225707054,0.657504677772522,1.1811556816101074
2025-07-15,05:46:36.3,0.0,1.3580042123794556,2.186727523803711
2025-07-15,05:46:36.3,3.2312498092651367,1.1990208625793457,0.029728425666689873
2025-07-15,05:46:36.3,3.717982292175293,2.2515487670898438,0.7241239547729492
2025-07-15,05:46:36.3,0.17315135896205902,0.5834403038024902,5.50731897354126
2025-07-15,05:46:36.3,2.424118995666504,4.980983734130859,0.11997527629137039
2025-07-15,05:46:36.6,-0.040901895612478256,0.07468957453966141,0.019035542383790016
2025-07-15,05:46:36.6,0.08453058451414108,0.6963329911231995,1.1563746929168701
2025-07-15,05:46:36.6,0.0,1.400922179222107,2.1594836711883545
2025-07-15,05:46:36.6,1.3306750059127808,2.300546646118164,-0.1399030089378357
2025-07-15,05:46:36.6,-1.3306750059127808,2.3026514053344727,-0.099421426653862
2025-07-15,05:46:36.6,3.190347909927368,1.1835294961929321,0.04005865752696991
2025-07-15,05:46:36.6,3.717982292175293,2.2660484313964844,0.6773863434791565
2025-07-15,05:46:36.6,-0.17315135896205902,0.284339040517807,-5.5308332443237305
2025-07-15,05:46:36.6,-3.1167244911193848,4.568634510040283,0.3384590446949005
2025-07-15,05:46:37.0,-0.040901895612478256,0.07468686997890472,0.019046152010560036
2025-07-15,05:46:37.0,0.08453058451414108,0.6650054454803467,1.1746701002120972
2025-07-15,05:46:37.0,0.0,1.425406575202942,2.1434011459350586
2025-07-15,05:46:37.0,1.2475078105926514,2.3508076667785645,-0.01451462134718895
2025-07-15,05:46:37.0,-1.3306750059127808,2.30436635017395,-0.044544901698827744
2025-07-15,05:46:37.0,3.2312498092651367,1.1993693113327026,-0.0069191292859613895
2025-07-15,05:46:37.0,3.717982292175293,2.2714834213256836,0.6589316725730896
2025-07-15,05:46:37.3,-0.040901895612478256,0.07469046115875244,0.0190320685505867
2025-07-15,05:46:37.3,0.04226529225707054,0.6669283509254456,1.1758604049682617
2025-07-15,05:46:37.3,0.08044039458036423,1.4039247035980225,2.1560328006744385
2025-07-15,05:46:37.3,1.164340615272522,2.3913767337799072,-0.09171684831380844
2025-07-15,05:46:37.3,-1.164340615272522,2.372581720352173,-0.3129715025424957
2025-07-15,05:46:37.3,3.2312498092651367,1.1982301473617554,0.05271768569946289
2025-07-15,05:46:37.3,3.855685234069824,2.0789682865142822,0.4783329665660858
2025-07-15,05:46:37.3,2.2032487392425537,0.6301454305648804,3.7637522220611572
2025-07-15,05:46:37.6,-0.040901895612478256,0.07468841969966888,0.019040098413825035
2025-07-15,05:46:37.6,0.04226529225707054,0.6634199023246765,1.177843451499939
2025-07-15,05:46:37.6,0.0,1.4546607732772827,2.1236560344696045
2025-07-15,05:46:37.6,1.3306750059127808,2.30385160446167,-0.06599942594766617
2025-07-15,05:46:37.6,-1.3306750059127808,2.276789665222168,-0.3582139313220978
2025-07-15,05:46:37.6,3.1235415935516357,1.454636573791504,0.08384883403778076
2025-07-15,05:46:37.6,3.855685234069824,2.0550363063812256,0.572482705116272
2025-07-15,05:46:37.6,-1.4588342905044556,4.389284133911133,0.6314511895179749
2025-07-15,05:46:37.6,-0.1758781522512436,3.1384096145629883,4.668508529663086
2025-07-15,05:46:37.6,0.0,2.8248960971832275,4.766645431518555
2025-07-15,05:46:38.0,-0.040901895612478256,0.0746876522898674,0.019043093547225
2025-07-15,05:46:38.0,0.04226529225707054,0.6054782867431641,1.2086509466171265
2025-07-15,05:46:38.0,0.0,1.4475657939910889,2.1284985542297363
2025-07-15,05:46:38.0,-1.2475078105926514,2.323378562927246,-0.35835760831832886
2025-07-15,05:46:38.0,1.164340615272522,2.3930647373199463,-0.018325477838516235
2025-07-15,05:46:38.0,3.2312498092651367,1.198517084121704,0.04573281481862068
2025-07-15,05:46:38.0,3.855685234069824,2.027580738067627,0.6631949543952942
2025-07-15,05:46:38.0,2.4641303198971457e-35,6.457253388531973e-40,2.047241687774658
2025-07-15,05:46:38.0,9009973803614208.0,8388611.0,3.734639592110473e-33
2025-07-15,05:46:38.0,0.0,2.350988701644575e-38,-2.524354896707238e-29
2025-07-15,05:46:38.3,-0.040901895612478256,0.07468950003385544,0.01903584413230419
2025-07-15,05:46:38.3,0.04226529225707054,0.642046332359314,1.1896291971206665
2025-07-15,05:46:38.3,0.08044039458036423,1.4336395263671875,2.1363894939422607
2025-07-15,05:46:38.3,1.2475078105926514,2.3493945598602295,0.08278737962245941
2025-07-15,05:46:38.3,1.0811734199523926,2.4194037914276123,0.24562883377075195
2025-07-15,05:46:38.3,3.2312498092651367,1.196860909461975,0.07783856242895126
2025-07-15,05:46:38.3,3.893860340118408,2.154156446456909,0.032936397939920425
2025-07-15,05:46:38.3,2.3641295433044434,1.7912189960479736,3.3175365924835205
2025-07-15,05:46:38.3,0.17178796231746674,2.581739902496338,4.850203990936279
2025-07-15,05:46:38.6,-0.040901895612478256,0.07469266653060913,0.019023403525352478
2025-07-15,05:46:38.6,0.04226529225707054,0.6248869895935059,1.198731541633606
2025-07-15,05:46:38.6,0.08044039458036423,1.6121548414230347,2.00510311126709
2025-07-15,05:46:38.6,3.1235415935516357,1.449015498161316,-0.15281496942043304
2025-07-15,05:46:38.6,3.717982292175293,2.3448455333709717,0.3090733289718628
2025-07-15,05:46:38.6,2.340951681137085,1.5952109098434448,3.375272750854492
2025-07-15,05:46:38.6,0.17315135896205902,1.4587104320526123,5.34257698059082
2025-07-15,05:46:38.6,0.5235442519187927,2.7748565673828125,4.817924976348877
2025-07-15,05:46:38.6,-2.792236089706421,4.721995830535889,-1.045229196548462
2025-07-15,05:46:39.0,-0.040901895612478256,0.07468799501657486,0.0190417617559433
2025-07-15,05:46:39.0,0.0,1.4959367513656616,2.094785451889038
2025-07-15,05:46:39.0,1.2475078105926514,2.350623607635498,-0.03280746936798096
2025-07-15,05:46:39.0,-1.164340615272522,2.3451898097991943,-0.4766328036785126
2025-07-15,05:46:39.0,3.2312498092651367,1.1989190578460693,0.033584073185920715
2025-07-15,05:46:39.0,3.855685234069824,2.1268937587738037,0.16502681374549866
2025-07-15,05:46:39.0,2.4786548614501953,1.538944125175476,3.302293062210083
2025-07-15,05:46:39.0,0.0,2.6716387271881104,4.854203701019287
2025-07-15,05:46:39.0,-2.943572998046875,4.632842540740967,-0.7570280432701111
2025-07-15,05:46:39.3,-0.040901895612478256,0.07469037175178528,0.01903241127729416
2025-07-15,05:46:39.3,0.08453058451414108,0.7103661298751831,1.1478074789047241
2025-07-15,05:46:39.3,0.0,1.4879881143569946,2.1004390716552734
2025-07-15,05:46:39.3,-1.164340615272522,2.332953929901123,-0.5333114266395569
2025-07-15,05:46:39.3,1.2475078105926514,2.345271348953247,0.1618957370519638
2025-07-15,05:46:39.3,3.2312498092651367,1.1992629766464233,-0.017407115548849106
2025-07-15,05:46:39.3,3.893860340118408,2.1460349559783936,-0.18975909054279327
2025-07-15,05:46:39.3,2.2250630855560303,1.1412113904953003,3.6810805797576904
2025-07-15,05:46:39.6,-0.040901895612478256,0.07469090819358826,0.019030310213565826
2025-07-15,05:46:39.6,0.08453058451414108,0.7459928393363953,1.1249785423278809
2025-07-15,05:46:39.6,0.0,1.4395625591278076,2.1339194774627686
2025-07-15,05:46:39.6,3.2312498092651367,1.1992218494415283,0.02004082314670086
2025-07-15,05:46:39.6,3.893860340118408,2.1480321884155273,-0.16562575101852417
2025-07-15,05:46:39.6,2.3641295433044434,1.0681902170181274,3.615727424621582
2025-07-15,05:46:39.6,-0.5235442519187927,2.3643882274627686,5.0320868492126465
2025-07-15,05:46:40.0,-0.040901895612478256,0.07469338923692703,0.019020583480596542
2025-07-15,05:46:40.0,0.04226529225707054,0.6794464588165283,1.168671727180481
2025-07-15,05:46:40.0,0.08044039458036423,1.578362226486206,2.031810760498047
2025-07-15,05:46:40.0,1.164340615272522,2.3863325119018555,0.1803087443113327
2025-07-15,05:46:40.0,-1.164340615272522,2.343301773071289,-0.48583024740219116
2025-07-15,05:46:40.0,3.1235415935516357,1.453453779220581,0.10232504457235336
2025-07-15,05:46:40.0,3.893860340118408,2.154250144958496,-0.026097238063812256
2025-07-15,05:46:40.0,2.2250630855560303,0.8325955867767334,3.762911319732666
2025-07-15,05:46:40.3,-0.040901895612478256,0.07468675076961517,0.019046630710363388
2025-07-15,05:46:40.3,0.04226529225707054,0.6863770484924316,1.1646147966384888
2025-07-15,05:46:40.3,0.14315663278102875,1.1757452487945557,-0.9637795686721802
2025-07-15,05:46:40.3,-0.7635020613670349,1.242328405380249,0.45323997735977173
2025-07-15,05:46:40.3,0.0,1.4235485792160034,2.1446356773376465
2025-07-15,05:46:40.3,3.190347909927368,1.1625933647155762,-0.2252182811498642
2025-07-15,05:46:40.3,3.893860340118408,2.154222011566162,-0.028326384723186493
2025-07-15,05:46:40.3,2.3641295433044434,1.3478257656097412,3.5210623741149902
2025-07-15,05:46:40.6,-0.040901895612478256,0.07469052821397781,0.019031796604394913
2025-07-15,05:46:40.6,0.04226529225707054,0.6859142780303955,1.1648874282836914
2025-07-15,05:46:40.6,0.0,1.431929349899292,2.1390490531921387
2025-07-15,05:46:40.6,3.2312498092651367,1.1973315477371216,0.07022669911384583
2025-07-15,05:46:40.6,3.893860340118408,2.153458833694458,-0.06394709646701813
2025-07-15,05:46:40.6,2.4641303198971457e-35,6.457253388531973e-40,2.776616855121052e-40
2025-07-15,05:46:41.0,-0.040901895612478256,0.07467831671237946,0.019079677760601044
2025-07-15,05:46:41.0,0.04226529225707054,0.7533705830574036,1.122441053390503
2025-07-15,05:46:41.0,0.0,1.3679343461990356,2.1805293560028076
2025-07-15,05:46:41.0,3.2312498092651367,1.196860909461975,0.07783856242895126
2025-07-15,05:46:41.0,3.9933884143829346,1.8372882604599,0.30731043219566345
2025-07-15,05:46:41.0,2.340951681137085,0.9403039216995239,3.6128926277160645
2025-07-15,05:46:41.3,-0.040901895612478256,0.0746774896979332,0.019082922488451004
2025-07-15,05:46:41.3,0.04226529225707054,0.7026381492614746,1.154876947402954
2025-07-15,05:46:41.3,0.0,1.4743616580963135,2.1100261211395264
2025-07-15,05:46:41.3,1.2475078105926514,2.345345973968506,0.16080963611602783
2025-07-15,05:46:41.3,-1.2475078105926514,2.3073713779449463,-0.4500499665737152
2025-07-15,05:46:41.3,3.2312498092651367,1.1922078132629395,0.13105422258377075
2025-07-15,05:46:41.3,3.9933884143829346,1.8567317724227905,0.1503826230764389
2025-07-15,05:46:41.3,2.4786548614501953,1.7522666454315186,3.1942214965820312
2025-07-15,05:46:41.7,-0.040901895612478256,0.07467655837535858,0.019086552783846855
2025-07-15,05:46:41.7,0.04226529225707054,0.6926395893096924,1.1609011888504028
2025-07-15,05:46:41.7,0.0,1.3903124332427979,2.1663296222686768
2025-07-15,05:46:41.7,-1.4479271173477173,2.1204004287719727,-0.18265220522880554
2025-07-15,05:46:41.7,1.164340615272522,2.3794171810150146,0.25586768984794617
2025-07-15,05:46:41.7,-1.3306750059127808,2.295952796936035,-0.20171429216861725
2025-07-15,05:46:41.7,3.2312498092651367,1.196860909461975,-0.07783815264701843
2025-07-15,05:46:41.7,3.855685234069824,2.105266571044922,0.34462112188339233
2025-07-15,05:46:41.7,2.4786548614501953,1.7318098545074463,3.2053585052490234
2025-07-15,05:46:42.0,-0.040901895612478256,0.07467460632324219,0.019094176590442657
2025-07-15,05:46:42.0,0.04226529225707054,0.6747986078262329,1.1713615655899048
2025-07-15,05:46:42.0,0.0,1.4592361450195312,2.1205146312713623
2025-07-15,05:46:42.0,3.2312498092651367,1.1779625415802002,0.22569674253463745
2025-07-15,05:46:42.0,3.9933884143829346,1.8303033113479614,0.34649327397346497
2025-07-15,05:46:42.0,2.340951681137085,0.6718962788581848,3.672290802001953
2025-07-15,05:46:42.3,-0.040901895612478256,0.0746748149394989,0.019093355163931847
2025-07-15,05:46:42.3,0.04226529225707054,0.6571252346038818,1.1813668012619019
2025-07-15,05:46:42.3,0.0,1.4618626832962036,2.1187047958374023
2025-07-15,05:46:42.3,1.164340615272522,2.3847625255584717,0.20000597834587097
2025-07-15,05:46:42.3,-1.2475078105926514,2.3367977142333984,-0.2566792070865631
2025-07-15,05:46:42.3,3.2312498092651367,1.1931074857711792,0.12259349226951599
2025-07-15,05:46:42.3,3.893860340118408,2.1529734134674072,-0.07861478626728058
2025-07-15,05:46:42.3,2.2250630855560303,1.3773503303527832,3.5993921756744385
2025-07-15,05:46:42.3,-0.5194540619850159,0.6483683586120605,5.47820520401001
2025-07-15,05:46:42.3,-0.1745147556066513,2.420919895172119,5.029415607452393
2025-07-15,05:46:42.6,-0.040901895612478256,0.07467326521873474,0.019099419936537743
2025-07-15,05:46:42.6,0.04226529225707054,0.7311117649078369,1.1370649337768555
2025-07-15,05:46:42.6,0.08044039458036423,1.4737169742584229,2.108942985534668
2025-07-15,05:46:42.6,3.338958263397217,0.8435366153717041,0.13897259533405304
2025-07-15,05:46:42.6,3.893860340118408,2.105448007583618,-0.4566873610019684
2025-07-15,05:46:42.6,2.2250630855560303,1.253162145614624,3.644489288330078
2025-07-15,05:46:43.0,-0.040901895612478256,0.07467325031757355,0.019099492579698563
2025-07-15,05:46:43.0,0.04226529225707054,0.732578456401825,1.1361205577850342
2025-07-15,05:46:43.0,0.0,1.4318511486053467,2.139101505279541
2025-07-15,05:46:43.0,1.2475078105926514,2.3484511375427246,0.1062314584851265
2025-07-15,05:46:43.0,-1.164340615272522,2.354839563369751,-0.4264102578163147
2025-07-15,05:46:43.0,3.2312498092651367,1.1989413499832153,-0.03277711570262909
2025-07-15,05:46:43.0,4.0329270362854,1.7430649995803833,-0.7077060341835022
2025-07-15,05:46:43.0,2.2250630855560303,1.253162145614624,3.644489288330078
2025-07-15,05:46:43.3,-0.040901895612478256,0.07467874884605408,0.019077980890870094
2025-07-15,05:46:43.6,-0.040901895612478256,0.07462497055530548,0.01928727887570858
2025-07-15,05:46:43.6,2.366856336593628,0.6019720435142517,-0.06985118985176086
2025-07-15,05:46:44.0,-0.040901895612478256,0.07460254430770874,0.01937382109463215
2025-07-15,05:46:44.0,0.1649709790945053,0.3250163793563843,-0.3121985197067261
2025-07-15,05:46:44.0,-0.014997362159192562,0.46887728571891785,0.1012331172823906
2025-07-15,05:46:44.0,2.253694534301758,0.9206286668777466,-0.507595419883728
2025-07-15,05:46:44.0,-1.865126371383667,0.8621647953987122,1.4008301496505737
2025-07-15,05:46:44.0,-0.13633964955806732,0.30118751525878906,-0.80751633644104
2025-07-15,05:46:44.0,-0.43628689646720886,0.7208268642425537,0.22682029008865356
2025-07-15,05:46:44.3,-0.040901895612478256,0.07468708604574203,0.01904531940817833
2025-07-15,05:46:44.3,0.24541136622428894,0.39296847581863403,-0.24381881952285767
2025-07-15,05:46:44.3,-1.227056860923767,0.9165511727333069,-0.34807029366493225
2025-07-15,05:46:44.3,-2.061455488204956,1.2900313138961792,-0.2355397343635559
2025-07-15,05:46:44.3,-2.8713130950927734,2.0341076850891113,-0.32647332549095154
2025-07-15,05:46:44.3,-0.16360758244991302,0.19321875274181366,-1.28413987159729
2025-07-15,05:46:44.3,0.6135284304618835,1.153984546661377,-0.07084254920482635
2025-07-15,05:46:44.3,0.07635020464658737,0.046052876859903336,0.3374483287334442
2025-07-15,05:46:44.3,-0.1199788972735405,0.3276144862174988,-0.009767713956534863
2025-07-15,05:46:44.6,-0.040901895612478256,0.07468140125274658,0.019067591056227684
2025-07-15,05:46:44.6,-1.7724153995513916,1.402612328529358,0.1954081505537033
2025-07-15,05:46:44.6,0.28222307562828064,0.27219703793525696,-0.020961269736289978
2025-07-15,05:46:44.6,-0.9843723177909851,1.3315922021865845,0.08045698702335358
2025-07-15,05:46:44.6,-1.6606169939041138,1.852535367012024,0.46228960156440735
2025-07-15,05:46:44.6,1.4697414636611938,2.6151013374328613,1.5121948719024658
2025-07-15,05:46:44.6,0.20996306836605072,0.20787689089775085,0.07728112488985062
2025-07-15,05:46:44.6,-1.04981529712677,2.151319980621338,0.16638252139091492
2025-07-15,05:46:44.6,1.4124788045883179,2.8531649112701416,0.5363907217979431
2025-07-15,05:46:44.6,0.7539582848548889,3.3579049110412598,0.1884986311197281
2025-07-15,05:46:44.6,0.7921333909034729,3.532572031021118,0.08007446676492691
2025-07-15,05:46:44.6,0.3244883716106415,0.6655789613723755,-0.04257506877183914
2025-07-15,05:46:44.6,-0.648976743221283,0.4970284700393677,-1.2378184795379639
2025-07-15,05:46:45.0,-0.040901895612478256,0.07466775178909302,0.0191209614276886
2025-07-15,05:46:45.0,-0.7648654580116272,0.8841641545295715,-0.8403007984161377
2025-07-15,05:46:45.0,-2.729519844055176,5.426034450531006,1.4254040718078613
2025-07-15,05:46:45.0,0.18133173882961273,0.16596467792987823,-0.18122965097427368
2025-07-15,05:46:45.0,-1.1861549615859985,2.205599308013916,0.3627893924713135
2025-07-15,05:46:45.0,2.0464582443237305,2.73246431350708,0.4745076298713684
2025-07-15,05:46:45.0,-1.6974287033081055,3.0875630378723145,0.8358498811721802
2025-07-15,05:46:45.0,0.35448309779167175,0.2532441318035126,-0.02356688678264618
2025-07-15,05:46:45.0,-1.3088606595993042,2.0040931701660156,1.0596973896026611
2025-07-15,05:46:45.0,-0.32721516489982605,2.0996484756469727,-1.5286827087402344
2025-07-15,05:46:45.0,-0.6380695700645447,1.5338869094848633,0.3677290380001068
2025-07-15,05:46:45.0,-0.6871518492698669,2.263658285140991,0.6106811761856079
2025-07-15,05:46:45.0,0.20996306836605072,0.3602166473865509,-0.4463609755039215
2025-07-15,05:46:45.0,-0.019087551161646843,0.6026532649993896,0.09758768230676651
2025-07-15,05:46:45.0,1.900574803352356,1.064305305480957,-2.8379485607147217
2025-07-15,05:46:45.0,0.5589925646781921,3.4604806900024414,0.715180516242981
2025-07-15,05:46:45.0,-0.7416877150535583,0.7475769519805908,-0.9166098237037659
2025-07-15,05:46:45.3,-0.040901895612478256,0.07463835179805756,0.01923542469739914
2025-07-15,05:46:45.3,0.32721516489982605,0.5539590120315552,-0.5894443392753601
2025-07-15,05:46:45.3,-1.1779745817184448,5.727090835571289,2.298478603363037
2025-07-15,05:46:45.3,0.4908227324485779,0.17401531338691711,0.05394711345434189
2025-07-15,05:46:45.3,-0.7771360278129578,2.2609527111053467,0.6844719648361206
2025-07-15,05:46:45.3,-0.6544303297996521,2.406083106994629,0.7968376874923706
2025-07-15,05:46:45.3,-0.9380168318748474,3.536071538925171,0.8332666754722595
2025-07-15,05:46:45.3,0.10907172411680222,0.6866282224655151,0.06270094215869904
2025-07-15,05:46:45.3,-0.16769777238368988,1.6877878904342651,0.5683045983314514
2025-07-15,05:46:45.3,0.3135811984539032,0.6922492980957031,-0.6552780270576477
2025-07-15,05:46:45.3,-0.06271623820066452,0.9661989808082581,0.263548344373703
2025-07-15,05:46:45.3,-0.17724154889583588,0.32584258913993835,-1.0719853639602661
2025-07-15,05:46:45.3,-0.3313053548336029,0.8165013194084167,-0.781784176826477
2025-07-15,05:46:45.7,-0.040901895612478256,0.07465528696775436,0.01916959136724472
2025-07-15,05:46:45.7,0.7635020613670349,0.4182937741279602,0.0589912012219429
2025-07-15,05:46:45.7,0.15951739251613617,5.076060771942139,-0.5144518613815308
2025-07-15,05:46:45.7,0.21678005158901215,6.926423072814941,0.31480997800827026
2025-07-15,05:46:45.7,0.6626107096672058,7.01299524307251,0.577336311340332
2025-07-15,05:46:45.7,-1.8651264905929565,7.056545257568359,1.5445448160171509
2025-07-15,05:46:45.7,-2.1350789070129395,7.2751922607421875,0.37716031074523926
2025-07-15,05:46:45.7,-3.9061310291290283,7.196227550506592,1.5481139421463013
2025-07-15,05:46:45.7,-0.5071834921836853,0.892384946346283,-0.8807051181793213
2025-07-15,05:46:45.7,0.7185099720954895,1.1382886171340942,-0.13141541182994843
2025-07-15,05:46:45.7,-0.7648654580116272,0.9951643943786621,-0.7053364515304565
2025-07-15,05:46:45.7,0.8998417258262634,1.097527265548706,-0.24205249547958374
2025-07-15,05:46:45.7,-0.7116929888725281,0.21065190434455872,-1.0246613025665283
2025-07-15,05:46:45.7,0.19769249856472015,0.830045223236084,0.9342133402824402
2025-07-15,05:46:45.7,1.3906644582748413,1.8649879693984985,-1.2001404762268066
2025-07-15,05:46:46.0,-0.040901895612478256,0.07465846836566925,0.01915719173848629
2025-07-15,05:46:46.0,0.8507593870162964,0.5743029713630676,-0.20683054625988007
2025-07-15,05:46:46.0,-0.797586977481842,4.89178466796875,-1.2209813594818115
2025-07-15,05:46:46.0,0.797586977481842,2.3180904388427734,4.4773664474487305
2025-07-15,05:46:46.0,0.0,6.849647045135498,-0.028005970641970634
2025-07-15,05:46:46.0,0.0,7.021224021911621,0.20510666072368622
2025-07-15,05:46:46.0,-2.5345542430877686,6.755695343017578,1.5170397758483887
2025-07-15,05:46:46.0,-2.5795462131500244,6.944961071014404,1.19394052028656
2025-07-15,05:46:46.0,-4.921861171722412,6.6192545890808105,0.8220329284667969
2025-07-15,05:46:46.0,-0.6721544861793518,0.43266183137893677,-0.9807263016700745
2025-07-15,05:46:46.0,-0.19769249856472015,0.9542690515518188,0.8069078326225281
2025-07-15,05:46:46.0,3.172623872756958,7.089547157287598,0.8134008049964905
2025-07-15,05:46:46.0,-0.515363872051239,0.7629612684249878,-0.7347886562347412
2025-07-15,05:46:46.0,-0.0736234113574028,0.8518797159194946,0.8102497458457947
2025-07-15,05:46:46.3,-0.040901895612478256,0.07465433329343796,0.019173305481672287
2025-07-15,05:46:46.3,1.0661760568618774,1.1330264806747437,-1.2677719593048096
2025-07-15,05:46:46.3,-2.519556760787964,6.8107590675354,0.9943451285362244
2025-07-15,05:46:46.3,-3.2639713287353516,6.454472541809082,1.8290486335754395
2025-07-15,05:46:46.3,-4.895956993103027,6.334615707397461,1.9737845659255981
2025-07-15,05:46:46.3,-0.2126898616552353,6.732224464416504,0.9770243763923645
2025-07-15,05:46:46.3,-0.21814344823360443,6.892754077911377,1.0821272134780884
2025-07-15,05:46:46.3,-0.7157831788063049,0.9495777487754822,-0.957965612411499
2025-07-15,05:46:46.3,2.912214994430542,7.007217884063721,1.6514254808425903
2025-07-15,05:46:46.3,-0.15815399587154388,1.0587797164916992,-0.6743773221969604
2025-07-15,05:46:46.6,-0.040901895612478256,0.0746571272611618,0.019162403419613838
2025-07-15,05:46:46.6,0.6871518492698669,0.3415772318840027,-0.16694076359272003
2025-07-15,05:46:46.6,0.43628689646720886,0.6412861943244934,-0.3997384011745453
2025-07-15,05:46:46.6,-0.08180379122495651,0.8217335939407349,0.28186357021331787
2025-07-15,05:46:46.6,-0.6339793801307678,6.6535258293151855,1.029248595237732
2025-07-15,05:46:46.6,-0.6503401398658752,6.792907238006592,1.2469583749771118
2025-07-15,05:46:46.6,-3.4562103748321533,6.418619632720947,1.104865550994873
2025-07-15,05:46:46.6,-0.7362341284751892,0.698118269443512,-0.8268653750419617
2025-07-15,05:46:46.6,-0.16360758244991302,1.2956211566925049,-0.08783257752656937
2025-07-15,05:46:46.6,-0.8289451003074646,0.6319608688354492,-0.9287739396095276
2025-07-15,05:46:46.6,0.1567905992269516,4.955493450164795,-0.769280731678009
2025-07-15,05:46:46.6,-0.19087551534175873,0.6098869442939758,-1.041114330291748
2025-07-15,05:46:47.0,-0.040901895612478256,0.07462519407272339,0.019286414608359337
2025-07-15,05:46:47.0,0.7771360278129578,0.2823133170604706,0.05923484265804291
2025-07-15,05:46:47.0,0.7566850781440735,4.7768707275390625,0.24798011779785156
2025-07-15,05:46:47.0,1.8964844942092896,1.4525184631347656,-4.010770320892334
2025-07-15,05:46:47.0,0.14588342607021332,4.655509948730469,0.31254810094833374
2025-07-15,05:46:47.0,-0.5848971009254456,1.0968046188354492,-0.7264887094497681
2025-07-15,05:46:47.0,-4.844147682189941,6.044939041137695,2.5602974891662598
2025-07-15,05:46:47.0,-0.13633964955806732,0.4274505078792572,0.9941637516021729
2025-07-15,05:46:47.0,-0.553538978099823,0.19041498005390167,-1.12167227268219
2025-07-15,05:46:47.0,0.23723098635673523,0.9385825395584106,-0.8146141171455383
2025-07-15,05:46:47.0,-0.7839530110359192,4.945007801055908,0.32497504353523254
2025-07-15,05:46:47.0,-0.845305860042572,6.399061679840088,2.0169668197631836
2025-07-15,05:46:47.0,-0.6462499499320984,6.5896830558776855,1.9174138307571411
2025-07-15,05:46:47.0,-3.1876211166381836,6.178228855133057,2.180418014526367
2025-07-15,05:46:47.0,2.1350789070129395,7.247469425201416,0.7381458282470703
2025-07-15,05:46:47.0,2.8958542346954346,7.135820388793945,0.5724281668663025
2025-07-15,05:46:47.3,-0.040901895612478256,0.07463013380765915,0.01926727592945099
2025-07-15,05:46:47.3,0.7512314915657043,0.34716618061065674,0.04771681874990463
2025-07-15,05:46:47.3,0.1390664428472519,2.9643754959106445,-3.316136598587036
2025-07-15,05:46:47.3,1.668797254562378,3.9353394508361816,1.2376766204833984
2025-07-15,05:46:47.3,-0.6762446761131287,0.6739843487739563,-0.9579486846923828
2025-07-15,05:46:47.3,-0.2958570420742035,1.266219139099121,-0.3720017671585083
2025-07-15,05:46:47.3,-0.7703190445899963,4.763774871826172,1.0091423988342285
2025-07-15,05:46:47.3,-5.071835041046143,5.302314758300781,3.4661402702331543
2025-07-15,05:46:47.3,-0.3067642152309418,0.2203698754310608,-1.023228645324707
2025-07-15,05:46:47.3,-0.8398522734642029,6.244498252868652,2.3331105709075928
2025-07-15,05:46:47.3,-0.8616666197776794,6.198850154876709,2.8896067142486572
2025-07-15,05:46:47.3,0.6667008996009827,6.75089168548584,2.1340274810791016
2025-07-15,05:46:47.7,-0.040901895612478256,0.07462387531995773,0.01929149031639099
2025-07-15,05:46:47.7,-0.17042456567287445,0.3995963931083679,-1.0004709959030151
2025-07-15,05:46:47.7,0.7635020613670349,0.42243272066116333,-0.0004894089070148766
2025-07-15,05:46:47.7,-1.2325104475021362,4.6658124923706055,1.0081777572631836
2025-07-15,05:46:47.7,-1.04981529712677,6.238558769226074,2.2629165649414062
2025-07-15,05:46:47.7,-1.0702662467956543,6.486779689788818,1.9221522808074951
2025-07-15,05:46:47.7,-5.29679536819458,5.358328342437744,2.8945248126983643
2025-07-15,05:46:47.7,-0.4349234998226166,0.883967936038971,-0.7938855290412903
2025-07-15,05:46:47.7,-0.8698469996452332,0.8890684843063354,0.23180890083312988
2025-07-15,05:46:47.7,-0.8030405640602112,0.7872934341430664,-0.7513470649719238
2025-07-15,05:46:47.7,1.5338211059570312,5.117465019226074,1.0956950187683105
2025-07-15,05:46:47.7,2.4132118225097656,6.7759199142456055,2.8101420402526855
2025-07-15,05:46:48.1,-0.040901895612478256,0.07464559376239777,0.019207287579774857
2025-07-15,05:46:48.1,-0.8589398264884949,0.842646598815918,-0.5150584578514099
2025-07-15,05:46:48.1,-0.40901896357536316,0.47671881318092346,-1.148285150527954
2025-07-15,05:46:48.1,1.1016243696212769,6.521324634552002,-5.824742317199707
2025-07-15,05:46:48.1,4.406497478485107,6.914079666137695,3.232205867767334
2025-07-15,05:46:48.3,-0.040901895612478256,0.07464808225631714,0.019197603687644005
2025-07-15,05:46:48.3,-0.27267929911613464,0.37354743480682373,-0.9878118634223938
2025-07-15,05:46:48.3,-0.7362341284751892,0.8492659330368042,-0.6706883311271667
2025-07-15,05:46:48.3,0.6735178828239441,0.6894792914390564,-0.5981074571609497
2025-07-15,05:46:48.3,0.2672257125377655,5.0060906410217285,-6.927557945251465
2025-07-15,05:46:48.6,-0.040901895612478256,0.074643574655056,0.019215131178498268
2025-07-15,05:46:48.6,-0.37493404746055603,0.5005918741226196,-0.8935861587524414
2025-07-15,05:46:48.6,-0.7512314915657043,0.7169828414916992,-0.7227716445922852
2025-07-15,05:46:48.6,-0.31630799174308777,1.197884440422058,0.256581574678421
2025-07-15,05:46:48.6,0.6257990002632141,0.5564531683921814,-0.8284682631492615
2025-07-15,05:46:48.6,1.0675394535064697,0.4635411202907562,0.18197068572044373
2025-07-15,05:46:48.6,1.3156776428222656,8.089195251464844,1.9328687191009521
2025-07-15,05:46:49.0,-0.040901895612478256,0.07464553415775299,0.019207525998353958
2025-07-15,05:46:49.0,-0.47718876600265503,0.558337390422821,-0.8063586354255676
2025-07-15,05:46:49.0,0.0,8.515206336975098,1.6941883563995361
2025-07-15,05:46:49.0,0.6626107096672058,0.6487885117530823,-0.7263915538787842
2025-07-15,05:46:49.3,-0.040901895612478256,0.07464050501585007,0.019227072596549988
2025-07-15,05:46:49.3,-0.648976743221283,0.6295844316482544,-0.8214421272277832
2025-07-15,05:46:49.3,0.0,8.407083511352539,2.1679396629333496
2025-07-15,05:46:49.3,0.7253269553184509,0.7037209272384644,-0.6862887144088745
2025-07-15,05:46:49.6,-0.040901895612478256,0.07464250922203064,0.01921926997601986
2025-07-15,05:46:49.6,-0.6626107096672058,0.7602476477622986,-0.6087648868560791
2025-07-15,05:46:49.6,0.27131590247154236,8.410412788391113,2.137838363647461
2025-07-15,05:46:49.6,0.7512314915657043,0.8580288887023926,-0.5479503870010376
2025-07-15,05:46:50.0,-0.040901895612478256,0.07464324682950974,0.01921641081571579
2025-07-15,05:46:50.0,-0.6257990002632141,0.7249903678894043,-0.6858488917350769
2025-07-15,05:46:50.0,0.27131590247154236,8.383688926696777,2.2403459548950195
2025-07-15,05:46:50.0,0.7771360278129578,0.8696523904800415,-0.5940373539924622
2025-07-15,05:46:50.0,0.25222834944725037,5.561929225921631,-5.843570709228516
2025-07-15,05:46:50.0,3.278968572616577,6.992065906524658,2.3463544845581055
2025-07-15,05:46:50.0,1.28840970993042,7.623626708984375,2.8659894466400146
2025-07-15,05:46:50.0,1.2475078105926514,7.476483345031738,2.508183479309082
2025-07-15,05:46:50.3,-0.040901895612478256,0.07464266568422318,0.019218657165765762
2025-07-15,05:46:50.3,-0.610801637172699,0.05822024494409561,-1.0563362836837769
2025-07-15,05:46:50.3,-2.6940715312957764,3.746657371520996,-4.762576580047607
2025-07-15,05:46:50.3,-0.20723627507686615,6.39111852645874,1.7573435306549072
2025-07-15,05:46:50.3,-1.8405853509902954,5.711246967315674,2.6118595600128174
2025-07-15,05:46:50.7,-0.040901895612478256,0.07464248687028885,0.01921936497092247
2025-07-15,05:46:50.7,-0.4785521626472473,1.053849458694458,-0.21911966800689697
2025-07-15,05:46:50.7,-0.6721544861793518,0.136917844414711,-1.0631433725357056
2025-07-15,05:46:50.7,-0.23723098635673523,1.2314684391021729,-0.16738848388195038
2025-07-15,05:46:50.7,1.0348179340362549,0.9805489182472229,0.20136147737503052
2025-07-15,05:46:50.7,1.227056860923767,1.3427636623382568,0.7388022541999817
2025-07-15,05:46:50.7,0.9093855023384094,0.8795722126960754,0.013513833284378052
2025-07-15,05:46:50.7,-1.9510204792022705,6.292692184448242,2.1718618869781494
2025-07-15,05:46:51.0,-0.040901895612478256,0.07464064657688141,0.019226500764489174
2025-07-15,05:46:51.0,-0.8016771674156189,0.6823852062225342,-0.6196601390838623
2025-07-15,05:46:51.0,1.0348179340362549,0.9756379127502441,0.22394917905330658
2025-07-15,05:46:51.0,0.9816454648971558,0.8630189895629883,-0.06845806539058685
2025-07-15,05:46:51.0,-1.7915030717849731,5.625089168548584,2.392299175262451
2025-07-15,05:46:51.0,-2.031460762023926,5.865608215332031,1.9304331541061401
2025-07-15,05:46:51.3,-0.040901895612478256,0.07464457303285599,0.019211260601878166
2025-07-15,05:46:51.3,-0.6721544861793518,0.8340111970901489,-0.6733837723731995
2025-07-15,05:46:51.3,-1.6251686811447144,5.980411052703857,1.962722659111023
2025-07-15,05:46:51.3,1.0143669843673706,0.8927575945854187,0.05719318985939026
2025-07-15,05:46:51.3,-0.7226001620292664,1.1938412189483643,-1.8437511920928955
2025-07-15,05:46:51.3,-1.589720368385315,1.620173454284668,0.4411950409412384
2025-07-15,05:46:51.3,-1.8405853509902954,5.91162109375,2.1196436882019043
2025-07-15,05:46:51.3,-1.3838474750518799,5.613754749298096,2.567298650741577
2025-07-15,05:46:51.3,-1.417932391166687,1.0168553590774536,0.03182583302259445
2025-07-15,05:46:51.7,-0.040901895612478256,0.07464331388473511,0.01921617053449154
2025-07-15,05:46:51.7,-0.14179323613643646,1.041635513305664,-0.42618149518966675
2025-07-15,05:46:51.7,-0.6721544861793518,0.7349210977554321,-0.7803276777267456
2025-07-15,05:46:51.7,-0.15815399587154388,1.1760538816452026,0.438972145318985
2025-07-15,05:46:51.7,-3.355318784713745,2.986665725708008,1.2705928087234497
2025-07-15,05:46:51.7,0.0,8.49575138092041,1.7891954183578491
2025-07-15,05:46:51.7,-0.7253269553184509,1.100162148475647,-1.0060536861419678
2025-07-15,05:46:51.7,-1.3470357656478882,0.690632700920105,0.6761073470115662
2025-07-15,05:46:52.0,-0.040901895612478256,0.07464504987001419,0.019209399819374084
2025-07-15,05:46:52.0,-3.9374892711639404,4.878537654876709,2.1618618965148926
2025-07-15,05:46:52.0,-0.5276344418525696,1.3612836599349976,-1.1781388521194458
2025-07-15,05:46:52.0,-1.1725209951400757,1.2742440700531006,0.7218026518821716
2025-07-15,05:46:52.3,-0.040901895612478256,0.07464546710252762,0.01920778676867485
2025-07-15,05:46:52.3,-0.8180379271507263,0.7653174996376038,-0.6769188642501831
2025-07-15,05:46:52.3,-0.32721516489982605,1.1078683137893677,0.6153650283813477
2025-07-15,05:46:52.3,-3.730252981185913,4.847931385040283,2.5613226890563965
2025-07-15,05:46:52.3,-3.3157804012298584,5.129622936248779,2.582667350769043
2025-07-15,05:46:52.3,-1.6647071838378906,4.43393087387085,1.0107253789901733
2025-07-15,05:46:52.3,-0.973465085029602,4.939127445220947,1.2697713375091553
2025-07-15,05:46:52.3,-0.4499208331108093,1.347733736038208,-1.9336904287338257
2025-07-15,05:46:52.3,0.4499208331108093,2.2915446758270264,0.5516952872276306
2025-07-15,05:46:52.7,-0.040901895612478256,0.07464580982923508,0.019206445664167404
2025-07-15,05:46:52.7,-0.6871518492698669,6.946282863616943,2.236135721206665
2025-07-15,05:46:52.7,-0.07635020464658737,1.4009828567504883,-2.000169038772583
2025-07-15,05:46:52.7,0.7635020613670349,2.299389362335205,0.3148515522480011
2025-07-15,05:46:52.7,0.08044039458036423,1.7223130464553833,-1.9113136529922485
2025-07-15,05:46:52.7,1.0457251071929932,2.2236924171447754,0.7665529847145081
2025-07-15,05:46:52.7,0.0,5.806880950927734,2.0304856300354004
2025-07-15,05:46:53.0,-0.040901895612478256,0.07464463263750076,0.019211042672395706
2025-07-15,05:46:53.0,-0.7512314915657043,0.6219056248664856,-0.8060376048088074
2025-07-15,05:46:53.0,-1.6415294408798218,6.6443190574646,3.0774085521698
2025-07-15,05:46:53.4,-0.040901895612478256,0.07464266568422318,0.019218657165765762
2025-07-15,05:46:53.4,-0.7116929888725281,0.7007926106452942,-0.7766561508178711
2025-07-15,05:46:53.4,-1.4152055978775024,7.00958776473999,2.4148707389831543
2025-07-15,05:46:53.4,1.668797254562378,1.4664357900619507,-0.12485019862651825
2025-07-15,05:46:53.4,2.7199759483337402,3.036807060241699,0.747182309627533
2025-07-15,05:46:53.7,-0.040901895612478256,0.07464373856782913,0.01921449601650238
2025-07-15,05:46:53.7,-0.648976743221283,0.8187372088432312,-0.6330980062484741
2025-07-15,05:46:53.7,-1.179337978363037,6.860681056976318,2.9170103073120117
2025-07-15,05:46:53.7,2.634082078933716,2.980933427810669,0.5353053212165833
2025-07-15,05:46:53.7,2.7486073970794678,3.094027280807495,0.6437874436378479
2025-07-15,05:46:53.7,1.6933385133743286,1.5798923969268799,0.4324824810028076
2025-07-15,05:46:54.0,-0.040901895612478256,0.07464196532964706,0.019221382215619087
2025-07-15,05:46:54.0,-0.37493404746055603,0.38507115840911865,-0.9491094350814819
2025-07-15,05:46:54.0,-0.7635020613670349,0.7548221945762634,-0.5827715396881104
2025-07-15,05:46:54.0,-0.7076027989387512,7.181699752807617,2.211609363555908
2025-07-15,05:46:54.0,2.759514570236206,2.8255558013916016,0.7156939506530762
2025-07-15,05:46:54.0,3.0103795528411865,2.7403666973114014,0.9850456714630127
2025-07-15,05:46:54.3,-0.040901895612478256,0.07463999092578888,0.019229037687182426
2025-07-15,05:46:54.3,-0.4349234998226166,0.8791154623031616,-0.7992556095123291
2025-07-15,05:46:54.3,-0.4717352092266083,7.304938793182373,1.8395837545394897
2025-07-15,05:46:54.3,0.8139476776123047,8.006949424743652,3.2565724849700928
2025-07-15,05:46:54.3,1.297953486442566,0.714273989200592,-0.07437895238399506
2025-07-15,05:46:54.3,-2.969477653503418,4.155066013336182,1.3364969491958618
2025-07-15,05:46:54.7,-0.040901895612478256,0.07464254647493362,0.019219135865569115
2025-07-15,05:46:54.7,-0.6871518492698669,0.7416244149208069,-0.6856603622436523
2025-07-15,05:46:54.7,-0.3054008185863495,0.25785133242607117,1.1543645858764648
2025-07-15,05:46:54.7,-0.10225473344326019,0.4958363175392151,-0.9661026000976562
2025-07-15,05:46:54.7,-0.40901893377304077,0.8085498213768005,0.6071364879608154
2025-07-15,05:46:54.7,0.4717352092266083,6.997277736663818,2.79003643989563
2025-07-15,05:46:55.0,-0.040901895612478256,0.07464172691106796,0.019222307950258255
2025-07-15,05:46:55.0,-0.5671729445457458,0.37333643436431885,-0.9086667895317078
2025-07-15,05:46:55.0,-1.8964844942092896,4.109232425689697,1.1446821689605713
2025-07-15,05:46:55.0,-1.9632909297943115,4.569448947906494,1.635690689086914
2025-07-15,05:46:55.0,-2.0723626613616943,5.875305652618408,2.272376537322998
2025-07-15,05:46:55.0,0.9434704184532166,7.098568439483643,2.3851466178894043
2025-07-15,05:46:55.0,2.454113721847534,8.30344295501709,1.0810433626174927
2025-07-15,05:46:55.0,2.2250630855560303,8.577550888061523,0.8301873803138733
2025-07-15,05:46:55.3,-0.040901895612478256,0.0746397003531456,0.019230181351304054
2025-07-15,05:46:55.3,0.8589398264884949,2.7699527740478516,0.9573659300804138
2025-07-15,05:46:55.3,0.7744092345237732,2.907289981842041,0.7370960116386414
2025-07-15,05:46:55.3,0.0,0.8382140398025513,-0.8886573314666748
2025-07-15,05:46:55.3,-0.5562657713890076,0.666253924369812,-0.585720419883728
2025-07-15,05:46:55.3,-0.6380695700645447,0.7095367312431335,-0.6133232712745667
2025-07-15,05:46:55.7,-0.040901895612478256,0.0746397003531456,0.019230181351304054
2025-07-15,05:46:55.7,0.5562657713890076,2.7015557289123535,1.0926001071929932
2025-07-15,05:46:55.7,1.364759922027588,3.509051561355591,1.2595880031585693
2025-07-15,05:46:55.7,1.1288923025131226,3.6534483432769775,1.2201731204986572
2025-07-15,05:46:55.7,1.33612859249115,3.9912033081054688,0.7522692680358887
2025-07-15,05:46:55.7,0.0,1.1247239112854004,0.669411838054657
2025-07-15,05:46:55.7,0.4499208629131317,0.6451597809791565,-1.0461626052856445
2025-07-15,05:46:55.7,-0.10225473344326019,0.756902813911438,-0.7786566019058228
2025-07-15,05:46:55.7,-0.34357592463493347,1.0192350149154663,-0.5791633725166321
2025-07-15,05:46:55.7,-0.7635020613670349,0.7361460328102112,0.6061915159225464
2025-07-15,05:46:55.7,-0.09816454350948334,0.8729514479637146,-0.5698366165161133
2025-07-15,05:46:55.7,-0.16360758244991302,0.8502296805381775,-0.5888431668281555
2025-07-15,05:46:55.7,-0.5235442519187927,0.7842799425125122,-0.45519301295280457
2025-07-15,05:46:55.7,-0.19632908701896667,0.6858289241790771,-0.7664775848388672
2025-07-15,05:46:56.0,-0.040901895612478256,0.07464250922203064,0.0192192904651165
2025-07-15,05:46:56.0,-0.5017299056053162,0.35197728872299194,0.7945505976676941
2025-07-15,05:46:56.0,-0.1567905992269516,0.8397256731987,-0.5265065431594849
2025-07-15,05:46:56.0,0.7198733687400818,3.1084017753601074,-2.1354241371154785
2025-07-15,05:46:56.0,2.1596200466156006,2.8052783012390137,1.4855538606643677
2025-07-15,05:46:56.0,-1.227056860923767,0.4680435061454773,-1.7418159246444702
2025-07-15,05:46:56.0,-2.0450947284698486,0.6409549117088318,0.40671882033348083
2025-07-15,05:46:56.0,1.1779745817184448,3.7637529373168945,1.4102649688720703
2025-07-15,05:46:56.0,0.20450948178768158,1.2313028573989868,-0.39393550157546997
2025-07-15,05:46:56.0,-0.20450948178768158,1.259217619895935,0.29268237948417664
2025-07-15,05:46:56.0,0.0,1.0283902883529663,-0.5744888782501221
2025-07-15,05:46:56.0,0.2944936454296112,0.6028510928153992,-0.9682294130325317
2025-07-15,05:46:56.0,-0.38993141055107117,1.0197848081588745,-0.3077872693538666
2025-07-15,05:46:56.0,0.035448309034109116,0.8907643556594849,-0.7014434337615967
2025-07-15,05:46:56.0,-0.39265817403793335,0.8961631655693054,-0.3729684352874756
2025-07-15,05:46:56.0,0.39265817403793335,0.4152336120605469,0.8773795962333679
2025-07-15,05:46:56.0,-0.7089661955833435,0.5915114879608154,-0.658954918384552
2025-07-15,05:46:56.3,-0.040901895612478256,0.07463964819908142,0.019230369478464127
2025-07-15,05:46:56.3,-0.45810121297836304,0.7974706888198853,-0.5005776882171631
2025-07-15,05:46:56.3,-0.8507593870162964,0.2966328561306,0.5334901213645935
2025-07-15,05:46:56.3,0.23723100125789642,2.7029192447662354,-2.6542904376983643
2025-07-15,05:46:56.3,0.38447779417037964,2.8723232746124268,-2.901884078979492
2025-07-15,05:46:56.3,1.922389030456543,3.198050022125244,1.70173180103302
2025-07-15,05:46:56.3,0.40083855390548706,2.0935049057006836,-0.1636415719985962
2025-07-15,05:46:56.3,-0.2672257125377655,1.8777862787246704,0.9862670302391052
2025-07-15,05:46:56.3,0.08725737780332565,1.3149077892303467,-0.4610305428504944
2025-07-15,05:46:56.3,0.3244883716106415,1.4436368942260742,-0.10498692840337753
2025-07-15,05:46:56.3,-0.1854219287633896,1.1169800758361816,0.9583197832107544
2025-07-15,05:46:56.3,0.035448309034109116,0.8402966856956482,-0.7611737251281738
2025-07-15,05:46:56.7,-0.040901895612478256,0.07464346289634705,0.019215567037463188
2025-07-15,05:46:56.7,-0.5235442519187927,0.6485283374786377,-0.6338033676147461
2025-07-15,05:46:56.7,0.0,0.5215158462524414,0.9079732894897461
2025-07-15,05:46:56.7,-0.03408491238951683,0.6960989832878113,0.839016318321228
2025-07-15,05:46:56.7,0.0,2.4658150672912598,-2.651925563812256
2025-07-15,05:46:56.7,1.3579429388046265,3.182483196258545,1.068056344985962
2025-07-15,05:46:56.7,0.12406908720731735,2.3653512001037598,-3.1862666606903076
2025-07-15,05:46:56.7,-0.08725737780332565,1.173731803894043,-0.7509230375289917
2025-07-15,05:46:56.7,0.3708438575267792,1.4206339120864868,-0.21136870980262756
2025-07-15,05:46:56.7,-0.12679587304592133,1.1168123483657837,-0.7522501945495605
2025-07-15,05:46:56.7,0.33812233805656433,0.893734872341156,0.9571513533592224
2025-07-15,05:46:56.7,0.0,1.0058656930923462,-0.6130728721618652
2025-07-15,05:46:56.7,-3.6689000129699707,2.95524001121521,1.965254783630371
2025-07-15,05:46:57.0,-0.040901895612478256,0.07464493811130524,0.01920982636511326
2025-07-15,05:46:57.0,-0.34493932127952576,0.033554017543792725,-0.9417125582695007
2025-07-15,05:46:57.0,1.059359073638916,1.1802423000335693,0.3010425567626953
2025-07-15,05:46:57.0,-0.21541665494441986,2.506197452545166,-2.356285333633423
2025-07-15,05:46:57.0,1.1847915649414062,2.8742806911468506,1.4880485534667969
2025-07-15,05:46:57.0,-0.36402687430381775,2.3556840419769287,-3.065218210220337
2025-07-15,05:46:57.0,-0.15815399587154388,0.9272133111953735,-0.8462119698524475
2025-07-15,05:46:57.0,0.5671729445457458,0.8967515230178833,-0.9073572158813477
2025-07-15,05:46:57.0,-0.3067642152309418,0.9852986335754395,-0.3531944155693054
2025-07-15,05:46:57.0,0.17042456567287445,0.6114583015441895,0.8869826793670654
2025-07-15,05:46:57.0,0.035448309034109116,1.098222255706787,-0.281765878200531
2025-07-15,05:46:57.3,-0.040901895612478256,0.0746360644698143,0.019244298338890076
2025-07-15,05:46:57.3,0.9080221056938171,1.2857483625411987,0.3580325245857239
2025-07-15,05:46:57.3,1.317041039466858,1.2172980308532715,0.37589409947395325
2025-07-15,05:46:57.3,0.6217088103294373,2.3278145790100098,0.6157169938087463
2025-07-15,05:46:57.3,-0.5862604975700378,2.5869996547698975,-2.653627872467041
2025-07-15,05:46:57.3,0.8207647204399109,3.485840082168579,1.1194971799850464
2025-07-15,05:46:57.3,-0.13497625291347504,0.8392065167427063,-1.1620604991912842
2025-07-15,05:46:57.3,0.3599366843700409,1.2784405946731567,0.555793046951294
2025-07-15,05:46:57.3,0.5589925646781921,3.443586587905884,0.7925413846969604
2025-07-15,05:46:57.3,0.0,1.0515016317367554,-0.6218190789222717
2025-07-15,05:46:57.3,-0.610801637172699,0.8347017168998718,-0.6500069499015808
2025-07-15,05:46:57.3,-0.37493404746055603,0.9168519973754883,-0.45658618211746216
2025-07-15,05:46:57.3,-0.4253796935081482,0.7473282217979431,0.5974503755569458
2025-07-15,05:46:57.3,0.7226001620292664,2.11055588722229,0.6084645986557007
2025-07-15,05:46:57.3,-0.5562657713890076,0.20625317096710205,-0.8627991080284119
2025-07-15,05:46:57.3,2.4641303198971457e-35,6.457253388531973e-40,3.776494347140832e+19
2025-07-15,05:46:57.3,1.05911733072053e-22,-0.0004882814828306437,4.976805631522699e-32
2025-07-15,05:46:57.7,-0.040901895612478256,0.0746319368481636,0.01926027424633503
2025-07-15,05:46:57.7,-0.2699525058269501,0.8104313611984253,0.4377242922782898
2025-07-15,05:46:57.7,0.11452531069517136,1.7531535625457764,0.5206192135810852
2025-07-15,05:46:57.7,0.3244883716106415,1.3576310873031616,0.5019438862800598
2025-07-15,05:46:58.0,-0.040901895612478256,0.07462162524461746,0.01930018700659275
2025-07-15,05:46:58.0,-0.17996834218502045,0.8799529671669006,0.3384820520877838
2025-07-15,05:46:58.0,0.10634493082761765,1.6500067710876465,0.40166524052619934
2025-07-15,05:46:58.0,0.0,1.1050376892089844,0.5207747220993042
2025-07-15,05:46:58.0,0.39265820384025574,1.3042373657226562,0.3064795732498169
2025-07-15,05:46:58.3,-0.040901895612478256,0.07461871206760406,0.01931147277355194
2025-07-15,05:46:58.3,-0.03135811910033226,0.9469591975212097,0.3304791748523712
2025-07-15,05:46:58.3,-0.22905060648918152,1.0213195085525513,0.028924135491251945
2025-07-15,05:46:58.3,0.1008913442492485,1.5647611618041992,0.3836451470851898
2025-07-15,05:46:58.3,0.6557937264442444,1.1678166389465332,-0.9010988473892212
2025-07-15,05:46:58.3,0.3599366843700409,2.8347394466400146,0.35521894693374634
2025-07-15,05:46:58.3,0.5180906653404236,1.4828749895095825,0.5303433537483215
2025-07-15,05:46:58.3,0.5317246317863464,1.1583038568496704,0.29785457253456116
2025-07-15,05:46:58.3,0.1104351133108139,1.151484489440918,0.22251223027706146
2025-07-15,05:46:58.7,-0.040901895612478256,0.07462158799171448,0.019300343468785286
2025-07-15,05:46:58.7,-0.08998417109251022,0.9250177145004272,0.23983514308929443
2025-07-15,05:46:58.7,-0.2863132655620575,1.8092070817947388,0.0500275157392025
2025-07-15,05:46:58.7,-0.7362341284751892,0.27089783549308777,0.03599349409341812
2025-07-15,05:46:58.7,-0.2576819360256195,1.0574309825897217,-0.4506262540817261
2025-07-15,05:46:58.7,0.42946991324424744,1.3453096151351929,0.5808950662612915
2025-07-15,05:46:58.7,0.7607752680778503,2.5761101245880127,0.3190419673919678
2025-07-15,05:46:58.7,-0.534451425075531,1.9478892087936401,0.7002161145210266
2025-07-15,05:46:59.0,-0.040901895612478256,0.0746268779039383,0.01927989348769188
2025-07-15,05:46:59.0,-0.2658623158931732,1.678148627281189,0.09110969305038452
2025-07-15,05:46:59.0,0.5562657713890076,1.3735370635986328,0.06608385592699051
2025-07-15,05:46:59.3,-0.040901895612478256,0.07463642209768295,0.0192429032176733
2025-07-15,05:46:59.3,-0.17996834218502045,1.9111793041229248,-0.010412219911813736
2025-07-15,05:46:59.3,0.5317246317863464,1.1755664348602295,0.22006498277187347
2025-07-15,05:46:59.3,-0.6257990002632141,0.2630108892917633,0.2988336682319641
2025-07-15,05:46:59.3,0.029994724318385124,0.9028793573379517,0.3243226110935211
2025-07-15,05:46:59.7,-0.040901895612478256,0.07462997734546661,0.019267868250608444
2025-07-15,05:46:59.7,0.06544303148984909,1.036152958869934,0.13600917160511017
2025-07-15,05:46:59.7,0.0,0.8593280911445618,0.31777703762054443
2025-07-15,05:47:00.0,-0.040901895612478256,0.07462430745363235,0.019289826974272728
2025-07-15,05:47:00.0,-0.38175103068351746,2.998276948928833,0.4376845061779022
2025-07-15,05:47:00.0,0.0,1.003456473350525,-0.0025679676327854395
2025-07-15,05:47:00.0,0.8016771674156189,0.9058112502098083,0.17068760097026825
2025-07-15,05:47:00.0,0.0,0.8771347999572754,0.26469141244888306
2025-07-15,05:47:00.0,-0.6257990002632141,2.0618011951446533,0.5552091598510742
2025-07-15,05:47:00.0,-0.7307805418968201,5.499544620513916,1.8437849283218384
2025-07-15,05:47:00.3,-0.040901895612478256,0.07457573711872101,0.019476769492030144
2025-07-15,05:47:00.3,0.6762446761131287,1.0494400262832642,-0.5201887488365173
2025-07-15,05:47:00.3,0.7157831788063049,1.238030195236206,-0.5354224443435669
2025-07-15,05:47:00.3,-0.17178796231746674,1.6135199069976807,-0.851322591304779
2025-07-15,05:47:00.3,0.10361813753843307,1.2496271133422852,-1.0845715999603271
2025-07-15,05:47:00.7,-0.040901895612478256,0.07481317967176437,0.018543802201747894
2025-07-15,05:47:00.7,0.6762446761131287,1.096672534942627,-0.41137558221817017
2025-07-15,05:47:00.7,0.7157831788063049,1.3488272428512573,0.007817855104804039
2025-07-15,05:47:00.7,-2.5359175205230713,4.387588024139404,-1.893630027770996
2025-07-15,05:47:00.7,-1.3211312294006348,1.3454394340515137,-1.1812328100204468
2025-07-15,05:47:00.7,-0.05453586205840111,1.359506607055664,-1.092843770980835
2025-07-15,05:47:01.0,-0.040901895612478256,0.07456735521554947,0.019508838653564453
2025-07-15,05:47:01.0,-0.04362868890166283,0.23145830631256104,0.2575756013393402
2025-07-15,05:47:01.0,-0.1745147556066513,0.3022487163543701,-0.0034519825130701065
2025-07-15,05:47:01.0,-0.06816982477903366,0.2309657484292984,0.3638048470020294
2025-07-15,05:47:01.0,1.107077956199646,0.5156367421150208,-0.02849094197154045
2025-07-15,05:47:01.0,-1.7724153995513916,2.7608389854431152,-2.8759233951568604
2025-07-15,05:47:01.0,-3.272151470184326,2.572507619857788,1.307613730430603
2025-07-15,05:47:01.0,-3.959303379058838,0.7109214067459106,3.41864013671875
2025-07-15,05:47:01.0,-2.144622802734375,4.086986064910889,-2.5623679161071777
2025-07-15,05:47:01.0,-1.33612859249115,1.5356624126434326,0.6532340049743652
2025-07-15,05:47:01.0,-1.1125315427780151,1.5134754180908203,-0.9258741736412048
2025-07-15,05:47:01.0,0.0,1.4026503562927246,-0.9631919264793396
2025-07-15,05:47:01.0,0.6544303297996521,0.7001683712005615,-0.8914041519165039
2025-07-15,05:47:01.0,0.8343986868858337,1.0689771175384521,-0.6012234091758728
2025-07-15,05:47:01.0,0.2781328856945038,0.9882575273513794,1.0706968307495117
2025-07-15,05:47:01.3,-0.040901895612478256,0.07455527037382126,0.01955495961010456
2025-07-15,05:47:01.3,-3.8611388206481934,2.767024040222168,1.9846901893615723
2025-07-15,05:47:01.3,-2.0914502143859863,3.2198593616485596,-3.4295995235443115
2025-07-15,05:47:01.3,-5.459039688110352,3.626185417175293,1.4806015491485596
2025-07-15,05:47:01.3,-2.9394829273223877,2.8828327655792236,-5.309541702270508
2025-07-15,05:47:01.3,-0.7689555883407593,1.748022198677063,-0.7469099760055542
2025-07-15,05:47:01.3,-1.2052425146102905,1.5462325811386108,-1.1417168378829956
2025-07-15,05:47:01.3,-0.9407435655593872,1.4019595384597778,-1.0850056409835815
2025-07-15,05:47:01.3,0.2590453326702118,1.3711369037628174,-0.8952535390853882
2025-07-15,05:47:01.3,0.6953322291374207,0.458515465259552,-1.0096498727798462
2025-07-15,05:47:01.3,0.788043200969696,0.9837162494659424,-0.7821080088615417
2025-07-15,05:47:01.7,-0.040901895612478256,0.07456427812576294,0.019520582631230354
2025-07-15,05:47:01.7,-0.1199788972735405,0.3199821412563324,0.33695024251937866
2025-07-15,05:47:01.7,0.7362341284751892,0.6191510558128357,-0.8875401020050049
2025-07-15,05:47:01.7,0.788043200969696,1.0221502780914307,-0.7311630249023438
2025-07-15,05:47:01.7,-2.181434392929077,1.6269676685333252,-0.625221848487854
2025-07-15,05:47:01.7,-1.6360758543014526,2.3840439319610596,-1.5318509340286255
2025-07-15,05:47:01.7,-3.1630799770355225,2.098787784576416,-3.3470892906188965
2025-07-15,05:47:01.7,-0.8398522734642029,1.1471281051635742,-1.289902687072754
2025-07-15,05:47:01.7,1.3197678327560425,0.7102174758911133,-1.1995447874069214
2025-07-15,05:47:01.7,-1.0907171964645386,1.5541361570358276,-1.074082374572754
2025-07-15,05:47:01.7,0.39265820384025574,1.0841248035430908,-1.066480278968811
2025-07-15,05:47:02.0,-0.040901895612478256,0.07465754449367523,0.019160781055688858
2025-07-15,05:47:02.0,0.7185099720954895,0.7949088215827942,-0.8252822756767273
2025-07-15,05:47:02.0,0.8807541728019714,1.1919633150100708,-0.062436241656541824
2025-07-15,05:47:02.0,0.3244883716106415,0.8552769422531128,-1.1677377223968506
2025-07-15,05:47:02.0,-2.0069196224212646,2.8503873348236084,-1.9895906448364258
2025-07-15,05:47:02.0,-2.625901699066162,3.2362093925476074,-2.1034095287323
2025-07-15,05:47:02.0,-2.9272122383117676,2.080559015274048,-3.377575159072876
2025-07-15,05:47:02.0,-4.090189456939697,4.92667293548584,-1.3513522148132324
2025-07-15,05:47:02.0,-0.8507593870162964,1.866336703300476,-0.4225788116455078
2025-07-15,05:47:02.0,-0.5862604975700378,1.4425855875015259,-1.0463019609451294
2025-07-15,05:47:02.0,-1.6224418878555298,3.3174383640289307,0.33882370591163635
2025-07-15,05:47:02.0,-1.6987920999526978,3.4582951068878174,0.4812765419483185
2025-07-15,05:47:02.0,0.5399050116539001,1.3511203527450562,-0.5914928913116455
2025-07-15,05:47:02.3,-0.040901895612478256,0.07462574541568756,0.01928427256643772
2025-07-15,05:47:02.3,-0.05453586205840111,0.14968831837177277,-0.310549259185791
2025-07-15,05:47:02.3,-0.19632910192012787,0.2885655462741852,0.0025310295168310404
2025-07-15,05:47:02.3,0.7362341284751892,0.6563325524330139,-0.8604086637496948
2025-07-15,05:47:02.3,0.7635020613670349,1.1023987531661987,-0.7304268479347229
2025-07-15,05:47:02.3,0.992552638053894,2.010019302368164,0.3487461805343628
2025-07-15,05:47:02.3,0.07089661806821823,2.043806791305542,-0.9822369813919067
2025-07-15,05:47:02.3,-4.942312240600586,2.5465431213378906,3.01810622215271
2025-07-15,05:47:02.3,-2.7676949501037598,4.158187389373779,-3.8819632530212402
2025-07-15,05:47:02.3,-1.963291049003601,2.6173365116119385,-2.170964002609253
2025-07-15,05:47:02.3,-0.49082276225090027,1.3338637351989746,-1.3544048070907593
2025-07-15,05:47:02.3,-0.31903478503227234,1.4232951402664185,-0.876136064529419
2025-07-15,05:47:02.3,0.44855743646621704,1.5882893800735474,1.2169147729873657
2025-07-15,05:47:02.3,-1.4097520112991333,0.955452561378479,1.142128825187683
2025-07-15,05:47:02.3,-1.1779745817184448,2.9119012355804443,0.02751312404870987
2025-07-15,05:47:02.3,1.766961932182312,2.5849757194519043,-0.25158748030662537
2025-07-15,05:47:02.3,-0.4581012427806854,1.4686435461044312,-0.9954583048820496
2025-07-15,05:47:02.3,-1.2924998998641968,3.147099733352661,0.5520119667053223
2025-07-15,05:47:02.3,-1.3579429388046265,3.2797837257385254,0.7155155539512634
2025-07-15,05:47:02.7,-0.040901895612478256,0.07465705275535583,0.01916271634399891
2025-07-15,05:47:02.7,-0.7416877150535583,0.8324810266494751,-0.9784055352210999
2025-07-15,05:47:02.7,-0.13224945962429047,3.4794423580169678,-2.405341386795044
2025-07-15,05:47:02.7,0.31903478503227234,0.4242275357246399,0.1998322755098343
2025-07-15,05:47:03.0,-0.040901895612478256,0.07465840131044388,0.019157441332936287
2025-07-15,05:47:03.0,-0.3026740252971649,1.4057351350784302,-0.7335785031318665
2025-07-15,05:47:03.0,0.33675894141197205,0.4231756329536438,0.17088283598423004
2025-07-15,05:47:03.3,-0.040901895612478256,0.07466600835323334,0.019127774983644485
2025-07-15,05:47:03.3,0.31085440516471863,0.37985193729400635,0.1821555197238922
2025-07-15,05:47:03.3,0.3244883716106415,0.4984583854675293,0.13901498913764954
2025-07-15,05:47:03.3,1.922389030456543,0.6659353375434875,0.2563185393810272
2025-07-15,05:47:03.3,-1.1779745817184448,1.680100440979004,0.4185875952243805
2025-07-15,05:47:03.3,0.23177741467952728,0.16559161245822906,-0.33046165108680725
2025-07-15,05:47:03.3,0.239957794547081,0.21362116932868958,-0.3565182089805603
2025-07-15,05:47:03.3,-0.524907648563385,1.1723393201828003,-0.8257325291633606
2025-07-15,05:47:03.7,-0.040901895612478256,0.07466145604848862,0.019145542755723
2025-07-15,05:47:03.7,-0.7485046982765198,2.2675468921661377,1.1750553846359253
2025-07-15,05:47:03.7,-0.8207647204399109,1.657826542854309,0.31218376755714417
2025-07-15,05:47:03.7,0.2658623158931732,0.46422991156578064,0.18839579820632935
2025-07-15,05:47:03.7,-0.648976743221283,1.0743401050567627,-0.7905853986740112
2025-07-15,05:47:04.0,-0.040901895612478256,0.07465630769729614,0.019165607169270515
2025-07-15,05:47:04.0,-0.7362341284751892,0.9045258164405823,-1.0519884824752808
2025-07-15,05:47:04.0,-1.7751423120498657,1.8765844106674194,-0.8026271462440491
2025-07-15,05:47:04.0,-0.7198733687400818,0.9729613065719604,-0.7797431349754333
2025-07-15,05:47:04.0,0.239957794547081,0.331466943025589,0.25073671340942383
2025-07-15,05:47:04.4,-0.040901895612478256,0.07465790957212448,0.019159365445375443
2025-07-15,05:47:04.4,-4.672359943389893,3.805634021759033,2.4382312297821045
2025-07-15,05:47:04.4,-0.6953322291374207,1.1117064952850342,-0.6935592889785767
2025-07-15,05:47:04.4,-0.9216560125350952,1.7330617904663086,1.1375453472137451
2025-07-15,05:47:04.4,0.239957794547081,0.4055728614330292,0.09082892537117004
2025-07-15,05:47:04.7,-0.040901895612478256,0.0746564194560051,0.0191651601344347
2025-07-15,05:47:04.7,-1.0661760568618774,1.5777053833007812,0.6339088082313538
2025-07-15,05:47:04.7,-0.6953322291374207,1.1061550378799438,-0.7023794054985046
2025-07-15,05:47:04.7,0.2699525058269501,0.3899783194065094,0.0732225626707077
2025-07-15,05:47:04.7,0.2304140031337738,0.4524453282356262,0.25276026129722595
2025-07-15,05:47:04.7,-0.7048760056495667,1.5185191631317139,1.1840598583221436
2025-07-15,05:47:05.0,-0.040901895612478256,0.0746556892991066,0.019168030470609665
2025-07-15,05:47:05.0,0.21814344823360443,0.34837666153907776,0.14626480638980865
2025-07-15,05:47:05.0,-0.6448865532875061,1.5964308977127075,0.7450048923492432
2025-07-15,05:47:05.0,-0.9162024855613708,0.7053096890449524,-0.7824683785438538
2025-07-15,05:47:05.0,-0.6871518492698669,1.2082685232162476,-0.7312981486320496
2025-07-15,05:47:05.3,-0.040901895612478256,0.07465552538633347,0.019168654456734657
2025-07-15,05:47:05.3,0.239957794547081,0.38491958379745483,0.1567678302526474
2025-07-15,05:47:05.3,0.9039318561553955,1.5944855213165283,1.2615184783935547
2025-07-15,05:47:05.3,0.0,2.012488603591919,-0.9491021633148193
2025-07-15,05:47:05.3,-0.668064296245575,1.0954207181930542,-0.8279402852058411
2025-07-15,05:47:05.3,-0.8725737929344177,0.9162657856941223,-0.5900996327400208
2025-07-15,05:47:05.7,-0.040901895612478256,0.07465612143278122,0.01916632428765297
2025-07-15,05:47:05.7,-1.2256934642791748,0.34472402930259705,-0.4561450779438019
2025-07-15,05:47:05.7,-0.3135811984539032,0.4837704300880432,-1.922331690788269
2025-07-15,05:47:05.7,0.2931302487850189,0.6826804280281067,1.722650408744812
2025-07-15,05:47:05.7,0.14997361600399017,0.39910992980003357,0.09254966676235199
2025-07-15,05:47:05.7,0.22905060648918152,0.5527955889701843,0.12260307371616364
2025-07-15,05:47:05.7,-1.4724682569503784,1.8296540975570679,0.1862780898809433
2025-07-15,05:47:05.7,-0.4417404532432556,2.059187650680542,1.055987000465393
2025-07-15,05:47:06.0,-0.040901895612478256,0.07465783506631851,0.019159657880663872
2025-07-15,05:47:06.0,0.19087551534175873,0.3729593753814697,0.12171316891908646
2025-07-15,05:47:06.0,-1.2256934642791748,0.5053443908691406,-0.2674510180950165
2025-07-15,05:47:06.0,1.3743036985397339,0.7358883023262024,0.19142955541610718
2025-07-15,05:47:06.0,-3.08400297164917,1.5405609607696533,1.5883660316467285
2025-07-15,05:47:06.0,-1.542001485824585,2.434610366821289,-2.4702656269073486
2025-07-15,05:47:06.0,-0.940743625164032,0.7034597396850586,-0.5772884488105774
2025-07-15,05:47:06.0,-0.8998417258262634,1.0442910194396973,-0.415465772151947
2025-07-15,05:47:06.3,-0.040901895612478256,0.07465510815382004,0.019170287996530533
2025-07-15,05:47:06.3,0.4049287736415863,0.12763679027557373,-0.22374208271503448
2025-07-15,05:47:06.3,0.22496043145656586,0.2073177993297577,0.36977171897888184
2025-07-15,05:47:06.3,1.14525306224823,0.6327621936798096,-0.03351988270878792
2025-07-15,05:47:06.3,-2.7949628829956055,2.1680920124053955,0.5352023839950562
2025-07-15,05:47:06.3,-1.1861549615859985,0.4880260229110718,-0.2607358396053314
2025-07-15,05:47:06.3,-0.9162024855613708,0.913183867931366,-0.5251798033714294
2025-07-15,05:47:06.3,0.49082276225090027,0.7705002427101135,-1.4869306087493896
2025-07-15,05:47:06.7,-0.040901895612478256,0.0746515616774559,0.019184080883860588
2025-07-15,05:47:06.7,0.49082276225090027,1.1037554740905762,-1.2595065832138062
2025-07-15,05:47:06.7,-2.3559491634368896,1.4984098672866821,-0.029213832691311836
2025-07-15,05:47:06.7,-1.5651792287826538,1.239151954650879,-2.9687705039978027
2025-07-15,05:47:06.7,-1.126165509223938,1.432611346244812,-1.818056344985962
2025-07-15,05:47:06.7,0.23177741467952728,0.3435187339782715,0.1364564299583435
2025-07-15,05:47:06.7,-0.8725737929344177,1.0248414278030396,-0.37075692415237427
2025-07-15,05:47:07.0,-0.040901895612478256,0.07464957237243652,0.01919182948768139
2025-07-15,05:47:07.0,0.2590453326702118,0.3246486485004425,0.13358527421951294
2025-07-15,05:47:07.0,0.027267931029200554,0.36113691329956055,-0.2432752251625061
2025-07-15,05:47:07.0,0.6148918271064758,0.9214111566543579,-1.4045034646987915
2025-07-15,05:47:07.0,-2.3559491634368896,1.4829974174499512,-0.21634332835674286
2025-07-15,05:47:07.0,-0.8998417258262634,0.841392993927002,-0.44210726022720337
2025-07-15,05:47:07.0,-1.877397060394287,2.4559223651885986,-1.7124378681182861
2025-07-15,05:47:07.0,0.23314081132411957,0.31000271439552307,0.061025746166706085
2025-07-15,05:47:07.0,0.20996306836605072,0.40320253372192383,0.15382523834705353
2025-07-15,05:47:07.3,-0.040901895612478256,0.074648916721344,0.019194379448890686
2025-07-15,05:47:07.3,0.24541138112545013,0.3222278654575348,0.1621379256248474
2025-07-15,05:47:07.3,0.7266903519630432,1.2659292221069336,-1.0339560508728027
2025-07-15,05:47:07.3,-0.7853164076805115,0.872252345085144,-0.7560420036315918
2025-07-15,05:47:07.3,-0.8289451003074646,0.928325355052948,-0.6326196193695068
2025-07-15,05:47:07.3,-1.6319856643676758,1.7800345420837402,0.59367436170578
2025-07-15,05:47:07.3,-0.46628159284591675,1.5002707242965698,-1.9277236461639404
2025-07-15,05:47:07.7,-0.040901895612478256,0.07466545701026917,0.019129928201436996
2025-07-15,05:47:07.7,0.19632910192012787,0.32516735792160034,0.0995064303278923
2025-07-15,05:47:07.7,-0.7416877150535583,0.8891233801841736,-0.780066967010498
2025-07-15,05:47:07.7,1.0798100233078003,1.4893594980239868,0.5485637187957764
2025-07-15,05:47:07.7,-1.93874990940094,0.9715319871902466,-2.6789708137512207
2025-07-15,05:47:08.0,-0.040901895612478256,0.07466240227222443,0.019141849130392075
2025-07-15,05:47:08.0,-0.610801637172699,1.0157115459442139,-0.7378326654434204
2025-07-15,05:47:08.0,-0.7498680949211121,1.944888710975647,1.1887301206588745
2025-07-15,05:47:08.0,0.524907648563385,2.071645975112915,1.091205358505249
2025-07-15,05:47:08.0,0.20859967172145844,0.29952096939086914,0.14475442469120026
2025-07-15,05:47:08.0,-2.1800711154937744,4.565309047698975,-1.7896168231964111
2025-07-15,05:47:08.0,-1.5747230052947998,1.303264856338501,-2.665966510772705
2025-07-15,05:47:08.3,-0.040901895612478256,0.07465138286352158,0.019184788689017296
2025-07-15,05:47:08.3,-0.6816982626914978,0.5613638162612915,-0.6401735544204712
2025-07-15,05:47:08.3,0.3299419581890106,0.3118930459022522,0.15549923479557037
2025-07-15,05:47:08.3,0.6994224190711975,0.9118559956550598,-0.2587490379810333
2025-07-15,05:47:08.3,-0.4785521626472473,0.743068277835846,-0.7787563800811768
2025-07-15,05:47:08.3,-7.472775936126709,3.2198281288146973,1.3356280326843262
2025-07-15,05:47:08.3,-3.8652291297912598,3.5361251831054688,-6.3678412437438965
2025-07-15,05:47:08.7,-0.040901895612478256,0.07465293258428574,0.019178735092282295
2025-07-15,05:47:08.7,0.3299419581890106,0.3058093786239624,0.16714635491371155
2025-07-15,05:47:08.7,0.13497625291347504,0.3784802556037903,-0.26239868998527527
2025-07-15,05:47:08.7,-0.5521755814552307,1.0405149459838867,-0.007401193026453257
2025-07-15,05:47:08.7,0.7362341284751892,0.9028245210647583,-0.17461757361888885
2025-07-15,05:47:08.7,1.1997889280319214,0.8326188325881958,-0.9554017782211304
2025-07-15,05:47:08.7,0.5998944640159607,1.4248067140579224,0.8096868395805359
2025-07-15,05:47:09.0,-0.040901895612478256,0.07464844733476639,0.01919621042907238
2025-07-15,05:47:09.0,-0.7607752680778503,0.8529382348060608,-0.7231492400169373
2025-07-15,05:47:09.0,-0.37493404746055603,0.9992918968200684,-0.2247312217950821
2025-07-15,05:47:09.0,-0.515363872051239,1.058337926864624,-0.04410387575626373
2025-07-15,05:47:09.0,0.7730458378791809,0.8816347122192383,-0.11289171874523163
2025-07-15,05:47:09.0,0.31085440516471863,0.3659144341945648,0.20874565839767456
2025-07-15,05:47:09.3,-0.040901895612478256,0.07464730739593506,0.0192006416618824
2025-07-15,05:47:09.3,-0.11452530324459076,1.0233612060546875,-0.6572141051292419
2025-07-15,05:47:09.3,-0.8698469996452332,1.799254298210144,1.5521913766860962
2025-07-15,05:47:09.3,-0.49082276225090027,2.8956692218780518,1.114335298538208
2025-07-15,05:47:09.3,0.6871518492698669,2.078408718109131,-2.2529067993164062
2025-07-15,05:47:09.3,0.8466692566871643,0.8188804388046265,0.014496968127787113
2025-07-15,05:47:09.3,0.2944936454296112,0.377541720867157,0.211741104722023
2025-07-15,05:47:09.7,-0.040901895612478256,0.07465377449989319,0.019175468012690544
2025-07-15,05:47:09.7,-0.2672257125377655,0.8491831421852112,-0.8365362882614136
2025-07-15,05:47:09.7,-0.4253796935081482,1.0342459678649902,-0.19007308781147003
2025-07-15,05:47:09.7,0.29994723200798035,0.28607746958732605,0.13615283370018005
2025-07-15,05:47:10.0,-0.040901895612478256,0.07464849948883057,0.019196011126041412
2025-07-15,05:47:10.0,0.25495514273643494,0.36120399832725525,0.18667757511138916
2025-07-15,05:47:10.0,-0.5562657713890076,0.7219234704971313,-0.5155474543571472
2025-07-15,05:47:10.0,-0.41992613673210144,1.0115065574645996,-0.5411388278007507
2025-07-15,05:47:10.3,-0.040901895612478256,0.07464943826198578,0.019192339852452278
2025-07-15,05:47:10.3,-0.6476133465766907,0.7037373781204224,-0.5244184136390686
2025-07-15,05:47:10.3,-0.3681170642375946,0.9440270662307739,-0.6007718443870544
2025-07-15,05:47:10.3,-0.6544303297996521,0.6339794397354126,-0.5159314870834351
2025-07-15,05:47:10.3,-1.1657040119171143,1.2543755769729614,0.9603062272071838
2025-07-15,05:47:10.3,-0.42946991324424744,1.7196792364120483,-0.8442574143409729
2025-07-15,05:47:10.3,-0.7689555883407593,1.1687846183776855,1.4991326332092285
2025-07-15,05:47:10.3,-1.5379111766815186,1.352439522743225,-0.10239825397729874
2025-07-15,05:47:10.3,0.2699525058269501,0.3666418194770813,0.1517181545495987
2025-07-15,05:47:10.3,-0.658520519733429,0.576809287071228,-0.4904826879501343
2025-07-15,05:47:10.7,-0.040901895612478256,0.07464943826198578,0.019192339852452278
2025-07-15,05:47:10.7,0.2699525058269501,0.32594865560531616,0.22627882659435272
2025-07-15,05:47:10.7,-0.5317246317863464,1.0013625621795654,0.03581098094582558
2025-07-15,05:47:10.7,-0.40901896357536316,1.2432838678359985,0.00804554857313633
2025-07-15,05:47:10.7,-1.030727744102478,1.316141963005066,0.7503857612609863
2025-07-15,05:47:10.7,-0.34357592463493347,1.3984068632125854,-1.1331909894943237
2025-07-15,05:47:10.7,-1.1534334421157837,1.3999781608581543,-0.9562433362007141
2025-07-15,05:47:10.7,-0.5126370787620544,0.8331087231636047,-1.8021880388259888
2025-07-15,05:47:12.4,-0.040901895612478256,0.07465121895074844,0.019185421988368034
2025-07-15,05:47:12.4,0.3408491313457489,0.16132692992687225,0.21941226720809937
2025-07-15,05:47:12.4,0.7444145083427429,0.6759907007217407,-1.3726071119308472
2025-07-15,05:47:12.4,-0.3067642152309418,1.0425902605056763,-0.09254918992519379
2025-07-15,05:47:12.4,-1.4520173072814941,2.7174456119537354,0.32014089822769165
2025-07-15,05:47:12.4,-1.0811734199523926,2.413780689239502,-0.2958229184150696
2025-07-15,05:47:12.4,1.7465109825134277,1.9805058240890503,-0.33178263902664185
2025-07-15,05:47:12.4,1.4520173072814941,2.7351250648498535,-0.0780489444732666
2025-07-15,05:47:12.5,-0.040901895612478256,0.07464931160211563,0.019192850217223167
2025-07-15,05:47:12.5,0.29994723200798035,0.34837380051612854,0.13779091835021973
2025-07-15,05:47:12.5,0.2508649528026581,0.18759378790855408,-0.15393811464309692
2025-07-15,05:47:12.5,-0.2835864722728729,0.9120000004768372,-0.6120254993438721
2025-07-15,05:47:12.5,-1.4724682569503784,2.774207353591919,-0.05622445046901703
2025-07-15,05:47:12.5,0.5889872908592224,0.24477407336235046,-1.9946820735931396
2025-07-15,05:47:12.5,1.7669618129730225,1.0701464414596558,0.3438165783882141
2025-07-15,05:47:12.5,-0.6257990002632141,0.7654882669448853,-0.640333890914917
2025-07-15,05:47:12.5,0.5099102854728699,0.8530395030975342,-1.1012346744537354
2025-07-15,05:47:12.8,-0.040901895612478256,0.07465142011642456,0.01918463222682476
2025-07-15,05:47:12.8,0.3135811984539032,0.2797335684299469,0.11731252074241638
2025-07-15,05:47:12.8,0.16360758244991302,0.11307908594608307,-0.38831937313079834
2025-07-15,05:47:12.8,-1.3933912515640259,2.859971761703491,-0.15024659037590027
2025-07-15,05:47:12.8,-0.22905060648918152,0.887907862663269,-0.8071369528770447
2025-07-15,05:47:12.8,0.38175103068351746,1.1117513179779053,0.3325505554676056
2025-07-15,05:47:12.8,0.5126370787620544,1.7675912380218506,-0.9041974544525146
2025-07-15,05:47:12.8,1.2815927267074585,1.213375210762024,1.0440255403518677
2025-07-15,05:47:12.8,0.788043200969696,0.28142479062080383,-1.224822759628296
2025-07-15,05:47:13.1,-0.040901895612478256,0.07465314865112305,0.019177911803126335
2025-07-15,05:47:13.1,0.1840585321187973,0.26845818758010864,-0.21962040662765503
2025-07-15,05:47:13.1,0.34357592463493347,0.08485104888677597,0.1701068878173828
2025-07-15,05:47:13.1,0.29994723200798035,0.03862537071108818,0.3726375102996826
2025-07-15,05:47:13.1,0.014997362159192562,0.4158763587474823,-0.23904167115688324
2025-07-15,05:47:13.1,-0.07635020464658737,0.8368334770202637,-0.8866763710975647
2025-07-15,05:47:13.1,-0.04226529225707054,1.1134583950042725,-0.7665843367576599
2025-07-15,05:47:13.1,0.8780273199081421,1.2379515171051025,-1.3131147623062134
2025-07-15,05:47:13.1,-1.4111154079437256,2.652326822280884,-0.1905253678560257
2025-07-15,05:47:13.4,-0.040901895612478256,0.07465420663356781,0.019173793494701385
2025-07-15,05:47:13.4,-0.1840585321187973,1.0165671110153198,-0.5659840703010559
2025-07-15,05:47:13.4,-4.735076427459717,3.9957752227783203,2.2391252517700195
2025-07-15,05:47:13.4,1.7615083456039429,2.3716490268707275,0.271992564201355
2025-07-15,05:47:13.4,-1.1779745817184448,2.8962860107421875,-0.3024131953716278
2025-07-15,05:47:13.4,0.534451425075531,1.333898901939392,-1.582810401916504
2025-07-15,05:47:13.4,-2.0709993839263916,0.5055601596832275,-0.1599486768245697
2025-07-15,05:47:13.4,-1.2229666709899902,2.75067400932312,0.023013988509774208
2025-07-15,05:47:13.8,-0.040901895612478256,0.07465153187513351,0.019184185191988945
2025-07-15,05:47:13.8,0.0,1.2728519439697266,-0.5735795497894287
2025-07-15,05:47:13.8,0.7798628211021423,0.762215793132782,-1.5798559188842773
2025-07-15,05:47:13.8,-0.15815399587154388,1.1739144325256348,-0.4446619153022766
2025-07-15,05:47:13.8,0.29994723200798035,0.3580617606639862,0.11019260436296463
2025-07-15,05:47:13.8,-0.038175102323293686,0.8367412686347961,-0.8892251253128052
2025-07-15,05:47:13.8,-0.38175103068351746,1.1507245302200317,-0.14971263706684113
2025-07-15,05:47:13.8,-1.7178796529769897,2.5212936401367188,-0.13759952783584595
2025-07-15,05:47:14.1,-0.040901895612478256,0.07465048879384995,0.01918826252222061
2025-07-15,05:47:14.1,-0.38993141055107117,0.9422644376754761,-0.49682170152664185
2025-07-15,05:47:14.1,-0.22905060648918152,0.9364290237426758,-0.7503007054328918
2025-07-15,05:47:14.1,-1.766961932182312,2.58551025390625,-0.24603374302387238
2025-07-15,05:47:14.1,0.7621386647224426,0.8166249394416809,-1.5072394609451294
2025-07-15,05:47:14.1,-0.45810121297836304,0.8766675591468811,-0.7168763875961304
2025-07-15,05:47:14.1,1.709699273109436,2.2494218349456787,0.5554386377334595
2025-07-15,05:47:14.1,0.29994723200798035,0.2784094512462616,0.15121540427207947
2025-07-15,05:47:14.4,-0.040901895612478256,0.07465188950300217,0.019182801246643066
2025-07-15,05:47:14.4,0.2863132655620575,0.254395067691803,0.2089356780052185
2025-07-15,05:47:14.4,-0.5671729445457458,0.8286283016204834,-0.5276651978492737
2025-07-15,05:47:14.4,1.8078638315200806,2.6025991439819336,1.2404725551605225
2025-07-15,05:47:14.4,-0.572626531124115,0.47964146733283997,-0.9666216969490051
2025-07-15,05:47:14.4,0.8016771674156189,0.9325907230377197,-1.3584167957305908
2025-07-15,05:47:14.8,-0.040901895612478256,0.07465199381113052,0.019182417541742325
2025-07-15,05:47:14.8,-0.9093855023384094,0.6825006008148193,0.5549980998039246
2025-07-15,05:47:14.8,-0.47446197271347046,0.9682570695877075,-0.6619487404823303
2025-07-15,05:47:14.8,-1.8187710046768188,1.6988494396209717,0.45741698145866394
2025-07-15,05:47:14.8,-0.9202926158905029,0.7064545750617981,0.20397943258285522
2025-07-15,05:47:14.8,-1.6497098207473755,4.4631147384643555,0.6252666115760803
2025-07-15,05:47:14.8,-0.08998417109251022,1.4182499647140503,0.23095570504665375
2025-07-15,05:47:14.8,-1.1997889280319214,1.159166693687439,-0.9497066140174866
2025-07-15,05:47:14.8,0.4431038498878479,0.8034065365791321,-0.58979731798172
2025-07-15,05:47:15.2,-0.040901895612478256,0.07464757561683655,0.01919957995414734
2025-07-15,05:47:15.2,-0.9721017479896545,0.8209999799728394,0.4584808051586151
2025-07-15,05:47:15.2,-2.3177740573883057,1.8176685571670532,0.35442250967025757
2025-07-15,05:47:15.2,-0.940743625164032,0.7780244946479797,0.47201213240623474
2025-07-15,05:47:15.2,-1.881487250328064,1.7056642770767212,0.6349642276763916
2025-07-15,05:47:15.2,-0.797586977481842,2.713698625564575,-0.2045096904039383
2025-07-15,05:47:15.2,0.3599366843700409,0.7981492280960083,-0.5742802023887634
2025-07-15,05:47:15.5,-0.040901895612478256,0.07464580237865448,0.019206497818231583
2025-07-15,05:47:15.5,-1.1916085481643677,1.4159939289093018,0.7763739824295044
2025-07-15,05:47:15.5,0.18814870715141296,1.99485445022583,-0.11349833011627197
2025-07-15,05:47:15.5,-1.944203495979309,1.7623506784439087,0.6565840244293213
2025-07-15,05:47:15.5,-0.19087551534175873,0.7608605623245239,0.9364680051803589
2025-07-15,05:47:15.5,0.2672257125377655,1.1904875040054321,0.06037075072526932
2025-07-15,05:47:15.5,-2.2250630855560303,3.793450117111206,0.6800395846366882
2025-07-15,05:47:15.5,-2.5522782802581787,3.681713104248047,0.7202174067497253
2025-07-15,05:47:15.5,0.29994723200798035,0.418754905462265,-0.8099085688591003
2025-07-15,05:47:15.5,0.37493404746055603,0.7311630249023438,-0.7172789573669434
2025-07-15,05:47:15.5,-1.1602504253387451,0.4973449409008026,-1.0061347484588623
2025-07-15,05:47:15.5,-0.7635020613670349,0.42515939474105835,-1.2522163391113281
2025-07-15,05:47:15.5,-1.24069082736969,0.852530300617218,-0.2561638653278351
2025-07-15,05:47:15.5,-1.5924471616744995,2.6729843616485596,-0.6803075075149536
2025-07-15,05:47:15.8,-0.040901895612478256,0.07464496046304703,0.019209742546081543
2025-07-15,05:47:15.8,-0.6898786425590515,0.4285799562931061,1.8352419137954712
2025-07-15,05:47:15.8,-2.094177007675171,1.7626047134399414,0.5515701174736023
2025-07-15,05:47:15.8,-0.2944936454296112,1.049568772315979,0.4464336633682251
2025-07-15,05:47:15.8,0.8098575472831726,0.5775281190872192,0.6310437321662903
2025-07-15,05:47:15.8,1.7696887254714966,1.8090585470199585,0.4705970585346222
2025-07-15,05:47:15.8,-0.10225473344326019,0.7526800632476807,-0.7827391624450684
2025-07-15,05:47:15.8,-3.374406337738037,2.629523277282715,0.5956710577011108
2025-07-15,05:47:15.8,-5.374509334564209,2.7936551570892334,1.9708746671676636
2025-07-15,05:47:15.8,-6.664281845092773,4.516855716705322,1.5688667297363281
2025-07-15,05:47:15.8,0.19087551534175873,0.10995683073997498,-0.844310998916626
2025-07-15,05:47:15.8,0.22905060648918152,0.8571850657463074,-0.5560250878334045
2025-07-15,05:47:15.8,0.7525948882102966,0.5310553312301636,0.49797138571739197
2025-07-15,05:47:16.1,-0.040901895612478256,0.07465076446533203,0.01918718032538891
2025-07-15,05:47:16.1,-0.2508649528026581,0.8210776448249817,0.5194514989852905
2025-07-15,05:47:16.1,-1.3211312294006348,2.045064687728882,0.5066289901733398
2025-07-15,05:47:16.1,-2.512739658355713,3.324293375015259,0.7381666302680969
2025-07-15,05:47:16.1,-2.5645487308502197,3.419705629348755,0.6201109886169434
2025-07-15,05:47:16.1,-0.38993141055107117,0.35781803727149963,-1.0033246278762817
2025-07-15,05:47:16.1,0.8153111338615417,0.3846096098423004,-0.6885374188423157
2025-07-15,05:47:16.1,-5.654005527496338,2.6199514865875244,0.3032803237438202
2025-07-15,05:47:16.1,0.14997361600399017,0.7610936760902405,-0.5652612447738647
2025-07-15,05:47:16.1,0.6598839163780212,0.6212581396102905,0.31601810455322266
2025-07-15,05:47:16.4,-0.040901895612478256,0.0746479257941246,0.019198227673768997
2025-07-15,05:47:16.4,-1.274775743484497,1.9904450178146362,-0.41358044743537903
2025-07-15,05:47:16.4,-3.716618776321411,1.541773796081543,0.7928887009620667
2025-07-15,05:47:16.4,0.08180379122495651,0.743445098400116,-0.449424684047699
2025-07-15,05:47:16.4,0.5998944640159607,0.5115858316421509,0.37388715147972107
2025-07-15,05:47:16.8,-0.040901895612478256,0.07464751601219177,0.01919981837272644
2025-07-15,05:47:16.8,-2.488198757171631,1.981968879699707,0.15562176704406738
2025-07-15,05:47:16.8,-1.3470357656478882,1.8247205018997192,-0.05340234562754631
2025-07-15,05:47:16.8,0.0736234113574028,0.7067446708679199,-0.3343852460384369
2025-07-15,05:47:16.8,-7.444145202636719,2.6394448280334473,0.8175144791603088
2025-07-15,05:47:16.8,-0.020450947806239128,0.37064218521118164,-0.5389667749404907
2025-07-15,05:47:17.1,-0.040901895612478256,0.0746445581316948,0.01921132393181324
2025-07-15,05:47:17.1,0.020450947806239128,0.5873939394950867,-0.2878005802631378
2025-07-15,05:47:17.1,-0.20450948178768158,0.439806193113327,0.439346581697464
2025-07-15,05:47:17.1,-7.362341403961182,2.2106986045837402,1.6065269708633423
2025-07-15,05:47:17.1,-3.4357593059539795,2.9226889610290527,6.428501605987549
2025-07-15,05:47:17.1,-0.17178796231746674,0.47335222363471985,0.7654107213020325
2025-07-15,05:47:17.4,-0.040901895612478256,0.07464753091335297,0.019199756905436516
2025-07-15,05:47:17.4,0.4499208629131317,0.5433732271194458,-1.2550647258758545
2025-07-15,05:47:17.4,0.0,0.4563799202442169,-0.40595075488090515
2025-07-15,05:47:17.4,-2.028733968734741,0.49123942852020264,-0.16881868243217468
2025-07-15,05:47:17.4,-3.7220726013183594,0.8788648843765259,1.0659953355789185
2025-07-15,05:47:17.4,2.451719614917247e+18,-4.004375602923078e-37,-1.1284563110232844e-22
2025-07-15,05:47:17.4,2183.939453125,2.566914616098648e-35,0.000129781779833138
2025-07-15,05:47:17.8,-0.040901895612478256,0.07462902367115021,0.01927158236503601
2025-07-15,05:47:17.8,0.04226529225707054,0.7489519119262695,1.1253942251205444
2025-07-15,05:47:17.8,0.629889190196991,1.2693232297897339,-0.254811555147171
2025-07-15,05:47:17.8,-0.6748812794685364,1.2367950677871704,-0.29621607065200806
2025-07-15,05:47:17.8,3.4357593059539795,1.274794101715088,0.035907115787267685
2025-07-15,05:47:18.1,-0.040901895612478256,0.07463136315345764,0.019262511283159256
2025-07-15,05:47:18.1,0.04226529225707054,0.7489519119262695,1.1253942251205444
2025-07-15,05:47:18.1,0.629889190196991,1.2745554447174072,-0.2271978110074997
2025-07-15,05:47:18.1,-0.6748812794685364,1.2523162364959717,-0.22160828113555908
2025-07-15,05:47:18.1,3.4357593059539795,1.2714712619781494,0.09874347597360611
2025-07-15,05:47:18.4,-0.040901895612478256,0.0746314749121666,0.019262073561549187
2025-07-15,05:47:18.4,0.0,0.7055947780609131,1.1538472175598145
2025-07-15,05:47:18.4,0.629889190196991,1.2710438966751099,-0.24608445167541504
2025-07-15,05:47:18.4,-0.6748812794685364,1.2327574491500854,-0.31259405612945557
2025-07-15,05:47:18.4,3.4357593059539795,1.2747551202774048,0.03726668655872345
2025-07-15,05:47:18.8,-0.040901895612478256,0.07463051378726959,0.019265787675976753
2025-07-15,05:47:18.8,0.0,0.6991100311279297,1.157787799835205
2025-07-15,05:47:18.8,0.629889190196991,1.268278956413269,-0.25995928049087524
2025-07-15,05:47:18.8,-0.6748812794685364,1.2426377534866333,-0.2706608474254608
2025-07-15,05:47:18.8,3.5502846240997314,0.9088538289070129,0.017199067398905754
2025-07-15,05:47:19.1,-0.040901895612478256,0.07463249564170837,0.019258132204413414
2025-07-15,05:47:19.1,0.0,0.6924945712089539,1.1617567539215088
2025-07-15,05:47:19.1,0.629889190196991,1.2657383680343628,-0.27205997705459595
2025-07-15,05:47:19.1,-0.6748812794685364,1.2450400590896606,-0.25938594341278076
2025-07-15,05:47:19.1,3.5502846240997314,0.9081462621688843,0.03976738452911377
2025-07-15,05:47:19.1,-0.21950684487819672,3.2415637969970703,6.227658748626709
2025-07-15,05:47:19.4,-0.040901895612478256,0.07463136315345764,0.019262511283159256
2025-07-15,05:47:19.4,0.0,0.7065442204475403,1.1532660722732544
2025-07-15,05:47:19.4,0.629889190196991,1.270066738128662,-0.251079261302948
2025-07-15,05:47:19.4,-0.6748812794685364,1.2426036596298218,-0.2708175480365753
2025-07-15,05:47:19.4,0.0,2.7383432388305664,6.468472003936768
2025-07-15,05:47:19.8,-0.040901895612478256,0.0746343582868576,0.01925092376768589
2025-07-15,05:47:19.8,0.0,0.7171531915664673,1.146699070930481
2025-07-15,05:47:19.8,0.6748812794685364,1.2421311140060425,-0.27297648787498474
2025-07-15,05:47:19.8,-0.6748812794685364,1.2455817461013794,-0.25677257776260376
2025-07-15,05:47:19.8,3.4357593059539795,1.2726777791976929,0.08173663914203644
2025-07-15,05:47:19.8,-0.441740483045578,2.859941244125366,6.448261260986328
2025-07-15,05:47:20.1,-0.040901895612478256,0.07463148236274719,0.019262053072452545
2025-07-15,05:47:20.1,0.0,0.7130267024040222,1.149269461631775
2025-07-15,05:47:20.1,0.6748812794685364,1.2433346509933472,-0.2674415409564972
2025-07-15,05:47:20.1,-0.6748812794685364,1.2450670003890991,-0.25925716757774353
2025-07-15,05:47:20.1,3.5502846240997314,0.9075649976730347,0.051350802183151245
2025-07-15,05:47:20.4,-0.040901895612478256,0.07463613897562027,0.019244005903601646
2025-07-15,05:47:20.4,0.0,0.7249467968940735,1.1417878866195679
2025-07-15,05:47:20.4,0.6748812794685364,1.247589111328125,-0.24683447182178497
2025-07-15,05:47:20.4,-0.7198733687400818,1.2138296365737915,-0.28508004546165466
2025-07-15,05:47:20.4,3.4357593059539795,1.2739825248718262,0.057948555797338486
2025-07-15,05:47:20.8,-0.040901895612478256,0.07463625073432922,0.019243579357862473
2025-07-15,05:47:20.8,0.0,0.7378793954849243,1.1334731578826904
2025-07-15,05:47:20.8,0.6748812794685364,1.2460968494415283,-0.254260778427124
2025-07-15,05:47:20.8,-0.7198733687400818,1.2152669429779053,-0.2788895070552826
2025-07-15,05:47:20.8,3.4357593059539795,1.274705410003662,0.03893032297492027
2025-07-15,05:47:20.8,0.0,2.5747787952423096,6.535301685333252
2025-07-15,05:47:20.8,-3.9511232376098633,5.802432537078857,0.24505949020385742
2025-07-15,05:47:21.1,-0.040901895612478256,0.07463924586772919,0.01923196017742157
2025-07-15,05:47:21.1,0.0,0.7130351662635803,1.1492642164230347
2025-07-15,05:47:21.1,0.6748812794685364,1.245462417602539,-0.2573506534099579
2025-07-15,05:47:21.1,-0.6748812794685364,1.2358818054199219,-0.3000037968158722
2025-07-15,05:47:21.1,3.3212339878082275,1.5492497682571411,0.007893537171185017
2025-07-15,05:47:21.4,-0.040901895612478256,0.07463989406824112,0.01922944374382496
2025-07-15,05:47:21.4,0.0,0.6564759612083435,1.1824833154678345
2025-07-15,05:47:21.4,0.6748812794685364,1.245462417602539,-0.2573506534099579
2025-07-15,05:47:21.4,-0.7198733687400818,1.2169309854507446,-0.27153652906417847
2025-07-15,05:47:21.4,3.4357593059539795,1.2752203941345215,-0.014223482459783554
2025-07-15,05:47:21.4,0.0,3.1240031719207764,6.3885602951049805
2025-07-15,05:47:21.4,3.7779717445373535,5.9514851570129395,-0.9380042552947998
2025-07-15,05:47:21.8,-0.040901895612478256,0.07463644444942474,0.01924281008541584
2025-07-15,05:47:21.8,0.0,0.7286456227302551,1.1394309997558594
2025-07-15,05:47:21.8,0.6748812794685364,1.247358798980713,-0.24799607694149017
2025-07-15,05:47:21.8,-0.6748812794685364,1.2541359663009644,-0.21106600761413574
2025-07-15,05:47:21.8,3.4357593059539795,1.2746713161468506,0.04003125801682472
2025-07-15,05:47:22.1,-0.040901895612478256,0.07464007288217545,0.019228726625442505
2025-07-15,05:47:22.1,0.0,0.6857511401176453,1.1657499074935913
2025-07-15,05:47:22.1,0.6748812794685364,1.2452106475830078,-0.2585659921169281
2025-07-15,05:47:22.1,-0.7198733687400818,1.218513011932373,-0.2643465995788574
2025-07-15,05:47:22.1,3.4357593059539795,1.2750647068023682,0.02448621578514576
2025-07-15,05:47:22.4,-0.040901895612478256,0.0746401846408844,0.019228288903832436
2025-07-15,05:47:22.4,0.0,0.6836056113243103,1.1670093536376953
2025-07-15,05:47:22.4,0.6748812794685364,1.2442331314086914,-0.2632295489311218
2025-07-15,05:47:22.4,-0.7198733687400818,1.224506139755249,-0.23502732813358307
2025-07-15,05:47:22.4,3.4357593059539795,1.2751275300979614,0.020960599184036255
2025-07-15,05:47:22.4,1.0975341796875,0.509338915348053,6.919222831726074
2025-07-15,05:47:22.4,-2.8535890579223633,6.35780143737793,-0.8803660869598389
2025-07-15,05:47:22.8,-0.040901895612478256,0.07463941723108292,0.019231274724006653
2025-07-15,05:47:22.8,0.0,0.7051452398300171,1.154121994972229
2025-07-15,05:47:22.8,0.6748812794685364,1.2468146085739136,-0.25071781873703003
2025-07-15,05:47:22.8,-0.7198733687400818,1.2198703289031982,-0.2580106556415558
2025-07-15,05:47:22.8,3.4357593059539795,1.2744985818862915,-0.04519866779446602
2025-07-15,05:47:22.8,-0.441740483045578,1.0716001987457275,6.9721598625183105
2025-07-15,05:47:23.1,-0.040901895612478256,0.07464293390512466,0.019217627122998238
2025-07-15,05:47:23.1,0.0,0.6963253617286682,1.159464716911316
2025-07-15,05:47:23.1,0.6748812794685364,1.2463512420654297,-0.25301113724708557
2025-07-15,05:47:23.1,-0.629889190196991,1.2646822929382324,-0.2769275903701782
2025-07-15,05:47:23.1,3.4357593059539795,1.2752994298934937,-0.0010065700626000762
2025-07-15,05:47:23.1,-0.22359703481197357,0.9424228072166443,7.089243412017822
2025-07-15,05:47:23.4,-0.040901895612478256,0.07464030385017395,0.01922784186899662
2025-07-15,05:47:23.4,0.0,0.7169334292411804,1.146836519241333
2025-07-15,05:47:23.4,0.6748812794685364,1.249908447265625,-0.2348082810640335
2025-07-15,05:47:23.4,-0.7198733687400818,1.2186636924743652,-0.2636508047580719
2025-07-15,05:47:23.4,3.4357593059539795,1.2752203941345215,0.01422304566949606
2025-07-15,05:47:23.4,0.6707910895347595,0.923410952091217,-7.0634894371032715
2025-07-15,05:47:23.8,-0.040901895612478256,0.07464280724525452,0.019218115136027336
2025-07-15,05:47:23.8,0.0,0.6873968243598938,1.1647802591323853
2025-07-15,05:47:23.8,3.4357593059539795,1.27204167842865,0.09110158681869507
2025-07-15,05:47:24.1,-0.040901895612478256,0.07464376837015152,0.019214382395148277
2025-07-15,05:47:24.1,0.0,0.7103146314620972,1.1509476900100708
2025-07-15,05:47:24.1,0.6748812794685364,1.2465320825576782,-0.2521184980869293
2025-07-15,05:47:24.1,-0.7198733687400818,1.22452974319458,-0.23490428924560547
2025-07-15,05:47:24.1,3.4357593059539795,1.2752203941345215,0.01422304566949606
2025-07-15,05:47:24.1,0.21950684487819672,2.890805721282959,6.398024082183838
2025-07-15,05:47:24.4,-0.040901895612478256,0.07464352995157242,0.019215308129787445
2025-07-15,05:47:24.4,0.0,0.6930392384529114,1.161431908607483
2025-07-15,05:47:24.4,0.6748812794685364,1.2422698736190796,-0.27234452962875366
2025-07-15,05:47:24.4,-0.6748812794685364,1.2517517805099487,-0.22477447986602783
2025-07-15,05:47:24.4,3.4357593059539795,1.2745130062103271,-0.04478975012898445
2025-07-15,05:47:24.4,0.0,3.363590955734253,6.066934585571289
2025-07-15,05:47:24.8,-0.040901895612478256,0.07464191317558289,0.019221600145101547
2025-07-15,05:47:24.8,0.0,0.7043980360031128,1.1545782089233398
2025-07-15,05:47:24.8,0.629889190196991,1.2753937244415283,-0.22244328260421753
2025-07-15,05:47:24.8,-0.7198733687400818,1.22452974319458,-0.23490428924560547
2025-07-15,05:47:24.8,3.4357593059539795,1.2742037773132324,0.05285978317260742
2025-07-15,05:47:24.8,0.0,1.6423295736312866,6.739747047424316
2025-07-15,05:47:25.1,-0.040901895612478256,0.07463989406824112,0.019229432567954063
2025-07-15,05:47:25.1,0.0,0.679252564907074,1.1695483922958374
2025-07-15,05:47:25.1,0.6748812794685364,1.248414158821106,-0.24262745678424835
2025-07-15,05:47:25.1,-0.6748812794685364,1.2442777156829834,-0.2630188763141632
2025-07-15,05:47:25.1,3.4357593059539795,1.2743662595748901,0.04878544807434082
2025-07-15,05:47:25.1,0.0,3.1283440589904785,6.191518306732178
2025-07-15,05:47:25.4,-0.040901895612478256,0.07464118301868439,0.019224409013986588
2025-07-15,05:47:25.4,0.0,0.7306740880012512,1.1381312608718872
2025-07-15,05:47:25.4,0.6748812794685364,1.2484500408172607,-0.24244312942028046
2025-07-15,05:47:25.4,-0.7198733687400818,1.2214831113815308,-0.250264048576355
2025-07-15,05:47:25.4,3.4357593059539795,1.2698659896850586,0.1176009401679039
2025-07-15,05:47:25.8,-0.040901895612478256,0.07464456558227539,0.019211281090974808
2025-07-15,05:47:25.8,0.0,0.6966002583503723,1.159299612045288
2025-07-15,05:47:25.8,0.6748812794685364,1.2471990585327148,-0.2487979382276535
2025-07-15,05:47:25.8,-0.6748812794685364,1.2430251836776733,-0.2688763737678528
2025-07-15,05:47:25.8,3.5502846240997314,0.9084689021110535,-0.03155012056231499
2025-07-15,05:47:25.8,0.0,3.048945665359497,6.2310004234313965
2025-07-15,05:47:26.1,-0.040901895612478256,0.0746438130736351,0.019214225932955742
2025-07-15,05:47:26.1,0.0,0.6870520710945129,1.1649836301803589
2025-07-15,05:47:26.1,0.6748812794685364,1.2468949556350708,-0.25031790137290955
2025-07-15,05:47:26.1,-0.6748812794685364,1.24648118019104,-0.25236979126930237
2025-07-15,05:47:26.1,3.5502846240997314,0.9060561656951904,0.07330311834812164
2025-07-15,05:47:26.1,0.21541665494441986,2.6223268508911133,6.371423244476318
2025-07-15,05:47:26.5,-0.040901895612478256,0.07464440912008286,0.019211895763874054
2025-07-15,05:47:26.5,0.0,0.7183476686477661,1.1459511518478394
2025-07-15,05:47:26.5,0.6748812794685364,1.2439194917678833,-0.26470816135406494
2025-07-15,05:47:26.5,-0.629889190196991,1.2509045600891113,-0.3336884081363678
2025-07-15,05:47:26.8,-0.040901895612478256,0.07464618980884552,0.01920497789978981
2025-07-15,05:47:26.8,0.0,0.7222011685371399,1.143526554107666
2025-07-15,05:47:26.8,0.6748812794685364,1.2470858097076416,-0.24936500191688538
2025-07-15,05:47:26.8,-0.6748812794685364,1.2398877143859863,-0.28299203515052795
2025-07-15,05:47:26.8,3.4357593059539795,1.2740672826766968,0.0560542456805706
2025-07-15,05:47:27.1,-0.040901895612478256,0.07464529573917389,0.01920846290886402
2025-07-15,05:47:27.1,0.0,0.7026774287223816,1.1556261777877808
2025-07-15,05:47:27.1,0.6748812794685364,1.2478030920028687,-0.24575045704841614
2025-07-15,05:47:27.1,-0.629889190196991,1.2561949491500854,-0.3131844103336334
2025-07-15,05:47:27.1,3.4357593059539795,1.275274395942688,-0.00803945492953062
2025-07-15,05:47:27.4,-0.040901895612478256,0.07464625686407089,0.019204728305339813
2025-07-15,05:47:27.4,0.0,0.697513997554779,1.158750057220459
2025-07-15,05:47:27.4,0.629889190196991,1.2764508724212646,-0.21629460155963898
2025-07-15,05:47:27.4,-0.6748812794685364,1.2454938888549805,-0.25719839334487915
2025-07-15,05:47:27.4,3.4357593059539795,1.2752203941345215,-0.014223482459783554
2025-07-15,05:47:27.8,-0.040901895612478256,0.07464423030614853,0.01921260356903076
2025-07-15,05:47:27.8,0.0,0.7084505558013916,1.1520960330963135
2025-07-15,05:47:27.8,0.629889190196991,1.2717262506484985,-0.24253392219543457
2025-07-15,05:47:27.8,-0.6748812794685364,1.2375895977020264,-0.292878657579422
2025-07-15,05:47:27.8,3.4357593059539795,1.274306297302246,0.05032675713300705
2025-07-15,05:47:28.1,-0.040901895612478256,0.0746452808380127,0.019208503887057304
2025-07-15,05:47:28.1,0.0,0.6791443824768066,1.1696112155914307
2025-07-15,05:47:28.1,0.6748812794685364,1.244871735572815,-0.26019287109375
2025-07-15,05:47:28.1,-0.629889190196991,1.25441575050354,-0.32023656368255615
2025-07-15,05:47:28.4,-0.040901895612478256,0.07464391738176346,0.019213799387216568
2025-07-15,05:47:28.4,0.0,0.7351107597351074,1.1352707147598267
2025-07-15,05:47:28.4,0.6748812794685364,1.2475825548171997,-0.24686793982982635
2025-07-15,05:47:28.4,-0.6748812794685364,1.2349478006362915,-0.30382558703422546
2025-07-15,05:47:28.4,3.4357593059539795,1.2747488021850586,-0.03748468682169914
2025-07-15,05:47:28.8,-0.040901895612478256,0.07464991509914398,0.019190499559044838
2025-07-15,05:47:28.8,0.0,0.7149204611778259,1.1480923891067505
2025-07-15,05:47:28.8,0.629889190196991,1.2734206914901733,-0.2334735095500946
2025-07-15,05:47:28.8,-0.7198733687400818,1.212978720664978,-0.2886790335178375
2025-07-15,05:47:28.8,3.4357593059539795,1.2751553058624268,0.019198227673768997
2025-07-15,05:47:29.1,-0.040901895612478256,0.07464610785245895,0.019205279648303986
2025-07-15,05:47:29.1,0.04226529225707054,0.7377792596817017,1.132750153541565
2025-07-15,05:47:29.1,0.629889190196991,1.2732106447219849,-0.234616219997406
2025-07-15,05:47:29.1,-0.6748812794685364,1.2366400957107544,-0.29686227440834045
2025-07-15,05:47:29.5,-0.040901895612478256,0.07464799284934998,0.01919795759022236
2025-07-15,05:47:29.5,0.04226529225707054,0.7455358505249023,1.1276601552963257
2025-07-15,05:47:29.5,0.629889190196991,1.274325966835022,-0.22848092019557953
2025-07-15,05:47:29.5,-0.6748812794685364,1.2339322566986084,-0.30792421102523804
2025-07-15,05:47:29.5,3.4357593059539795,1.271977186203003,0.09199806302785873
2025-07-15,05:47:29.8,-0.040901895612478256,0.07464604824781418,0.019205519929528236
2025-07-15,05:47:29.8,0.0,0.6944636702537537,1.1605807542800903
2025-07-15,05:47:29.8,0.6748812794685364,1.2485185861587524,-0.24208956956863403
2025-07-15,05:47:29.8,-0.6748812794685364,1.237940788269043,-0.29139086604118347
2025-07-15,05:47:30.1,-0.040901895612478256,0.07464522123336792,0.0192087534815073
2025-07-15,05:47:30.1,0.0,0.7122945785522461,1.1497234106063843
2025-07-15,05:47:30.1,0.6748812794685364,1.2479842901229858,-0.2448289692401886
2025-07-15,05:47:30.1,-0.629889190196991,1.2589812278747559,-0.3017890751361847
2025-07-15,05:47:30.5,-0.040901895612478256,0.07464782893657684,0.019198613241314888
2025-07-15,05:47:30.5,0.04226529225707054,0.7320116758346558,1.1364858150482178
2025-07-15,05:47:30.5,0.629889190196991,1.277886986732483,-0.20764198899269104
2025-07-15,05:47:30.5,-0.6748812794685364,1.2397960424423218,-0.2833932638168335
2025-07-15,05:47:30.5,0.0,2.4999184608459473,6.470845699310303
2025-07-15,05:47:30.8,-0.040901895612478256,0.07464297115802765,0.019217481836676598
2025-07-15,05:47:30.8,0.0,0.7034628391265869,1.1551482677459717
2025-07-15,05:47:30.8,0.629889190196991,1.2799077033996582,-0.19479864835739136
2025-07-15,05:47:30.8,-0.6748812794685364,1.2328946590423584,-0.3120526671409607
2025-07-15,05:47:30.8,0.0,3.1120948791503906,6.19970178604126
2025-07-15,05:47:31.1,-0.040901895612478256,0.07464480400085449,0.01921037770807743
2025-07-15,05:47:31.1,0.0,0.6983187794685364,1.158265233039856
2025-07-15,05:47:31.1,0.629889190196991,1.2767478227615356,-0.21453502774238586
2025-07-15,05:47:31.1,-0.6748812794685364,1.2465580701828003,-0.2519897222518921
2025-07-15,05:47:31.5,-0.040901895612478256,0.07463710010051727,0.019240282475948334
2025-07-15,05:47:31.5,-0.02863132581114769,0.12064697593450546,0.2790953516960144
2025-07-15,05:47:31.5,-0.13361285626888275,0.27027276158332825,-0.0486815944314003
2025-07-15,05:47:31.5,0.5508121848106384,1.5527688264846802,4.086897850036621
2025-07-15,05:47:31.5,0.2863132655620575,0.5328277945518494,-0.08484058827161789
2025-07-15,05:47:31.5,0.5794435143470764,0.4562924802303314,0.07837783545255661
2025-07-15,05:47:31.8,-0.040901895612478256,0.07464248687028885,0.019219374284148216
2025-07-15,05:47:31.8,0.3490295112133026,0.5590078830718994,-0.23016294836997986
2025-07-15,05:47:32.1,-0.040901895612478256,0.07465007901191711,0.019189853221178055
2025-07-15,05:47:32.1,-0.10634492337703705,0.2496722936630249,0.4980357885360718
2025-07-15,05:47:32.1,0.2304140031337738,0.518161416053772,0.010162238962948322
2025-07-15,05:47:32.1,-0.1199788972735405,0.2665520906448364,-0.3806231915950775
2025-07-15,05:47:32.1,0.05998944863677025,0.4564738869667053,0.13546893000602722
2025-07-15,05:47:32.1,0.7253269553184509,0.07885146886110306,0.3934885561466217
2025-07-15,05:47:32.1,0.4144725501537323,0.627691388130188,-0.3483762741088867
2025-07-15,05:47:32.1,3.108544111251831,1.1521859169006348,-0.06181260943412781
2025-07-15,05:47:32.1,-1.3947546482086182,0.19489486515522003,-0.2992427349090576
2025-07-15,05:47:32.1,1.0348179340362549,0.6606663465499878,0.7520256638526917
2025-07-15,05:47:32.4,-0.040901895612478256,0.07465114444494247,0.019185714423656464
2025-07-15,05:47:32.4,0.24541136622428894,0.363582968711853,-0.48565390706062317
2025-07-15,05:47:32.4,0.4908227324485779,0.3736582100391388,0.21852144598960876
2025-07-15,05:47:32.4,-4.218348979949951,2.564455270767212,1.6074926853179932
2025-07-15,05:47:32.4,6.365698337554932,2.223377227783203,-1.968281626701355
2025-07-15,05:47:32.4,-5.707178115844727,2.752976417541504,3.0313186645507812
2025-07-15,05:47:32.4,-2.587726593017578,1.8509010076522827,0.1462477296590805
2025-07-15,05:47:32.8,-0.040901895612478256,0.07464964687824249,0.019191529601812363
2025-07-15,05:47:32.8,-0.9298364520072937,0.980559229850769,0.055992837995290756
2025-07-15,05:47:32.8,-0.479915589094162,0.6766197085380554,1.1229480504989624
2025-07-15,05:47:32.8,-0.959831178188324,0.9657065272331238,-0.30867549777030945
2025-07-15,05:47:32.8,-0.05998944863677025,0.8228481411933899,-0.49050799012184143
2025-07-15,05:47:32.8,0.479915589094162,0.6798208951950073,0.47833094000816345
2025-07-15,05:47:32.8,0.19496570527553558,0.32661011815071106,-0.4207129180431366
2025-07-15,05:47:32.8,0.3708438575267792,0.32590553164482117,-0.4935046136379242
2025-07-15,05:47:32.8,0.13088606297969818,0.6156691312789917,0.3018389940261841
2025-07-15,05:47:32.8,-5.742626190185547,3.4881763458251953,-2.193020820617676
2025-07-15,05:47:32.8,-1.963291049003601,2.201525926589966,1.0799635648727417
2025-07-15,05:47:33.1,-0.040901895612478256,0.07465661317110062,0.019164420664310455
2025-07-15,05:47:33.1,-0.479915589094162,1.117417335510254,-0.6857150197029114
2025-07-15,05:47:33.1,0.220870241522789,0.2528068721294403,0.2036798894405365
2025-07-15,05:47:33.1,0.17178796231746674,0.7326204776763916,-0.5226691961288452
2025-07-15,05:47:33.1,0.41719934344291687,0.3608085513114929,-0.49584534764289856
2025-07-15,05:47:33.5,-0.040901895612478256,0.07465261965990067,0.01917996257543564
2025-07-15,05:47:33.5,0.24541136622428894,0.390296995639801,0.2480727732181549
2025-07-15,05:47:33.5,0.5180906653404236,0.5486925840377808,-0.4380680024623871
2025-07-15,05:47:33.5,0.19087551534175873,0.762787938117981,0.3782937526702881
2025-07-15,05:47:33.5,-0.038175102323293686,0.9710682034492493,-0.7401917576789856
2025-07-15,05:47:33.5,-0.1745147556066513,1.0988075733184814,-0.8433931469917297
2025-07-15,05:47:33.5,0.13088606297969818,0.8734371066093445,-0.562468409538269
2025-07-15,05:47:33.5,2.2795989513397217,2.404838800430298,0.12074210494756699
2025-07-15,05:47:33.5,0.3149445950984955,0.7765625715255737,-0.3703882098197937
2025-07-15,05:47:33.8,-0.040901895612478256,0.07463646680116653,0.019242726266384125
2025-07-15,05:47:33.8,0.17178796231746674,0.19922542572021484,-0.2915108799934387
2025-07-15,05:47:33.8,-2.214155912399292,3.810626268386841,-2.4878971576690674
2025-07-15,05:47:33.8,-3.2312498092651367,5.406278610229492,-2.801645517349243
2025-07-15,05:47:33.8,-1.0798100233078003,2.3625566959381104,-1.7663198709487915
2025-07-15,05:47:33.8,0.2208702266216278,0.9316742420196533,-0.6861659288406372
2025-07-15,05:47:33.8,0.08453058451414108,1.1719900369644165,-0.6697173714637756
2025-07-15,05:47:33.8,0.591714084148407,1.0331629514694214,0.6416200399398804
2025-07-15,05:47:33.8,0.27267929911613464,0.9761671423912048,-0.40299826860427856
2025-07-15,05:47:33.8,0.13088606297969818,0.08484018594026566,0.49976950883865356
2025-07-15,05:47:33.8,0.32721516489982605,0.4084821343421936,0.01308278925716877
2025-07-15,05:47:34.1,-0.040901895612478256,0.0746537372469902,0.019175613299012184
2025-07-15,05:47:34.1,0.15951739251613617,0.34985804557800293,0.07958650588989258
2025-07-15,05:47:34.1,2.1923415660858154,3.646864414215088,-4.009063720703125
2025-07-15,05:47:34.1,-4.58101224899292,3.9985804557800293,-0.5775341391563416
2025-07-15,05:47:34.1,-6.0862016677856445,1.8892964124679565,5.024031162261963
2025-07-15,05:47:34.1,-3.2966926097869873,6.588194847106934,-3.402893304824829
2025-07-15,05:47:34.5,-0.040901895612478256,0.07465461641550064,0.01917218044400215
2025-07-15,05:47:34.5,3.471207618713379,0.8089121580123901,-4.63410758972168
2025-07-15,05:47:34.5,0.15951739251613617,0.32668930292129517,0.14835350215435028
2025-07-15,05:47:34.5,0.2781328856945038,0.42338308691978455,0.13224001228809357
2025-07-15,05:47:34.5,-4.669632911682129,3.6755034923553467,-0.6413207054138184
2025-07-15,05:47:34.5,-5.738536357879639,3.842721939086914,4.0059638023376465
2025-07-15,05:47:34.5,-2.7445173263549805,5.907070159912109,-4.617272853851318
2025-07-15,05:47:34.8,-0.040901895612478256,0.07464361190795898,0.01921500638127327
2025-07-15,05:47:34.8,0.19632910192012787,0.3176601529121399,0.12135643512010574
2025-07-15,05:47:34.8,-1.4615610837936401,2.6325302124023438,5.011207103729248
2025-07-15,05:47:34.8,-4.662816047668457,5.045011520385742,3.8050222396850586
2025-07-15,05:47:34.8,-1.7178796529769897,6.737287998199463,-3.6510305404663086
2025-07-15,05:47:35.1,-0.040901895612478256,0.07464667409658432,0.01920308545231819
2025-07-15,05:47:35.1,0.2590453326702118,0.3014468848705292,0.17992094159126282
2025-07-15,05:47:35.1,3.337594747543335,4.8632283210754395,-0.6449167132377625
2025-07-15,05:47:35.1,-4.635548114776611,2.5031466484069824,-2.729907512664795
2025-07-15,05:47:35.1,-3.3157804012298584,4.382155418395996,-0.9943048357963562
2025-07-15,05:47:35.1,-3.419398546218872,4.559903621673584,-0.8251821398735046
2025-07-15,05:47:35.5,-0.040901895612478256,0.0746428519487381,0.01921793818473816
2025-07-15,05:47:35.5,0.2699525058269501,0.24981223046779633,0.13747714459896088
2025-07-15,05:47:35.5,0.12270569056272507,0.28841426968574524,-0.23651845753192902
2025-07-15,05:47:35.5,-4.431038856506348,2.6532979011535645,2.3440184593200684
2025-07-15,05:47:35.8,-0.040901895612478256,0.0746515616774559,0.019184080883860588
2025-07-15,05:47:35.8,0.23314081132411957,0.296559602022171,0.10898729413747787
2025-07-15,05:47:35.8,0.1104351207613945,0.2589510381221771,-0.2737314701080322
2025-07-15,05:47:35.8,-3.1303584575653076,1.2919310331344604,1.1535392999649048
2025-07-15,05:47:36.1,-0.040901895612478256,0.07466059923171997,0.01914888061583042
2025-07-15,05:47:36.1,-4.26470422744751,4.076339244842529,-0.6341907382011414
2025-07-15,05:47:36.4,-0.040901895612478256,0.07464956492185593,0.019191840663552284
2025-07-15,05:47:36.4,-2.328681230545044,4.5867180824279785,-1.3676233291625977
2025-07-15,05:47:36.4,-3.0676422119140625,0.7302459478378296,0.8736639618873596
2025-07-15,05:47:36.4,0.220870241522789,0.3060592710971832,0.10827983170747757
2025-07-15,05:47:36.8,-0.040901895612478256,0.0746472030878067,0.019201036542654037
2025-07-15,05:47:36.8,3.7779717445373535,5.2304558753967285,2.990377187728882
2025-07-15,05:47:36.8,-2.2223362922668457,6.104771137237549,2.8924190998077393
2025-07-15,05:47:36.8,0.20859967172145844,0.2518077492713928,0.21739253401756287
2025-07-15,05:47:37.2,-0.040901895612478256,0.07463280111551285,0.019256936386227608
2025-07-15,05:47:37.2,1.3497625589370728,1.983912706375122,0.014326627366244793
2025-07-15,05:47:37.2,-1.04981529712677,2.798978805541992,1.5327214002609253
2025-07-15,05:47:37.2,0.20996306836605072,2.8715317249298096,-1.7308521270751953
2025-07-15,05:47:37.2,1.5542720556259155,3.13163685798645,-3.5375821590423584
2025-07-15,05:47:37.2,-0.46628159284591675,4.674424648284912,1.6339325904846191
2025-07-15,05:47:37.5,-0.040901895612478256,0.0746515542268753,0.019184112548828125
2025-07-15,05:47:37.5,-1.985105276107788,0.3674549162387848,1.0350342988967896
2025-07-15,05:47:37.5,-0.7062394022941589,3.0705478191375732,0.7045010924339294
2025-07-15,05:47:37.5,-1.3824840784072876,0.8895106315612793,-0.4389478862285614
2025-07-15,05:47:37.5,0.45810121297836304,4.481265544891357,-1.8935245275497437
2025-07-15,05:47:37.8,-0.040901895612478256,0.07458315789699554,0.019448330625891685
2025-07-15,05:47:37.8,-1.0552688837051392,1.544697880744934,-0.14077730476856232
2025-07-15,05:47:37.8,-0.5808069109916687,2.8344876766204834,1.1062092781066895
2025-07-15,05:47:37.8,0.677608072757721,2.2722978591918945,-1.9932044744491577
2025-07-15,05:47:37.8,0.8916612863540649,4.047769069671631,-2.331425666809082
2025-07-15,05:47:37.8,1.6687973737716675,4.912165641784668,-4.200463771820068
2025-07-15,05:47:38.1,-0.040901895612478256,0.07466579973697662,0.01912860758602619
2025-07-15,05:47:38.1,-0.883480966091156,1.2961589097976685,0.07950518280267715
2025-07-15,05:47:38.1,-0.9271096587181091,1.43413245677948,0.3595438301563263
2025-07-15,05:47:38.1,-0.658520519733429,1.7816871404647827,2.3354499340057373
2025-07-15,05:47:38.1,0.470371812582016,2.8934590816497803,-0.6848573088645935
2025-07-15,05:47:38.1,0.7294171452522278,3.8793442249298096,-2.4922642707824707
2025-07-15,05:47:38.1,1.2147862911224365,0.7532863020896912,-0.17240850627422333
2025-07-15,05:47:38.5,-0.040901895612478256,0.07462145388126373,0.019300851970911026
2025-07-15,05:47:38.5,-0.629889190196991,1.5431524515151978,-2.3480637073516846
2025-07-15,05:47:38.5,-0.14452002942562103,3.600334644317627,-2.8989670276641846
2025-07-15,05:47:38.8,-0.040901895612478256,0.07456964999437332,0.019500060006976128
2025-07-15,05:47:38.8,-0.8112209439277649,1.2735885381698608,-0.22723211348056793
2025-07-15,05:47:38.8,-0.8998417258262634,0.9504740834236145,-0.00020408508135005832
2025-07-15,05:47:38.8,-1.0470885038375854,0.5142406225204468,2.536876916885376
2025-07-15,05:47:38.8,-0.1745147556066513,2.7156853675842285,-0.6254436373710632
2025-07-15,05:47:38.8,0.0,3.4439914226531982,-2.954111099243164
2025-07-15,05:47:39.1,-0.040901895612478256,0.07467750459909439,0.01908283866941929
2025-07-15,05:47:39.1,-0.845305860042572,1.046054720878601,0.14302103221416473
2025-07-15,05:47:39.1,-0.8998417258262634,1.1029126644134521,-0.21619248390197754
2025-07-15,05:47:39.1,-0.9816455245018005,1.1718240976333618,-0.36067676544189453
2025-07-15,05:47:39.1,1.3743036985397339,2.0264573097229004,1.2488404512405396
2025-07-15,05:47:39.1,-0.601257860660553,2.6691837310791016,-0.26227810978889465
2025-07-15,05:47:39.1,1.5297309160232544,3.0855953693389893,2.818270444869995
2025-07-15,05:47:39.1,3.615727424621582,2.240766763687134,-1.3073266744613647
2025-07-15,05:47:39.5,-0.040901895612478256,0.07475815713405609,0.018764406442642212
2025-07-15,05:47:39.5,-0.7635020613670349,0.9523845911026001,0.04840230196714401
2025-07-15,05:47:39.5,-0.9080221056938171,1.1124742031097412,-0.7373854517936707
2025-07-15,05:47:39.5,0.0,2.094494342803955,-1.5702097415924072
2025-07-15,05:47:39.5,1.2147862911224365,3.7843329906463623,-1.6908433437347412
2025-07-15,05:47:39.5,1.694701910018921,4.626217365264893,0.17722876369953156
2025-07-15,05:47:39.5,-0.8725737929344177,0.6993196606636047,-1.3398160934448242
2025-07-15,05:47:39.5,0.9543775320053101,3.7587802410125732,-1.9988391399383545
2025-07-15,05:47:39.5,2.1746175289154053,5.908315658569336,-0.6189832091331482
2025-07-15,05:47:39.8,-0.040901895612478256,0.07458653301000595,0.019435379654169083
2025-07-15,05:47:39.8,-0.08725737780332565,0.5703610181808472,1.2713063955307007
2025-07-15,05:47:39.8,-0.24132117629051208,0.6107447743415833,-2.4889168739318848
2025-07-15,05:47:40.1,-0.040901895612478256,0.07458464801311493,0.019442608579993248
2025-07-15,05:47:40.1,-0.08725737780332565,0.45072367787361145,1.3184763193130493
2025-07-15,05:47:40.1,-0.46082803606987,3.6462297439575195,6.391982555389404
2025-07-15,05:47:40.1,3.5666451454162598,2.527933359146118,-1.8717992305755615
2025-07-15,05:47:40.1,-0.6748812794685364,2.465366840362549,6.729656219482422
2025-07-15,05:47:40.4,-0.040901895612478256,0.0745861828327179,0.019436731934547424
2025-07-15,05:47:40.4,0.5671729445457458,1.2754930257797241,-0.024039074778556824
2025-07-15,05:47:40.4,3.3866770267486572,3.0491976737976074,-1.1978307962417603
2025-07-15,05:47:40.4,1.7669618129730225,2.592945098876953,3.515176773071289
2025-07-15,05:47:40.4,-1.3497625589370728,4.100969314575195,5.760378837585449
2025-07-15,05:47:40.8,-0.040901895612478256,0.07458782196044922,0.019430428743362427
2025-07-15,05:47:40.8,-0.13088606297969818,0.27298504114151,-1.3628989458084106
2025-07-15,05:47:40.8,0.479915589094162,1.307919979095459,-0.09039794653654099
2025-07-15,05:47:40.8,3.533923625946045,2.8590171337127686,-1.2407222986221313
2025-07-15,05:47:40.8,1.6197150945663452,2.7677531242370605,3.4522533416748047
2025-07-15,05:47:40.8,-1.5747230052947998,1.719923734664917,6.810571193695068
2025-07-15,05:47:40.8,2.474564790725708,6.610177993774414,-1.4155727624893188
2025-07-15,05:47:41.1,-0.040901895612478256,0.07458667457103729,0.01943482831120491
2025-07-15,05:47:41.1,-0.13088606297969818,0.05395452678203583,-1.3889216184616089
2025-07-15,05:47:41.1,-0.8725737929344177,1.0897681713104248,0.012877539731562138
2025-07-15,05:47:41.1,3.3866770267486572,2.9844372272491455,-1.351124882698059
2025-07-15,05:47:41.1,1.7669618129730225,2.7880139350891113,3.3625600337982178
2025-07-15,05:47:41.1,-1.7996834516525269,3.09226393699646,6.246664047241211
2025-07-15,05:47:41.1,2.2496042251586914,6.741797924041748,-1.1442075967788696
2025-07-15,05:47:41.5,-0.040901895612478256,0.07458360493183136,0.019446615129709244
2025-07-15,05:47:41.5,-0.13088606297969818,0.1917397826910019,1.376680850982666
2025-07-15,05:47:41.5,0.5235442519187927,1.2919946908950806,-0.07613623887300491
2025-07-15,05:47:41.5,3.533923625946045,2.8549611568450928,-1.2500269412994385
2025-07-15,05:47:41.5,1.6197150945663452,2.640350580215454,3.5506420135498047
2025-07-15,05:47:41.8,-0.040901895612478256,0.07458770275115967,0.019430886954069138
2025-07-15,05:47:41.8,-0.1745147556066513,0.3614744246006012,1.3371710777282715
2025-07-15,05:47:41.8,-0.08725737780332565,0.2959987223148346,1.3615859746932983
2025-07-15,05:47:41.8,3.533923625946045,2.7764194011688232,-1.4159328937530518
2025-07-15,05:47:41.8,-1.7996834516525269,3.63309645652771,5.948404788970947
2025-07-15,05:47:41.8,2.474564790725708,6.757824420928955,-0.17352038621902466
2025-07-15,05:47:41.8,0.0,4.003328800201416,6.191781044006348
2025-07-15,05:47:42.1,-0.040901895612478256,0.07458409667015076,0.019444741308689117
2025-07-15,05:47:42.1,-0.08725737780332565,0.053541991859674454,-1.3923594951629639
2025-07-15,05:47:42.1,0.5235442519187927,1.2905229330062866,-0.09796658903360367
2025-07-15,05:47:42.1,3.533923625946045,2.80802583694458,-1.3521690368652344
2025-07-15,05:47:42.1,1.6197150945663452,2.867894411087036,3.3695240020751953
2025-07-15,05:47:42.1,-1.3579429388046265,0.9390713572502136,-7.051662921905518
2025-07-15,05:47:42.1,0.23314081132411957,1.7229175567626953,-7.255091190338135
2025-07-15,05:47:42.5,-0.040901895612478256,0.07458541542291641,0.019439656287431717
2025-07-15,05:47:42.5,-0.08453058451414108,0.4553842544555664,-1.2707113027572632
2025-07-15,05:47:42.5,3.3866770267486572,2.9067347049713135,-1.5110588073730469
2025-07-15,05:47:42.5,1.7669618129730225,2.592325448989868,3.5156338214874268
2025-07-15,05:47:42.5,-1.1248021125793457,2.573160409927368,-6.628381252288818
2025-07-15,05:47:42.5,2.6995251178741455,6.672623634338379,0.10209797322750092
2025-07-15,05:47:42.8,-0.040901895612478256,0.07458417862653732,0.0194444190710783
2025-07-15,05:47:42.8,-0.13088606297969818,0.033483777195215225,1.3895658254623413
2025-07-15,05:47:42.8,0.5671729445457458,1.274444341659546,-0.057027388364076614
2025-07-15,05:47:42.8,3.3866770267486572,3.053520679473877,-1.1867668628692627
2025-07-15,05:47:42.8,1.7669618129730225,2.7614166736602783,3.3844363689422607
2025-07-15,05:47:43.2,-0.040901895612478256,0.07458264380693436,0.01945030689239502
2025-07-15,05:47:43.2,0.5235442519187927,1.2925482988357544,-0.06607341766357422
2025-07-15,05:47:43.2,3.3866770267486572,2.8978688716888428,-1.5279924869537354
2025-07-15,05:47:43.2,1.6197150945663452,2.8002538681030273,3.425943374633789
2025-07-15,05:47:43.2,-0.6789714694023132,2.492166757583618,6.766085624694824
2025-07-15,05:47:43.2,0.0,3.611562728881836,6.5778913497924805
2025-07-15,05:47:43.5,-0.040901895612478256,0.07458356022834778,0.01944676972925663
2025-07-15,05:47:43.5,-0.12679587304592133,0.4320446252822876,-1.2753382921218872
2025-07-15,05:47:43.5,-0.04226529225707054,0.45698416233062744,-1.2722446918487549
2025-07-15,05:47:43.5,3.3866770267486572,2.9668917655944824,-1.3892290592193604
2025-07-15,05:47:43.5,1.6197150945663452,2.8609695434570312,3.375405788421631
2025-07-15,05:47:43.5,-0.9107488989830017,2.373185873031616,6.828190803527832
2025-07-15,05:47:43.8,-0.040901895612478256,0.07458437979221344,0.019443629309535027
2025-07-15,05:47:43.8,-0.08453058451414108,0.48700395226478577,-1.2589317560195923
2025-07-15,05:47:43.8,-0.9052953124046326,4.244434833526611,5.798018932342529
2025-07-15,05:47:43.8,3.1685335636138916,6.432718753814697,-1.0160424709320068
2025-07-15,05:47:44.1,-0.040901895612478256,0.07458633929491043,0.019436119124293327
2025-07-15,05:47:44.1,0.5671729445457458,1.2756327390670776,-0.014891941100358963
2025-07-15,05:47:44.1,3.3866770267486572,2.9970195293426514,-1.3229807615280151
2025-07-15,05:47:44.1,1.7669618129730225,2.9383909702301025,3.2319793701171875
2025-07-15,05:47:44.1,-0.4499208629131317,2.2342844009399414,6.8284196853637695
2025-07-15,05:47:44.1,-0.9162024855613708,1.0874996185302734,7.190357685089111
2025-07-15,05:47:44.4,-0.040901895612478256,0.07458605617284775,0.019437190145254135
2025-07-15,05:47:44.4,-0.13088606297969818,0.1838756650686264,1.3777532577514648
2025-07-15,05:47:44.4,0.5235442519187927,1.292537808418274,-0.06627900898456573
2025-07-15,05:47:44.4,3.3866770267486572,2.962921619415283,-1.3976764678955078
2025-07-15,05:47:44.4,1.6197150945663452,2.802581310272217,3.424039840698242
2025-07-15,05:47:44.4,-0.9052953124046326,3.0594422817230225,-6.501697063446045
2025-07-15,05:47:44.8,-0.040901895612478256,0.0745842307806015,0.01944420114159584
2025-07-15,05:47:44.8,-0.1745147556066513,0.3265497386455536,1.3461260795593262
2025-07-15,05:47:44.8,-0.08725737780332565,0.1645493358373642,1.3836383819580078
2025-07-15,05:47:44.8,3.3866770267486572,2.8148386478424072,-1.6760334968566895
2025-07-15,05:47:44.8,1.7669618129730225,2.7987751960754395,3.3536083698272705
2025-07-15,05:47:44.8,-0.9162024855613708,3.7179312705993652,6.249870777130127
2025-07-15,05:47:45.1,-0.040901895612478256,0.07458237558603287,0.01945132575929165
2025-07-15,05:47:45.1,0.610801637172699,1.2549937963485718,-0.03252135589718819
2025-07-15,05:47:45.1,3.533923625946045,2.88543701171875,-1.1779745817184448
2025-07-15,05:47:45.1,1.7669618129730225,2.9050590991973877,3.261972427368164
2025-07-15,05:47:45.1,-1.3579429388046265,1.4545143842697144,6.9636335372924805
2025-07-15,05:47:45.1,2.9422097206115723,6.530513286590576,-1.071265459060669
2025-07-15,05:47:45.1,-1.14525306224823,1.2733505964279175,7.1267313957214355
2025-07-15,05:47:45.1,2.9776580333709717,6.682760238647461,-0.44451481103897095
2025-07-15,05:47:45.5,-0.040901895612478256,0.07458225637674332,0.01945178396999836
2025-07-15,05:47:45.5,-0.08453058451414108,0.4132938086986542,-1.2850176095962524
2025-07-15,05:47:45.5,3.533923625946045,2.826847791671753,-1.312365174293518
2025-07-15,05:47:45.5,1.7669618129730225,2.567336320877075,3.533923625946045
2025-07-15,05:47:45.5,-0.6789714694023132,3.419783115386963,-6.347904682159424
2025-07-15,05:47:45.5,-3.394857406616211,6.149602890014648,1.7632761001586914
2025-07-15,05:47:45.8,-0.040901895612478256,0.07457917928695679,0.01946358010172844
2025-07-15,05:47:45.8,-0.12679587304592133,0.523664653301239,-1.2405344247817993
2025-07-15,05:47:45.8,0.6762446761131287,1.1696960926055908,0.0610882043838501
2025-07-15,05:47:45.8,3.3866770267486572,2.863093137741089,-1.5922006368637085
2025-07-15,05:47:45.8,1.7669618129730225,2.567336320877075,3.533923625946045
2025-07-15,05:47:45.8,-0.22768722474575043,5.2013773918151855,5.09700870513916
2025-07-15,05:47:46.1,-0.040901895612478256,0.0745839774608612,0.01944516785442829
2025-07-15,05:47:46.1,-0.12679587304592133,0.33251363039016724,-1.3048313856124878
2025-07-15,05:47:46.1,3.5666451454162598,2.8877131938934326,-1.247073769569397
2025-07-15,05:47:46.1,-0.9052953124046326,0.9366899132728577,7.124244689941406
2025-07-15,05:47:46.1,-3.6211812496185303,6.126706600189209,1.342507004737854
2025-07-15,05:47:46.5,-0.040901895612478256,0.07458434998989105,0.01944374293088913
2025-07-15,05:47:46.5,-0.13088606297969818,0.1755899041891098,1.3788337707519531
2025-07-15,05:47:46.5,0.5671729445457458,1.2733818292617798,-0.0771961659193039
2025-07-15,05:47:46.5,3.533923625946045,2.835702657699585,-1.2931207418441772
2025-07-15,05:47:46.5,1.4724682569503784,2.6385867595672607,3.615478277206421
2025-07-15,05:47:46.8,-0.040901895612478256,0.07458211481571198,0.019452335312962532
2025-07-15,05:47:46.8,-0.12679587304592133,0.40990710258483887,-1.2826248407363892
2025-07-15,05:47:46.8,3.533923625946045,2.8056464195251465,-1.357099175453186
2025-07-15,05:47:46.8,1.6197150945663452,3.112846612930298,3.144629716873169
2025-07-15,05:47:46.8,-2.036914348602295,3.7076919078826904,5.878419399261475
2025-07-15,05:47:46.8,-0.6871518492698669,2.920379161834717,6.687490940093994
2025-07-15,05:47:47.1,-0.040901895612478256,0.07458403706550598,0.01944494992494583
2025-07-15,05:47:47.1,0.610801637172699,1.2553493976593018,-0.012834252789616585
2025-07-15,05:47:47.1,3.533923625946045,2.784754991531372,-1.3994677066802979
2025-07-15,05:47:47.1,1.6197150945663452,2.6493046283721924,3.543966054916382
2025-07-15,05:47:47.1,-0.8998417258262634,2.2483768463134766,6.779148578643799
2025-07-15,05:47:47.1,-0.230414018034935,2.99811053276062,6.73223876953125
2025-07-15,05:47:47.5,-0.040901895612478256,0.07458488643169403,0.01944168284535408
2025-07-15,05:47:47.5,3.3866770267486572,2.9325759410858154,-1.4602748155593872
2025-07-15,05:47:47.5,1.6197150945663452,3.072662591934204,3.183905601501465
2025-07-15,05:47:47.5,-0.92165607213974,3.0601511001586914,6.644608497619629
2025-07-15,05:47:47.8,-0.040901895612478256,0.07458078116178513,0.019457422196865082
2025-07-15,05:47:47.8,0.610801637172699,1.2543054819107056,-0.05276918411254883
2025-07-15,05:47:47.8,3.3866770267486572,2.879812002182007,-1.5617575645446777
2025-07-15,05:47:47.8,1.7669618129730225,3.0263824462890625,3.1497366428375244
2025-07-15,05:47:47.8,-1.8105906248092651,2.474510669708252,6.561278343200684
2025-07-15,05:47:47.8,-0.6912420392036438,2.3893496990203857,6.941036701202393
2025-07-15,05:47:47.8,-3.68662428855896,6.359100341796875,-0.5791730880737305
2025-07-15,05:47:47.8,-1.5747230052947998,2.0205624103546143,6.727506637573242
2025-07-15,05:47:47.8,2.2496042251586914,6.8207902908325195,-0.4877203702926636
2025-07-15,05:47:48.1,-0.040901895612478256,0.07458258420228958,0.01945052482187748
2025-07-15,05:47:48.1,-0.12679587304592133,0.4378126859664917,-1.2733696699142456
2025-07-15,05:47:48.1,3.6811704635620117,2.541064977645874,-1.4812021255493164
2025-07-15,05:47:48.1,1.6197150945663452,2.7236838340759277,3.4871273040771484
2025-07-15,05:47:48.1,-1.1316190958023071,1.7847661972045898,6.927182674407959
2025-07-15,05:47:48.1,-3.6211812496185303,6.266880035400391,-0.2550998032093048
2025-07-15,05:47:48.5,-0.040901895612478256,0.07457892596721649,0.019464537501335144
2025-07-15,05:47:48.5,0.479915589094162,1.3074920177459717,-0.09639124572277069
2025-07-15,05:47:48.5,3.533923625946045,2.7460126876831055,-1.4740370512008667
2025-07-15,05:47:48.5,1.6197150945663452,3.123992919921875,3.133556842803955
2025-07-15,05:47:48.5,-1.5747230052947998,3.335783004760742,6.181793212890625
2025-07-15,05:47:48.8,-0.040901895612478256,0.07458245754241943,0.019451024010777473
2025-07-15,05:47:48.8,-0.12679587304592133,0.4021165668964386,-1.2850885391235352
2025-07-15,05:47:48.8,3.3866770267486572,2.9613037109375,-1.4011012315750122
2025-07-15,05:47:48.8,1.6197150945663452,2.910205841064453,3.3330485820770264
2025-07-15,05:47:49.1,-0.040901895612478256,0.07458245754241943,0.019451024010777473
2025-07-15,05:47:49.1,-0.08453058451414108,0.3407309353351593,-1.3061333894729614
2025-07-15,05:47:49.1,3.533923625946045,2.9087204933166504,-1.1192480325698853
2025-07-15,05:47:49.5,-0.040901895612478256,0.07457898557186127,0.019464317709207535
2025-07-15,05:47:49.5,-0.12679587304592133,0.38271376490592957,-1.2909997701644897
2025-07-15,05:47:49.5,3.3866770267486572,2.943760633468628,-1.4375944137573242
2025-07-15,05:47:49.5,1.6197150945663452,3.051119565963745,3.2045562267303467
2025-07-15,05:47:49.5,-1.3497625589370728,3.505232095718384,6.141112327575684
2025-07-15,05:47:49.5,0.22768722474575043,5.173816204071045,-5.124982833862305
2025-07-15,05:47:49.5,-2.276872158050537,4.953037738800049,4.834142684936523
2025-07-15,05:47:49.8,-0.040901895612478256,0.07458186149597168,0.019453292712569237
2025-07-15,05:47:49.8,-0.12679587304592133,0.42391136288642883,-1.2780647277832031
2025-07-15,05:47:49.8,3.533923625946045,2.741494655609131,-1.4824227094650269
2025-07-15,05:47:49.8,1.7669618129730225,3.1255569458007812,3.0513482093811035
2025-07-15,05:47:49.8,-1.1248021125793457,2.201826810836792,6.760809898376465
2025-07-15,05:47:49.8,-4.049287796020508,5.920046329498291,-0.6148910522460938
2025-07-15,05:47:49.8,-1.8324049711227417,2.826237916946411,6.509838581085205
2025-07-15,05:47:50.1,-0.040901895612478256,0.07458373159170151,0.019446125254034996
2025-07-15,05:47:50.1,-0.08453058451414108,0.37032631039619446,-1.2980525493621826
2025-07-15,05:47:50.1,3.533923625946045,2.706491470336914,-1.545404076576233
2025-07-15,05:47:50.1,1.7669618129730225,2.820784568786621,3.3351171016693115
2025-07-15,05:47:50.1,-0.6789714694023132,3.9642486572265625,6.022918224334717
2025-07-15,05:47:50.1,-3.1685335636138916,6.4695329666137695,0.7465593814849854
2025-07-15,05:47:50.5,-0.040901895612478256,0.07458123564720154,0.019455695524811745
2025-07-15,05:47:50.5,-0.13088606297969818,0.3872813880443573,-1.3349260091781616
2025-07-15,05:47:50.5,0.610801637172699,1.2546422481536865,0.04404434189200401
2025-07-15,05:47:50.5,3.5666451454162598,2.9319818019866943,-1.1391059160232544
2025-07-15,05:47:50.8,-0.040901895612478256,0.07458183914422989,0.019453365355730057
2025-07-15,05:47:50.8,-0.13088606297969818,0.2845873534679413,-1.3605235815048218
2025-07-15,05:47:50.8,0.479915589094162,1.3065803050994873,-0.10804834961891174
2025-07-15,05:47:50.8,3.3866770267486572,2.9317262172698975,-1.4619801044464111
2025-07-15,05:47:50.8,1.7669618129730225,2.2887074947357178,3.7204368114471436
2025-07-15,05:47:51.1,-0.040901895612478256,0.07458386570215225,0.01944560557603836
2025-07-15,05:47:51.1,-0.08725737780332565,0.26984134316444397,-1.3670103549957275
2025-07-15,05:47:51.1,0.5235442519187927,1.2937862873077393,0.03411728888750076
2025-07-15,05:47:51.1,3.3866770267486572,2.9251768589019775,-1.4750407934188843
2025-07-15,05:47:51.1,1.7669618129730225,2.948552370071411,3.2227118015289307
2025-07-15,05:47:51.1,-0.9052953124046326,2.162191390991211,6.8525309562683105
2025-07-15,05:47:51.1,-0.92165607213974,3.6709954738616943,6.327648639678955
2025-07-15,05:47:51.5,-0.040901895612478256,0.07458163052797318,0.019454166293144226
2025-07-15,05:47:51.5,-0.13088606297969818,0.3489897847175598,-1.3454443216323853
2025-07-15,05:47:51.5,3.3866770267486572,2.970053195953369,-1.3824571371078491
2025-07-15,05:47:51.5,1.6197150945663452,2.546954870223999,3.6182219982147217
2025-07-15,05:47:51.8,-0.040901895612478256,0.07458123564720154,0.019455695524811745
2025-07-15,05:47:51.8,-0.08725737780332565,0.33903616666793823,-1.3515125513076782
2025-07-15,05:47:51.8,3.3866770267486572,3.0643258094787598,-1.1585818529129028
2025-07-15,05:47:51.8,1.6197150945663452,2.6427133083343506,3.5488839149475098
2025-07-15,05:47:51.8,-1.5747230052947998,1.3489450216293335,-6.893646717071533
2025-07-15,05:47:51.8,2.6995251178741455,6.552065372467041,1.2667959928512573
2025-07-15,05:47:52.1,-0.040901895612478256,0.07458199560642242,0.0194527730345726
2025-07-15,05:47:52.1,-0.13088606297969818,0.1454971581697464,-1.3823331594467163
2025-07-15,05:47:52.1,0.5671729445457458,1.2750064134597778,-0.042651839554309845
2025-07-15,05:47:52.1,3.4180350303649902,2.932161808013916,-1.527907371520996
2025-07-15,05:47:52.5,-0.040901895612478256,0.07458231598138809,0.019451545551419258
2025-07-15,05:47:52.5,-0.13088606297969818,0.3772262632846832,-1.3378021717071533
2025-07-15,05:47:52.5,0.5235442519187927,1.294134259223938,0.01622650772333145
2025-07-15,05:47:52.5,-0.9052953124046326,3.334185838699341,-6.365175247192383
2025-07-15,05:47:52.8,-0.040901895612478256,0.07458572089672089,0.0194384902715683
2025-07-15,05:47:52.8,-0.08725737780332565,0.30958878993988037,-1.3585604429244995
2025-07-15,05:47:52.8,3.3866770267486572,2.8940768241882324,-1.5351625680923462
2025-07-15,05:47:52.8,1.7669618129730225,2.335530996322632,3.691222906112671
2025-07-15,05:47:53.1,-0.040901895612478256,0.07458413392305374,0.01944458670914173
2025-07-15,05:47:53.1,-0.13088606297969818,0.18966756761074066,1.3769679069519043
2025-07-15,05:47:53.1,3.5666451454162598,2.8598437309265137,-1.3097227811813354
2025-07-15,05:47:53.5,-0.040901895612478256,0.07458312809467316,0.019448455423116684
2025-07-15,05:47:53.5,-0.12679587304592133,0.23252007365226746,-1.3263049125671387
2025-07-15,05:47:53.5,3.4180350303649902,2.622979164123535,-2.0129716396331787
2025-07-15,05:47:53.5,-1.5842667818069458,0.648469865322113,-7.037144184112549
2025-07-15,05:47:53.5,-4.300152778625488,5.8232035636901855,0.2253888100385666
