Date,Time,X,Y,Z
2025-07-15,05:39:06.6,-0.040901895612478256,0.07493983209133148,0.018025174736976624
2025-07-15,05:39:06.6,-0.3981117904186249,2.8203494548797607,-1.4250221252441406
2025-07-15,05:39:06.9,-0.040901895612478256,0.07493662089109421,0.018038500100374222
2025-07-15,05:39:07.2,-0.040901895612478256,0.07493751496076584,0.018034806475043297
2025-07-15,05:39:07.5,-0.040901895612478256,0.07493671029806137,0.018038146197795868
2025-07-15,05:39:07.5,-0.46491822600364685,1.255242109298706,0.19350923597812653
2025-07-15,05:39:07.5,-0.2944936454296112,2.794527769088745,-1.4040790796279907
2025-07-15,05:39:07.9,-0.040901895612478256,0.0749402865767479,0.01802327111363411
2025-07-15,05:39:07.9,0.04771887883543968,0.4127868711948395,1.469377875328064
2025-07-15,05:39:07.9,-0.8112209439277649,1.2800359725952148,-0.1875365823507309
2025-07-15,05:39:08.2,-0.040901895612478256,0.07493949681520462,0.018026558682322502
2025-07-15,05:39:08.2,0.09816455096006393,0.5140054821968079,1.480894923210144
2025-07-15,05:39:08.5,-0.040901895612478256,0.07493860274553299,0.01803027279675007
2025-07-15,05:39:08.5,-3.2448837757110596,1.230943202972412,-1.3069140911102295
2025-07-15,05:39:08.9,-0.040901895612478256,0.07493506371974945,0.018044959753751755
2025-07-15,05:39:09.2,-0.040901895612478256,0.07493691146373749,0.01803731359541416
2025-07-15,05:39:09.5,-0.040901895612478256,0.0749378576874733,0.01803337223827839
2025-07-15,05:39:09.9,-0.040901895612478256,0.07493443042039871,0.018047591671347618
2025-07-15,05:39:10.2,-0.040901895612478256,0.07492823153734207,0.018073314800858498
2025-07-15,05:39:10.2,3.381223440170288,0.8565587997436523,-0.12568145990371704
2025-07-15,05:39:10.5,-0.040901895612478256,0.0749308243393898,0.01806258037686348
2025-07-15,05:39:10.5,0.5848971009254456,1.308867335319519,-0.1327867954969406
2025-07-15,05:39:10.5,3.2721517086029053,1.197805404663086,-0.20111097395420074
2025-07-15,05:39:10.9,-0.040901895612478256,0.07493419200181961,0.018048599362373352
2025-07-15,05:39:11.2,-0.040901895612478256,0.0749298632144928,0.01806655339896679
2025-07-15,05:39:11.2,-0.22496043145656586,0.8347506523132324,1.1512839794158936
2025-07-15,05:39:11.2,0.3599366843700409,0.7507265210151672,-1.1746174097061157
2025-07-15,05:39:11.2,3.2721517086029053,1.1830540895462036,-0.2748936712741852
2025-07-15,05:39:11.5,-0.040901895612478256,0.07492891699075699,0.018070485442876816
2025-07-15,05:39:11.5,-0.26177212595939636,0.84665846824646,1.0787911415100098
2025-07-15,05:39:11.5,0.479915589094162,1.3109387159347534,0.016318155452609062
2025-07-15,05:39:11.5,0.1390664428472519,1.2353428602218628,-0.8093153238296509
2025-07-15,05:39:11.5,0.7416877150535583,1.1042629480361938,0.6564339399337769
2025-07-15,05:39:11.9,-0.040901895612478256,0.0749281793832779,0.018073532730340958
2025-07-15,05:39:11.9,-0.1745147556066513,0.5944269299507141,1.2511382102966309
2025-07-15,05:39:11.9,0.6544303297996521,1.2275115251541138,-0.11866676062345505
2025-07-15,05:39:12.2,-0.040901895612478256,0.07492996752262115,0.018066106364130974
2025-07-15,05:39:12.2,0.1104351133108139,0.16576842963695526,1.161012053489685
2025-07-15,05:39:12.2,3.2721517086029053,1.203537106513977,-0.16334587335586548
2025-07-15,05:39:12.5,-0.040901895612478256,0.07493323087692261,0.018052583560347557
2025-07-15,05:39:12.9,-0.040901895612478256,0.07493064552545547,0.01806330867111683
2025-07-15,05:39:12.9,0.0736234113574028,0.42114773392677307,1.0976512432098389
2025-07-15,05:39:12.9,3.2721517086029053,1.2125780582427979,0.06955453008413315
2025-07-15,05:39:12.9,-0.26177212595939636,0.9885767698287964,0.9504403471946716
2025-07-15,05:39:13.2,-0.040901895612478256,0.07492901384830475,0.01807009056210518
2025-07-15,05:39:13.2,3.381223440170288,0.8554763197898865,-0.1328500360250473
2025-07-15,05:39:13.2,-0.22496043145656586,0.5123467445373535,1.3265610933303833
2025-07-15,05:39:13.5,-0.040901895612478256,0.07492917776107788,0.01806938275694847
2025-07-15,05:39:13.5,-0.08998417109251022,0.7660853266716003,1.2156836986541748
2025-07-15,05:39:13.5,3.2721517086029053,1.2077127695083618,-0.12889231741428375
2025-07-15,05:39:13.9,-0.040901895612478256,0.07492990791797638,0.018066376447677612
2025-07-15,05:39:13.9,4.902773857116699,1.185726523399353,-0.412131667137146
2025-07-15,05:39:13.9,-0.6980590224266052,1.207359790802002,0.06435441225767136
2025-07-15,05:39:14.2,-0.040901895612478256,0.07492906600236893,0.01806987263262272
2025-07-15,05:39:14.5,-0.040901895612478256,0.07492996007204056,0.018066158518195152
2025-07-15,05:39:14.5,3.761611223220825,0.855250895023346,0.4428921639919281
2025-07-15,05:39:14.5,0.0463554821908474,0.8037257790565491,1.245904803276062
2025-07-15,05:39:14.9,-0.040901895612478256,0.07493000477552414,0.01806594990193844
2025-07-15,05:39:14.9,3.381223440170288,0.8260831832885742,-0.2589891850948334
2025-07-15,05:39:14.9,3.761611223220825,0.9630975723266602,-0.007114991545677185
2025-07-15,05:39:14.9,-0.13088606297969818,0.2522422969341278,1.3668899536132812
2025-07-15,05:39:14.9,-0.6980590224266052,1.2024344205856323,0.12653374671936035
2025-07-15,05:39:15.2,-0.040901895612478256,0.07492641359567642,0.01808086596429348
2025-07-15,05:39:15.2,3.381223440170288,0.8532493114471436,-0.14647316932678223
2025-07-15,05:39:15.2,1.4711048603057861,0.5595370531082153,-3.2612454891204834
2025-07-15,05:39:15.2,-3.761611223220825,0.9580376148223877,-0.09885075688362122
2025-07-15,05:39:15.2,-0.04499208554625511,0.9906400442123413,1.043781042098999
2025-07-15,05:39:15.5,-0.040901895612478256,0.07493069022893906,0.018063131719827652
2025-07-15,05:39:15.5,-0.0927109643816948,0.36233988404273987,1.4354501962661743
2025-07-15,05:39:15.5,3.381223440170288,0.8059819340705872,-0.3160410523414612
2025-07-15,05:39:15.9,-0.040901895612478256,0.07492899894714355,0.018070131540298462
2025-07-15,05:39:15.9,2.4641303198971457e-35,6.457253388531973e-40,-2.047241687774658
2025-07-15,05:39:15.9,9.22621317490095e+18,2.842170943040401e-14,9.780296490467545e-38
2025-07-15,05:39:16.2,-0.040901895612478256,0.07493086159229279,0.018062414601445198
2025-07-15,05:39:16.2,1.437019944190979,0.28056246042251587,-0.23803603649139404
2025-07-15,05:39:16.2,-3.4234886169433594,2.1774353981018066,-0.03932672739028931
2025-07-15,05:39:16.5,-0.040901895612478256,0.07492916285991669,0.018069475889205933
2025-07-15,05:39:16.5,1.437019944190979,0.29630959033966064,-0.2181217223405838
2025-07-15,05:39:16.9,-0.040901895612478256,0.07493248581886292,0.01805567368865013
2025-07-15,05:39:16.9,-0.0463554821908474,0.49159446358680725,1.398781180381775
2025-07-15,05:39:17.2,-0.040901895612478256,0.07492989301681519,0.018066419288516045
2025-07-15,05:39:17.2,1.437019944190979,0.30004796385765076,-0.21294991672039032
2025-07-15,05:39:17.5,-0.040901895612478256,0.07493270188570023,0.0180547796189785
2025-07-15,05:39:17.5,1.3906644582748413,0.4724583029747009,-0.20793797075748444
2025-07-15,05:39:17.9,-0.040901895612478256,0.0749310776591301,0.018061509355902672
2025-07-15,05:39:17.9,1.437019944190979,0.27675458788871765,-0.24245277047157288
2025-07-15,05:39:18.2,-0.040901895612478256,0.07493023574352264,0.01806500367820263
2025-07-15,05:39:18.2,1.437019944190979,0.2724979817867279,-0.2472272366285324
2025-07-15,05:39:18.2,-6.983316898345947,4.814098358154297,1.388962745666504
2025-07-15,05:39:18.5,-0.040901895612478256,0.07493074238300323,0.018062913790345192
2025-07-15,05:39:18.5,1.437019944190979,0.30422714352607727,-0.20693551003932953
2025-07-15,05:39:18.5,-1.6033543348312378,1.1302406787872314,-1.45638906955719
2025-07-15,05:39:18.5,-6.714727878570557,5.224677085876465,1.219284176826477
2025-07-15,05:39:18.9,-0.040901895612478256,0.0749318078160286,0.01805848255753517
2025-07-15,05:39:18.9,1.3906644582748413,0.4077085554599762,-0.3165892958641052
2025-07-15,05:39:18.9,-6.446138381958008,5.208207607269287,2.2788915634155273
2025-07-15,05:39:19.2,-0.040901895612478256,0.07493091374635696,0.01806219480931759
2025-07-15,05:39:19.2,1.3497625589370728,0.44677579402923584,-0.2267225682735443
2025-07-15,05:39:19.2,-3.5666451454162598,3.070697546005249,0.6818335056304932
2025-07-15,05:39:19.2,-4.362868785858154,3.456759214401245,0.4500240385532379
2025-07-15,05:39:19.2,-6.748812675476074,4.940456867218018,2.160729169845581
2025-07-15,05:39:19.5,-0.040901895612478256,0.07493191957473755,0.01805802434682846
2025-07-15,05:39:19.5,1.3497625589370728,0.48869460821151733,-0.11040519177913666
2025-07-15,05:39:19.5,-2.658623218536377,2.1241955757141113,-0.013497576117515564
2025-07-15,05:39:19.5,-3.5666451454162598,3.1284945011138916,0.3265009820461273
2025-07-15,05:39:19.5,-4.362868785858154,3.458007335662842,0.4403291344642639
2025-07-15,05:39:19.5,-6.748812675476074,5.138811111450195,1.6338560581207275
2025-07-15,05:39:19.9,-0.040901895612478256,0.07493270188570023,0.0180547796189785
2025-07-15,05:39:19.9,1.3497625589370728,0.4656330347061157,-0.18492591381072998
2025-07-15,05:39:19.9,-2.658623218536377,2.1236181259155273,0.05133354663848877
2025-07-15,05:39:19.9,-4.188354015350342,3.681488513946533,0.30110159516334534
2025-07-15,05:39:19.9,-6.748812675476074,4.87166690826416,2.311650514602661
2025-07-15,05:39:20.2,-0.040901895612478256,0.07493186742067337,0.018058232963085175
2025-07-15,05:39:20.2,1.3497625589370728,0.47652947902679443,-0.1546977162361145
2025-07-15,05:39:20.2,-2.658623218536377,2.121098279953003,-0.1154620423913002
2025-07-15,05:39:20.2,-4.362868785858154,3.477680206298828,-0.23967818915843964
2025-07-15,05:39:20.2,-6.478859901428223,5.402050971984863,1.861600637435913
2025-07-15,05:39:20.5,-0.040901895612478256,0.07493023574352264,0.01806500367820263
2025-07-15,05:39:20.5,1.3497625589370728,0.4870496392250061,-0.11744945496320724
2025-07-15,05:39:20.5,-2.764968156814575,1.9767802953720093,-0.16720329225063324
2025-07-15,05:39:20.5,-3.5993666648864746,3.079787254333496,0.7690020799636841
2025-07-15,05:39:20.5,-4.537383556365967,3.2554585933685303,0.02167387679219246
2025-07-15,05:39:20.9,-0.040901895612478256,0.07493012398481369,0.018065471202135086
2025-07-15,05:39:20.9,1.3497625589370728,0.48448747396469116,-0.12760727107524872
2025-07-15,05:39:20.9,-4.537383556365967,3.2286083698272705,-0.41781312227249146
2025-07-15,05:39:21.2,-0.040901895612478256,0.07492765039205551,0.018075738102197647
2025-07-15,05:39:21.2,1.3947546482086182,0.32488688826560974,-0.14825227856636047
2025-07-15,05:39:21.2,-0.7648654580116272,0.598780632019043,-1.062691569328308
2025-07-15,05:39:21.2,-2.8713130950927734,1.778581142425537,-0.41578391194343567
2025-07-15,05:39:21.2,-2.8140504360198975,2.444718360900879,0.4271782338619232
2025-07-15,05:39:21.2,-3.749340295791626,2.9949235916137695,0.06910329312086105
2025-07-15,05:39:21.2,-4.362868785858154,3.4856534004211426,0.043869681656360626
2025-07-15,05:39:21.5,-0.040901895612478256,0.0749310776591301,0.018061518669128418
2025-07-15,05:39:21.5,1.3947546482086182,0.35678619146347046,0.015291651710867882
2025-07-15,05:39:21.5,-0.7198733687400818,0.32664409279823303,1.2033107280731201
2025-07-15,05:39:21.5,-2.696798324584961,2.5388431549072266,0.5996369123458862
2025-07-15,05:39:21.5,-3.5993666648864746,3.1699366569519043,0.16719909012317657
2025-07-15,05:39:21.5,-4.537383556365967,3.2240540981292725,-0.4516144394874573
2025-07-15,05:39:21.9,-0.040901895612478256,0.07493185997009277,0.018058273941278458
2025-07-15,05:39:21.9,1.3497625589370728,0.491397500038147,-0.09767410904169083
2025-07-15,05:39:21.9,-0.7648654580116272,0.11126492917537689,-1.2146899700164795
2025-07-15,05:39:21.9,1.5215505361557007,0.2797498106956482,-0.27113020420074463
2025-07-15,05:39:21.9,-2.8140504360198975,2.4606714248657227,0.32284003496170044
2025-07-15,05:39:21.9,-3.8993139266967773,2.7976887226104736,0.013567444868385792
2025-07-15,05:39:21.9,-4.537383556365967,3.255511999130249,-0.011008361354470253
2025-07-15,05:39:22.2,-0.040901895612478256,0.07493091374635696,0.01806219480931759
2025-07-15,05:39:22.2,3.2312498092651367,1.1957024335861206,-0.0939711406826973
2025-07-15,05:39:22.5,-0.040901895612478256,0.07492996007204056,0.018066147342324257
2025-07-15,05:39:22.5,-0.13088606297969818,0.2997422516345978,-1.3572652339935303
2025-07-15,05:39:22.9,-0.040901895612478256,0.0749281570315361,0.01807362772524357
2025-07-15,05:39:22.9,-0.13088606297969818,0.3295353949069977,1.3503409624099731
2025-07-15,05:39:22.9,0.5671729445457458,1.2722450494766235,-0.09408994019031525
2025-07-15,05:39:22.9,2.8631327152252197,2.1353952884674072,0.8206036686897278
2025-07-15,05:39:23.2,-0.040901895612478256,0.07493101805448532,0.01806175895035267
2025-07-15,05:39:23.2,-0.22496043145656586,0.3248123824596405,1.3844711780548096
2025-07-15,05:39:23.2,-0.7648654580116272,1.2114075422286987,-0.142630472779274
2025-07-15,05:39:23.2,-0.08453058451414108,2.2222900390625,-1.5398672819137573
2025-07-15,05:39:23.5,-0.040901895612478256,0.07492995262145996,0.018066169694066048
2025-07-15,05:39:23.5,-0.08998417109251022,0.7681991457939148,1.2143490314483643
2025-07-15,05:39:23.9,-0.040901895612478256,0.07492822408676147,0.018073366954922676
2025-07-15,05:39:24.2,-0.040901895612478256,0.07492810487747192,0.01807384565472603
2025-07-15,05:39:24.5,-0.040901895612478256,0.07493074238300323,0.018062913790345192
2025-07-15,05:39:24.5,-0.1745147556066513,0.648306667804718,1.224086880683899
2025-07-15,05:39:24.9,-0.040901895612478256,0.07493068277835846,0.018063142895698547
2025-07-15,05:39:24.9,0.5399050116539001,1.3346809148788452,-3.2128644091976993e-14
2025-07-15,05:39:25.2,-0.040901895612478256,0.07493005692958832,0.018065763637423515
2025-07-15,05:39:25.2,-0.1745147556066513,0.34279707074165344,-1.3420805931091309
2025-07-15,05:39:25.2,0.0,2.2834413051605225,-1.188212275505066
2025-07-15,05:39:25.5,-0.040901895612478256,0.07492735236883163,0.01807696558535099
2025-07-15,05:39:25.5,-0.21814344823360443,0.19975866377353668,-1.3644249439239502
2025-07-15,05:39:25.5,0.5235442519187927,1.293697476387024,-0.03733491897583008
2025-07-15,05:39:25.9,-0.040901895612478256,0.07492808997631073,0.01807391829788685
2025-07-15,05:39:25.9,3.165806770324707,1.5912895202636719,1.234291434288025
2025-07-15,05:39:25.9,-0.21814344823360443,0.6270394325256348,-1.2281614542007446
2025-07-15,05:39:26.2,-0.040901895612478256,0.07492657750844955,0.018080169335007668
2025-07-15,05:39:26.2,-0.7648654580116272,1.2154815196990967,0.10225631296634674
2025-07-15,05:39:26.2,-0.29994723200798035,0.8009225726127625,0.17303116619586945
2025-07-15,05:39:26.5,-0.040901895612478256,0.07492735981941223,0.018076924607157707
2025-07-15,05:39:26.5,-0.1745147556066513,0.11875728517770767,1.3800677061080933
2025-07-15,05:39:26.9,-0.040901895612478256,0.07492910325527191,0.018069716170430183
2025-07-15,05:39:26.9,-0.2699525058269501,0.8740419149398804,1.11177659034729
2025-07-15,05:39:27.2,-0.040901895612478256,0.07492903620004654,0.018069986253976822
2025-07-15,05:39:27.2,3.4357593059539795,1.2316675186157227,-0.33073341846466064
2025-07-15,05:39:27.2,4.902773857116699,1.2424036264419556,-0.1795358955860138
2025-07-15,05:39:27.5,-0.040901895612478256,0.07492819428443909,0.01807348243892193
2025-07-15,05:39:27.5,0.0,0.15881042182445526,1.2112364768981934
2025-07-15,05:39:27.5,-0.21814344823360443,0.5376293659210205,-1.2698478698730469
2025-07-15,05:39:27.9,-0.040901895612478256,0.07492751628160477,0.018076280131936073
2025-07-15,05:39:27.9,-0.21814344823360443,0.6270513534545898,-1.2281553745269775
2025-07-15,05:39:27.9,0.610801637172699,1.220784068107605,0.29283666610717773
2025-07-15,05:39:27.9,3.5502846240997314,0.7272179126739502,-0.5454037189483643
2025-07-15,05:39:28.3,-0.040901895612478256,0.07492910325527191,0.018069704994559288
2025-07-15,05:39:28.3,0.0,2.0347158908843994,-1.3524751663208008
2025-07-15,05:39:28.3,-0.08998417109251022,0.21828903257846832,1.4202547073364258
2025-07-15,05:39:28.5,-0.040901895612478256,0.07492820918560028,0.01807343028485775
2025-07-15,05:39:28.5,0.0,2.046440601348877,-1.3346682786941528
2025-07-15,05:39:28.5,-0.08725737780332565,0.603901743888855,1.255720615386963
2025-07-15,05:39:28.5,-0.15542720258235931,2.0628132820129395,-1.3802149295806885
2025-07-15,05:39:28.9,-0.040901895612478256,0.07492820173501968,0.018073460087180138
2025-07-15,05:39:29.2,-0.040901895612478256,0.07492820918560028,0.01807343028485775
2025-07-15,05:39:29.2,3.2067086696624756,1.676601767539978,0.5803942680358887
2025-07-15,05:39:29.2,-0.13497625291347504,0.5983976721763611,1.3025254011154175
2025-07-15,05:39:29.5,-0.040901895612478256,0.07492915540933609,0.018069498240947723
2025-07-15,05:39:29.5,-0.13497625291347504,0.3502506911754608,-1.3899556398391724
2025-07-15,05:39:29.5,-0.1745147556066513,0.5405260324478149,-1.275351643562317
2025-07-15,05:39:29.5,0.5671729445457458,1.274701714515686,-0.050949689000844955
2025-07-15,05:39:29.9,-0.040901895612478256,0.074927419424057,0.01807667501270771
2025-07-15,05:39:29.9,-0.13497625291347504,0.3330886960029602,1.3941679000854492
2025-07-15,05:39:30.2,-0.040901895612478256,0.07492645829916,0.018080679699778557
2025-07-15,05:39:30.2,-0.2781328856945038,0.7889659404754639,1.2249805927276611
2025-07-15,05:39:30.2,0.648976743221283,1.2700364589691162,-0.4077244997024536
2025-07-15,05:39:30.2,-0.07635020464658737,2.0859150886535645,-1.2697980403900146
2025-07-15,05:39:30.5,-0.040901895612478256,0.07492921501398087,0.018069248646497726
2025-07-15,05:39:30.5,-0.2781328856945038,0.8487707376480103,1.1843280792236328
2025-07-15,05:39:30.5,-0.2699525058269501,0.37834882736206055,1.3626623153686523
2025-07-15,05:39:30.9,-0.040901895612478256,0.07492753118276596,0.018076227977871895
2025-07-15,05:39:30.9,0.0,0.8921442031860352,1.1851081848144531
2025-07-15,05:39:30.9,-0.15815399587154388,2.09702467918396,-1.4073814153671265
2025-07-15,05:39:31.2,-0.040901895612478256,0.07492808252573013,0.018073949962854385
2025-07-15,05:39:31.2,0.0463554821908474,0.39509889483451843,-1.429038405418396
2025-07-15,05:39:31.5,-0.040901895612478256,0.07492903620004654,0.018069976940751076
2025-07-15,05:39:31.5,0.0927109643816948,0.8251638412475586,1.2291916608810425
2025-07-15,05:39:31.5,-0.17996834218502045,0.33647415041923523,-1.3882604837417603
2025-07-15,05:39:31.5,0.6748812794685364,1.2685853242874146,-0.08998417109251022
2025-07-15,05:39:31.5,3.381223440170288,0.8190681338310242,0.2803858518600464
2025-07-15,05:39:31.9,-0.040901895612478256,0.07492814213037491,0.018073689192533493
2025-07-15,05:39:31.9,-0.08998417109251022,0.7370386719703674,1.2335102558135986
2025-07-15,05:39:31.9,3.1235415935516357,1.4542863368988037,0.08971858769655228
2025-07-15,05:39:32.2,-0.040901895612478256,0.07492730021476746,0.018077174201607704
2025-07-15,05:39:32.2,-0.22496043145656586,0.40965908765792847,1.3617793321609497
2025-07-15,05:39:32.2,0.5399050116539001,1.3335994482040405,-0.053720030933618546
2025-07-15,05:39:32.2,3.2312498092651367,1.1984760761260986,0.04679615795612335
2025-07-15,05:39:32.2,0.0463554821908474,0.5964855551719666,-1.3573720455169678
2025-07-15,05:39:32.2,-0.3708438575267792,1.0677578449249268,0.9606096148490906
2025-07-15,05:39:32.5,-0.040901895612478256,0.07492814213037491,0.018073689192533493
2025-07-15,05:39:32.5,-0.17996834218502045,0.43412473797798157,-1.3608886003494263
2025-07-15,05:39:32.5,0.5848971009254456,1.3147358894348145,-0.04728107526898384
2025-07-15,05:39:32.9,-0.040901895612478256,0.07492808997631073,0.018073907122015953
2025-07-15,05:39:32.9,-0.3599366843700409,0.9911139011383057,0.9803109765052795
2025-07-15,05:39:32.9,-0.854849636554718,1.1562057733535767,-0.07274004071950912
2025-07-15,05:39:32.9,3.2312498092651367,1.1875962018966675,-0.16777943074703217
2025-07-15,05:39:33.2,-0.040901895612478256,0.07492735981941223,0.01807694509625435
2025-07-15,05:39:33.2,-0.13497625291347504,0.430160254240036,1.3673384189605713
2025-07-15,05:39:33.2,0.49082276225090027,1.149863839149475,-0.9506805539131165
2025-07-15,05:39:33.6,-0.040901895612478256,0.07492639124393463,0.01808094047009945
2025-07-15,05:39:33.9,-0.040901895612478256,0.07492707669734955,0.018078099936246872
2025-07-15,05:39:33.9,0.1390664428472519,0.9023587703704834,1.1691073179244995
2025-07-15,05:39:33.9,-0.3708438575267792,0.8716819882392883,1.14151132106781
2025-07-15,05:39:34.2,-0.040901895612478256,0.07492712140083313,0.01807791367173195
2025-07-15,05:39:34.2,0.13088606297969818,0.551917552947998,1.2756963968276978
2025-07-15,05:39:34.2,0.6544303297996521,1.2237939834594727,-0.15229780972003937
2025-07-15,05:39:34.2,0.07089661806821823,1.7008466720581055,-1.4996854066848755
2025-07-15,05:39:34.5,-0.040901895612478256,0.07492627948522568,0.018081417307257652
2025-07-15,05:39:34.5,0.04226529225707054,0.2688993811607361,1.324814796447754
2025-07-15,05:39:34.5,0.5494487881660461,1.2356089353561401,-0.024574246257543564
2025-07-15,05:39:34.5,0.0,1.5194257497787476,-1.6847277879714966
2025-07-15,05:39:34.5,3.394857406616211,0.8356785178184509,-0.9431530833244324
2025-07-15,05:39:34.5,-2.3764002323150635,0.7304161787033081,2.6329009532928467
2025-07-15,05:39:34.9,-0.040901895612478256,0.07492633163928986,0.018081190064549446
2025-07-15,05:39:34.9,-0.6980590224266052,1.2083805799484253,0.040935348719358444
2025-07-15,05:39:34.9,0.13088606297969818,0.46254128217697144,1.3107516765594482
2025-07-15,05:39:35.2,-0.040901895612478256,0.07492633163928986,0.018081190064549446
2025-07-15,05:39:35.2,0.0,1.6511329412460327,-1.555867075920105
2025-07-15,05:39:35.5,-0.040901895612478256,0.07492543011903763,0.01808491349220276
2025-07-15,05:39:35.5,0.0,1.6746399402618408,-1.4650894403457642
2025-07-15,05:39:35.5,-0.6762446761131287,1.1622670888900757,-0.1451060026884079
2025-07-15,05:39:35.9,-0.040901895612478256,0.0749254897236824,0.0180846955627203
2025-07-15,05:39:36.2,-0.040901895612478256,0.07492723315954208,0.018077444285154343
2025-07-15,05:39:36.2,-0.27404269576072693,2.3146729469299316,-1.7640390396118164
2025-07-15,05:39:36.2,3.394857406616211,0.8842459917068481,-0.8977780342102051
2025-07-15,05:39:36.2,-2.3764002323150635,1.1743260622024536,2.4671103954315186
2025-07-15,05:39:36.5,-0.040901895612478256,0.07492639869451523,0.018080929294228554
2025-07-15,05:39:36.5,0.0,0.6893123388290405,1.1636476516723633
2025-07-15,05:39:36.9,-0.040901895612478256,0.07492633163928986,0.018081190064549446
2025-07-15,05:39:36.9,3.394857406616211,0.849818766117096,-0.9304323792457581
2025-07-15,05:39:37.2,-0.040901895612478256,0.07492200285196304,0.018099142238497734
2025-07-15,05:39:37.2,0.0,0.5618360638618469,1.182140588760376
2025-07-15,05:39:37.2,0.0,1.7035452127456665,-1.2915676832199097
2025-07-15,05:39:37.5,-0.040901895612478256,0.07492538541555405,0.018085122108459473
2025-07-15,05:39:37.5,-0.06680642813444138,1.465539813041687,-1.5549737215042114
2025-07-15,05:39:37.9,-0.040901895612478256,0.07492538541555405,0.018085122108459473
2025-07-15,05:39:37.9,0.3490295112133026,0.6648142337799072,-1.1770071983337402
2025-07-15,05:39:38.2,-0.040901895612478256,0.07492447644472122,0.018088897690176964
2025-07-15,05:39:38.2,0.0,0.39742884039878845,1.247063159942627
2025-07-15,05:39:38.5,-0.040901895612478256,0.07492369413375854,0.018092142418026924
2025-07-15,05:39:38.5,-0.24541136622428894,0.7511979937553406,-1.0433557033538818
2025-07-15,05:39:38.5,-0.06544303148984909,1.8542897701263428,-0.9710322618484497
2025-07-15,05:39:38.5,3.0540082454681396,1.683461308479309,0.14543840289115906
2025-07-15,05:39:38.9,-0.040901895612478256,0.07492706179618835,0.018078172579407692
2025-07-15,05:39:38.9,-0.06680642813444138,1.6585402488708496,-1.347217321395874
2025-07-15,05:39:38.9,3.1630799770355225,1.4721498489379883,-0.09930143505334854
2025-07-15,05:39:39.2,-0.040901895612478256,0.07492446154356003,0.01808892749249935
2025-07-15,05:39:39.2,-0.24541136622428894,0.7148077487945557,1.0686156749725342
2025-07-15,05:39:39.2,0.12679587304592133,0.22583337128162384,-1.3274598121643066
2025-07-15,05:39:39.2,-0.33812233805656433,1.297464370727539,0.17744584381580353
2025-07-15,05:39:39.2,-0.13088606297969818,1.5327237844467163,-1.4209868907928467
2025-07-15,05:39:39.5,-0.040901895612478256,0.0749254822731018,0.01808471605181694
2025-07-15,05:39:39.5,3.2721517086029053,1.152053713798523,0.38465026021003723
2025-07-15,05:39:39.5,-0.2958570420742035,0.8925039768218994,0.9721794128417969
2025-07-15,05:39:39.5,0.1745147556066513,1.1880720853805542,-0.7121621370315552
2025-07-15,05:39:39.5,0.6980590224266052,0.9858760237693787,0.6999341249465942
2025-07-15,05:39:39.9,-0.040901895612478256,0.0749252513051033,0.01808566227555275
2025-07-15,05:39:39.9,-1.0184571743011475,3.4741482734680176,0.07741010189056396
2025-07-15,05:39:39.9,3.1685335636138916,1.7445712089538574,-0.17268259823322296
2025-07-15,05:39:39.9,-0.24541136622428894,0.8627204298973083,0.9532066583633423
2025-07-15,05:39:39.9,0.2699525058269501,1.042829990386963,-0.9552497267723083
2025-07-15,05:39:40.2,-0.040901895612478256,0.07492181658744812,0.018099891021847725
2025-07-15,05:39:40.2,-1.3088606595993042,0.199459046125412,-0.4429960250854492
2025-07-15,05:39:40.2,-0.5235442519187927,0.11377843469381332,1.2892251014709473
2025-07-15,05:39:40.2,-1.3838474750518799,0.632394015789032,-0.12955912947654724
2025-07-15,05:39:40.2,-1.9428400993347168,2.588066577911377,-0.4840054214000702
2025-07-15,05:39:40.5,-0.040901895612478256,0.07492440193891525,0.018089188262820244
2025-07-15,05:39:40.5,-1.3838474750518799,0.6181548833847046,-0.185990110039711
2025-07-15,05:39:40.5,-2.1268985271453857,0.4828707277774811,0.6245803833007812
2025-07-15,05:39:40.5,-1.9428400993347168,2.578209400177002,-0.5340273380279541
2025-07-15,05:39:40.5,-2.150076389312744,2.8295278549194336,0.6956273913383484
2025-07-15,05:39:40.9,-0.040901895612478256,0.07492441684007645,0.018089136108756065
2025-07-15,05:39:40.9,-0.04362868890166283,1.1672767400741577,-0.7646615505218506
2025-07-15,05:39:40.9,-1.3838474750518799,0.6416058540344238,-0.07106134295463562
2025-07-15,05:39:40.9,-1.9428400993347168,2.5564022064208984,-0.6302040815353394
2025-07-15,05:39:40.9,-2.036914348602295,2.895052671432495,0.7632843255996704
2025-07-15,05:39:41.2,-0.040901895612478256,0.0749235674738884,0.018092641606926918
2025-07-15,05:39:41.2,1.3947546482086182,0.3546469807624817,-0.041901521384716034
2025-07-15,05:39:41.2,-0.7198733687400818,0.7680515646934509,-0.9822167754173279
2025-07-15,05:39:41.2,-1.3838474750518799,0.6209058165550232,-0.17658919095993042
2025-07-15,05:39:41.2,-1.9428400993347168,2.5940515995025635,-0.45082753896713257
2025-07-15,05:39:41.2,-2.310957193374634,4.352958679199219,-0.1286027729511261
2025-07-15,05:39:41.2,-3.381223440170288,0.8480586409568787,-0.1740269511938095
2025-07-15,05:39:41.2,-1.963291049003601,0.9094463586807251,-2.7387142181396484
2025-07-15,05:39:41.5,-0.040901895612478256,0.07492102682590485,0.01810316927731037
2025-07-15,05:39:41.5,-1.3524893522262573,0.25275611877441406,-0.23671174049377441
2025-07-15,05:39:41.5,-1.4315663576126099,0.5204160213470459,-0.10736165195703506
2025-07-15,05:39:41.5,-1.9428400993347168,2.4938364028930664,-0.8444700837135315
2025-07-15,05:39:41.5,-2.310957193374634,4.353353023529053,0.11447708308696747
2025-07-15,05:39:41.9,-0.040901895612478256,0.07492181658744812,0.01809990219771862
2025-07-15,05:39:41.9,-1.3088606595993042,0.21514226496219635,-0.43559521436691284
2025-07-15,05:39:41.9,0.0,1.2831034660339355,0.5502646565437317
2025-07-15,05:39:41.9,-1.4315663576126099,0.5142399668693542,-0.13385292887687683
2025-07-15,05:39:41.9,-1.9428400993347168,2.555166244506836,-0.6351962685585022
2025-07-15,05:39:41.9,-2.036914348602295,2.9118754863739014,0.696357786655426
2025-07-15,05:39:42.2,-0.040901895612478256,0.07492446154356003,0.01808892749249935
2025-07-15,05:39:42.2,-1.3838474750518799,0.6316441893577576,-0.13316665589809418
2025-07-15,05:39:42.2,-2.1268985271453857,0.5697166323661804,0.5465233325958252
2025-07-15,05:39:42.2,-1.9428400993347168,2.5694963932037354,-0.5744885802268982
2025-07-15,05:39:42.2,-2.2632381916046143,2.7742974758148193,0.5421993732452393
2025-07-15,05:39:42.5,-0.040901895612478256,0.07492271065711975,0.01809619925916195
2025-07-15,05:39:42.5,-1.3088606595993042,0.2524369955062866,-0.41509631276130676
2025-07-15,05:39:42.5,-0.04362868890166283,1.2350373268127441,0.6495575904846191
2025-07-15,05:39:42.5,-1.3838474750518799,0.6344033479690552,-0.11933214962482452
2025-07-15,05:39:42.5,-1.9428400993347168,2.543998956680298,-0.6785412430763245
2025-07-15,05:39:42.9,-0.040901895612478256,0.07492205500602722,0.018098924309015274
2025-07-15,05:39:42.9,1.3947546482086182,0.3565426766872406,-0.020187431946396828
2025-07-15,05:39:42.9,-2.2823257446289062,0.5480544567108154,-0.20278623700141907
2025-07-15,05:39:42.9,-2.175980806350708,2.4537265300750732,-0.488603413105011
2025-07-15,05:39:43.2,-0.040901895612478256,0.07492097467184067,0.01810336671769619
2025-07-15,05:39:43.2,1.3524893522262573,0.34084439277648926,-0.06118175387382507
2025-07-15,05:39:43.2,-2.729519844055176,1.9524881839752197,0.15211917459964752
2025-07-15,05:39:43.2,-4.328783988952637,3.443411350250244,0.3247981667518616
2025-07-15,05:39:43.5,-0.040901895612478256,0.07492278516292572,0.018095897510647774
2025-07-15,05:39:43.5,1.3524893522262573,0.3382844030857086,-0.07403898984193802
2025-07-15,05:39:43.5,-2.729519844055176,1.9261122941970825,-0.35417813062667847
2025-07-15,05:39:43.5,-2.8972177505493164,2.1806719303131104,0.7767342925071716
2025-07-15,05:39:43.5,-3.863865613937378,2.761817455291748,-0.24071834981441498
2025-07-15,05:39:43.5,-4.675086498260498,2.9714159965515137,-0.1232873797416687
2025-07-15,05:39:43.9,-0.040901895612478256,0.07492007315158844,0.018107101321220398
2025-07-15,05:39:43.9,-2.729519844055176,1.5969574451446533,-1.1336126327514648
2025-07-15,05:39:43.9,-3.0540082454681396,1.225593090057373,-1.163235068321228
2025-07-15,05:39:43.9,1.3906644582748413,0.5111871361732483,0.07171320915222168
2025-07-15,05:39:43.9,-3.013106346130371,2.1596357822418213,0.09838586300611496
2025-07-15,05:39:44.2,-0.040901895612478256,0.07492104172706604,0.018103105947375298
2025-07-15,05:39:44.2,-4.0765557289123535,2.9075896739959717,-0.3176555037498474
2025-07-15,05:39:44.2,1.3838474750518799,0.645399272441864,0.012944372370839119
2025-07-15,05:39:44.2,-2.729519844055176,1.957887887954712,-0.045005131512880325
2025-07-15,05:39:44.2,-3.165806770324707,2.012927293777466,0.06165414676070213
2025-07-15,05:39:44.2,0.17996834218502045,0.9282898902893066,0.16481854021549225
2025-07-15,05:39:44.2,-0.04362868890166283,0.47994282841682434,1.3103041648864746
2025-07-15,05:39:44.5,-0.040901895612478256,0.07492007315158844,0.018107101321220398
2025-07-15,05:39:44.5,1.4233859777450562,0.6639684438705444,-0.0023883571848273277
2025-07-15,05:39:44.5,3.044464588165283,1.0335813760757446,-0.9739477634429932
2025-07-15,05:39:44.5,-2.309593677520752,0.582344114780426,2.369025468826294
2025-07-15,05:39:44.5,-3.0158331394195557,1.6632753610610962,-0.13332554697990417
2025-07-15,05:39:44.5,-3.2830588817596436,1.7631494998931885,-0.43684977293014526
2025-07-15,05:39:44.5,-4.233345985412598,2.6839864253997803,0.21974512934684753
2025-07-15,05:39:44.5,0.0,0.8013303279876709,1.1432477235794067
2025-07-15,05:39:44.5,-0.7853164076805115,1.1529914140701294,0.055085912346839905
2025-07-15,05:39:44.9,-0.040901895612478256,0.07492273300886154,0.018096115440130234
2025-07-15,05:39:44.9,-3.190347909927368,1.1017436981201172,0.4341743290424347
2025-07-15,05:39:45.2,-0.040901895612478256,0.07491543143987656,0.018126312643289566
2025-07-15,05:39:45.2,3.476661205291748,1.1585439443588257,-0.5684357285499573
2025-07-15,05:39:45.2,-0.08725737780332565,0.9013364911079407,-1.0626025199890137
2025-07-15,05:39:45.5,-0.040901895612478256,0.07491982728242874,0.018108120188117027
2025-07-15,05:39:45.5,3.476661205291748,1.2228580713272095,-0.41226378083229065
2025-07-15,05:39:45.5,-1.274775743484497,3.4777939319610596,0.1800372153520584
2025-07-15,05:39:45.5,-1.14525306224823,3.4662959575653076,0.3225194215774536
2025-07-15,05:39:45.9,-0.040901895612478256,0.07491730153560638,0.018118584528565407
2025-07-15,05:39:45.9,-1.14525306224823,3.4583001136779785,0.3992348313331604
2025-07-15,05:39:45.9,3.4357593059539795,1.2496806383132935,0.2543380856513977
2025-07-15,05:39:45.9,-0.04226529225707054,0.9010011553764343,-1.0077886581420898
2025-07-15,05:39:46.2,-0.040901895612478256,0.07491535693407059,0.01812661439180374
2025-07-15,05:39:46.2,-0.16906116902828217,0.8344480991363525,-1.0508768558502197
2025-07-15,05:39:46.2,-1.14525306224823,3.444291114807129,0.5060483813285828
2025-07-15,05:39:46.2,0.12270569056272507,1.958909273147583,-0.04614699259400368
2025-07-15,05:39:46.5,-0.040901895612478256,0.07491445541381836,0.018130328506231308
2025-07-15,05:39:46.5,0.08044039458036423,2.5683488845825195,0.15187720954418182
2025-07-15,05:39:46.5,-1.2147862911224365,3.2773823738098145,0.5212261080741882
2025-07-15,05:39:46.5,3.476661205291748,1.1791391372680664,-0.5243797898292542
2025-07-15,05:39:46.9,-0.040901895612478256,0.07491797208786011,0.01811581663787365
2025-07-15,05:39:46.9,-0.08044039458036423,2.570068120956421,0.11929892003536224
2025-07-15,05:39:46.9,-1.259778380393982,3.411550998687744,0.4528902471065521
2025-07-15,05:39:47.2,-0.040901895612478256,0.07491614669561386,0.01812334731221199
2025-07-15,05:39:47.2,0.0,2.572075128555298,0.1018914058804512
2025-07-15,05:39:47.2,0.0,2.704383373260498,0.05674511939287186
2025-07-15,05:39:47.2,-1.14525306224823,3.3970916271209717,0.7609182000160217
2025-07-15,05:39:47.5,-0.040901895612478256,0.07491526007652283,0.018127020448446274
2025-07-15,05:39:47.5,0.422652930021286,0.3897697329521179,-1.2242023944854736
2025-07-15,05:39:47.5,0.8030405640602112,0.9977830052375793,0.43449094891548157
2025-07-15,05:39:47.5,0.0,2.574063301086426,0.01229892484843731
2025-07-15,05:39:47.5,-1.1316190958023071,3.3816730976104736,0.629824697971344
2025-07-15,05:39:47.9,-0.040901895612478256,0.07491616159677505,0.01812327466905117
2025-07-15,05:39:47.9,-1.2297836542129517,3.330178737640381,0.44319725036621094
2025-07-15,05:39:47.9,0.422652930021286,0.627715528011322,-1.1209661960601807
2025-07-15,05:39:48.2,-0.040901895612478256,0.0749116763472557,0.018141811713576317
2025-07-15,05:39:48.2,3.476661205291748,1.1894320249557495,-0.5005945563316345
2025-07-15,05:39:48.2,0.4499208629131317,1.0965642929077148,-0.8173056244850159
2025-07-15,05:39:48.2,0.3681170642375946,0.47179505228996277,1.1640512943267822
2025-07-15,05:39:48.2,0.0,2.616929292678833,-0.06438979506492615
2025-07-15,05:39:48.2,-1.006186604499817,3.388751268386841,0.550305187702179
2025-07-15,05:39:48.5,-0.040901895612478256,0.0749133750796318,0.018134811893105507
2025-07-15,05:39:48.5,-1.006186604499817,3.382096529006958,0.5898251533508301
2025-07-15,05:39:48.9,-0.040901895612478256,0.07491590827703476,0.018124336376786232
2025-07-15,05:39:48.9,3.476661205291748,1.1949971914291382,-0.4871601462364197
2025-07-15,05:39:49.2,-0.040901895612478256,0.07491421699523926,0.018131326884031296
2025-07-15,05:39:49.2,0.08180379122495651,2.615061044692993,0.08502080291509628
2025-07-15,05:39:49.2,-1.1179851293563843,3.355874538421631,0.5358163714408875
2025-07-15,05:39:49.2,0.2863132655620575,0.3514653444290161,1.2278488874435425
2025-07-15,05:39:49.2,-0.4785521924495697,1.6143999099731445,0.24467776715755463
2025-07-15,05:39:49.6,-0.040901895612478256,0.07491257786750793,0.01813809759914875
2025-07-15,05:39:49.6,-1.1179851293563843,3.372062921524048,0.42211827635765076
2025-07-15,05:39:49.6,3.592550039291382,0.7927762866020203,-0.4664831757545471
2025-07-15,05:39:49.6,0.04226529225707054,0.9437156915664673,-0.9679058790206909
2025-07-15,05:39:49.6,0.6762446761131287,1.0939137935638428,0.4186565577983856
2025-07-15,05:39:49.6,0.08180379122495651,2.6161727905273438,-0.037591252475976944
2025-07-15,05:39:49.9,-0.040901895612478256,0.07491607964038849,0.018123608082532883
2025-07-15,05:39:49.9,-1.006186604499817,3.400721311569214,0.4707084894180298
2025-07-15,05:39:49.9,3.476661205291748,1.0855038166046143,-0.6978715658187866
2025-07-15,05:39:49.9,-0.12679587304592133,0.9068024158477783,-0.9954193234443665
2025-07-15,05:39:49.9,0.6339793801307678,1.1268236637115479,0.3969458043575287
2025-07-15,05:39:50.2,-0.040901895612478256,0.07491011172533035,0.01814827136695385
2025-07-15,05:39:50.2,-0.04226529225707054,0.8105178475379944,-1.0818973779678345
2025-07-15,05:39:50.2,0.7607752680778503,1.099218487739563,0.20534686744213104
2025-07-15,05:39:50.2,-1.006186604499817,3.353085517883301,0.7370808124542236
2025-07-15,05:39:50.5,-0.040901895612478256,0.07491160184144974,0.018142113462090492
2025-07-15,05:39:50.5,0.0,2.61735463142395,0.043814655393362045
2025-07-15,05:39:50.5,-0.211326465010643,0.2508891522884369,-1.3121063709259033
2025-07-15,05:39:50.5,-1.006186604499817,3.4030425548553467,0.4536227881908417
2025-07-15,05:39:50.9,-0.040901895612478256,0.07491499185562134,0.018128111958503723
2025-07-15,05:39:50.9,2.4641303198971457e-35,6.457253388531973e-40,-2.047241687774658
2025-07-15,05:39:50.9,-0.031259626150131226,-3.868563083935415e+25,9.777472369594483e-37
2025-07-15,05:39:51.2,-0.040901895612478256,0.07491080462932587,0.01814541034400463
2025-07-15,05:39:51.2,0.07771360129117966,2.472574234008789,-0.2543356716632843
2025-07-15,05:39:51.2,3.5502846240997314,0.3544987440109253,-0.8370434641838074
2025-07-15,05:39:51.5,-0.040901895612478256,0.07491159439086914,0.018142154440283775
2025-07-15,05:39:51.5,0.38038763403892517,0.5555075407028198,1.1730064153671265
2025-07-15,05:39:51.5,0.04226529225707054,1.1188771724700928,-0.7586533427238464
2025-07-15,05:39:51.5,0.0,2.472601890563965,-0.26568618416786194
2025-07-15,05:39:51.5,-0.9816455245018005,3.3186426162719727,0.452926903963089
2025-07-15,05:39:51.9,-0.040901895612478256,0.07491141557693481,0.018142903223633766
2025-07-15,05:39:51.9,0.0,2.403919219970703,-0.4363830089569092
2025-07-15,05:39:51.9,-0.9939160943031311,3.3577663898468018,0.4755557179450989
2025-07-15,05:39:52.2,-0.040901895612478256,0.07491408288478851,0.018131887540221214
2025-07-15,05:39:52.2,0.0,2.3912668228149414,-0.5010998249053955
2025-07-15,05:39:52.2,-1.1997889280319214,3.238656759262085,0.5037559270858765
2025-07-15,05:39:52.5,-0.040901895612478256,0.07491348683834076,0.018134353682398796
2025-07-15,05:39:52.5,-1.1997889280319214,3.2283782958984375,0.565898060798645
2025-07-15,05:39:52.5,-1.1179851293563843,3.3820762634277344,0.3324950337409973
2025-07-15,05:39:52.5,3.592550039291382,0.7357969880104065,-0.5519996285438538
2025-07-15,05:39:52.9,-0.040901895612478256,0.07491506636142731,0.01812783069908619
2025-07-15,05:39:52.9,0.0,2.478363037109375,-0.20510107278823853
2025-07-15,05:39:52.9,0.3490295112133026,0.676761269569397,-1.1701786518096924
2025-07-15,05:39:52.9,3.476661205291748,1.0703892707824707,-0.7208398580551147
2025-07-15,05:39:53.2,-0.040901895612478256,0.07491160929203033,0.018142102286219597
2025-07-15,05:39:53.2,-0.04362868890166283,0.8648517727851868,-1.0951135158538818
2025-07-15,05:39:53.2,0.7416877150535583,1.1483733654022217,0.2833433747291565
2025-07-15,05:39:53.2,-1.3088606595993042,3.226090669631958,0.24775375425815582
2025-07-15,05:39:53.2,3.476661205291748,1.1589909791946411,-0.567523717880249
2025-07-15,05:39:53.5,-0.040901895612478256,0.07491330057382584,0.018135102465748787
2025-07-15,05:39:53.5,0.0,2.4508838653564453,-0.42132872343063354
2025-07-15,05:39:53.5,-1.1997889280319214,3.2632436752319336,0.3064434230327606
2025-07-15,05:39:53.9,-0.040901895612478256,0.07491058111190796,0.018146347254514694
2025-07-15,05:39:53.9,-0.07771360129117966,2.4767086505889893,-0.2102968841791153
2025-07-15,05:39:53.9,-1.3252214193344116,3.2739102840423584,0.11797427386045456
2025-07-15,05:39:53.9,3.592550039291382,0.7334946393966675,-0.5550553202629089
2025-07-15,05:39:53.9,0.5494487881660461,1.0500465631484985,0.6517175436019897
2025-07-15,05:39:53.9,-0.04226529225707054,1.1813772916793823,-0.657106339931488
2025-07-15,05:39:54.2,-0.040901895612478256,0.07491044700145721,0.018146898597478867
2025-07-15,05:39:54.2,0.610801637172699,1.1979948282241821,0.37533342838287354
2025-07-15,05:39:54.2,0.04362868890166283,0.9439326524734497,-1.0277321338653564
2025-07-15,05:39:54.2,-0.07635020464658737,2.3983492851257324,-0.4597282111644745
2025-07-15,05:39:54.2,-1.5079165697097778,3.0963189601898193,0.13603706657886505
2025-07-15,05:39:54.5,-0.040901895612478256,0.07491032779216766,0.01814737729728222
2025-07-15,05:39:54.5,-1.2761391401290894,3.148989677429199,-0.1897355169057846
2025-07-15,05:39:54.5,0.7198733687400818,1.170157790184021,0.43056222796440125
2025-07-15,05:39:54.5,-0.08998417109251022,0.8853211402893066,-1.1318038702011108
2025-07-15,05:39:54.5,0.479915589094162,0.8146708607673645,1.0271990299224854
2025-07-15,05:39:54.5,-0.07498680800199509,2.374598979949951,-0.3370906114578247
2025-07-15,05:39:54.9,-0.040901895612478256,0.07490766048431396,0.018158381804823875
2025-07-15,05:39:54.9,0.0,2.4118130207061768,-0.390405535697937
2025-07-15,05:39:54.9,-1.1697942018508911,3.1919236183166504,-0.15450474619865417
2025-07-15,05:39:54.9,3.476661205291748,1.2291316986083984,-0.39316457509994507
2025-07-15,05:39:54.9,-0.04499208554625511,1.1703866720199585,-0.8372822403907776
2025-07-15,05:39:55.2,-0.040901895612478256,0.07490856945514679,0.018154647201299667
2025-07-15,05:39:55.2,-0.17996834218502045,0.9718418717384338,-1.0469027757644653
2025-07-15,05:39:55.2,-1.0634492635726929,3.2318925857543945,-0.06791318207979202
2025-07-15,05:39:55.5,-0.040901895612478256,0.07490954548120499,0.01815062202513218
2025-07-15,05:39:55.5,0.07635020464658737,2.386960983276367,-0.5156033635139465
2025-07-15,05:39:55.5,-1.1847915649414062,3.2299442291259766,-0.2079383134841919
2025-07-15,05:39:55.5,3.592550039291382,0.8531471490859985,-0.34386157989501953
2025-07-15,05:39:55.5,-0.08998417109251022,0.4984678328037262,-1.347702980041504
2025-07-15,05:39:55.5,0.0,1.7380863428115845,-1.1681751012802124
2025-07-15,05:39:55.5,0.7853163480758667,1.7771369218826294,0.7814345359802246
2025-07-15,05:39:55.9,-0.040901895612478256,0.07491044700145721,0.018146898597478867
2025-07-15,05:39:55.9,-0.13497625291347504,0.7291405200958252,-1.234101414680481
2025-07-15,05:39:55.9,0.07635020464658737,2.4316511154174805,-0.22472639381885529
2025-07-15,05:39:55.9,-1.0634492635726929,3.2305009365081787,0.11664386838674545
2025-07-15,05:39:56.2,-0.040901895612478256,0.07490862905979156,0.01815439760684967
2025-07-15,05:39:56.2,-0.9571043848991394,3.263164520263672,-0.12796200811862946
2025-07-15,05:39:56.2,0.2781328856945038,1.1519968509674072,-0.8921592235565186
2025-07-15,05:39:56.5,-0.040901895612478256,0.07490687817335129,0.018161626532673836
2025-07-15,05:39:56.5,0.0,0.8691257834434509,-1.0925959348678589
2025-07-15,05:39:56.5,0.6980590224266052,1.2068047523498535,0.07403793185949326
2025-07-15,05:39:56.5,-0.9448338150978088,3.2236428260803223,-0.03232593089342117
2025-07-15,05:39:56.5,0.22496041655540466,2.381493091583252,-0.1893610805273056
2025-07-15,05:39:56.9,-0.040901895612478256,0.0749078169465065,0.018157757818698883
2025-07-15,05:39:57.2,-0.040901895612478256,0.07490790635347366,0.018157372251152992
2025-07-15,05:39:57.2,-0.06953322142362595,0.3432122766971588,0.6538127660751343
2025-07-15,05:39:57.2,0.30131062865257263,0.6768853068351746,-0.03374693542718887
2025-07-15,05:39:57.5,-0.040901895612478256,0.07490947097539902,0.018150923773646355
2025-07-15,05:39:57.5,-0.04908227548003197,0.22622300684452057,0.7504238486289978
2025-07-15,05:39:57.9,-0.040901895612478256,0.07490862905979156,0.01815439760684967
2025-07-15,05:39:57.9,0.0,0.43743735551834106,0.6522042751312256
2025-07-15,05:39:57.9,-0.46628162264823914,0.6302254796028137,-0.04603448137640953
2025-07-15,05:39:58.2,-0.040901895612478256,0.07490873336791992,0.01815396174788475
2025-07-15,05:39:58.5,-0.040901895612478256,0.07491026818752289,0.018147647380828857
2025-07-15,05:39:58.9,-0.040901895612478256,0.07490772753953934,0.01815813221037388
2025-07-15,05:39:58.9,-0.2658623158931732,1.08517324924469,-1.2833093404769897
2025-07-15,05:39:59.2,-0.040901895612478256,0.07490766048431396,0.018158413469791412
2025-07-15,05:39:59.2,-0.15951739251613617,0.9625647664070129,-1.3939834833145142
2025-07-15,05:39:59.5,-0.040901895612478256,0.07490856945514679,0.01815463788807392
2025-07-15,05:39:59.9,-0.040901895612478256,0.07491043210029602,0.018146950751543045
2025-07-15,05:40:00.2,-0.040901895612478256,0.0749068558216095,0.018161699175834656
2025-07-15,05:40:00.2,0.07226001471281052,1.999390959739685,-1.1593276262283325
2025-07-15,05:40:00.6,-0.040901895612478256,0.07490789890289307,0.018157392740249634
2025-07-15,05:40:00.6,-0.2126898616552353,0.4235892593860626,-1.634166955947876
2025-07-15,05:40:00.6,0.8507594466209412,1.416550636291504,0.40590572357177734
2025-07-15,05:40:00.6,0.32721516489982605,1.3481522798538208,-1.0587519407272339
2025-07-15,05:40:00.6,0.9271096587181091,1.362621545791626,0.5738207697868347
2025-07-15,05:40:00.9,-0.040901895612478256,0.07490614801645279,0.01816464401781559
2025-07-15,05:40:00.9,0.15951739251613617,1.4235553741455078,-0.9182652831077576
2025-07-15,05:40:00.9,0.9039319157600403,1.2507201433181763,0.7167795896530151
2025-07-15,05:40:01.2,-0.040901895612478256,0.07490601390600204,0.01816517487168312
2025-07-15,05:40:01.2,0.15542720258235931,1.0607988834381104,-1.2645742893218994
2025-07-15,05:40:01.2,-1.0361813306808472,0.8967854976654053,0.9331152439117432
2025-07-15,05:40:01.6,-0.040901895612478256,0.07490597665309906,0.018165340647101402
2025-07-15,05:40:01.6,0.9039319157600403,1.3780903816223145,0.423013836145401
2025-07-15,05:40:01.9,-0.040901895612478256,0.07490772753953934,0.018158111721277237
2025-07-15,05:40:02.2,-0.040901895612478256,0.07491050660610199,0.018146637827157974
2025-07-15,05:40:02.5,-0.040901895612478256,0.07490525394678116,0.01816832646727562
2025-07-15,05:40:02.9,-0.040901895612478256,0.07490433752536774,0.018172090873122215
2025-07-15,05:40:02.9,0.0,1.6014587879180908,-0.5748881697654724
2025-07-15,05:40:02.9,0.5848971009254456,1.3468831777572632,0.8596322536468506
2025-07-15,05:40:02.9,0.5030933022499084,1.1872588396072388,-1.239771842956543
2025-07-15,05:40:02.9,1.1179851293563843,1.2823108434677124,0.5527284145355225
2025-07-15,05:40:03.2,-0.040901895612478256,0.07490826398134232,0.018155895173549652
2025-07-15,05:40:03.6,-0.040901895612478256,0.07488743960857391,0.01824161782860756
2025-07-15,05:40:03.6,0.2658623158931732,2.821192741394043,0.11098500341176987
2025-07-15,05:40:03.6,-2.392760992050171,1.5220924615859985,0.0076797413639724255
2025-07-15,05:40:03.6,3.4793879985809326,1.5157804489135742,-0.5802438855171204
2025-07-15,05:40:03.6,-0.05453586205840111,0.4117041230201721,0.767405092716217
2025-07-15,05:40:03.6,-0.9543775916099548,2.8985273838043213,0.12111490219831467
2025-07-15,05:40:03.9,-0.040901895612478256,0.07488729804754257,0.01824216917157173
2025-07-15,05:40:03.9,0.6544303297996521,1.3916621208190918,-0.8249468803405762
2025-07-15,05:40:03.9,-0.677608072757721,3.0169525146484375,0.18492797017097473
2025-07-15,05:40:03.9,-0.05453586205840111,0.46487748622894287,0.7364100813865662
2025-07-15,05:40:03.9,0.35448309779167175,2.813326835632324,-0.040780723094940186
2025-07-15,05:40:04.2,-0.040901895612478256,0.07488974183797836,0.018232140690088272
2025-07-15,05:40:04.2,-0.027267931029200554,0.4945276081562042,0.7183898091316223
2025-07-15,05:40:04.2,0.26177212595939636,2.7735321521759033,0.1886168122291565
2025-07-15,05:40:04.6,-0.040901895612478256,0.07489000260829926,0.018231090158224106
2025-07-15,05:40:04.6,-0.02590453438460827,0.2771618664264679,0.7808074355125427
2025-07-15,05:40:04.6,0.26177212595939636,2.7559494972229004,0.36441710591316223
2025-07-15,05:40:04.6,-0.668064296245575,2.9245986938476562,0.5721709728240967
2025-07-15,05:40:04.9,-0.040901895612478256,0.07488636672496796,0.0182459969073534
2025-07-15,05:40:04.9,-0.3026740252971649,1.1482083797454834,-1.0935474634170532
2025-07-15,05:40:04.9,0.35448309779167175,2.8022356033325195,0.2528778612613678
2025-07-15,05:40:04.9,-0.8466692566871643,2.831263780593872,0.5740048885345459
2025-07-15,05:40:04.9,-0.5808069109916687,2.9921271800994873,0.5524432063102722
2025-07-15,05:40:05.2,-0.040901895612478256,0.07489073276519775,0.018228095024824142
2025-07-15,05:40:05.2,0.35448309779167175,2.23701548576355,-0.1306360512971878
2025-07-15,05:40:05.2,-0.7525948882102966,2.831739664077759,0.6908225417137146
2025-07-15,05:40:05.6,-0.040901895612478256,0.07489196956157684,0.018223008140921593
2025-07-15,05:40:05.6,-0.06953322142362595,0.28153982758522034,0.6826427578926086
2025-07-15,05:40:05.6,3.6770806312561035,0.8124480843544006,-0.47572579979896545
2025-07-15,05:40:05.6,-0.10361813753843307,1.29771089553833,-1.026552438735962
2025-07-15,05:40:05.6,-0.6735178828239441,1.3726087808609009,0.6410292983055115
2025-07-15,05:40:05.6,-0.940743625164032,2.8272111415863037,0.4292588531970978
2025-07-15,05:40:05.9,-0.040901895612478256,0.07489103823900223,0.01822681538760662
2025-07-15,05:40:05.9,0.02590453438460827,0.2756492495536804,0.7813427448272705
2025-07-15,05:40:05.9,-0.8589398264884949,2.9139678478240967,0.31301814317703247
2025-07-15,05:40:06.3,-0.040901895612478256,0.0748966708779335,0.018203651532530785
2025-07-15,05:40:06.3,-0.08725737780332565,2.7285280227661133,-0.586603045463562
2025-07-15,05:40:06.3,-0.31085440516471863,0.9609255194664001,-1.3147591352462769
2025-07-15,05:40:06.5,-0.040901895612478256,0.0748932734131813,0.018217621371150017
2025-07-15,05:40:06.5,-0.31085440516471863,1.0244669914245605,-1.265873908996582
2025-07-15,05:40:06.9,-0.040901895612478256,0.07489560544490814,0.018208051100373268
2025-07-15,05:40:06.9,-0.4785521924495697,1.1101990938186646,-1.1973354816436768
2025-07-15,05:40:06.9,-1.1697942018508911,1.1867687702178955,0.3439883887767792
2025-07-15,05:40:07.2,-0.040901895612478256,0.07489407062530518,0.01821436546742916
2025-07-15,05:40:07.2,-0.2658623158931732,1.1917219161987305,-1.185024380683899
2025-07-15,05:40:07.6,-0.040901895612478256,0.07489476352930069,0.018211504444479942
2025-07-15,05:40:07.6,-0.2658623158931732,0.753452479839325,-1.5022627115249634
2025-07-15,05:40:07.9,-0.040901895612478256,0.0748939961194992,0.018214676529169083
2025-07-15,05:40:07.9,0.20723627507686615,0.6775700449943542,-1.4988502264022827
2025-07-15,05:40:07.9,1.087990403175354,1.2310575246810913,0.22220323979854584
2025-07-15,05:40:08.2,-0.040901895612478256,0.07489574700593948,0.01820746809244156
2025-07-15,05:40:08.2,0.15951739251613617,1.4349833726882935,-0.9003019332885742
2025-07-15,05:40:08.2,1.3824840784072876,0.9280092716217041,-0.35029011964797974
2025-07-15,05:40:08.6,-0.040901895612478256,0.07489222288131714,0.018221978098154068
2025-07-15,05:40:08.9,-0.040901895612478256,0.0748920738697052,0.018222561106085777
2025-07-15,05:40:08.9,4.428311824798584,2.1841397285461426,-1.1102157831192017
2025-07-15,05:40:08.9,-0.20723627507686615,0.5381678938865662,-1.554357886314392
2025-07-15,05:40:09.2,-0.040901895612478256,0.07489658892154694,0.018203994259238243
2025-07-15,05:40:09.2,-0.31085440516471863,0.922884464263916,1.3417353630065918
2025-07-15,05:40:09.2,0.8289451003074646,1.3807623386383057,0.39363113045692444
2025-07-15,05:40:09.6,-0.040901895612478256,0.0748930498957634,0.01821855641901493
2025-07-15,05:40:09.6,0.7266903519630432,1.1828755140304565,-1.1280280351638794
2025-07-15,05:40:09.6,0.0,0.9421374797821045,-1.3108078241348267
2025-07-15,05:40:09.6,0.9584677815437317,1.2785409688949585,0.22915694117546082
2025-07-15,05:40:09.6,0.08589398115873337,2.6818349361419678,-0.5960086584091187
2025-07-15,05:40:09.9,-0.040901895612478256,0.07489123195409775,0.018226034939289093
2025-07-15,05:40:09.9,-0.7730458378791809,2.61792254447937,-0.3220624625682831
2025-07-15,05:40:09.9,1.9755616188049316,1.6640088558197021,-0.9397196769714355
2025-07-15,05:40:10.2,-0.040901895612478256,0.07489097863435745,0.01822705566883087
2025-07-15,05:40:10.2,-0.9448338150978088,2.54966402053833,-0.40167689323425293
2025-07-15,05:40:10.5,-0.040901895612478256,0.07488925755023956,0.018234139308333397
2025-07-15,05:40:10.5,-0.9298364520072937,2.5383517742156982,-0.09531179815530777
2025-07-15,05:40:10.5,0.08453058451414108,2.7033188343048096,0.042801354080438614
2025-07-15,05:40:10.9,-0.040901895612478256,0.07489025592803955,0.01823003962635994
2025-07-15,05:40:10.9,-0.8725737929344177,2.652000665664673,-0.04570922255516052
2025-07-15,05:40:10.9,-0.9448338150978088,2.578524112701416,0.11552203446626663
2025-07-15,05:40:10.9,-0.201782688498497,1.2052507400512695,-1.0547486543655396
2025-07-15,05:40:10.9,0.25359174609184265,2.6904234886169434,0.11925618350505829
2025-07-15,05:40:11.2,-0.040901895612478256,0.07489022612571716,0.018230164423584938
2025-07-15,05:40:11.2,0.0,2.6134281158447266,-0.14986231923103333
2025-07-15,05:40:11.2,-0.959831178188324,2.6203315258026123,-0.09575213491916656
2025-07-15,05:40:11.2,-0.4785521924495697,1.3462556600570679,-0.9239858984947205
2025-07-15,05:40:11.6,-0.040901895612478256,0.07489114999771118,0.018226368352770805
2025-07-15,05:40:11.6,0.1663343757390976,2.6517746448516846,-0.15234161913394928
2025-07-15,05:40:11.6,-1.030727744102478,2.541325092315674,-0.18468745052814484
2025-07-15,05:40:11.6,-0.9898259043693542,2.68528151512146,-0.3177894055843353
2025-07-15,05:40:11.6,0.0,1.0932430028915405,-1.3038352727890015
2025-07-15,05:40:11.6,-1.1343458890914917,2.5467965602874756,-0.153848797082901
2025-07-15,05:40:11.9,-0.040901895612478256,0.07489026337862015,0.018230009824037552
2025-07-15,05:40:11.9,-0.36266347765922546,1.045310139656067,-1.2346667051315308
2025-07-15,05:40:11.9,0.1663343757390976,2.6545443534851074,-0.09225710481405258
2025-07-15,05:40:11.9,-1.0470885038375854,2.560121774673462,-0.3820531964302063
2025-07-15,05:40:11.9,0.05453586205840111,1.4679105281829834,-0.9422338008880615
2025-07-15,05:40:11.9,0.6544303297996521,0.8695672154426575,1.3642264604568481
2025-07-15,05:40:11.9,0.6871518492698669,1.3927764892578125,-0.9724729657173157
2025-07-15,05:40:12.2,-0.040901895612478256,0.07489384710788727,0.01821529120206833
2025-07-15,05:40:12.2,0.5848971009254456,0.8769811987876892,1.3356518745422363
2025-07-15,05:40:12.2,1.1697942018508911,0.943623423576355,-0.7976985573768616
2025-07-15,05:40:12.2,2.4641303198971457e-35,6.457253388531973e-40,-2.047241687774658
2025-07-15,05:40:12.2,-4.040211985475655e-28,2.350989262163961e-38,9.654970633635453e-37
2025-07-15,05:40:12.6,-0.040901895612478256,0.07489296048879623,0.01821892149746418
2025-07-15,05:40:12.6,4.233345985412598,2.6861870288848877,-0.19097191095352173
2025-07-15,05:40:12.6,-0.4785521924495697,1.2396193742752075,-1.0627784729003906
2025-07-15,05:40:12.9,-0.040901895612478256,0.07489115744829178,0.01822633668780327
2025-07-15,05:40:12.9,4.270157814025879,2.6747210025787354,-0.47393229603767395
2025-07-15,05:40:12.9,-0.5317246317863464,1.1138215065002441,-1.1712545156478882
2025-07-15,05:40:13.2,-0.040901895612478256,0.07489290833473206,0.018219148740172386
2025-07-15,05:40:13.2,1.0102767944335938,1.1601948738098145,0.7269492745399475
2025-07-15,05:40:13.2,0.2658623158931732,1.550576090812683,-0.6482266187667847
2025-07-15,05:40:13.2,4.270157814025879,2.703572988510132,-0.2635093629360199
2025-07-15,05:40:13.6,-0.040901895612478256,0.07489404082298279,0.01821449026465416
2025-07-15,05:40:13.6,0.797586977481842,1.2315707206726074,-0.8615424633026123
2025-07-15,05:40:13.6,0.2658623158931732,0.9943649172782898,-1.3548883199691772
2025-07-15,05:40:13.9,-0.040901895612478256,0.0748940259218216,0.018214551731944084
2025-07-15,05:40:14.2,-0.040901895612478256,0.07489381730556488,0.018215404823422432
2025-07-15,05:40:14.2,0.3490295112133026,2.7699971199035645,0.043321579694747925
2025-07-15,05:40:14.2,0.37220725417137146,0.8912265300750732,-1.4008368253707886
2025-07-15,05:40:14.2,1.3824840784072876,0.9069904088973999,0.4015877842903137
2025-07-15,05:40:14.5,-0.040901895612478256,0.07489126175642014,0.018225889652967453
2025-07-15,05:40:14.5,-1.116621732711792,2.4995839595794678,-0.24510818719863892
2025-07-15,05:40:14.5,0.2658623158931732,1.3903781175613403,-0.9441040754318237
2025-07-15,05:40:14.9,-0.040901895612478256,0.0748913437128067,0.01822555623948574
2025-07-15,05:40:14.9,-0.2590453326702118,0.9108900427818298,-1.3607993125915527
2025-07-15,05:40:15.2,-0.040901895612478256,0.07489390671253204,0.018215050920844078
2025-07-15,05:40:15.2,0.35448309779167175,2.8136210441589355,-0.002829720498993993
2025-07-15,05:40:15.2,-2.304140090942383,1.4683902263641357,-0.7595381736755371
2025-07-15,05:40:15.2,-0.43628689646720886,1.36715567111969,-0.9930151700973511
2025-07-15,05:40:15.2,0.43628689646720886,1.3988412618637085,-0.9478591084480286
2025-07-15,05:40:15.2,0.6871518492698669,1.3195061683654785,-1.069782018661499
2025-07-15,05:40:15.6,-0.040901895612478256,0.07489021122455597,0.018230216577649117
2025-07-15,05:40:15.6,0.4431038796901703,2.796950101852417,-0.1511920541524887
2025-07-15,05:40:15.6,4.428311824798584,2.411959409713745,-0.4306942820549011
2025-07-15,05:40:15.9,-0.040901895612478256,0.07489185780286789,0.018223455175757408
2025-07-15,05:40:15.9,0.45673784613609314,2.885230302810669,-0.10714461654424667
2025-07-15,05:40:15.9,-2.1923415660858154,1.9332451820373535,-0.02906741574406624
2025-07-15,05:40:15.9,-0.6544303297996521,1.3993476629257202,-0.8118417859077454
2025-07-15,05:40:15.9,0.38175103068351746,1.666790246963501,0.34873533248901367
2025-07-15,05:40:16.2,-0.040901895612478256,0.07488825917243958,0.0182382483035326
2025-07-15,05:40:16.2,0.2699525058269501,2.8601808547973633,-0.19487062096595764
2025-07-15,05:40:16.2,-0.6912420392036438,1.2625306844711304,0.9073959589004517
2025-07-15,05:40:16.2,-0.10634493082761765,1.5452584028244019,-0.7042968273162842
2025-07-15,05:40:16.6,-0.040901895612478256,0.07488660514354706,0.018245039507746696
2025-07-15,05:40:16.6,0.6380695700645447,1.5175509452819824,0.43020105361938477
2025-07-15,05:40:16.6,0.0,1.4064255952835083,-0.9576709270477295
2025-07-15,05:40:16.6,0.2658623158931732,2.8216967582702637,-0.09733108431100845
2025-07-15,05:40:16.6,-0.8862077593803406,2.3766558170318604,1.2681769132614136
2025-07-15,05:40:16.6,0.0,1.4692473411560059,-0.9417284727096558
2025-07-15,05:40:16.6,-0.5998944640159607,1.6058011054992676,-0.32721516489982605
2025-07-15,05:40:16.6,-1.0988975763320923,2.4599640369415283,-0.240647554397583
2025-07-15,05:40:16.9,-0.040901895612478256,0.0748908594250679,0.01822756417095661
2025-07-15,05:40:16.9,0.4499208629131317,2.8440113067626953,-0.02555878274142742
2025-07-15,05:40:16.9,-0.2658623158931732,1.1778403520584106,-1.1988227367401123
2025-07-15,05:40:16.9,-0.9571043848991394,1.3353888988494873,0.4425543248653412
2025-07-15,05:40:17.2,-0.040901895612478256,0.07489015907049179,0.018230456858873367
2025-07-15,05:40:17.2,-0.46628162264823914,1.196626901626587,-1.0484585762023926
2025-07-15,05:40:17.2,0.8807541728019714,1.2354192733764648,-0.668289840221405
2025-07-15,05:40:17.2,0.0,2.3947904109954834,-0.15150140225887299
2025-07-15,05:40:17.2,0.39129480719566345,1.5272314548492432,-0.8450875878334045
2025-07-15,05:40:17.2,1.1179851293563843,1.3149030208587646,0.4699573516845703
2025-07-15,05:40:17.6,-0.040901895612478256,0.0748884454369545,0.018237467855215073
2025-07-15,05:40:17.6,0.3599366843700409,2.855848789215088,-0.07781854271888733
2025-07-15,05:40:17.9,-0.040901895612478256,0.07488858699798584,0.01823689602315426
2025-07-15,05:40:17.9,0.35448309779167175,2.812267780303955,-0.08730059862136841
2025-07-15,05:40:17.9,-0.9980062246322632,2.426240921020508,-0.44734981656074524
2025-07-15,05:40:18.2,-0.040901895612478256,0.0748877227306366,0.01824045181274414
2025-07-15,05:40:18.2,-1.14525306224823,2.322876214981079,-0.3809278905391693
2025-07-15,05:40:18.2,-0.9816454648971558,2.391077995300293,-0.414226233959198
2025-07-15,05:40:18.2,0.3599366843700409,2.8557465076446533,0.0814899429678917
2025-07-15,05:40:18.2,-1.0811734199523926,2.413801908493042,-0.29564881324768066
2025-07-15,05:40:18.5,-0.040901895612478256,0.0748884528875351,0.018237436190247536
2025-07-15,05:40:18.5,0.470371812582016,2.9721405506134033,0.08669420331716537
2025-07-15,05:40:18.5,4.0765557289123535,2.9248406887054443,0.017014995217323303
2025-07-15,05:40:18.5,-1.0811734199523926,2.416948080062866,-0.26871979236602783
2025-07-15,05:40:18.5,0.4499208629131317,2.830124855041504,0.2818653881549835
2025-07-15,05:40:18.9,-0.040901895612478256,0.0748884454369545,0.018237467855215073
2025-07-15,05:40:18.9,0.2658623158931732,2.823352575302124,0.01129112858325243
2025-07-15,05:40:18.9,0.3762974441051483,2.986151695251465,0.060684774070978165
2025-07-15,05:40:18.9,4.0765557289123535,2.904608726501465,-0.3438473045825958
2025-07-15,05:40:19.2,-0.040901895612478256,0.0748884454369545,0.018237467855215073
2025-07-15,05:40:19.2,0.2658623158931732,2.8219258785247803,0.09044554829597473
2025-07-15,05:40:19.2,0.3762974441051483,2.9846503734588623,0.11246030777692795
2025-07-15,05:40:19.6,-0.040901895612478256,0.07488851994276047,0.01823718659579754
2025-07-15,05:40:19.6,0.2658623158931732,2.8163299560546875,0.19933058321475983
2025-07-15,05:40:19.6,-0.46628162264823914,1.0837160348892212,-1.1647921800613403
2025-07-15,05:40:19.6,0.5180906653404236,1.5513863563537598,0.2708921432495117
2025-07-15,05:40:19.6,-1.0634492635726929,2.3640568256378174,-0.36438417434692383
2025-07-15,05:40:19.9,-0.040901895612478256,0.07488939166069031,0.01823359727859497
2025-07-15,05:40:19.9,0.4499208629131317,2.8441078662872314,-0.010216731578111649
2025-07-15,05:40:19.9,4.39013671875,2.4146273136138916,-0.2637515664100647
2025-07-15,05:40:20.2,-0.040901895612478256,0.07488930225372314,0.01823396235704422
2025-07-15,05:40:20.2,0.35448309779167175,2.8056399822235107,-0.21178975701332092
2025-07-15,05:40:20.2,-2.392760992050171,1.5172441005706787,-0.12163382768630981
2025-07-15,05:40:20.2,-0.5848971009254456,1.1905672550201416,-1.0656508207321167
2025-07-15,05:40:20.2,0.4785521924495697,1.5438339710235596,0.5317246317863464
2025-07-15,05:40:20.6,-0.040901895612478256,0.07489024847745895,0.01823006197810173
2025-07-15,05:40:20.6,0.5698997378349304,1.4120231866836548,-0.6557474732398987
2025-07-15,05:40:20.6,-0.46628162264823914,0.9539239406585693,-1.2732676267623901
2025-07-15,05:40:20.6,-1.14525306224823,2.3498406410217285,-0.13823580741882324
2025-07-15,05:40:20.6,-0.9652847051620483,2.36299467086792,-0.3323158919811249
2025-07-15,05:40:20.6,0.470371812582016,2.973397970199585,-0.006286653224378824
2025-07-15,05:40:20.9,-0.040901895612478256,0.07488739490509033,0.018241804093122482
2025-07-15,05:40:20.9,0.658520519733429,2.9369308948516846,0.056328728795051575
2025-07-15,05:40:20.9,0.639432966709137,2.8507418632507324,-0.09507837146520615
2025-07-15,05:40:21.2,-0.040901895612478256,0.07488670200109482,0.018244624137878418
2025-07-15,05:40:21.2,0.648976743221283,2.893235683441162,0.09811656922101974
2025-07-15,05:40:21.2,-0.5180906653404236,1.1029753684997559,-1.1241118907928467
2025-07-15,05:40:21.6,-0.040901895612478256,0.0748884379863739,0.01823752000927925
2025-07-15,05:40:21.6,0.648976743221283,2.892021894454956,0.12903213500976562
2025-07-15,05:40:21.6,-0.5848971009254456,1.06587815284729,-1.1903636455535889
2025-07-15,05:40:21.6,0.31903478503227234,1.0621668100357056,-1.2904205322265625
2025-07-15,05:40:21.6,0.33539554476737976,1.5715328454971313,-0.785821259021759
2025-07-15,05:40:21.9,-0.040901895612478256,0.07488667964935303,0.01824473775923252
2025-07-15,05:40:21.9,4.270157814025879,2.5849828720092773,-0.834630012512207
2025-07-15,05:40:21.9,0.639432966709137,2.8523237705230713,-0.004244192969053984
2025-07-15,05:40:21.9,-0.31903478503227234,1.1556363105773926,-1.207430362701416
2025-07-15,05:40:21.9,0.6380695700645447,1.4840189218521118,0.5345292091369629
2025-07-15,05:40:22.3,-0.040901895612478256,0.07488831132650375,0.01823800802230835
2025-07-15,05:40:22.3,4.112003803253174,2.858855962753296,-0.728943407535553
2025-07-15,05:40:22.3,0.658520519733429,2.9345927238464355,0.13000279664993286
2025-07-15,05:40:22.5,-0.040901895612478256,0.07488581538200378,0.01824827492237091
2025-07-15,05:40:22.5,-0.27267929911613464,1.3540898561477661,-1.0665959119796753
2025-07-15,05:40:22.5,0.639432966709137,2.8521311283111572,0.03341798484325409
2025-07-15,05:40:22.9,-0.040901895612478256,0.07488831132650375,0.01823800802230835
2025-07-15,05:40:22.9,4.112003803253174,2.889626979827881,-0.5953754782676697
2025-07-15,05:40:22.9,-0.31903478503227234,1.1184717416763306,-1.2419357299804688
2025-07-15,05:40:22.9,0.6912420392036438,1.5351638793945312,0.24621699750423431
2025-07-15,05:40:23.2,-0.040901895612478256,0.07488837838172913,0.018237758427858353
2025-07-15,05:40:23.2,-0.4253797233104706,1.2544583082199097,-1.0679668188095093
2025-07-15,05:40:23.2,0.9039319157600403,1.3809763193130493,-0.41349491477012634
2025-07-15,05:40:23.2,0.7416877150535583,2.8722891807556152,0.03828919306397438
2025-07-15,05:40:23.2,0.7635020613670349,2.948385238647461,0.22595646977424622
2025-07-15,05:40:23.6,-0.040901895612478256,0.07488933950662613,0.018233805894851685
2025-07-15,05:40:23.6,0.7525948882102966,2.9147818088531494,-0.005703703500330448
2025-07-15,05:40:23.9,-0.040901895612478256,0.07488664239645004,0.01824486255645752
2025-07-15,05:40:23.9,0.7525948882102966,2.912350654602051,-0.11916113644838333
2025-07-15,05:40:24.2,-0.040901895612478256,0.07488919794559479,0.018234388902783394
2025-07-15,05:40:24.2,0.668064296245575,2.9797444343566895,0.04218379780650139
2025-07-15,05:40:24.6,-0.040901895612478256,0.07488744705915451,0.01824156567454338
2025-07-15,05:40:24.6,0.658520519733429,2.932011365890503,-0.17901135981082916
2025-07-15,05:40:24.9,-0.040901895612478256,0.07488483935594559,0.018252279609441757
2025-07-15,05:40:24.9,0.0,0.3163340389728546,0.6708453297615051
2025-07-15,05:40:24.9,0.572626531124115,2.998508930206299,-0.089495949447155
2025-07-15,05:40:24.9,-0.5317246317863464,1.1091868877410889,-1.1756445169448853
2025-07-15,05:40:25.2,-0.040901895612478256,0.07488823682069778,0.018238341435790062
2025-07-15,05:40:25.2,0.0,0.2673300802707672,0.6918347477912903
2025-07-15,05:40:25.2,-0.4785521924495697,1.042731761932373,-1.2565288543701172
2025-07-15,05:40:25.2,0.3872046172618866,3.072345495223999,-0.07824086397886276
2025-07-15,05:40:25.2,-2.4200289249420166,1.9308979511260986,0.10221497714519501
2025-07-15,05:40:25.6,-0.040901895612478256,0.07488639652729034,0.018245883285999298
2025-07-15,05:40:25.6,0.5808069109916687,3.041534662246704,-0.08417973667383194
2025-07-15,05:40:25.9,-0.040901895612478256,0.07488390058279037,0.018256118521094322
2025-07-15,05:40:25.9,0.0231777410954237,0.21974243223667145,0.7080090045928955
2025-07-15,05:40:25.9,0.41719934344291687,0.6110458374023438,-0.05165638029575348
2025-07-15,05:40:25.9,0.5644461512565613,2.955566167831421,-0.09172472357749939
2025-07-15,05:40:26.2,-0.040901895612478256,0.07488474994897842,0.018252654001116753
2025-07-15,05:40:26.2,0.0,0.2769952714443207,0.6880220174789429
2025-07-15,05:40:26.2,0.470371812582016,2.973130702972412,-0.04035964608192444
2025-07-15,05:40:26.2,4.0765557289123535,2.9222564697265625,0.12409917265176773
2025-07-15,05:40:26.6,-0.040901895612478256,0.07489578425884247,0.018207311630249023
2025-07-15,05:40:26.6,-0.5399050116539001,1.143090009689331,-0.932059645652771
2025-07-15,05:40:26.6,1.0798100233078003,0.899334728717804,-0.7014947533607483
2025-07-15,05:40:26.9,-0.040901895612478256,0.07489584386348724,0.018207073211669922
2025-07-15,05:40:27.2,-0.040901895612478256,0.07489515095949173,0.01820991188287735
2025-07-15,05:40:27.6,-0.040901895612478256,0.07489410787820816,0.018214209005236626
2025-07-15,05:40:27.6,-0.620345413684845,0.7003309726715088,-1.2068345546722412
2025-07-15,05:40:27.9,-0.040901895612478256,0.07489684969186783,0.01820293255150318
2025-07-15,05:40:28.2,-0.040901895612478256,0.07489603757858276,0.0182062815874815
2025-07-15,05:40:28.2,3.697531223297119,3.25138258934021,-0.2491694539785385
2025-07-15,05:40:28.6,-0.040901895612478256,0.07489600777626038,0.018206406384706497
2025-07-15,05:40:28.6,3.697531223297119,3.248976945877075,-0.27878692746162415
2025-07-15,05:40:28.9,-0.040901895612478256,0.07489524781703949,0.018209507688879967
2025-07-15,05:40:28.9,-0.572626531124115,0.6524826288223267,-1.2562272548675537
2025-07-15,05:40:28.9,-0.04771887883543968,1.5243580341339111,0.07613692432641983
2025-07-15,05:40:29.2,-0.040901895612478256,0.07489683479070663,0.01820298470556736
2025-07-15,05:40:29.2,-0.1472468227148056,1.0014445781707764,-1.200964093208313
2025-07-15,05:40:29.6,-0.040901895612478256,0.07489433139562607,0.018213283270597458
2025-07-15,05:40:29.9,-0.040901895612478256,0.07489357143640518,0.01821640320122242
2025-07-15,05:40:30.2,-0.040901895612478256,0.07489423453807831,0.018213698640465736
2025-07-15,05:40:30.6,-0.040901895612478256,0.07489831000566483,0.018196910619735718
2025-07-15,05:40:30.6,-0.04908227548003197,1.0250945091247559,-1.1889742612838745
2025-07-15,05:40:30.6,0.883480966091156,1.2972825765609741,0.058368708938360214
2025-07-15,05:40:30.9,-0.040901895612478256,0.07489728182554245,0.018201153725385666
2025-07-15,05:40:31.2,-0.040901895612478256,0.07490082830190659,0.01818655990064144
2025-07-15,05:40:31.6,-0.040901895612478256,0.07489903271198273,0.018193945288658142
2025-07-15,05:40:31.9,-0.040901895612478256,0.07490069419145584,0.018187101930379868
2025-07-15,05:40:32.2,-0.040901895612478256,0.07490063458681107,0.01818734034895897
2025-07-15,05:40:32.2,0.572626531124115,0.8303443193435669,-1.1464592218399048
2025-07-15,05:40:32.2,-0.4771887958049774,1.0962151288986206,-0.9499183893203735
2025-07-15,05:40:32.6,-0.040901895612478256,0.07489995658397675,0.018190138041973114
2025-07-15,05:40:32.9,-0.040901895612478256,0.07489998638629913,0.01819002442061901
2025-07-15,05:40:33.3,-0.040901895612478256,0.07489906251430511,0.018193840980529785
2025-07-15,05:40:33.6,-0.040901895612478256,0.0748998299241066,0.01819068007171154
2025-07-15,05:40:33.9,-0.040901895612478256,0.0749005451798439,0.01818772591650486
2025-07-15,05:40:34.2,-0.040901895612478256,0.07489810138940811,0.018197763711214066
2025-07-15,05:40:34.2,-0.24541138112545013,0.9089566469192505,-1.2571629285812378
2025-07-15,05:40:34.2,0.5889872908592224,0.5722823739051819,1.338833212852478
2025-07-15,05:40:34.6,-0.040901895612478256,0.07490164041519165,0.018183201551437378
2025-07-15,05:40:34.9,-0.040901895612478256,0.07489904016256332,0.018193915486335754
2025-07-15,05:40:34.9,0.0,1.8846502304077148,-1.2629551887512207
2025-07-15,05:40:35.2,-0.040901895612478256,0.07489635795354843,0.01820497214794159
2025-07-15,05:40:35.2,0.07089661806821823,1.4109021425247192,-1.775187611579895
2025-07-15,05:40:35.6,-0.040901895612478256,0.07489825040102005,0.018197180703282356
2025-07-15,05:40:35.9,-0.040901895612478256,0.07489883154630661,0.018194766715168953
2025-07-15,05:40:35.9,0.0,1.8863869905471802,-1.2603596448898315
2025-07-15,05:40:36.2,-0.040901895612478256,0.07489962875843048,0.01819150149822235
2025-07-15,05:40:36.6,-0.040901895612478256,0.07489792257547379,0.018198512494564056
2025-07-15,05:40:36.9,-0.040901895612478256,0.0748981162905693,0.018197720870375633
2025-07-15,05:40:37.2,-0.040901895612478256,0.07489962875843048,0.01819150149822235
2025-07-15,05:40:37.6,-0.040901895612478256,0.07490059733390808,0.01818748563528061
2025-07-15,05:40:37.9,-0.040901895612478256,0.07489706575870514,0.018202058970928192
2025-07-15,05:40:37.9,-0.7362341284751892,0.8598736524581909,-1.0887901782989502
2025-07-15,05:40:37.9,-0.24541138112545013,0.8244202733039856,1.3141506910324097
2025-07-15,05:40:37.9,3.8856799602508545,3.100476026535034,-0.16104915738105774
2025-07-15,05:40:38.2,-0.040901895612478256,0.07489883899688721,0.018194736912846565
2025-07-15,05:40:38.2,3.730252742767334,3.261688232421875,-0.42895451188087463
2025-07-15,05:40:38.2,-0.5399050116539001,0.8795862793922424,-1.1839417219161987
2025-07-15,05:40:38.6,-0.040901895612478256,0.07489634305238724,0.018205013126134872
2025-07-15,05:40:38.9,-0.040901895612478256,0.07489877939224243,0.018195006996393204
2025-07-15,05:40:39.3,-0.040901895612478256,0.07489776611328125,0.018199147656559944
2025-07-15,05:40:39.3,3.8611388206481934,3.391659736633301,0.30341896414756775
2025-07-15,05:40:39.6,-0.040901895612478256,0.07489795982837677,0.01819835603237152
2025-07-15,05:40:39.6,-0.24132117629051208,2.540111780166626,-0.3399243652820587
2025-07-15,05:40:39.6,-0.7089661955833435,4.471520900726318,0.3011963367462158
2025-07-15,05:40:39.6,3.349865198135376,3.77237868309021,0.7772127985954285
2025-07-15,05:40:39.6,4.469213962554932,4.5538811683654785,1.243809461593628
2025-07-15,05:40:39.9,-0.040901895612478256,0.07489801943302155,0.01819811761379242
2025-07-15,05:40:39.9,-0.8507593870162964,4.456823348999023,0.028015246614813805
2025-07-15,05:40:39.9,3.349865198135376,3.7897469997406006,0.687545120716095
2025-07-15,05:40:39.9,4.672359943389893,4.399825572967529,1.0340980291366577
2025-07-15,05:40:40.2,-0.040901895612478256,0.07489627599716187,0.018205294385552406
2025-07-15,05:40:40.2,-0.7089661955833435,4.47629451751709,0.21909302473068237
2025-07-15,05:40:40.2,3.509382724761963,3.6448233127593994,0.6752727031707764
2025-07-15,05:40:40.2,4.672359943389893,4.385286331176758,1.0941141843795776
2025-07-15,05:40:40.6,-0.040901895612478256,0.0748990923166275,0.01819370687007904
2025-07-15,05:40:40.6,3.509382724761963,3.662260055541992,0.573219358921051
2025-07-15,05:40:40.6,4.703718185424805,4.436902046203613,1.008386254310608
2025-07-15,05:40:40.9,-0.040901895612478256,0.07489654421806335,0.018204180523753166
2025-07-15,05:40:40.9,-0.572626531124115,4.542928218841553,0.13991601765155792
2025-07-15,05:40:40.9,3.6689000129699707,3.5364949703216553,0.29811662435531616
2025-07-15,05:40:40.9,4.908227443695068,4.260586738586426,0.7645981907844543
2025-07-15,05:40:40.9,-0.32721516489982605,2.5819945335388184,-0.2805331349372864
2025-07-15,05:40:41.2,-0.040901895612478256,0.07489903271198273,0.018193945288658142
2025-07-15,05:40:41.2,-0.5671729445457458,4.499729156494141,0.1363787204027176
2025-07-15,05:40:41.2,3.6689000129699707,3.5482773780822754,0.0734691321849823
2025-07-15,05:40:41.2,4.908227443695068,4.251613140106201,0.813016951084137
2025-07-15,05:40:41.6,-0.040901895612478256,0.07489544153213501,0.018208716064691544
2025-07-15,05:40:41.6,-0.4253796935081482,4.510902404785156,0.24219898879528046
2025-07-15,05:40:41.6,3.8284173011779785,3.3678789138793945,-0.238977313041687
2025-07-15,05:40:41.6,4.908227443695068,4.252452850341797,0.8086122274398804
2025-07-15,05:40:41.6,-1.7451475858688354,2.955108404159546,0.6355746388435364
2025-07-15,05:40:41.9,-0.040901895612478256,0.07489632815122604,0.018205085769295692
2025-07-15,05:40:41.9,-0.42946991324424744,0.8999135494232178,-1.1564829349517822
2025-07-15,05:40:41.9,4.908227443695068,4.306640625,0.43595412373542786
2025-07-15,05:40:41.9,-1.6360758543014526,3.0761878490448,0.20611689984798431
2025-07-15,05:40:42.2,-0.040901895612478256,0.074895478785038,0.018208559602499008
2025-07-15,05:40:42.2,-1.4697414636611938,3.020841598510742,0.002237085485830903
2025-07-15,05:40:42.2,4.703718185424805,4.527333736419678,0.4540815055370331
2025-07-15,05:40:42.6,-0.040901895612478256,0.07489818334579468,0.018197450786828995
2025-07-15,05:40:42.9,-0.040901895612478256,0.07489647716283798,0.0182044617831707
2025-07-15,05:40:43.2,-0.040901895612478256,0.07489634305238724,0.018205013126134872
2025-07-15,05:40:43.2,3.700258255004883,3.5227348804473877,0.6342229843139648
2025-07-15,05:40:43.6,-0.040901895612478256,0.07489719986915588,0.01820150762796402
2025-07-15,05:40:43.6,3.8611388206481934,3.351386070251465,0.6030169725418091
2025-07-15,05:40:43.9,-0.040901895612478256,0.07489894330501556,0.018194299191236496
2025-07-15,05:40:43.9,3.700258255004883,3.534684181213379,0.5638339519500732
2025-07-15,05:40:44.2,-0.040901895612478256,0.07489719986915588,0.01820150762796402
2025-07-15,05:40:44.2,3.700258255004883,3.550950765609741,0.4501647651195526
2025-07-15,05:40:44.6,-0.040901895612478256,0.07489728182554245,0.018201153725385666
2025-07-15,05:40:44.6,3.700258255004883,3.5524685382843018,0.4380267560482025
2025-07-15,05:40:44.9,-0.040901895612478256,0.07489544153213501,0.018208716064691544
2025-07-15,05:40:44.9,3.700258255004883,3.5613648891448975,0.3585818111896515
2025-07-15,05:40:45.2,-0.040901895612478256,0.07489717751741409,0.01820158027112484
2025-07-15,05:40:45.6,-0.040901895612478256,0.07489711046218872,0.018201861530542374
2025-07-15,05:40:45.6,3.8611388206481934,3.3348567485809326,0.6885843276977539
2025-07-15,05:40:45.9,-0.040901895612478256,0.074895478785038,0.018208559602499008
2025-07-15,05:40:45.9,0.08453058451414108,2.6289381980895996,0.6312277317047119
2025-07-15,05:40:45.9,3.8611388206481934,3.307603597640991,0.8094302415847778
2025-07-15,05:40:46.2,-0.040901895612478256,0.07489560544490814,0.018208039924502373
2025-07-15,05:40:46.2,3.8611388206481934,3.332141399383545,0.701606035232544
2025-07-15,05:40:46.2,-0.5889872908592224,0.8790106177330017,-1.160741925239563
2025-07-15,05:40:46.6,-0.040901895612478256,0.07489541918039322,0.01820879988372326
2025-07-15,05:40:46.6,3.700258255004883,3.4632177352905273,0.9044463038444519
2025-07-15,05:40:46.9,-0.040901895612478256,0.07489553838968277,0.018208321183919907
2025-07-15,05:40:46.9,0.0831671878695488,2.6099636554718018,0.5137671828269958
2025-07-15,05:40:46.9,3.8611388206481934,3.3498005867004395,0.6117623448371887
2025-07-15,05:40:47.2,-0.040901895612478256,0.07489562034606934,0.01820799894630909
2025-07-15,05:40:47.2,3.700258255004883,3.5162737369537354,0.6691185832023621
2025-07-15,05:40:47.6,-0.040901895612478256,0.0748947262763977,0.018211670219898224
2025-07-15,05:40:47.6,3.700258255004883,3.516842842102051,0.6661199927330017
2025-07-15,05:40:47.9,-0.040901895612478256,0.07489491254091263,0.018210921436548233
2025-07-15,05:40:47.9,3.8611388206481934,3.3337721824645996,0.6938155889511108
2025-07-15,05:40:48.2,-0.040901895612478256,0.074895478785038,0.018208559602499008
2025-07-15,05:40:48.2,3.8611388206481934,3.2972214221954346,0.8507342338562012
2025-07-15,05:40:48.6,-0.040901895612478256,0.07489913702011108,0.018193509429693222
2025-07-15,05:40:48.6,-0.5562657713890076,4.409301280975342,-0.2285909354686737
2025-07-15,05:40:48.6,3.349865198135376,3.791147232055664,0.6797817349433899
2025-07-15,05:40:48.6,-0.33812233805656433,2.665076971054077,-0.31614455580711365
2025-07-15,05:40:48.9,-0.040901895612478256,0.0749000683426857,0.0181896910071373
2025-07-15,05:40:48.9,3.349865198135376,3.810058116912842,0.5642316937446594
2025-07-15,05:40:49.2,-0.040901895612478256,0.07489913702011108,0.018193509429693222
2025-07-15,05:40:49.2,-1.7587815523147583,3.309032917022705,-0.1870793104171753
2025-07-15,05:40:49.2,4.499208450317383,4.697083473205566,0.722798228263855
2025-07-15,05:40:49.6,-0.040901895612478256,0.07490097731351852,0.018185947090387344
2025-07-15,05:40:49.6,-1.6415294408798218,3.3720037937164307,-0.11393417418003082
2025-07-15,05:40:49.6,-1.5774497985839844,3.5479490756988525,0.03219824656844139
2025-07-15,05:40:49.6,3.509382724761963,3.6771883964538574,0.4679908752441406
2025-07-15,05:40:49.6,4.294699192047119,4.773613452911377,1.2633615732192993
2025-07-15,05:40:49.9,-0.040901895612478256,0.07490077614784241,0.018186768516898155
2025-07-15,05:40:49.9,4.703718185424805,4.433444499969482,1.0234804153442383
2025-07-15,05:40:49.9,-1.7587815523147583,3.300257682800293,0.3049532473087311
2025-07-15,05:40:50.2,-0.040901895612478256,0.07489922642707825,0.018193164840340614
2025-07-15,05:40:50.2,4.703718185424805,4.447517395019531,0.9604840278625488
2025-07-15,05:40:50.2,-0.25359174609184265,2.6909000873565674,-0.10797296464443207
2025-07-15,05:40:50.6,-0.040901895612478256,0.07489927858114243,0.018192926421761513
2025-07-15,05:40:50.6,-0.25359174609184265,2.6920697689056396,0.07322707027196884
2025-07-15,05:40:50.6,4.703718185424805,4.448753356933594,0.9547421932220459
2025-07-15,05:40:50.9,-0.040901895612478256,0.07489835470914841,0.01819673366844654
2025-07-15,05:40:50.9,-1.456107497215271,3.5920255184173584,-0.23330385982990265
2025-07-15,05:40:50.9,3.509382724761963,3.7035810947418213,-0.15561683475971222
2025-07-15,05:40:50.9,4.908227443695068,4.198948383331299,1.0516856908798218
2025-07-15,05:40:51.2,-0.040901895612478256,0.07490010559558868,0.018189525231719017
2025-07-15,05:40:51.6,-0.040901895612478256,0.07489549368619919,0.018208518624305725
2025-07-15,05:40:51.6,3.349865198135376,3.7776401042938232,0.7512233257293701
2025-07-15,05:40:51.6,4.908227443695068,4.143291473388672,1.2531354427337646
2025-07-15,05:40:51.9,-0.040901895612478256,0.07489632070064545,0.018205128610134125
2025-07-15,05:40:51.9,-1.3497625589370728,3.686790943145752,-0.06132161617279053
2025-07-15,05:40:52.2,-0.040901895612478256,0.07489565759897232,0.018207842484116554
2025-07-15,05:40:52.2,3.349865198135376,3.742138147354126,0.9117581248283386
2025-07-15,05:40:52.6,-0.040901895612478256,0.07489828020334244,0.018197044730186462
2025-07-15,05:40:52.6,3.349865198135376,3.74595046043396,0.8959660530090332
2025-07-15,05:40:52.9,-0.040901895612478256,0.07489729672670364,0.018201101571321487
2025-07-15,05:40:52.9,3.509382724761963,3.6148812770843506,0.8205874562263489
2025-07-15,05:40:53.2,-0.040901895612478256,0.07489992678165436,0.018190274015069008
2025-07-15,05:40:53.2,3.349865198135376,3.7827422618865967,0.7250939011573792
2025-07-15,05:40:53.2,-0.25359174609184265,2.6764681339263916,-0.2985294461250305
2025-07-15,05:40:53.2,-0.7157831788063049,0.8928877115249634,-1.011013150215149
2025-07-15,05:40:53.6,-0.040901895612478256,0.07489480078220367,0.018211347982287407
2025-07-15,05:40:53.6,3.509382724761963,3.625412702560425,0.7727305293083191
2025-07-15,05:40:53.9,-0.040901895612478256,0.07489468902349472,0.01821182668209076
2025-07-15,05:40:53.9,3.509382724761963,3.667494535446167,0.5387144088745117
2025-07-15,05:40:53.9,-0.2754060924053192,4.397879600524902,-0.004965684842318296
2025-07-15,05:40:54.2,-0.040901895612478256,0.07489639520645142,0.018204815685749054
2025-07-15,05:40:54.2,4.703718185424805,4.337632656097412,1.3740028142929077
2025-07-15,05:40:54.6,-0.040901895612478256,0.0748908594250679,0.01822756417095661
2025-07-15,05:40:54.6,-1.3347651958465576,3.6463308334350586,0.0002816379419527948
2025-07-15,05:40:54.6,-0.2754060924053192,4.395418167114258,0.14720483124256134
2025-07-15,05:40:54.6,3.349865198135376,3.744898796081543,0.9003522396087646
2025-07-15,05:40:54.6,4.499208450317383,4.516423225402832,1.478835105895996
2025-07-15,05:40:54.9,-0.040901895612478256,0.07489090412855148,0.018227357417345047
2025-07-15,05:40:54.9,-0.422652930021286,2.606182336807251,-0.5882918238639832
2025-07-15,05:40:54.9,3.0308303833007812,3.969393730163574,1.0556879043579102
2025-07-15,05:40:54.9,4.294699192047119,4.778950214385986,1.2430217266082764
2025-07-15,05:40:55.3,-0.040901895612478256,0.07489009201526642,0.018230706453323364
2025-07-15,05:40:55.3,-1.3347651958465576,3.641977548599243,-0.17812411487102509
2025-07-15,05:40:55.3,3.190347909927368,3.8708348274230957,0.9459466934204102
2025-07-15,05:40:55.3,4.294699192047119,4.810014724731445,1.1167916059494019
2025-07-15,05:40:55.3,-0.572626531124115,0.7492964863777161,-1.2009975910186768
2025-07-15,05:40:55.6,-0.040901895612478256,0.07489153742790222,0.01822478696703911
2025-07-15,05:40:55.6,-1.456107497215271,3.589128017425537,0.27429476380348206
2025-07-15,05:40:55.6,-0.40901893377304077,4.338628768920898,0.2088739275932312
2025-07-15,05:40:55.6,3.190347909927368,3.919861316680908,0.7161450982093811
2025-07-15,05:40:55.6,-0.6380695700645447,0.896036684513092,-1.1211034059524536
2025-07-15,05:40:55.9,-0.040901895612478256,0.07489088177680969,0.018227482214570045
2025-07-15,05:40:55.9,-1.3497625589370728,3.6863598823547363,-0.08329781889915466
2025-07-15,05:40:55.9,3.190347909927368,3.8907718658447266,0.8602744936943054
2025-07-15,05:40:55.9,5.519029140472412,5.173226356506348,1.3189787864685059
2025-07-15,05:40:56.2,-0.040901895612478256,0.07489088177680969,0.018227482214570045
2025-07-15,05:40:56.2,-1.3347651958465576,3.6458771228790283,0.05751901865005493
2025-07-15,05:40:56.2,-0.27267929911613464,4.349081516265869,0.21391215920448303
2025-07-15,05:40:56.2,3.190347909927368,3.8973731994628906,0.8298550844192505
2025-07-15,05:40:56.2,-0.441740483045578,0.7247112989425659,-1.3215696811676025
2025-07-15,05:40:56.6,-0.040901895612478256,0.07489074021577835,0.018228042870759964
2025-07-15,05:40:56.6,-0.33812233805656433,2.6303551197052,-0.5327435731887817
2025-07-15,05:40:56.6,-1.456107497215271,3.5995240211486816,0.022469932213425636
2025-07-15,05:40:56.6,3.190347909927368,3.8902297019958496,0.862723171710968
2025-07-15,05:40:56.9,-0.040901895612478256,0.07489266246557236,0.018220148980617523
2025-07-15,05:40:56.9,-1.3347651958465576,3.6436686515808105,0.13931100070476532
2025-07-15,05:40:56.9,-1.24069082736969,3.764498233795166,0.2276262789964676
2025-07-15,05:40:56.9,-0.27267929911613464,4.342157363891602,0.32548218965530396
2025-07-15,05:40:57.2,-0.040901895612478256,0.07489027827978134,0.018229946494102478
2025-07-15,05:40:57.2,-0.6871518492698669,0.5370160341262817,-1.3062632083892822
2025-07-15,05:40:57.2,-1.24069082736969,3.7713422775268555,0.015408620238304138
2025-07-15,05:40:57.2,3.0308303833007812,4.041388988494873,0.733306348323822
2025-07-15,05:40:57.2,4.469213962554932,4.653652191162109,0.7927272319793701
2025-07-15,05:40:57.6,-0.040901895612478256,0.07488761097192764,0.018240900710225105
2025-07-15,05:40:57.6,-1.4724682569503784,3.6395576000213623,0.0592045895755291
2025-07-15,05:40:57.6,-0.27267929911613464,4.352052688598633,0.14109544456005096
2025-07-15,05:40:57.6,3.0308303833007812,4.0139617919921875,0.8710196018218994
2025-07-15,05:40:57.6,-0.6871518492698669,0.7653921246528625,-1.186964511871338
2025-07-15,05:40:57.9,-0.040901895612478256,0.07489188015460968,0.018223373219370842
2025-07-15,05:40:57.9,-0.7362341284751892,0.4880197048187256,-1.298723816871643
2025-07-15,05:40:57.9,-1.227056860923767,3.7261533737182617,0.16780675947666168
2025-07-15,05:40:58.2,-0.040901895612478256,0.07489383965730667,0.018215321004390717
2025-07-15,05:40:58.2,3.0308303833007812,3.980947971343994,1.0112453699111938
2025-07-15,05:40:58.2,-0.34357592463493347,2.6137208938598633,-0.7779850363731384
2025-07-15,05:40:58.2,-0.524907648563385,0.818757176399231,-1.177221417427063
2025-07-15,05:40:58.6,-0.040901895612478256,0.07489114999771118,0.01822635903954506
2025-07-15,05:40:58.6,-0.42946991324424744,2.6516573429107666,-0.5823329091072083
2025-07-15,05:40:58.6,-1.3497625589370728,3.679527997970581,0.2392946034669876
2025-07-15,05:40:58.6,3.0308303833007812,3.995837688446045,0.9507076740264893
2025-07-15,05:40:58.6,4.266067981719971,4.722439289093018,1.3258973360061646
2025-07-15,05:40:58.6,5.309066295623779,5.354478359222412,1.6664201021194458
2025-07-15,05:40:58.6,5.6758198738098145,5.115889072418213,1.9930087327957153
2025-07-15,05:40:58.9,-0.040901895612478256,0.07489356398582458,0.018216446042060852
2025-07-15,05:40:58.9,-1.1288923025131226,3.836286783218384,0.34555795788764954
2025-07-15,05:40:58.9,3.0308303833007812,4.029154300689697,0.7977975010871887
2025-07-15,05:40:58.9,4.266067981719971,4.7914862632751465,1.0493303537368774
2025-07-15,05:40:59.2,-0.040901895612478256,0.07489282637834549,0.018219461664557457
2025-07-15,05:40:59.2,3.0308303833007812,3.979897975921631,1.0153692960739136
2025-07-15,05:40:59.2,4.469213962554932,4.622725486755371,0.9567155838012695
2025-07-15,05:40:59.6,-0.040901895612478256,0.07489287853240967,0.01821926422417164
2025-07-15,05:40:59.6,4.266067981719971,4.769373893737793,1.145646095275879
2025-07-15,05:40:59.6,5.707178115844727,5.313353061676025,1.4988986253738403
2025-07-15,05:40:59.9,-0.040901895612478256,0.07489288598299026,0.018219223245978355
2025-07-15,05:40:59.9,-1.1043511629104614,3.7666144371032715,0.10522311180830002
2025-07-15,05:40:59.9,3.0308303833007812,4.031079292297363,0.788012683391571
2025-07-15,05:40:59.9,4.266067981719971,4.786731243133545,1.0708116292953491
2025-07-15,05:40:59.9,5.707178115844727,5.297487735748291,1.5540403127670288
2025-07-15,05:40:59.9,-0.668064296245575,0.39245086908340454,-1.3158320188522339
2025-07-15,05:41:00.2,-0.040901895612478256,0.07489275187253952,0.018219783902168274
2025-07-15,05:41:00.2,3.0308303833007812,4.029177188873291,0.7976794838905334
2025-07-15,05:41:00.2,4.294699192047119,4.857471942901611,0.887937068939209
2025-07-15,05:41:00.2,5.707178115844727,5.281024932861328,1.609096646308899
2025-07-15,05:41:00.2,-1.513370156288147,0.5133388638496399,0.22811010479927063
2025-07-15,05:41:00.6,-0.040901895612478256,0.07489363104104996,0.018216153606772423
2025-07-15,05:41:00.6,2.8713130950927734,4.097529888153076,1.0110909938812256
2025-07-15,05:41:00.6,4.266067981719971,4.778899669647217,1.1052391529083252
2025-07-15,05:41:00.6,5.707178115844727,5.187860012054443,1.887994647026062
2025-07-15,05:41:01.0,-0.040901895612478256,0.0748947486281395,0.018211577087640762
2025-07-15,05:41:01.0,-0.620345413684845,0.7492308616638184,-1.1771007776260376
2025-07-15,05:41:01.0,3.0308303833007812,3.966639518737793,1.0659900903701782
2025-07-15,05:41:01.0,4.090189456939697,4.998665809631348,1.054322600364685
2025-07-15,05:41:01.0,5.955316066741943,5.158544540405273,0.9868770241737366
2025-07-15,05:41:01.2,-0.040901895612478256,0.07489276677370071,0.018219711259007454
2025-07-15,05:41:01.2,-1.24069082736969,3.756096124649048,0.33912181854248047
2025-07-15,05:41:01.2,4.294699192047119,4.785799503326416,1.2163829803466797
2025-07-15,05:41:01.2,5.857151508331299,4.940444469451904,1.5081868171691895
2025-07-15,05:41:01.2,5.459039688110352,5.573394298553467,1.4786685705184937
2025-07-15,05:41:01.6,-0.040901895612478256,0.07489467412233353,0.018211890012025833
2025-07-15,05:41:01.6,2.310957193374634,4.34922456741333,0.2214358001947403
2025-07-15,05:41:01.6,3.0308303833007812,3.9674627780914307,1.0629217624664307
2025-07-15,05:41:01.6,4.090189456939697,5.01215124130249,0.9882305264472961
2025-07-15,05:41:01.6,5.36905574798584,5.476889133453369,1.4716556072235107
2025-07-15,05:41:01.9,-0.040901895612478256,0.07489211857318878,0.018222374841570854
2025-07-15,05:41:01.9,2.310957193374634,4.338826656341553,0.3733237683773041
2025-07-15,05:41:01.9,4.090189456939697,4.978708267211914,1.1448674201965332
2025-07-15,05:41:01.9,5.707178115844727,5.366299629211426,1.2966276407241821
2025-07-15,05:41:02.3,-0.040901895612478256,0.07489275187253952,0.018219783902168274
2025-07-15,05:41:02.3,-0.441740483045578,1.0680533647537231,-1.0634918212890625
2025-07-15,05:41:02.3,3.8597755432128906,4.955050468444824,1.6758216619491577
2025-07-15,05:41:02.6,-0.040901895612478256,0.07489369064569473,0.01821591518819332
2025-07-15,05:41:02.6,-0.2835864722728729,4.503200531005859,0.4781319499015808
2025-07-15,05:41:02.6,3.8597755432128906,4.967864513397217,1.637445330619812
2025-07-15,05:41:02.6,4.923224925994873,4.350809097290039,1.9366894960403442
2025-07-15,05:41:02.6,2.354585886001587,4.6720170974731445,-4.421156883239746
2025-07-15,05:41:02.6,5.4290452003479,5.7227396965026855,0.367499977350235
2025-07-15,05:41:02.6,-0.05589925870299339,1.3667010068893433,-1.152703046798706
2025-07-15,05:41:02.6,-0.5399050116539001,1.0614467859268188,-1.0240707397460938
2025-07-15,05:41:02.9,-0.040901895612478256,0.07489538937807083,0.0182089451700449
2025-07-15,05:41:02.9,-0.4253796935081482,4.50467586517334,0.33881279826164246
2025-07-15,05:41:02.9,3.8597755432128906,4.949934482574463,1.6908730268478394
2025-07-15,05:41:02.9,4.891866683959961,4.582515716552734,1.1801941394805908
2025-07-15,05:41:02.9,-0.4771887958049774,1.0319812297821045,-1.0193367004394531
2025-07-15,05:41:03.2,-0.040901895612478256,0.07489284127950668,0.018219420686364174
2025-07-15,05:41:03.2,2.156893253326416,4.374782562255859,0.7172178030014038
2025-07-15,05:41:03.2,3.8597755432128906,4.970932483673096,1.6281073093414307
2025-07-15,05:41:03.2,4.923224925994873,4.50954532623291,1.5311131477355957
2025-07-15,05:41:03.2,5.15363883972168,5.713997840881348,1.5692120790481567
2025-07-15,05:41:03.2,2.454113721847534,4.29789924621582,-6.097341537475586
2025-07-15,05:41:03.2,0.0,1.118703007698059,-1.4512792825698853
2025-07-15,05:41:03.6,-0.040901895612478256,0.0748911127448082,0.018226513639092445
2025-07-15,05:41:03.6,-1.2543247938156128,3.7921087741851807,0.3968435227870941
2025-07-15,05:41:03.6,-1.2952266931533813,3.923957109451294,0.3220168650150299
2025-07-15,05:41:03.6,2.0028295516967773,4.265679836273193,1.4484336376190186
2025-07-15,05:41:03.6,3.8597755432128906,4.974355697631836,1.6176185607910156
2025-07-15,05:41:03.6,4.891866683959961,4.642483711242676,0.9163244366645813
2025-07-15,05:41:03.6,5.182270526885986,5.850372791290283,1.1298449039459229
2025-07-15,05:41:03.9,-0.040901895612478256,0.07489018142223358,0.01823035255074501
2025-07-15,05:41:03.9,3.8597755432128906,4.890601634979248,1.8555099964141846
2025-07-15,05:41:03.9,4.923224925994873,4.161365509033203,2.315889596939087
2025-07-15,05:41:03.9,5.4290452003479,5.539376258850098,1.4832788705825806
2025-07-15,05:41:03.9,-0.6380695700645447,0.7068361639976501,-1.2490545511245728
2025-07-15,05:41:04.2,-0.040901895612478256,0.0748918354511261,0.018223538994789124
2025-07-15,05:41:04.2,3.8597755432128906,4.851781368255615,1.9547686576843262
2025-07-15,05:41:04.2,4.739166259765625,4.654319763183594,1.8427284955978394
2025-07-15,05:41:04.2,-0.6380695700645447,1.1520339250564575,-0.8559044599533081
2025-07-15,05:41:04.6,-0.040901895612478256,0.07489117234945297,0.018226275220513344
2025-07-15,05:41:04.6,4.880959510803223,5.752805709838867,2.017500400543213
2025-07-15,05:41:04.6,-0.572626531124115,1.0174634456634521,-0.9841791987419128
2025-07-15,05:41:04.9,-0.040901895612478256,0.0748894214630127,0.01823345199227333
2025-07-15,05:41:04.9,-0.668064296245575,2.9759879112243652,-0.15541309118270874
2025-07-15,05:41:05.2,-0.040901895612478256,0.07489096373319626,0.01822712831199169
2025-07-15,05:41:05.2,-1.3947546482086182,3.8061108589172363,0.17670395970344543
2025-07-15,05:41:05.2,-0.4335600733757019,4.593878746032715,0.3092041313648224
2025-07-15,05:41:05.2,2.156893253326416,4.293095111846924,1.1056472063064575
2025-07-15,05:41:05.2,-0.4771887958049774,1.0310554504394531,-1.0202730894088745
2025-07-15,05:41:06.8,-0.040901895612478256,0.07489032298326492,0.018229780718684196
2025-07-15,05:41:06.8,-0.43765026330947876,4.644854545593262,0.16287745535373688
2025-07-15,05:41:06.8,4.891866683959961,4.580101490020752,1.1895278692245483
2025-07-15,05:41:06.8,5.182270526885986,5.6686482429504395,1.8357112407684326
2025-07-15,05:41:06.9,-0.040901895612478256,0.0748901441693306,0.018230509012937546
2025-07-15,05:41:06.9,3.6566295623779297,4.953484058380127,2.085862874984741
2025-07-15,05:41:06.9,4.709171772003174,4.721780776977539,1.5642699003219604
2025-07-15,05:41:06.9,5.182270526885986,5.7918925285339355,1.3990694284439087
2025-07-15,05:41:07.2,-0.040901895612478256,0.0748918205499649,0.018223611637949944
2025-07-15,05:41:07.2,-1.3088606595993042,3.91308856010437,0.7189796566963196
2025-07-15,05:41:07.2,1.985105276107788,4.2002363204956055,1.5147294998168945
2025-07-15,05:41:07.2,3.6566295623779297,4.913625717163086,2.17809796333313
2025-07-15,05:41:07.2,4.6791768074035645,4.632687568664551,1.7222585678100586
2025-07-15,05:41:07.2,5.182270526885986,5.70477294921875,1.7201673984527588
2025-07-15,05:41:07.5,-0.040901895612478256,0.07489445805549622,0.01821277290582657
2025-07-15,05:41:07.5,-0.668064296245575,2.9750618934631348,-0.17222891747951508
2025-07-15,05:41:07.5,2.2700552940368652,4.141139507293701,1.0725557804107666
2025-07-15,05:41:07.5,3.4534833431243896,5.149222373962402,1.9539010524749756
2025-07-15,05:41:07.5,5.125007629394531,5.567058563232422,1.9315804243087769
2025-07-15,05:41:07.5,-0.2590453326702118,1.266062617301941,-1.0385475158691406
2025-07-15,05:41:07.5,-1.4397467374801636,3.8716788291931152,0.6924893856048584
2025-07-15,05:41:07.9,-0.040901895612478256,0.07489372789859772,0.018215790390968323
2025-07-15,05:41:07.9,-1.4097520112991333,3.8109219074249268,0.5553992390632629
2025-07-15,05:41:07.9,2.09963059425354,4.257500171661377,0.7050809264183044
2025-07-15,05:41:07.9,3.6566295623779297,5.031261444091797,1.8905651569366455
2025-07-15,05:41:07.9,5.125007629394531,5.676850318908691,1.5800371170043945
2025-07-15,05:41:07.9,-0.5889872908592224,4.633613109588623,0.620248556137085
2025-07-15,05:41:08.2,-0.040901895612478256,0.07488583773374557,0.018248170614242554
2025-07-15,05:41:08.2,-0.1472468227148056,0.42433807253837585,0.6441874504089355
2025-07-15,05:41:08.6,-0.040901895612478256,0.07488241046667099,0.018262255936861038
2025-07-15,05:41:08.6,-0.12270569056272507,0.39910992980003357,0.6651138663291931
2025-07-15,05:41:08.6,0.2944936454296112,0.7181623578071594,-0.11932392418384552
2025-07-15,05:41:08.9,-0.040901895612478256,0.0748840719461441,0.018255431205034256
2025-07-15,05:41:09.2,-0.040901895612478256,0.07488507032394409,0.018251342698931694
2025-07-15,05:41:09.2,2.462294101715088,1.6434119939804077,-2.3052797317504883
2025-07-15,05:41:09.6,-0.040901895612478256,0.07488435506820679,0.018254276365041733
2025-07-15,05:41:09.6,-0.45401105284690857,0.32109013199806213,1.5154588222503662
2025-07-15,05:41:09.6,-1.059359073638916,1.2112066745758057,0.12875227630138397
2025-07-15,05:41:09.9,-0.040901895612478256,0.07488427311182022,0.018254609778523445
2025-07-15,05:41:09.9,-0.403565376996994,0.6551031470298767,1.4190895557403564
2025-07-15,05:41:10.2,-0.040901895612478256,0.07488598674535751,0.018247587606310844
2025-07-15,05:41:10.2,-0.3026740252971649,0.697310745716095,1.4240738153457642
2025-07-15,05:41:10.2,0.35311970114707947,1.5550949573516846,-0.25065216422080994
2025-07-15,05:41:10.6,-0.040901895612478256,0.07488518953323364,0.018250854685902596
2025-07-15,05:41:10.6,-0.31085440516471863,0.710769772529602,1.465187907218933
2025-07-15,05:41:10.6,-3.338958263397217,0.6143310070037842,-0.5945290327072144
2025-07-15,05:41:10.9,-0.040901895612478256,0.0748840793967247,0.018255390226840973
2025-07-15,05:41:10.9,-0.6053480505943298,0.9093289375305176,1.1884926557540894
2025-07-15,05:41:10.9,3.1685335636138916,1.6282857656478882,-0.6496410965919495
2025-07-15,05:41:11.2,-0.040901895612478256,0.0748727023601532,0.018302010372281075
2025-07-15,05:41:11.2,3.190347909927368,1.1169068813323975,-0.39352947473526
2025-07-15,05:41:11.2,0.0,0.8604283332824707,1.417132019996643
2025-07-15,05:41:11.5,-0.040901895612478256,0.07487449049949646,0.018294697627425194
2025-07-15,05:41:11.5,-0.05180906876921654,0.8159721493721008,1.442257046699524
2025-07-15,05:41:11.5,3.190347909927368,1.1580930948257446,-0.2473197877407074
2025-07-15,05:41:11.9,-0.040901895612478256,0.07487518340349197,0.01829184778034687
2025-07-15,05:41:11.9,0.0,0.8833319544792175,1.4029699563980103
2025-07-15,05:41:11.9,3.0158331394195557,1.6593079566955566,0.1759488582611084
2025-07-15,05:41:12.3,-0.040901895612478256,0.07487441599369049,0.018294990062713623
2025-07-15,05:41:12.3,-0.10361813753843307,0.9176318049430847,1.376886010169983
2025-07-15,05:41:12.3,3.0158331394195557,1.6230477094650269,0.3872682750225067
2025-07-15,05:41:12.6,-0.040901895612478256,0.07487528026103973,0.018291443586349487
2025-07-15,05:41:12.6,3.190347909927368,1.1730252504348755,0.162353053689003
2025-07-15,05:41:12.6,2.9994723796844482,1.2212644815444946,2.0620603561401367
2025-07-15,05:41:12.6,-0.15542720258235931,0.6674220561981201,1.5096324682235718
2025-07-15,05:41:12.9,-0.040901895612478256,0.07487346976995468,0.018298858776688576
2025-07-15,05:41:12.9,-0.10361813753843307,0.5436953902244568,1.5627727508544922
2025-07-15,05:41:13.2,-0.040901895612478256,0.07487810403108597,0.01827990636229515
2025-07-15,05:41:13.2,-0.20723627507686615,0.860633134841919,1.4017716646194458
2025-07-15,05:41:13.2,3.1630799770355225,1.430337905883789,0.36224207282066345
2025-07-15,05:41:13.2,3.4793879985809326,1.6213326454162598,0.07452546805143356
2025-07-15,05:41:13.6,-0.040901895612478256,0.07487541437149048,0.018290922045707703
2025-07-15,05:41:13.6,-0.20723627507686615,0.751462459564209,1.4632010459899902
2025-07-15,05:41:13.9,-0.040901895612478256,0.07487712055444717,0.018283911049365997
2025-07-15,05:41:13.9,3.1630799770355225,1.4644193649291992,-0.18044908344745636
2025-07-15,05:41:13.9,-0.2590453326702118,0.597785472869873,-1.5245156288146973
2025-07-15,05:41:13.9,-0.8289451003074646,1.433529257774353,0.08027279376983643
2025-07-15,05:41:14.2,-0.040901895612478256,0.07487718015909195,0.018283661454916
2025-07-15,05:41:14.2,-0.2590453326702118,0.2927074134349823,1.6111541986465454
2025-07-15,05:41:14.2,-1.1725209951400757,0.19070367515087128,-1.452008605003357
2025-07-15,05:41:14.2,-0.41038236021995544,1.779091238975525,0.4311878979206085
2025-07-15,05:41:14.2,3.476661205291748,0.3327750563621521,-1.2468376159667969
2025-07-15,05:41:14.6,-0.040901895612478256,0.0748753696680069,0.01829109899699688
2025-07-15,05:41:14.6,-0.20723627507686615,0.8369254469871521,1.4160540103912354
2025-07-15,05:41:14.9,-0.040901895612478256,0.07487410306930542,0.01829627901315689
2025-07-15,05:41:14.9,-3.2966928482055664,0.7236793637275696,-0.4344773590564728
2025-07-15,05:41:14.9,-3.634815216064453,0.9063667058944702,0.21125183999538422
2025-07-15,05:41:14.9,-0.5180906653404236,0.5023965835571289,-1.49257493019104
2025-07-15,05:41:15.2,-0.040901895612478256,0.07487408816814423,0.018296321853995323
2025-07-15,05:41:15.2,3.394857406616211,0.9017854928970337,0.8801586627960205
2025-07-15,05:41:15.2,3.634815216064453,0.9028798341751099,-0.2256900817155838
2025-07-15,05:41:15.2,-0.20723627507686615,0.48830005526542664,1.5707374811172485
2025-07-15,05:41:15.5,-0.040901895612478256,0.07487495988607407,0.018292773514986038
2025-07-15,05:41:15.5,-0.1008913442492485,0.40238669514656067,-1.5600467920303345
2025-07-15,05:41:15.5,-3.254427671432495,0.7788230776786804,-0.2962513267993927
2025-07-15,05:41:15.5,-2.372309923171997,0.9482801556587219,-2.8071727752685547
2025-07-15,05:41:15.9,-0.040901895612478256,0.07487660646438599,0.01828601211309433
2025-07-15,05:41:15.9,-0.201782688498497,0.28556105494499207,1.5759375095367432
2025-07-15,05:41:15.9,-0.9734651446342468,0.8539570569992065,-1.2964686155319214
2025-07-15,05:41:16.2,-0.040901895612478256,0.07487139105796814,0.018307367339730263
2025-07-15,05:41:16.2,-0.15133701264858246,0.4021650552749634,-1.556020736694336
2025-07-15,05:41:16.2,-1.030727744102478,0.4454658627510071,-1.4480568170547485
2025-07-15,05:41:16.2,-3.592550039291382,0.8364157676696777,-0.382765531539917
2025-07-15,05:41:16.2,-2.201885461807251,0.974418044090271,2.8204123973846436
2025-07-15,05:41:16.6,-0.040901895612478256,0.07487130910158157,0.01830771192908287
2025-07-15,05:41:16.6,-0.15133701264858246,0.5228039622306824,-1.519741177558899
2025-07-15,05:41:16.6,-0.7566850781440735,1.4258557558059692,-0.01426219753921032
2025-07-15,05:41:16.6,3.3607726097106934,1.514810562133789,0.403823584318161
2025-07-15,05:41:16.9,-0.040901895612478256,0.07487138360738754,0.018307410180568695
2025-07-15,05:41:16.9,-0.201782688498497,0.3263607621192932,-1.5679963827133179
2025-07-15,05:41:16.9,-0.7566850781440735,1.4230231046676636,0.09095685184001923
2025-07-15,05:41:16.9,-1.030727744102478,0.3500751852989197,-1.4740270376205444
2025-07-15,05:41:17.2,-0.040901895612478256,0.07487309724092484,0.01830039918422699
2025-07-15,05:41:17.2,0.5549023747444153,1.5148725509643555,-0.055541835725307465
2025-07-15,05:41:17.6,-0.040901895612478256,0.07487139105796814,0.018307367339730263
2025-07-15,05:41:17.6,-1.202515721321106,0.41627514362335205,-1.3184759616851807
2025-07-15,05:41:17.6,-2.634082078933716,1.594704508781433,-1.987299919128418
2025-07-15,05:41:17.6,3.3212339878082275,1.3516024351119995,0.7572369575500488
2025-07-15,05:41:17.6,3.5175631046295166,1.2714804410934448,0.29681137204170227
2025-07-15,05:41:17.6,-0.2590453326702118,0.8484615683555603,1.4005743265151978
2025-07-15,05:41:17.6,0.6735178828239441,1.5010509490966797,-0.2044982612133026
2025-07-15,05:41:17.9,-0.040901895612478256,0.07487219572067261,0.018304070457816124
2025-07-15,05:41:17.9,-0.2590453326702118,0.8024578094482422,1.4274301528930664
2025-07-15,05:41:17.9,-3.0921833515167236,1.9665201902389526,0.0450802743434906
2025-07-15,05:41:18.2,-0.040901895612478256,0.07487230747938156,0.018303612247109413
2025-07-15,05:41:18.2,-0.4144725501537323,1.001383662223816,1.2546087503433228
2025-07-15,05:41:18.2,0.5180906653404236,1.553698182106018,-0.257301390171051
2025-07-15,05:41:18.2,-1.8542193174362183,0.5671146512031555,3.1611340045928955
2025-07-15,05:41:18.2,-3.128995180130005,1.8023778200149536,0.8445944786071777
2025-07-15,05:41:18.6,-0.040901895612478256,0.07487481832504272,0.018293347209692
2025-07-15,05:41:18.6,-3.2966928482055664,0.8438111543655396,-0.021568860858678818
2025-07-15,05:41:18.6,3.394857406616211,1.1544487476348877,0.505118191242218
2025-07-15,05:41:18.6,-2.715885877609253,1.0397820472717285,-2.1577234268188477
2025-07-15,05:41:18.6,-3.634815216064453,0.9269716739654541,0.08277387171983719
2025-07-15,05:41:18.6,-0.31085440516471863,0.22476907074451447,-1.6129006147384644
2025-07-15,05:41:18.6,0.6217088103294373,1.5313642024993896,-0.13039089739322662
2025-07-15,05:41:18.9,-0.040901895612478256,0.074873186647892,0.01830003410577774
2025-07-15,05:41:18.9,-0.201782688498497,0.7680972814559937,1.4054005146026611
2025-07-15,05:41:18.9,3.394857406616211,1.211821436882019,0.345521479845047
2025-07-15,05:41:18.9,-3.40031099319458,1.554819941520691,0.31373560428619385
2025-07-15,05:41:19.2,-0.040901895612478256,0.07487224787473679,0.01830386184155941
2025-07-15,05:41:19.2,3.2966928482055664,0.8418709635734558,-0.061120424419641495
2025-07-15,05:41:19.2,3.2448837757110596,1.5374372005462646,-0.9271096587181091
2025-07-15,05:41:19.2,-3.013106346130371,2.1115927696228027,-0.46355482935905457
2025-07-15,05:41:19.2,-0.2590453326702118,0.81687992811203,1.419226050376892
2025-07-15,05:41:19.5,-0.040901895612478256,0.07487223297357559,0.018303904682397842
2025-07-15,05:41:19.5,-0.2590453326702118,0.41458413004875183,1.5841765403747559
2025-07-15,05:41:19.5,0.6217088103294373,1.5364480018615723,0.037492528557777405
2025-07-15,05:41:19.5,3.0158331394195557,1.6346229314804077,0.33506500720977783
2025-07-15,05:41:19.5,-0.35448309779167175,1.0681651830673218,0.14179323613643646
2025-07-15,05:41:19.9,-0.040901895612478256,0.07486824691295624,0.01832021400332451
2025-07-15,05:41:20.2,-0.040901895612478256,0.07486751675605774,0.01832321099936962
2025-07-15,05:41:20.2,-0.2944936454296112,0.7201340794563293,1.364392876625061
2025-07-15,05:41:20.2,0.15133701264858246,0.7245636582374573,-1.434553861618042
2025-07-15,05:41:20.2,0.6557937264442444,1.3845210075378418,0.5087988972663879
2025-07-15,05:41:20.6,-0.040901895612478256,0.07486835867166519,0.01831974647939205
2025-07-15,05:41:20.6,-0.05180906876921654,1.034099817276001,-1.2948179244995117
2025-07-15,05:41:20.9,-0.040901895612478256,0.0748656764626503,0.018330730497837067
2025-07-15,05:41:20.9,0.0,0.913611650466919,-1.4354373216629028
2025-07-15,05:41:21.2,-0.040901895612478256,0.0748693123459816,0.018315866589546204
2025-07-15,05:41:21.2,0.7444145083427429,0.9974742531776428,1.1601977348327637
2025-07-15,05:41:21.2,0.10634493082761765,1.66270112991333,-0.3453728258609772
2025-07-15,05:41:21.6,-0.040901895612478256,0.07486744970083237,0.018323460593819618
2025-07-15,05:41:21.9,-0.040901895612478256,0.0748692974448204,0.018315907567739487
2025-07-15,05:41:22.2,-0.040901895612478256,0.07486937195062637,0.018315616995096207
2025-07-15,05:41:22.6,-0.040901895612478256,0.07487016916275024,0.01831236109137535
2025-07-15,05:41:22.9,-0.040901895612478256,0.07486911863088608,0.01831664703786373
2025-07-15,05:41:23.3,-0.040901895612478256,0.07487037777900696,0.018311496824026108
2025-07-15,05:41:23.3,-0.35311970114707947,0.937141478061676,1.266061782836914
2025-07-15,05:41:23.5,-0.040901895612478256,0.0748712345957756,0.018307991325855255
2025-07-15,05:41:23.5,0.0,3.2256805896759033,-0.5495101809501648
2025-07-15,05:41:23.9,-0.040901895612478256,0.0748710110783577,0.01830892823636532
2025-07-15,05:41:23.9,-0.403565376996994,0.8359175324440002,1.3206881284713745
2025-07-15,05:41:24.2,-0.040901895612478256,0.07486853003501892,0.018319079652428627
2025-07-15,05:41:24.2,-0.10361813753843307,1.215865135192871,-1.1222901344299316
2025-07-15,05:41:24.6,-0.040901895612478256,0.07486943155527115,0.01831536740064621
2025-07-15,05:41:24.6,0.0,3.2113704681396484,-0.6277548670768738
2025-07-15,05:41:24.6,0.8507594466209412,1.2774617671966553,0.7344838976860046
2025-07-15,05:41:24.6,-0.05317246541380882,1.2348121404647827,-1.1694350242614746
2025-07-15,05:41:24.9,-0.040901895612478256,0.07486751675605774,0.01832321099936962
2025-07-15,05:41:24.9,-0.35311970114707947,0.9694467186927795,1.2414989471435547
2025-07-15,05:41:25.2,-0.040901895612478256,0.07487007975578308,0.018312735483050346
2025-07-15,05:41:25.6,-0.040901895612478256,0.07486757636070251,0.018322959542274475
2025-07-15,05:41:25.6,-0.403565376996994,0.864154577255249,1.3023871183395386
2025-07-15,05:41:25.9,-0.040901895612478256,0.07486996054649353,0.01831323467195034
2025-07-15,05:41:25.9,-0.45401105284690857,0.47075730562210083,1.475839376449585
2025-07-15,05:41:26.2,-0.040901895612478256,0.07487302273511887,0.018300680443644524
2025-07-15,05:41:26.6,-0.040901895612478256,0.0748685970902443,0.018318789079785347
2025-07-15,05:41:26.6,0.05180906876921654,0.8764470815658569,-1.406327247619629
2025-07-15,05:41:26.9,-0.040901895612478256,0.07487130165100098,0.018307732418179512
2025-07-15,05:41:26.9,-0.2126898616552353,1.3241885900497437,-1.0471171140670776
2025-07-15,05:41:27.2,-0.040901895612478256,0.07487206161022186,0.01830463297665119
2025-07-15,05:41:27.2,-0.15951739251613617,1.4502840042114258,-0.8754411339759827
2025-07-15,05:41:27.2,0.8507594466209412,1.0696686506271362,1.0135009288787842
2025-07-15,05:41:27.5,-0.040901895612478256,0.07487041503190994,0.018311362713575363
2025-07-15,05:41:27.5,-0.15542720258235931,1.2136508226394653,-1.1187019348144531
2025-07-15,05:41:27.5,0.6735178828239441,1.5005991458892822,0.20778827369213104
2025-07-15,05:41:27.9,-0.040901895612478256,0.07487044483423233,0.01831124722957611
2025-07-15,05:41:28.2,-0.040901895612478256,0.0748739242553711,0.01829700730741024
2025-07-15,05:41:28.6,-0.040901895612478256,0.07487135380506516,0.018307523801922798
2025-07-15,05:41:28.9,-0.040901895612478256,0.07486959546804428,0.01831471174955368
2025-07-15,05:41:29.2,-0.040901895612478256,0.07487250864505768,0.018302790820598602
2025-07-15,05:41:29.2,0.2590453326702118,1.502803087234497,-0.6504446268081665
2025-07-15,05:41:29.2,0.7771360278129578,1.1833335161209106,0.8627753257751465
2025-07-15,05:41:29.6,-0.040901895612478256,0.07487265765666962,0.01830218732357025
2025-07-15,05:41:29.6,-0.39265820384025574,0.5272135138511658,1.4264476299285889
2025-07-15,05:41:29.9,-0.040901895612478256,0.07487262040376663,0.018302343785762787
2025-07-15,05:41:30.2,-0.040901895612478256,0.07487691938877106,0.018284734338521957
2025-07-15,05:41:30.2,3.6770806312561035,0.5745022296905518,0.7458780407905579
2025-07-15,05:41:30.6,-0.040901895612478256,0.07486982643604279,0.018313774839043617
2025-07-15,05:41:30.9,-0.040901895612478256,0.07487451285123825,0.018294604495167732
2025-07-15,05:41:31.2,-0.040901895612478256,0.07487259805202484,0.01830243691802025
2025-07-15,05:41:31.2,-0.403565376996994,0.44013890624046326,-1.4997509717941284
2025-07-15,05:41:31.2,-0.20723627507686615,0.05000772327184677,1.6441266536712646
2025-07-15,05:41:31.6,-0.040901895612478256,0.0748724415898323,0.01830308325588703
2025-07-15,05:41:31.6,-0.35311970114707947,0.6576154828071594,1.4313240051269531
2025-07-15,05:41:31.9,-0.040901895612478256,0.07487250119447708,0.01830284297466278
2025-07-15,05:41:31.9,-0.20723627507686615,0.5626271367073059,-1.5456726551055908
2025-07-15,05:41:32.2,-0.040901895612478256,0.0748734176158905,0.018299078568816185
2025-07-15,05:41:32.2,0.39129480719566345,1.2601063251495361,-1.2077834606170654
2025-07-15,05:41:32.2,-1.173884391784668,0.9542113542556763,-0.954566240310669
2025-07-15,05:41:32.2,-1.14525306224823,1.159353256225586,-0.8378564715385437
2025-07-15,05:41:32.6,-0.040901895612478256,0.074870765209198,0.018309926614165306
2025-07-15,05:41:32.6,-0.15133701264858246,0.6268807053565979,-1.4798506498336792
2025-07-15,05:41:32.6,4.703718185424805,1.5278387069702148,-0.8450049161911011
2025-07-15,05:41:32.9,-0.040901895612478256,0.07487238198518753,0.018303310498595238
2025-07-15,05:41:32.9,-0.15133701264858246,0.4960281550884247,1.5286900997161865
2025-07-15,05:41:32.9,3.3212339878082275,1.8278168439865112,0.1892072558403015
2025-07-15,05:41:32.9,3.2312498092651367,1.1979256868362427,-0.05923662334680557
2025-07-15,05:41:33.2,-0.040901895612478256,0.07487346231937408,0.018298890441656113
2025-07-15,05:41:33.2,0.0,0.8101251125335693,1.4464775323867798
2025-07-15,05:41:33.2,3.190347909927368,1.1528795957565308,-0.2705831527709961
2025-07-15,05:41:33.6,-0.040901895612478256,0.074875108897686,0.018292170017957687
2025-07-15,05:41:33.6,0.05180906876921654,0.6634432673454285,1.5184725522994995
2025-07-15,05:41:33.6,-0.35311970114707947,0.5182435512542725,1.487471103668213
2025-07-15,05:41:33.6,-0.8575764298439026,1.3672678470611572,0.03133072331547737
2025-07-15,05:41:33.6,3.190347909927368,1.1323217153549194,-0.3466903865337372
2025-07-15,05:41:33.9,-0.040901895612478256,0.07487159222364426,0.01830652542412281
2025-07-15,05:41:33.9,0.0,0.7277776002883911,1.4408955574035645
2025-07-15,05:41:33.9,3.190347909927368,1.0847711563110352,-0.4749928116798401
2025-07-15,05:41:33.9,3.40031099319458,1.5668562650680542,0.24669083952903748
2025-07-15,05:41:34.3,-0.040901895612478256,0.07487431168556213,0.018295425921678543
2025-07-15,05:41:34.3,-0.05044567212462425,0.8330346345901489,1.3817918300628662
2025-07-15,05:41:34.6,-0.040901895612478256,0.07487332820892334,0.018299441784620285
2025-07-15,05:41:34.6,0.05044567212462425,0.8298212289810181,1.3837239742279053
2025-07-15,05:41:34.9,-0.040901895612478256,0.07486937195062637,0.01831560581922531
2025-07-15,05:41:34.9,-0.201782688498497,0.6511878371238708,1.4632424116134644
2025-07-15,05:41:34.9,-0.807130753993988,1.3814246654510498,-0.21458344161510468
2025-07-15,05:41:34.9,-3.1698970794677734,0.7964245676994324,-0.15632480382919312
2025-07-15,05:41:35.2,-0.040901895612478256,0.07486670464277267,0.01832650788128376
2025-07-15,05:41:35.2,-0.1008913442492485,0.7435734868049622,1.4292514324188232
2025-07-15,05:41:35.2,-3.1698970794677734,0.8103100657463074,0.04612042009830475
2025-07-15,05:41:35.2,-3.313053607940674,1.224031686782837,-0.11849161237478256
2025-07-15,05:41:35.6,-0.040901895612478256,0.07486932724714279,0.018315814435482025
2025-07-15,05:41:35.6,-3.0676422119140625,1.134958028793335,0.09175052493810654
2025-07-15,05:41:35.6,0.05044567212462425,0.4454417824745178,1.5507665872573853
2025-07-15,05:41:35.6,-0.9080221056938171,1.3212599754333496,-0.1887013465166092
2025-07-15,05:41:35.9,-0.040901895612478256,0.07487194985151291,0.018305080011487007
2025-07-15,05:41:35.9,0.05044567212462425,0.7504299879074097,1.4283382892608643
2025-07-15,05:41:36.2,-0.040901895612478256,0.07486837357282639,0.018319694325327873
2025-07-15,05:41:36.2,0.0,0.9217509627342224,1.3252227306365967
2025-07-15,05:41:36.2,-1.0089133977890015,1.2133212089538574,-0.3402727544307709
2025-07-15,05:41:36.2,0.1104351133108139,1.1593700647354126,0.17688782513141632
2025-07-15,05:41:36.6,-0.040901895612478256,0.07486848533153534,0.018319236114621162
2025-07-15,05:41:36.6,0.05044567212462425,0.4273945093154907,-1.5558371543884277
2025-07-15,05:41:36.6,0.6557937264442444,1.4747885465621948,0.02781699225306511
2025-07-15,05:41:36.6,3.592550039291382,0.6614915728569031,0.6391632556915283
2025-07-15,05:41:36.6,0.14179323613643646,1.1055678129196167,0.21060630679130554
