Date,Time,X,Y,Z
2025-06-23,0:53:28.100,-0.068169825,0.390401065,0.1824449
2025-06-23,0:53:28.100,-0.104981534,0.425356954,0.19588089
2025-06-23,0:53:28.100,-0.114525303,0.481768698,0.169945464
2025-06-23,0:53:28.100,1.184791565,3.186023235,0.570118904
2025-06-23,0:53:28.100,1.30886066,3.160373926,0.693599701
2025-06-23,0:53:28.100,1.325221419,3.160714149,0.861564398
2025-06-23,0:53:28.100,1.341582179,3.195935249,0.886023164
2025-06-23,0:53:28.100,1.240690827,3.720084667,0.619863927
2025-06-23,0:53:28.100,1.630622149,3.632575989,0.506326973
2025-06-23,0:53:28.100,1.775142193,3.615380764,0.490854651
2025-06-23,0:53:28.100,-0.114525303,0.469299376,0.201843083
2025-06-23,0:53:28.100,1.184791565,3.139462948,0.787115276
2025-06-23,0:53:28.100,1.30886066,3.105389833,0.908624232
2025-06-23,0:53:28.100,1.325221419,3.101408958,1.055304885
2025-06-23,0:53:28.100,1.341582179,3.131168604,1.093079448
2025-06-23,0:53:28.100,1.648346305,3.623266935,0.786089242
2025-06-23,0:53:28.100,-0.020450948,0.038514692,0.001356376
2025-06-23,0:53:28.100,-0.040901896,0.077035919,-0.002520447
2025-06-23,0:53:28.100,-0.036811706,0.360745341,0.150625974
2025-06-23,0:53:28.100,-0.068169825,0.402231097,0.15462622
2025-06-23,0:53:28.100,-0.089984171,0.440194756,0.168672487
2025-06-23,0:53:28.100,-0.114525303,0.491419792,0.139603436
2025-06-23,0:53:28.100,1.184791565,3.217505693,0.351334423
2025-06-23,0:53:28.100,1.30886066,3.195995808,0.504632354
2025-06-23,0:53:28.100,1.435656548,3.155973196,0.683624029
2025-06-23,0:53:28.100,1.341582179,3.218442202,0.80041796
2025-06-23,0:53:28.100,1.75605464,3.603935957,0.197035387
2025-06-23,0:53:28.100,1.775142193,3.642295837,0.213535085
2025-06-23,0:53:35.600,-0.061352842,0.115568779,0.003293553
2025-06-23,0:53:35.600,-0.104981534,0.425213993,0.196190998
2025-06-23,0:53:35.600,-0.114525303,0.469353855,0.201716363
2025-06-23,0:53:35.600,1.184791565,3.193007708,0.529603899
2025-06-23,0:53:35.600,1.30886066,3.181751966,0.587791026
2025-06-23,0:53:35.600,1.325221419,3.239588022,0.48731491
2025-06-23,0:53:35.600,1.341582179,3.315208435,-0.09183009
2025-06-23,0:53:35.600,1.357942939,3.329556227,-0.427784741
2025-06-23,0:53:35.600,1.349762559,3.685191393,-0.124709837
2025-06-23,0:53:35.600,1.240690827,3.77116394,-0.039802451
2025-06-23,0:53:35.600,1.379757285,3.723659039,0.584412336
2025-06-23,0:53:35.600,1.648346305,3.636098623,0.724421024
2025-06-23,0:53:35.600,1.184791565,3.145301342,0.763451576
2025-06-23,0:53:35.600,1.199788928,3.180061102,0.793648541
2025-06-23,0:53:35.600,1.214786291,3.249563694,0.673236847
2025-06-23,0:53:35.600,1.229783654,3.358597517,0.079602905
2025-06-23,0:53:35.600,1.349762559,3.685482979,0.115770288
2025-06-23,0:53:35.600,1.116621733,3.806763172,0.155832633
2025-06-23,0:53:35.600,1.521550417,3.627783298,0.993537605
2025-06-23,0:53:35.600,-0.049082275,0.362381876,0.14300622
2025-06-23,0:53:35.600,-0.068169825,0.405620098,0.145504206
2025-06-23,0:53:35.600,-0.089984171,0.448729515,0.144442514
2025-06-23,0:53:35.600,-0.020450948,0.03851375,0.001382887
2025-06-23,0:53:35.600,-0.040901896,0.077053294,-0.001917003
2025-06-23,0:53:35.600,-0.061352842,0.115411617,-0.006866486
2025-06-23,0:53:35.600,-0.061352845,0.350986302,0.164999738
2025-06-23,0:53:35.600,-0.068169825,0.394404292,0.173621371
2025-06-23,0:53:35.600,-0.089984171,0.440196276,0.168668479
2025-06-23,0:53:35.600,-0.114525303,0.481610954,0.170391947
2025-06-23,0:53:35.600,1.184791565,3.224916458,0.275122494
2025-06-23,0:53:35.600,1.30886066,3.213698626,0.375745714
2025-06-23,0:53:35.600,1.325221419,3.264997959,0.268691361
2025-06-23,0:53:35.600,1.453380704,3.256590128,-0.2849361
2025-06-23,0:53:35.600,1.472468257,3.636655092,-0.156920835
2025-06-23,0:53:35.600,1.240690827,3.766159534,-0.198251277
2025-06-23,0:53:35.700,-0.104981534,0.42464301,0.197423816
2025-06-23,0:53:35.700,-0.130886063,0.460558683,0.211785555
2025-06-23,0:53:35.700,1.184791565,3.201729298,0.474034011
2025-06-23,0:53:35.700,1.30886066,3.206903458,0.429899693
2025-06-23,0:53:35.700,1.325221419,3.270012856,0.19855158
2025-06-23,0:53:35.700,1.341582179,3.303044081,-0.298227191
2025-06-23,0:53:35.700,1.357942939,3.355775833,-0.087818831
2025-06-23,0:53:35.700,1.472468257,3.639744759,-0.04627033
2025-06-23,0:53:35.700,1.240690827,3.769704819,-0.112188116
2025-06-23,0:53:35.700,1.505189657,3.69870019,0.406109363
2025-06-23,0:53:35.700,1.648346305,3.657545805,0.606924415
2025-06-23,0:53:35.700,1.184791565,3.157920599,0.709447443
2025-06-23,0:53:35.700,1.199788928,3.21424675,0.641314566
2025-06-23,0:53:35.700,1.325221419,3.247692108,0.430002362
2025-06-23,0:53:35.700,1.341582179,3.31449461,-0.11474105
2025-06-23,0:53:35.700,1.116621733,3.806717634,0.156940863
2025-06-23,0:53:35.700,1.521550417,3.636001825,0.963026285
2025-06-23,0:53:35.700,1.775142193,3.557821274,0.808593214
2025-06-23,0:53:35.700,-0.020450948,0.038513988,0.001376162
2025-06-23,0:53:35.700,-0.040901896,0.077040687,-0.002370197
2025-06-23,0:53:35.700,-0.081803791,0.154151112,-0.000988291
2025-06-23,0:53:35.700,-0.049082275,0.352769405,0.165303186
2025-06-23,0:53:35.700,-0.068169825,0.399625421,0.161240995
2025-06-23,0:53:35.700,-0.104981534,0.437438905,0.167167753
2025-06-23,0:53:35.700,-0.130886063,0.474534959,0.178280652
2025-06-23,0:53:35.700,1.184791565,3.226592541,0.254714191
2025-06-23,0:53:35.700,1.30886066,3.227908611,0.222822428
2025-06-23,0:53:35.700,1.325221419,3.275877237,-0.032163572
2025-06-23,0:53:35.700,1.453380704,3.234693766,-0.472570747
2025-06-23,0:53:35.700,1.364759922,3.71459341,-0.319061249
2025-06-23,0:53:35.700,1.505189657,3.717072487,0.169353768
2025-06-23,0:53:35.700,1.648346305,3.684702396,0.4110578
2025-06-23,0:53:35.700,-0.068169825,0.390440047,0.182361484
2025-06-23,0:53:35.700,-0.104981534,0.423613906,0.199622437
2025-06-23,0:53:35.700,-0.130886063,0.470557541,0.188528612
2025-06-23,0:53:35.700,1.184791565,3.217278481,0.353408575
2025-06-23,0:53:35.700,1.30886066,3.225201607,0.259070367
2025-06-23,0:53:35.700,1.325221419,3.276032448,-0.00430154
2025-06-23,0:53:35.700,1.453380704,3.255943298,-0.292233884
2025-06-23,0:53:35.700,1.357942939,3.35683465,0.024616133
2025-06-23,0:53:35.700,1.240690827,3.769618273,-0.115060456
2025-06-23,0:53:35.700,1.505189657,3.709889174,0.286410809
2025-06-23,0:53:35.700,1.648346305,3.677097559,0.474293143
2025-06-23,0:53:35.700,-0.130886063,0.456750333,0.21987848
2025-06-23,0:53:35.700,1.184791565,3.184892416,0.576401353
2025-06-23,0:53:35.700,1.199788928,3.243477106,0.471723288
2025-06-23,0:53:35.700,1.325221419,3.268980742,0.21487689
2025-06-23,0:53:35.700,1.341582179,3.314514637,-0.11415574
2025-06-23,0:53:35.700,1.521550417,3.661800146,0.859737754
2025-06-23,0:53:35.700,1.775142193,3.591617584,0.642026603
2025-06-23,0:53:35.700,-0.020450948,0.038514357,0.001365813
2025-06-23,0:53:35.700,-0.040901896,0.077044994,-0.002225542
2025-06-23,0:53:35.700,-0.081803791,0.154149354,0.001231478
2025-06-23,0:53:35.700,-0.036811706,0.356715441,0.159935832
2025-06-23,0:53:35.700,-0.068169825,0.402295887,0.154457644
2025-06-23,0:53:35.700,-0.104981534,0.436845303,0.168712869
2025-06-23,0:53:35.700,-0.114525303,0.487328112,0.153277084
2025-06-23,0:53:35.700,1.184791565,3.233935833,0.132053062
2025-06-23,0:53:35.700,1.30886066,3.235277891,0.044955023
2025-06-23,0:53:35.700,1.325221419,3.267625093,-0.234591529
2025-06-23,0:53:35.700,1.453380704,3.220547438,-0.560929656
2025-06-23,0:53:35.700,1.364759922,3.710462093,-0.363972008
2025-06-23,0:53:35.700,-0.061352845,0.353021383,0.160599545
2025-06-23,0:53:35.700,-0.104981534,0.428943515,0.187897056
2025-06-23,0:53:35.700,-0.130886063,0.483431011,0.152518481
2025-06-23,0:53:35.700,1.184791565,3.222999573,0.296736568
2025-06-23,0:53:35.700,1.30886066,3.229224443,0.202865303
2025-06-23,0:53:35.700,1.325221419,3.275723457,-0.045200225
2025-06-23,0:53:35.700,1.341582179,3.301338434,-0.316549391
2025-06-23,0:53:35.700,1.357942939,3.355321646,-0.103734195
2025-06-23,0:53:35.700,1.240690827,3.771265745,-0.028551346
2025-06-23,0:53:35.700,1.505189657,3.715039015,0.209267169
2025-06-23,0:53:35.700,1.648346305,3.685209751,0.40648371
2025-06-23,0:53:35.700,-0.130886063,0.473203331,0.181785658
2025-06-23,0:53:35.700,1.184791565,3.201318264,0.476803035
2025-06-23,0:53:35.700,1.199788928,3.252356529,0.406009108
2025-06-23,0:53:35.700,1.325221419,3.270987511,0.181787759
2025-06-23,0:53:35.700,1.341582179,3.313294649,-0.145321116
2025-06-23,0:53:35.700,1.240690827,3.758007288,0.317239672
2025-06-23,0:53:35.700,1.379757285,3.723842621,0.583241105
2025-06-23,0:53:35.700,1.521550417,3.687425852,0.742172003
2025-06-23,0:53:35.700,-0.020450948,0.038511217,0.001451708
2025-06-23,0:53:35.700,-0.040901896,0.077058166,-0.001710103
2025-06-23,0:53:35.700,-0.049082275,0.363123268,0.141112998
2025-06-23,0:53:35.700,-0.081803791,0.399875522,0.154123202
2025-06-23,0:53:35.700,-0.104981534,0.440971166,0.157614365
2025-06-23,0:53:35.700,-0.114525303,0.496075302,0.122032098
2025-06-23,0:53:35.700,1.2924999,3.194303274,0.073353626
2025-06-23,0:53:35.700,1.30886066,3.235589981,0.001435394
2025-06-23,0:53:35.700,1.325221419,3.266302347,-0.252340406
2025-06-23,0:53:35.700,1.453380704,3.234333515,-0.475030422
2025-06-23,0:53:35.700,1.364759922,3.725309372,-0.148574352
2025-06-23,0:53:35.700,1.505189657,3.720081806,0.079368472
2025-06-23,0:53:35.700,1.521550417,3.753931284,0.236493513
2025-06-23,0:53:35.700,-0.061352845,0.352089763,0.16263178
2025-06-23,0:53:35.700,-0.068169825,0.391680747,0.179681152
2025-06-23,0:53:35.700,-0.104981534,0.436862677,0.168667927
2025-06-23,0:53:35.700,-0.130886063,0.473474264,0.181078821
2025-06-23,0:53:35.700,1.184791565,3.22700572,0.249423802
2025-06-23,0:53:35.700,1.30886066,3.232249498,0.146992803
2025-06-23,0:53:35.700,1.325221419,3.275389671,-0.065026365
2025-06-23,0:53:35.700,1.341582179,3.304083109,-0.286485821
2025-06-23,0:53:35.700,1.244781017,3.382558584,-0.348958373
2025-06-23,0:53:35.700,1.364759922,3.728182316,0.025716376
2025-06-23,0:53:35.700,1.505189657,3.712912083,0.244116202
2025-06-23,0:53:35.700,1.648346305,3.67847681,0.463473111
2025-06-23,0:53:35.700,-0.104981534,0.424701124,0.197298795
2025-06-23,0:53:35.700,-0.147246823,0.453408539,0.216420069
2025-06-23,0:53:35.700,1.184791565,3.197717667,0.500379622
2025-06-23,0:53:35.700,1.199788928,3.255903959,0.376506299
2025-06-23,0:53:35.700,1.325221419,3.272232294,0.157803565
2025-06-23,0:53:35.700,1.229783654,3.358447075,-0.085715309
2025-06-23,0:53:35.700,1.364759922,3.710428238,0.36431703
2025-06-23,0:53:35.700,1.521550417,3.678684235,0.78435421
2025-06-23,0:53:35.700,-0.020450948,0.038510662,0.001466361
2025-06-23,0:53:35.700,-0.040901896,0.077053651,-0.001902476
2025-06-23,0:53:35.700,-0.049082275,0.364166677,0.138398081
2025-06-23,0:53:35.700,-0.081803791,0.40098986,0.151200309
2025-06-23,0:53:35.700,-0.104981534,0.446943283,0.139783964
2025-06-23,0:53:35.700,-0.130886063,0.484587789,0.14880228
2025-06-23,0:53:35.700,1.2924999,3.195080519,0.020339597
2025-06-23,0:53:35.700,1.30886066,3.234791994,-0.071869932
2025-06-23,0:53:35.700,1.325221419,3.263161421,-0.290145576
2025-06-23,0:53:35.700,1.453380704,3.230420351,-0.500951111
2025-06-23,0:53:35.700,1.648346305,3.697699308,0.270220011
2025-06-23,0:53:35.700,-0.209963068,0.42856732,0.050641447
2025-06-23,0:53:35.700,-0.229050606,0.468867242,0.042401705
2025-06-23,0:53:35.700,-0.257681936,0.816561282,0.325967222
2025-06-23,0:53:35.700,-0.329941958,0.885281742,-0.169382513
2025-06-23,0:53:35.700,1.184791565,3.224491835,0.280055851
2025-06-23,0:53:35.700,1.30886066,3.221944809,0.296842873
2025-06-23,0:53:35.700,1.325221419,3.263825893,0.282571822
2025-06-23,0:53:35.700,1.229783654,3.357237816,-0.124374181
2025-06-23,0:53:35.700,1.364759922,3.663733959,-0.690694153
2025-06-23,0:53:35.700,1.505189657,3.718665361,-0.129757851
2025-06-23,0:53:35.700,1.648346305,3.706505299,0.08842098
2025-06-23,0:53:35.700,-0.286313266,0.81063962,0.316725671
2025-06-23,0:53:35.700,-0.329941958,0.89796561,-0.077923074
2025-06-23,0:53:35.700,1.184791565,3.194171667,0.522537649
2025-06-23,0:53:35.700,1.199788928,3.238126993,0.507150114
2025-06-23,0:53:35.700,1.325221419,3.237284422,0.502390623
2025-06-23,0:53:35.700,1.229783654,3.356034756,0.153445363
2025-06-23,0:53:35.700,1.505189657,3.706578255,-0.326474756
2025-06-23,0:53:35.700,1.648346305,3.703738689,0.168283924
2025-06-23,0:53:35.700,-0.359936684,0.889758945,0.007103923
2025-06-23,0:53:35.700,-0.020450948,0.038512357,0.001421175
2025-06-23,0:53:35.700,-0.040901896,0.077049702,-0.002056095
2025-06-23,0:53:35.700,-0.204509482,0.384839207,0.020515688
2025-06-23,0:53:35.700,-0.209963068,0.430906683,0.023535555
2025-06-23,0:53:35.700,-0.229050606,0.469219923,0.038302325
2025-06-23,0:53:35.700,1.184791565,3.236306429,0.045819886
2025-06-23,0:53:35.700,1.30886066,3.23502183,0.060640711
2025-06-23,0:53:35.700,1.325221419,3.275622606,0.051997188
2025-06-23,0:53:35.700,1.229783654,3.342679739,-0.336164832
2025-06-23,0:53:35.700,1.505189657,3.718428612,-0.136370271
2025-06-23,0:53:35.700,1.648346305,3.706889153,-0.070514537
2025-06-23,0:53:35.700,-0.190875515,0.388251275,0.05633596
2025-06-23,0:53:35.700,-0.209963068,0.427246779,0.06078393
2025-06-23,0:53:35.700,-0.229050606,0.467550665,0.055052537
2025-06-23,0:53:35.700,-0.230414003,0.5179497,0.017961837
2025-06-23,0:53:35.700,1.184791565,3.225853443,0.263910294
2025-06-23,0:53:35.700,1.30886066,3.222643852,0.289155006
2025-06-23,0:53:35.700,1.325221419,3.256846905,0.354055166
2025-06-23,0:53:35.700,1.341582179,3.293814421,0.387073725
2025-06-23,0:53:35.700,1.47110486,3.293868542,0.315015435
2025-06-23,0:53:35.700,1.364759922,3.716581106,-0.295005202
2025-06-23,0:53:35.700,1.505189657,3.716938496,0.17226778
2025-06-23,0:53:35.700,1.648346305,3.679122448,0.458321154
2025-06-23,0:53:35.700,-0.190875515,0.382965028,0.085150287
2025-06-23,0:53:35.700,-0.209963068,0.422082186,0.089895099
2025-06-23,0:53:35.700,-0.229050606,0.462778389,0.086432405
2025-06-23,0:53:35.700,-0.230414003,0.515402913,0.054354303
2025-06-23,0:53:35.700,-0.21950683,0.969566464,-0.1367082
2025-06-23,0:53:35.700,1.184791565,3.197333097,0.502831221
2025-06-23,0:53:35.700,1.199788928,3.238658905,0.503741503
2025-06-23,0:53:35.700,1.325221419,3.222311735,0.590859294
2025-06-23,0:53:35.700,1.453380704,3.199662209,0.669873059
2025-06-23,0:53:35.700,1.364759922,3.725431681,-0.14547804
2025-06-23,0:53:35.700,1.505189657,3.713002443,0.242737532
2025-06-23,0:53:35.700,1.521550417,3.700705051,0.672838986
2025-06-23,0:53:35.700,-0.190875515,0.374018967,0.118417092
2025-06-23,0:53:35.700,-0.229050606,0.455667168,0.118329339
2025-06-23,0:53:35.700,-0.347666115,0.654909432,0.017960325
2025-06-23,0:53:35.700,-0.368117064,0.693149507,0.027484886
2025-06-23,0:53:35.700,-0.020450948,0.038511667,0.00143965
2025-06-23,0:53:35.700,-0.040901896,0.077051356,-0.001993241
2025-06-23,0:53:35.700,-0.190875515,0.391531527,0.024816548
2025-06-23,0:53:35.700,-0.209963068,0.430430979,0.03104298
2025-06-23,0:53:35.700,-0.229050606,0.470203459,0.023304086
2025-06-23,0:53:35.700,-0.230414003,0.517845154,-0.020758931
2025-06-23,0:53:35.700,1.184791565,3.236482859,0.030922947
2025-06-23,0:53:35.700,1.30886066,3.234688759,0.076370955
2025-06-23,0:53:35.700,1.435656548,3.225413322,0.155618787
2025-06-23,0:53:35.700,1.453380704,3.260851145,0.231121823
2025-06-23,0:53:35.700,1.364759922,3.716163397,-0.300222397
2025-06-23,0:53:35.700,-0.190875515,0.39043808,0.038352385
2025-06-23,0:53:35.700,-0.194965705,0.434592247,0.058625255
2025-06-23,0:53:35.700,-0.196329087,0.48016569,0.070671037
2025-06-23,0:53:35.700,1.184791565,3.224534273,0.279567063
2025-06-23,0:53:35.700,1.30886066,3.223953247,0.274169922
2025-06-23,0:53:35.700,1.325221419,3.265053988,0.268009633
2025-06-23,0:53:35.700,1.341582179,3.312541246,0.161588147
2025-06-23,0:53:35.700,1.47110486,3.307272673,0.103689276
2025-06-23,0:53:35.700,1.612898111,3.593539953,0.497598231
2025-06-23,0:53:35.700,1.75605464,3.604526997,-0.185905054
2025-06-23,0:53:35.700,1.775142193,3.646140814,-0.132565454
2025-06-23,0:53:35.700,-0.190875515,0.387056112,0.064033985
2025-06-23,0:53:35.700,-0.194965705,0.429112822,0.090385444
2025-06-23,0:53:35.700,-0.196329087,0.47385174,0.104966618
2025-06-23,0:53:35.700,1.184791565,3.196928024,0.505399764
2025-06-23,0:53:35.700,1.199788928,3.237587452,0.510583878
2025-06-23,0:53:35.700,1.325221419,3.236090422,0.510025799
2025-06-23,0:53:35.700,1.341582179,3.290997982,0.410330713
2025-06-23,0:53:35.700,1.47110486,3.285261154,0.394794434
2025-06-23,0:53:35.700,1.75605464,3.609241724,-0.02346454
2025-06-23,0:53:35.700,1.775142193,3.647960901,0.065544292
2025-06-23,0:53:35.700,-0.190875515,0.384125531,0.079751916
2025-06-23,0:53:35.700,-0.194965705,0.421789974,0.120002411
2025-06-23,0:53:35.700,-0.196329087,0.465662032,0.136793107
2025-06-23,0:53:35.700,-0.020450948,0.038512535,0.001416229
2025-06-23,0:53:35.700,-0.040901896,0.077046886,-0.00215926
2025-06-23,0:53:35.700,-0.190875515,0.392191589,0.009927353
2025-06-23,0:53:35.700,-0.194965705,0.437643975,0.027840542
2025-06-23,0:53:35.700,-0.179968342,0.489527375,0.045529414
2025-06-23,0:53:35.700,1.184791565,3.236415863,0.037302896
2025-06-23,0:53:35.700,1.30886066,3.234954834,0.064116135
2025-06-23,0:53:35.700,1.325221419,3.275798798,0.039352819
2025-06-23,0:53:35.700,1.341582179,3.315164804,-0.093387648
2025-06-23,0:53:35.700,-0.190875515,0.385109633,0.074855693
2025-06-23,0:53:35.700,-0.194965705,0.432910979,0.069967501
2025-06-23,0:53:35.700,-0.212689847,0.471160471,0.082881957
2025-06-23,0:53:35.700,1.184791565,3.226736546,0.252885073
2025-06-23,0:53:35.700,1.30886066,3.225903273,0.250184029
2025-06-23,0:53:35.700,1.325221419,3.269438744,0.207791463
2025-06-23,0:53:35.700,1.341582179,3.316082239,-0.051360711
2025-06-23,0:53:35.700,1.488829017,3.661301851,0.375275582
2025-06-23,0:53:35.700,1.630622149,3.658421516,-0.260631055
2025-06-23,0:53:35.700,1.648346305,3.70755291,-0.007099588
2025-06-23,0:53:35.700,-0.190875515,0.379086703,0.101025134
2025-06-23,0:53:35.700,-0.209963068,0.419422716,0.10158278
2025-06-23,0:53:35.700,-0.212689847,0.465136945,0.111844614
2025-06-23,0:53:35.700,1.184791565,3.205175161,0.450145483
2025-06-23,0:53:35.700,1.199788928,3.243451118,0.471902281
2025-06-23,0:53:35.700,1.325221419,3.24627161,0.440598488
2025-06-23,0:53:35.700,1.341582179,3.310450792,0.199888274
2025-06-23,0:53:35.700,1.488829017,3.622096539,0.652977288
2025-06-23,0:53:35.700,1.648346305,3.69234395,0.335552156
2025-06-23,0:53:35.700,-0.179968342,0.44476673,0.010626777
2025-06-23,0:53:35.700,-0.179968342,0.491518289,0.010943854
2025-06-23,0:53:35.700,-0.159517393,0.542326033,0.046063136
2025-06-23,0:53:35.700,-0.020450948,0.038516842,0.001293885
2025-06-23,0:53:35.700,-0.040901896,0.077041365,-0.002347971
2025-06-23,0:53:35.700,-0.190875515,0.389261752,0.048868157
2025-06-23,0:53:35.700,-0.194965705,0.436393172,0.043224476
2025-06-23,0:53:35.700,-0.196329087,0.483007997,0.047505256
2025-06-23,0:53:35.700,1.184791565,3.236511946,0.027729472
2025-06-23,0:53:35.700,1.30886066,3.235481024,0.026559448
2025-06-23,0:53:35.700,1.325221419,3.2759552,-0.022899829
2025-06-23,0:53:35.700,1.453380704,3.259601116,-0.248130426
2025-06-23,0:53:35.700,-0.177241549,0.385371447,0.102080978
2025-06-23,0:53:35.700,-0.209963068,0.418666363,0.104656406
2025-06-23,0:53:35.700,-0.229050606,0.454267621,0.12359336
2025-06-23,0:53:35.700,-0.329941958,0.861281633,-0.265722066
2025-06-23,0:53:35.700,-0.282223076,0.91680485,-0.294534475
2025-06-23,0:53:35.700,-0.374934047,0.984134018,0.283846319
2025-06-23,0:53:35.700,-0.534451425,1.972602367,0.627228022
2025-06-23,0:53:35.700,1.50791657,2.84914422,1.219866633
2025-06-23,0:53:35.700,1.565179229,3.017714739,1.114672065
2025-06-23,0:53:35.700,1.439746737,3.46689558,0.805095911
2025-06-23,0:53:35.700,1.577449799,3.38447237,1.065047264
2025-06-23,0:53:35.700,1.75605464,3.579508305,0.462922305
2025-06-23,0:53:35.700,1.775142193,3.570345163,0.751366436
2025-06-23,0:53:35.700,-0.209963068,0.409806728,0.135251388
2025-06-23,0:53:35.700,-0.229050606,0.442784995,0.159924492
2025-06-23,0:53:35.700,-0.359936684,0.886490524,-0.076524302
2025-06-23,0:53:35.700,-0.313581198,0.945018232,-0.124655321
2025-06-23,0:53:35.700,1.319767833,3.437943697,1.085896373
2025-06-23,0:53:35.700,1.456107497,3.337087393,1.349416852
2025-06-23,0:53:35.700,-0.163607582,0.403338939,0.029941509
2025-06-23,0:53:35.700,-0.194965705,0.437262505,0.033299502
2025-06-23,0:53:35.700,-0.212689847,0.477083087,0.035402533
2025-06-23,0:53:35.700,-0.020450948,0.038512126,0.001427343
2025-06-23,0:53:35.700,-0.040901896,0.077046022,-0.002189725
2025-06-23,0:53:35.700,-0.177241549,0.391825348,0.073515974
2025-06-23,0:53:35.700,-0.194965705,0.433598131,0.065574512
2025-06-23,0:53:35.700,-0.229050606,0.462232769,0.089304261
2025-06-23,0:53:35.700,-0.282223076,0.878549218,-0.394249827
2025-06-23,0:53:35.700,-0.340849131,1.027340412,0.134378165
2025-06-23,0:53:35.700,1.565179229,3.089924574,0.895244002
2025-06-23,0:53:35.700,1.439746737,3.51789999,0.540299773
2025-06-23,0:53:35.700,1.577449799,3.454739571,0.808549941
2025-06-23,0:53:35.700,1.717879653,3.295068502,1.268644929
2025-06-23,0:53:35.700,1.75605464,3.605530024,0.165317684
2025-06-23,0:53:35.700,1.775142193,3.624252081,0.420372307
2025-06-23,0:53:35.700,-0.190875515,0.382934898,0.085285775
2025-06-23,0:53:35.700,-0.209963068,0.420009315,0.099129483
2025-06-23,0:53:35.700,-0.467644989,1.895403028,0.871188223
2025-06-23,0:53:35.700,1.382484078,2.947809696,0.989859879
2025-06-23,0:53:35.700,1.50791657,2.897536039,1.099992156
2025-06-23,0:53:35.700,1.527004123,2.908872604,1.178506851
2025-06-23,0:53:35.700,1.341582179,2.994403601,1.425688267
2025-06-23,0:53:35.700,1.439746737,3.511674404,0.579384387
2025-06-23,0:53:35.700,1.456107497,3.50946641,0.800452054
2025-06-23,0:53:35.700,1.595173955,3.289611816,1.432452679
2025-06-23,0:53:35.700,1.75605464,3.487873793,0.928393066
2025-06-23,0:53:35.700,1.775142193,3.47315073,1.117649317
2025-06-23,0:53:35.700,1.382484078,2.82477951,1.30000937
2025-06-23,0:53:35.700,1.319767833,3.522443771,0.768776596
2025-06-23,0:53:35.700,1.456107497,3.460508347,0.990938365
2025-06-23,0:53:35.700,1.595173955,3.227125406,1.568160415
2025-06-23,0:53:35.700,-0.020450948,0.038509674,0.001492015
2025-06-23,0:53:35.700,-0.040901896,0.077053085,-0.001925404
2025-06-23,0:53:35.700,-0.194965705,0.433882654,0.063664727
2025-06-23,0:53:35.700,1.488829017,2.943996906,0.83482784
2025-06-23,0:53:35.700,1.527004123,2.987029791,0.963365018
2025-06-23,0:53:35.700,1.341582179,3.120245218,1.123881936
2025-06-23,0:53:35.700,1.439746737,3.543395996,0.33449769
2025-06-23,0:53:35.700,1.456107497,3.553349495,0.575139344
2025-06-23,0:53:35.700,1.595173955,3.368474245,1.235656857
2025-06-23,0:53:35.700,1.75605464,3.541027784,0.698783278
2025-06-23,0:53:35.700,1.775142193,3.534922361,0.903459549
2025-06-23,0:53:35.700,-0.801677108,1.941405892,0.39808327
2025-06-23,0:53:35.700,-0.818037868,1.960429072,0.496172935
2025-06-23,0:53:35.700,1.27613914,3.028368711,0.883808672
2025-06-23,0:53:35.700,1.400208235,2.950254202,1.102237701
2025-06-23,0:53:35.700,1.417932391,2.886324644,1.356745243
2025-06-23,0:53:35.700,1.319767833,3.538903713,0.689048231
2025-06-23,0:53:35.700,1.334765196,3.560860157,0.784859359
2025-06-23,0:53:35.700,1.472468257,3.495004416,1.017264962
2025-06-23,0:53:35.700,1.648346305,3.366163015,1.554009676
2025-06-23,0:53:35.700,1.27613914,2.970132589,1.063224912
2025-06-23,0:53:35.700,1.400208235,2.861316204,1.315977454
2025-06-23,0:53:35.700,1.199788928,3.516029119,0.968742013
2025-06-23,0:53:35.700,1.213422894,3.53456068,1.05442524
2025-06-23,0:53:35.700,1.349762559,3.457005501,1.282692909
2025-06-23,0:53:35.700,-0.190875515,0.392142028,0.011723186
2025-06-23,0:53:35.700,-0.224960431,0.423556477,0.017654942
2025-06-23,0:53:35.700,-0.020450948,0.038509998,0.001483685
2025-06-23,0:53:35.700,-0.040901896,0.077054679,-0.001860513
2025-06-23,0:53:35.700,1.382484078,3.030622721,0.696225226
2025-06-23,0:53:35.700,1.50791657,2.967252493,0.895047843
2025-06-23,0:53:35.700,1.417932391,2.981089354,1.133461356
2025-06-23,0:53:35.700,1.319767833,3.576953888,0.451695532
2025-06-23,0:53:35.700,1.334765196,3.607140541,0.533165991
2025-06-23,0:53:35.700,1.472468257,3.565185547,0.734394431
2025-06-23,0:53:35.700,1.775142193,3.41264081,1.290658116
2025-06-23,0:53:35.700,-0.196329087,0.435662836,0.213895708
2025-06-23,0:53:35.700,-0.299947232,0.846611142,-0.338462889
2025-06-23,0:53:35.700,1.049815297,3.17165184,0.352336973
2025-06-23,0:53:35.700,1.169794202,3.136147738,0.613861084
2025-06-23,0:53:35.700,1.2924999,3.113331556,0.718415141
2025-06-23,0:53:35.700,1.30886066,3.130163908,0.81921804
2025-06-23,0:53:35.700,1.325221419,3.139448881,0.936091661
2025-06-23,0:53:35.700,1.229783654,3.157890081,1.146405339
2025-06-23,0:53:35.700,1.199788928,3.538576603,0.882834375
2025-06-23,0:53:35.700,1.213422894,3.583621979,0.873261333
2025-06-23,0:53:35.700,1.227056861,3.644986868,0.791485369
2025-06-23,0:53:35.700,1.75605464,3.445918322,1.073696256
2025-06-23,0:53:35.700,1.648346305,3.574973106,0.982632637
2025-06-23,0:53:35.700,1.169794202,3.093018055,0.803422511
2025-06-23,0:53:35.700,1.184791565,3.098864555,0.934246778
2025-06-23,0:53:35.700,1.30886066,3.070066214,1.021634459
2025-06-23,0:53:35.700,1.325221419,3.074992418,1.129967928
2025-06-23,0:53:35.700,1.199788928,3.474720716,1.107807755
2025-06-23,0:53:35.700,1.213422894,3.520667315,1.099924445
2025-06-23,0:53:35.700,1.227056861,3.586704969,1.023682117
2025-06-23,0:53:35.700,1.630622149,3.395718813,1.386026502
2025-06-23,0:53:35.700,-0.020450948,0.038512208,0.001425196
2025-06-23,0:53:35.700,-0.040901896,0.077054933,-0.001850061
2025-06-23,0:53:35.700,-0.209963068,0.413689792,0.122862644
2025-06-23,0:53:35.700,-0.299947232,0.831673265,-0.37366727
2025-06-23,0:53:35.700,1.27613914,3.129743814,0.396027952
2025-06-23,0:53:35.700,1.2924999,3.153138638,0.516402543
2025-06-23,0:53:35.700,1.417932391,3.135257721,0.584626198
2025-06-23,0:53:35.700,1.325221419,3.191730738,0.738418341
2025-06-23,0:53:35.700,1.117985129,3.311880112,0.761867404
2025-06-23,0:53:35.700,1.199788928,3.584769487,0.67108041
2025-06-23,0:53:35.700,1.213422894,3.629804373,0.655325472
2025-06-23,0:53:35.700,1.349762559,3.638465405,0.598127306
2025-06-23,0:53:35.700,1.75605464,3.506686926,0.854589164
2025-06-23,0:53:35.700,1.648346305,3.626555681,0.770773888
2025-06-23,0:53:35.700,-0.229050606,0.46672374,0.061671104
2025-06-23,0:53:35.700,1.049815297,3.176763773,0.302803069
2025-06-23,0:53:35.700,1.063449264,3.197022438,0.47832045
2025-06-23,0:53:35.700,1.184791565,3.19193697,0.536019385
2025-06-23,0:53:35.700,1.199788928,3.219285727,0.615521789
2025-06-23,0:53:35.700,1.214786291,3.206168652,0.856384754
2025-06-23,0:53:35.700,1.229783654,3.150681734,1.166069508
2025-06-23,0:53:35.700,1.079810023,3.551525593,0.980352104
2025-06-23,0:53:35.700,1.092080593,3.597189665,0.972066164
2025-06-23,0:53:35.700,1.104351163,3.640984297,0.97040695
2025-06-23,0:53:35.700,1.505189657,3.545401573,1.129351616
2025-06-23,0:53:35.700,1.394754648,3.681906462,0.980444133
2025-06-23,0:53:35.700,1.063449264,3.161447525,0.674530447
2025-06-23,0:53:35.700,1.07708323,3.183881283,0.763086975
2025-06-23,0:53:35.700,1.199788928,3.175456047,0.811878383
2025-06-23,0:53:35.700,1.104351163,3.173144817,1.095526576
2025-06-23,0:53:35.700,1.229783654,3.034363985,1.441925406
2025-06-23,0:53:35.700,1.079810023,3.468194962,1.243402123
2025-06-23,0:53:35.700,1.092080593,3.517480135,1.229642272
2025-06-23,0:53:35.700,1.104351163,3.575495005,1.18923974
2025-06-23,0:53:35.700,1.379757285,3.529590845,1.322559237
2025-06-23,0:53:35.700,1.394754648,3.60708642,1.227449536
2025-06-23,0:53:35.700,-0.209963068,0.430685252,-0.027289137
2025-06-23,0:53:35.700,-0.245411366,0.462325096,-0.011284146
2025-06-23,0:53:35.700,1.184791565,3.233231783,0.148292065
2025-06-23,0:53:35.700,-0.020450948,0.038511295,0.001449623
2025-06-23,0:53:35.700,-0.040901896,0.077052355,-0.001954478
2025-06-23,0:53:35.700,-0.209963068,0.43152535,0.004513677
2025-06-23,0:53:35.700,-0.229050606,0.469899178,0.028795063
2025-06-23,0:53:35.700,1.049815297,3.183035374,0.227602839
2025-06-23,0:53:35.700,1.169794202,3.185268879,0.257506371
2025-06-23,0:53:35.700,1.184791565,3.218886375,0.338449776
2025-06-23,0:53:35.700,1.199788928,3.251024485,0.416542619
2025-06-23,0:53:35.700,-0.020450948,0.038502283,0.001671926
2025-06-23,0:53:35.700,-0.040901896,0.077063538,-0.001447816
2025-06-23,0:53:35.700,-0.020450948,0.038499918,0.00172553
2025-06-23,0:53:35.700,-0.040901896,0.077064924,-0.00137192
2025-06-23,0:53:35.700,-0.020450948,0.038498074,0.001766238
2025-06-23,0:53:35.700,-0.040901896,0.077065408,-0.001344594
2025-06-23,0:53:35.700,0.054535862,0.207649574,-0.038653061
2025-06-23,0:53:35.700,-0.020450948,0.038497876,0.001770522
2025-06-23,0:53:35.700,-0.040901896,0.077067286,-0.001232347
2025-06-23,0:53:35.700,-0.088620774,0.192436099,0.051973745
2025-06-23,0:53:35.700,-0.076350205,0.156824097,0.005678711
2025-06-23,0:53:35.700,-0.059989449,0.148833573,-0.068594709
2025-06-23,0:53:35.700,-0.074986808,0.187234715,-0.083106585
2025-06-23,0:53:35.700,-0.020450948,0.038502481,0.001667369
2025-06-23,0:53:35.700,-0.040901896,0.077054709,-0.001859218
2025-06-23,0:53:35.700,-0.074986808,0.203432783,0.024055161
2025-06-23,0:53:35.700,0.047718879,0.198801756,-0.076074533
2025-06-23,0:53:35.700,-0.004090189,0.128758609,0.023144163
2025-06-23,0:53:35.700,-0.076350205,0.152380183,-0.037500996
2025-06-23,0:53:35.700,-0.020450948,0.038527314,0.000931196
2025-06-23,0:53:35.700,0.049082275,0.756303847,-0.205711827
2025-06-23,0:53:35.700,-0.095437758,0.195264965,-0.018702783
2025-06-23,0:53:35.700,-0.020450948,0.038495749,0.001816223
2025-06-23,0:53:35.700,-0.040901896,0.077066079,-0.001305392
2025-06-23,0:53:35.700,0.049082275,0.763162553,-0.178593814
2025-06-23,0:53:35.700,-0.020450948,0.038502224,0.001673327
2025-06-23,0:53:35.700,-0.040901896,0.077058896,-0.00167675
2025-06-23,0:53:35.700,-0.020450948,0.038499534,0.001734097
2025-06-23,0:53:35.700,-0.040901896,0.077064797,-0.00137887
2025-06-23,0:53:35.700,-0.061352845,0.202823997,0.051815204
2025-06-23,0:53:36.100,-0.020450948,0.038500335,0.001716212
2025-06-23,0:53:36.100,-0.040901896,0.077063017,-0.001475365
2025-06-23,0:53:36.500,-0.020450948,0.038500998,0.001701312
2025-06-23,0:53:36.500,-0.040901896,0.077063993,-0.001423302
2025-06-23,0:53:36.800,-0.020450948,0.038500331,0.001716317
2025-06-23,0:53:36.800,-0.040901896,0.077062704,-0.001491238
2025-06-23,0:53:37.100,-0.020450948,0.03850048,0.001712969
2025-06-23,0:53:37.100,-0.040901896,0.07706292,-0.001480389
2025-06-23,0:53:37.500,-0.020450948,0.038500559,0.00171122
2025-06-23,0:53:37.500,-0.040901896,0.07706248,-0.001502781
2025-06-23,0:53:37.800,-0.020450948,0.038499761,0.00172907
2025-06-23,0:53:37.800,-0.040901896,0.077062957,-0.001478516
2025-06-23,0:53:38.100,-0.020450948,0.038500302,0.00171698
2025-06-23,0:53:38.100,-0.040901896,0.077062674,-0.001493025
2025-06-23,0:53:38.500,-0.020450948,0.038500223,0.001718729
2025-06-23,0:53:38.500,-0.040901896,0.077062823,-0.001485289
2025-06-23,0:53:38.800,-0.020450948,0.038500812,0.00170552
2025-06-23,0:53:38.800,-0.040901896,0.077062882,-0.001482376
2025-06-23,0:53:39.100,-0.020450948,0.038501441,0.001691229
2025-06-23,0:53:39.100,-0.040901896,0.077062786,-0.001487166
2025-06-23,0:53:39.400,-0.020450948,0.038500525,0.001711948
2025-06-23,0:53:39.400,-0.040901896,0.077062897,-0.001481277
2025-06-23,0:53:39.800,-0.020450948,0.038500253,0.001718032
2025-06-23,0:53:39.800,-0.040901896,0.077062674,-0.001493025
2025-06-23,0:53:40.100,-0.020450948,0.038500905,0.001703387
2025-06-23,0:53:40.100,-0.040901896,0.077062413,-0.001506574
2025-06-23,0:53:40.400,-0.020450948,0.038500767,0.001706543
2025-06-23,0:53:40.400,-0.040901896,0.077062942,-0.001479294
2025-06-23,0:53:40.700,-0.020450948,0.038500365,0.001715516
2025-06-23,0:53:40.700,-0.040901896,0.077062428,-0.001505705
2025-06-23,0:53:41.100,-0.020450948,0.038500413,0.001714464
2025-06-23,0:53:41.100,-0.040901896,0.077062823,-0.001485244
2025-06-23,0:53:41.400,-0.020450948,0.038500924,0.001702975
2025-06-23,0:53:41.400,-0.040901896,0.077062733,-0.001490023
2025-06-23,0:53:41.700,-0.020450948,0.038500685,0.00170829
2025-06-23,0:53:41.700,-0.040901896,0.077062234,-0.001515433
2025-06-23,0:53:42.000,-0.020450948,0.038500782,0.001706105
2025-06-23,0:53:42.000,-0.040901896,0.077062368,-0.00150866
2025-06-23,0:53:42.400,-0.020450948,0.038501095,0.001699038
2025-06-23,0:53:42.400,-0.040901896,0.077062197,-0.00151725
2025-06-23,0:53:42.800,-0.020450948,0.03850016,0.001720139
2025-06-23,0:53:42.800,-0.040901896,0.077062659,-0.001494009
2025-06-23,0:53:43.100,-0.020450948,0.038500048,0.001722655
2025-06-23,0:53:43.100,-0.040901896,0.077062897,-0.001481325
2025-06-23,0:53:43.500,-0.020450948,0.038500063,0.001722334
2025-06-23,0:53:43.500,-0.040901896,0.077062637,-0.001494911
2025-06-23,0:53:43.800,-0.020450948,0.038499966,0.001724478
2025-06-23,0:53:43.800,-0.040901896,0.07706292,-0.001480205
2025-06-23,0:53:44.100,-0.020450948,0.038500287,0.001717334
2025-06-23,0:53:44.100,-0.040901896,0.077062503,-0.001501697
2025-06-23,0:53:44.400,-0.020450948,0.038500186,0.00171953
2025-06-23,0:53:44.400,-0.040901896,0.07706248,-0.00150274
2025-06-23,0:53:44.800,-0.020450948,0.038499836,0.001727369
2025-06-23,0:53:44.800,-0.040901896,0.07706292,-0.001480329
2025-06-23,0:53:45.100,-0.020450948,0.03850051,0.001712303
2025-06-23,0:53:45.100,-0.040901896,0.077062771,-0.001488115
2025-06-23,0:53:45.400,-0.020450948,0.038501143,0.001698003
2025-06-23,0:53:45.400,-0.040901896,0.077062257,-0.00151441
2025-06-23,0:53:45.800,-0.020450948,0.038500525,0.001711934
2025-06-23,0:53:45.800,-0.040901896,0.077061772,-0.001538741
2025-06-23,0:53:46.100,-0.020450948,0.03850124,0.001695767
2025-06-23,0:53:46.100,-0.040901896,0.077061638,-0.001545524
2025-06-23,0:53:46.500,-0.020450948,0.038500737,0.001707181
2025-06-23,0:53:46.500,-0.040901896,0.077062048,-0.001525063
2025-06-23,0:53:46.800,-0.020450948,0.038500108,0.001721272
2025-06-23,0:53:46.800,-0.040901896,0.077062674,-0.001492855
2025-06-23,0:53:47.100,-0.019087551,0.039229974,0.000370094
2025-06-23,0:53:47.100,-0.020450948,0.038501173,0.001697302
2025-06-23,0:53:47.100,-0.040901896,0.077061929,-0.001530959
2025-06-23,0:53:47.400,-0.020450948,0.038500987,0.001701545
2025-06-23,0:53:47.400,-0.040901896,0.077062093,-0.001522896
2025-06-23,0:53:47.800,-0.020450948,0.038501538,0.001689018
2025-06-23,0:53:47.800,-0.040901896,0.077061743,-0.001540375
2025-06-23,0:53:48.400,-0.020450948,0.038501211,0.001696486
2025-06-23,0:53:48.400,-0.040901896,0.077062421,-0.001506241
2025-06-23,0:53:48.400,-0.020450948,0.038501207,0.001696525
2025-06-23,0:53:48.400,-0.040901896,0.077061683,-0.001543385
2025-06-23,0:53:48.800,-0.020450948,0.038499609,0.00173245
2025-06-23,0:53:48.800,-0.040901896,0.077063821,-0.001432331
2025-06-23,0:53:49.000,-0.020450948,0.03850054,0.001711607
2025-06-23,0:53:49.000,-0.040901896,0.077063464,-0.001451809
2025-06-23,0:53:49.400,-0.020450948,0.038500383,0.001715182
2025-06-23,0:53:49.400,-0.040901896,0.077063568,-0.001445957
2025-06-23,0:53:49.700,-0.020450948,0.038500249,0.001718131
2025-06-23,0:53:49.700,-0.040901896,0.077063218,-0.001464447
2025-06-23,0:53:50.100,-0.020450948,0.038500302,0.001717003
2025-06-23,0:53:50.100,-0.040901896,0.077063262,-0.001462466
2025-06-23,0:53:50.400,-0.020450948,0.038500618,0.00170985
2025-06-23,0:53:50.400,-0.040901896,0.077062882,-0.001482024
2025-06-23,0:53:50.800,-0.020450948,0.038500939,0.001702636
2025-06-23,0:53:50.800,-0.040901896,0.077063151,-0.001468343
2025-06-23,0:53:51.100,-0.020450948,0.038501061,0.001699815
2025-06-23,0:53:51.100,-0.040901896,0.077063076,-0.001472206
2025-06-23,0:53:51.400,-0.020450948,0.03850086,0.001704407
2025-06-23,0:53:51.400,-0.040901896,0.077062532,-0.001500447
2025-06-23,0:53:51.700,-0.020450948,0.038500603,0.001710215
2025-06-23,0:53:51.700,-0.040901896,0.077062413,-0.00150631
2025-06-23,0:53:52.100,-0.782589614,1.602873206,-0.134430259
2025-06-23,0:53:52.100,-0.020450948,0.038500588,0.001710501
2025-06-23,0:53:52.100,-0.040901896,0.077062607,-0.001496467
2025-06-23,0:53:52.400,-0.782589614,1.603120446,-0.131449208
2025-06-23,0:53:52.400,-0.838488877,1.57903409,-0.057516787
2025-06-23,0:53:52.400,-0.020450948,0.038501427,0.00169157
2025-06-23,0:53:52.400,-0.040901896,0.077062167,-0.001519001
2025-06-23,0:53:52.400,-0.782589614,1.588393211,-0.253537059
2025-06-23,0:53:52.800,-0.020450948,0.038501158,0.001697664
2025-06-23,0:53:52.800,-0.040901896,0.077062421,-0.001506276
2025-06-23,0:53:53.100,-0.020450948,0.03850035,0.001715881
2025-06-23,0:53:53.100,-0.040901896,0.077062473,-0.001503329
2025-06-23,0:53:53.500,-0.020450948,0.038500413,0.001714489
2025-06-23,0:53:53.500,-0.040901896,0.077062622,-0.001495606
2025-06-23,0:53:53.800,-0.020450948,0.038500972,0.001701892
2025-06-23,0:53:53.800,-0.040901896,0.077062659,-0.001493651
2025-06-23,0:53:54.100,-0.020450948,0.038501851,0.001681847
2025-06-23,0:53:54.100,-0.040901896,0.077062562,-0.001498584
2025-06-23,0:53:54.500,-0.020450948,0.038501538,0.001689053
2025-06-23,0:53:54.500,-0.040901896,0.077062473,-0.001503487
2025-06-23,0:53:54.800,-0.020450948,0.038499579,0.001733114
2025-06-23,0:53:54.800,-0.040901896,0.077063754,-0.001436157
2025-06-23,0:53:55.100,-0.020450948,0.038500328,0.001716354
2025-06-23,0:53:55.100,-0.040901896,0.077063426,-0.001453672
2025-06-23,0:53:55.500,-0.020450948,0.038500328,0.001716354
2025-06-23,0:53:55.500,-0.040901896,0.077063315,-0.00145962
2025-06-23,0:53:55.800,-0.020450948,0.038500011,0.001723515
2025-06-23,0:53:55.800,-0.040901896,0.07706359,-0.001444916
2025-06-23,0:53:56.100,-0.020450948,0.038499959,0.001724649
2025-06-23,0:53:56.100,-0.040901896,0.077063516,-0.001448827
2025-06-23,0:53:56.500,-0.020450948,0.038500428,0.001714161
2025-06-23,0:53:56.500,-0.040901896,0.077063553,-0.001446869
2025-06-23,0:53:56.800,-0.020450948,0.038499765,0.001728924
2025-06-23,0:53:56.800,-0.040901896,0.077063739,-0.001437121
2025-06-23,0:53:57.100,-0.020450948,0.038499899,0.001725954
2025-06-23,0:53:57.100,-0.040901896,0.077063732,-0.001437175
2025-06-23,0:53:57.400,-0.020450948,0.038499251,0.001740354
2025-06-23,0:53:57.400,-0.040901896,0.077063993,-0.001423414
2025-06-23,0:53:57.800,-0.020450948,0.038498875,0.001748662
2025-06-23,0:53:57.800,-0.040901896,0.077063933,-0.001426364
2025-06-23,0:53:58.100,-0.020450948,0.038499657,0.001731367
2025-06-23,0:53:58.100,-0.040901896,0.077063881,-0.001429316
2025-06-23,0:53:58.400,-0.020450948,0.03849896,0.001746829
2025-06-23,0:53:58.400,-0.040901896,0.077064082,-0.0014186
2025-06-23,0:53:58.800,-0.020450948,0.038498402,0.001759026
2025-06-23,0:53:58.800,-0.040901896,0.077064209,-0.001411764
2025-06-23,0:53:59.100,-0.020450948,0.038499642,0.001731734
2025-06-23,0:53:59.100,-0.040901896,0.077064112,-0.001416653
2025-06-23,0:53:59.400,-0.020450948,0.038499042,0.001745
2025-06-23,0:53:59.400,-0.040901896,0.077064238,-0.001409769
2025-06-23,0:53:59.700,-0.020450948,0.038499765,0.001728924
2025-06-23,0:53:59.700,-0.040901896,0.077063821,-0.001432324
2025-06-23,0:54:00.100,-0.020450948,0.03849924,0.001740638
2025-06-23,0:54:00.100,-0.040901896,0.077064097,-0.001417676
2025-06-23,0:54:00.400,-0.020450948,0.038499106,0.001743624
2025-06-23,0:54:00.400,-0.040901896,0.07706397,-0.001424413
2025-06-23,0:54:00.700,-0.020450948,0.038498867,0.001748836
2025-06-23,0:54:00.700,-0.040901896,0.077064209,-0.001411623
2025-06-23,0:54:01.500,-0.020450948,0.038499881,0.001726409
2025-06-23,0:54:01.500,-0.040901896,0.077063933,-0.001426282
2025-06-23,0:54:01.500,-0.020450948,0.038499497,0.001734889
2025-06-23,0:54:01.500,-0.040901896,0.077064082,-0.001418496
2025-06-23,0:54:01.700,-0.020450948,0.03849953,0.001734215
2025-06-23,0:54:01.700,-0.040901896,0.077064052,-0.001420325
2025-06-23,0:54:02.100,-0.020450948,0.038499579,0.001733143
2025-06-23,0:54:02.100,-0.040901896,0.077064052,-0.00142032
2025-06-23,0:54:02.500,-0.020450948,0.038499333,0.001738534
2025-06-23,0:54:02.500,-0.040901896,0.077064246,-0.001409648
2025-06-23,0:54:02.800,-0.020450948,0.038499024,0.00174539
2025-06-23,0:54:02.800,-0.040901896,0.077064514,-0.001394984
2025-06-23,0:54:03.100,-0.020450948,0.038498849,0.001749293
2025-06-23,0:54:03.100,-0.040901896,0.077064425,-0.001399835
2025-06-23,0:54:03.500,-0.020450948,0.038499448,0.001736016
2025-06-23,0:54:03.500,-0.040901896,0.077064194,-0.001412599
2025-06-23,0:54:03.800,-0.020450948,0.038499378,0.0017376
2025-06-23,0:54:03.800,-0.040901896,0.077064224,-0.001410557
2025-06-23,0:54:04.100,-0.020450948,0.038498938,0.00174729
2025-06-23,0:54:04.100,-0.040901896,0.077064641,-0.001388031
2025-06-23,0:54:04.700,-0.020450948,0.038499266,0.001740052
2025-06-23,0:54:04.700,-0.040901896,0.077064581,-0.001390986
2025-06-23,0:54:04.700,-0.020450948,0.03849858,0.001755147
2025-06-23,0:54:04.700,-0.040901896,0.077064723,-0.001383177
2025-06-23,0:54:05.100,-0.020450948,0.038500104,0.001721374
2025-06-23,0:54:05.100,-0.040901896,0.077064067,-0.001419406
2025-06-23,0:54:05.500,-0.020450948,0.038498532,0.001756219
2025-06-23,0:54:05.500,-0.040901896,0.077064388,-0.001401787
2025-06-23,0:54:05.800,-0.020450948,0.038498975,0.00174646
2025-06-23,0:54:05.800,-0.040901896,0.077064388,-0.001401728
2025-06-23,0:54:06.100,-0.020450948,0.038498286,0.001761555
2025-06-23,0:54:06.100,-0.040901896,0.077064596,-0.001390066
2025-06-23,0:54:06.400,-0.020450948,0.038499281,0.001739736
2025-06-23,0:54:06.400,-0.040901896,0.077064097,-0.001417444
2025-06-23,0:54:06.900,-0.020450948,0.038499281,0.001739736
2025-06-23,0:54:06.900,-0.040901896,0.07706432,-0.001405659
2025-06-23,0:54:07.100,-0.020450948,0.038499229,0.001740875
2025-06-23,0:54:07.100,-0.040901896,0.077064097,-0.001417442
2025-06-23,0:54:07.400,-0.020450948,0.038499232,0.001740806
2025-06-23,0:54:07.400,-0.040901896,0.077064224,-0.001410569
2025-06-23,0:54:07.800,-0.020450948,0.038499556,0.001733563
2025-06-23,0:54:07.800,-0.040901896,0.07706432,-0.001405658
2025-06-23,0:54:08.100,-0.020450948,0.03849946,0.001735762
2025-06-23,0:54:08.100,-0.040901896,0.077064171,-0.00141352
2025-06-23,0:54:08.400,-0.020450948,0.038499229,0.001740875
2025-06-23,0:54:08.400,-0.040901896,0.077064157,-0.001414489
2025-06-23,0:54:08.800,-0.020450948,0.03849899,0.001746142
2025-06-23,0:54:08.800,-0.040901896,0.077064261,-0.001408607
2025-06-23,0:54:09.100,-0.020450948,0.038498759,0.001751183
2025-06-23,0:54:09.100,-0.040901896,0.077064313,-0.001405722
2025-06-23,0:54:09.400,-0.020450948,0.038498838,0.001749493
2025-06-23,0:54:09.400,-0.040901896,0.077064514,-0.001394956
2025-06-23,0:54:09.800,-0.020450948,0.038498659,3.38E-37
2025-06-23,0:54:10.100,-0.020450948,0.038498856,0.001749123
2025-06-23,0:54:10.100,-0.040901896,0.077064142,-0.001415356
2025-06-23,0:54:10.400,-0.020450948,0.038499538,0.001734013
2025-06-23,0:54:10.400,-0.040901896,0.077064231,-0.00141049
2025-06-23,0:54:10.700,-0.020450948,0.03849965,0.00173149
2025-06-23,0:54:10.700,-0.040901896,0.077064104,-0.001417314
2025-06-23,0:54:11.100,-0.020450948,0.038499627,0.001731999
2025-06-23,0:54:11.100,-0.040901896,0.077063918,-0.001427097
2025-06-23,0:54:11.500,-0.020450948,0.038499199,0.001741557
2025-06-23,0:54:11.500,-0.040901896,0.07706441,-0.001400704
2025-06-23,0:54:11.800,-0.020450948,0.038499389,0.001737284
2025-06-23,0:54:11.800,-0.040901896,0.077064179,-0.001413433
2025-06-23,0:54:12.100,-0.020450948,0.038498934,0.001747368
2025-06-23,0:54:12.100,-0.040901896,0.077064551,-0.001392843
2025-06-23,0:54:12.400,-0.020450948,0.038498446,0.001758056
2025-06-23,0:54:12.400,-0.040901896,0.077064462,-0.001397741
2025-06-23,0:54:12.700,-0.020450948,0.038498752,0.001751334
2025-06-23,0:54:12.700,-0.040901896,0.077064514,-0.001394777
2025-06-23,0:54:13.200,-0.020450948,0.038498346,0.001760268
2025-06-23,0:54:13.200,-0.040901896,0.077064693,-0.001384994
2025-06-23,0:54:13.400,-0.020450948,0.038498767,0.001751025
2025-06-23,0:54:13.400,-0.040901896,0.077064604,-0.001389887
2025-06-23,0:54:13.800,-0.020450948,0.038499046,0.001744908
2025-06-23,0:54:13.800,-0.040901896,0.077064604,-0.001389887
2025-06-23,0:54:14.200,-0.020450948,0.038499564,0.001733444
2025-06-23,0:54:14.200,-0.040901896,0.077064231,-0.001410464
2025-06-23,0:54:14.500,-0.020450948,0.038499098,0.001743764
2025-06-23,0:54:14.500,-0.040901896,0.077064529,-0.001393848
2025-06-23,0:54:14.800,-0.020450948,0.038498916,0.001747742
2025-06-23,0:54:14.800,-0.040901896,0.077064656,-0.001386955
2025-06-23,0:54:15.100,-0.020450948,0.038498703,0.001752405
2025-06-23,0:54:15.100,-0.040901896,0.077064723,-0.001383032
2025-06-23,0:54:15.400,-0.020450948,0.038499031,0.00174522
2025-06-23,0:54:15.400,-0.040901896,0.077064335,-0.001404598
2025-06-23,0:54:15.800,-0.020450948,0.038499553,0.001733691
2025-06-23,0:54:15.800,-0.040901896,0.077063993,-0.001423213
2025-06-23,0:54:16.100,-0.020450948,0.03849934,0.001738369
2025-06-23,0:54:16.100,-0.040901896,0.077064194,-0.001412316
2025-06-23,0:54:16.400,-0.020450948,0.038499385,0.001737367
2025-06-23,0:54:16.400,-0.040901896,0.077064104,-0.001417184
2025-06-23,0:54:16.800,-0.020450948,0.038499273,0.001739885
2025-06-23,0:54:16.800,-0.040901896,0.077063978,-0.001424028
2025-06-23,0:54:17.100,-0.020450948,0.038499288,0.001739569
2025-06-23,0:54:17.100,-0.040901896,0.077063888,-0.001428906
2025-06-23,0:54:17.400,-0.020450948,0.038499761,0.001729052
2025-06-23,0:54:17.400,-0.040901896,0.077063873,-0.001429914
2025-06-23,0:54:17.700,0,1.742861152,0.089303337
2025-06-23,0:54:17.700,0,1.787614107,0.064469218
2025-06-23,0:54:17.700,-0.057262655,1.824248195,0.162934691
2025-06-23,0:54:17.700,-0.020450948,0.038499452,0.001735891
2025-06-23,0:54:17.700,-0.040901896,0.077063486,-0.001450386
2025-06-23,0:54:18.100,0,1.739191651,-0.144058198
2025-06-23,0:54:18.100,0.055899259,1.779423714,-0.173917264
2025-06-23,0:54:18.100,0,1.820801258,-0.205889627
2025-06-23,0:54:18.100,0.055899259,1.786971092,-0.05770757
2025-06-23,0:54:18.100,-0.020450948,0.0385,0.001723692
2025-06-23,0:54:18.100,-0.040901896,0.077063359,-0.001457297
2025-06-23,0:54:18.100,0,1.743079305,-0.401740074
2025-06-23,0:54:18.400,-0.020450948,0.038500004,0.001723658
2025-06-23,0:54:18.400,-0.040901896,0.077063285,-0.001461196
2025-06-23,0:54:18.700,-0.020450948,0.038499713,0.001730129
2025-06-23,0:54:18.700,-0.040901896,0.077063076,-0.001472064
2025-06-23,0:54:19.100,-0.020450948,0.038500305,0.001716885
2025-06-23,0:54:19.100,-0.040901896,0.077063225,-0.001464161
2025-06-23,0:54:19.500,1.469741464,2.802821398,1.126801491
2025-06-23,0:54:19.500,-0.020450948,0.038499791,0.001728368
2025-06-23,0:54:19.500,-0.040901896,0.077063747,-0.001436758
2025-06-23,0:54:19.800,-0.020450948,0.038500369,0.001715442
2025-06-23,0:54:19.800,-0.040901896,0.07706365,-0.00144164
2025-06-23,0:54:20.100,-0.020450948,0.038500194,0.001719404
2025-06-23,0:54:20.100,-0.040901896,0.07706362,-0.001443562
2025-06-23,0:54:20.400,-0.020450948,0.038499516,0.00173446
2025-06-23,0:54:20.400,-0.040901896,0.077063747,-0.001436665
2025-06-23,0:54:21.100,-0.020450948,0.038500383,0.001715089
2025-06-23,0:54:21.100,-0.040901896,0.077063449,-0.001452329
2025-06-23,0:54:21.100,-0.020450948,0.038499564,0.001733403
2025-06-23,0:54:21.100,-0.040901896,0.07706365,-0.001441585
2025-06-23,0:54:21.500,-0.020450948,0.038499828,0.001727588
2025-06-23,0:54:21.500,-0.040901896,0.077063784,-0.001434715
2025-06-23,0:54:21.800,-0.020450948,0.038502358,0.001670233
2025-06-23,0:54:21.800,-0.040901896,0.077061169,-0.001568833
2025-06-23,0:54:22.100,-0.020450948,0.038502511,0.001666681
2025-06-23,0:54:22.100,-0.040901896,0.077061407,-0.001557034
2025-06-23,0:54:22.400,-0.020450948,0.03850304,0.001654476
2025-06-23,0:54:22.400,-0.040901896,0.077061169,-0.001568666
2025-06-23,0:54:22.800,-0.020450948,0.038502697,0.001662385
2025-06-23,0:54:22.800,-0.040901896,0.07706131,-0.001561716
2025-06-23,0:54:23.100,-0.020450948,0.038502943,0.001656645
2025-06-23,0:54:23.100,-0.040901896,0.077061526,-0.001551002
2025-06-23,0:54:23.400,-0.020450948,0.038502853,0.001658777
2025-06-23,0:54:23.400,-0.040901896,0.077061124,-0.001570837
2025-06-23,0:54:23.700,-0.020450948,0.038502201,0.001673839
2025-06-23,0:54:23.700,-0.040901896,0.077061564,-0.001549247
2025-06-23,0:54:24.400,-0.020450948,0.038502108,0.001675984
2025-06-23,0:54:24.400,-0.040901896,0.077061683,-0.001543454
2025-06-23,0:54:24.400,-0.020450948,0.038502108,0.001675984
2025-06-23,0:54:24.400,-0.040901896,0.077061623,-0.001546388
2025-06-23,0:54:24.800,1.506553173,3.165880203,1.208311677
2025-06-23,0:54:24.800,1.524277329,3.100338697,1.463723898
2025-06-23,0:54:24.800,-0.020450948,0.038501948,0.001679648
2025-06-23,0:54:24.800,-0.040901896,0.077061184,-0.00156807
2025-06-23,0:54:25.100,1.506553173,3.172008991,1.19212985
2025-06-23,0:54:25.100,-0.020450948,0.038502481,0.001667401
2025-06-23,0:54:25.100,-0.040901896,0.077060945,-0.001579715
2025-06-23,0:54:25.500,-0.020450948,0.038502123,0.001675655
2025-06-23,0:54:25.500,-0.040901896,0.077061243,-0.001564976
2025-06-23,0:54:25.800,-0.020450948,0.038502011,0.001678161
2025-06-23,0:54:25.800,-0.040901896,0.077061765,-0.00153944
2025-06-23,0:54:26.100,-0.020450948,0.038501114,0.001698627
2025-06-23,0:54:26.100,-0.040901896,0.077062048,-0.001524922
2025-06-23,0:54:26.100,1.524277329,3.058287621,1.549665928
2025-06-23,0:54:26.500,-0.020450948,0.038501929,0.001680016
2025-06-23,0:54:26.500,-0.040901896,0.07706248,-0.001503102
2025-06-23,0:54:26.500,1.524277329,3.113795757,1.434874535
2025-06-23,0:54:26.800,-0.020450948,0.03850146,0.001690782
2025-06-23,0:54:26.800,-0.040901896,0.077062286,-0.001512895
2025-06-23,0:54:27.100,-0.020450948,0.038501684,0.001685709
2025-06-23,0:54:27.100,-0.040901896,0.077062048,-0.001524774
2025-06-23,0:54:27.100,1.524277329,3.092674971,1.479847908
2025-06-23,0:54:27.500,-0.020450948,0.038501728,0.001684665
2025-06-23,0:54:27.500,-0.040901896,0.077062249,-0.001514908
2025-06-23,0:54:28.100,1.194335341,2.883256435,0.635569215
2025-06-23,0:54:28.100,1.311587453,2.84231925,0.790139198
2025-06-23,0:54:28.100,1.329311609,2.85935545,0.874067247
2025-06-23,0:54:28.100,1.450653911,2.831212282,0.935008407
2025-06-23,0:54:28.100,1.469741464,2.86406064,0.960544884
2025-06-23,0:54:28.100,1.131619096,3.394134998,0.558783948
2025-06-23,0:54:28.100,1.25977838,3.370491028,0.695398808
2025-06-23,0:54:28.100,1.390664458,3.340934992,0.810384452
2025-06-23,0:54:28.100,1.407025218,3.336284876,0.983612478
2025-06-23,0:54:28.100,1.542001486,3.369307518,0.822986126
2025-06-23,0:54:28.100,1.559725642,3.302424431,1.183918476
2025-06-23,0:54:28.100,1.30886066,3.941775084,0.540002644
2025-06-23,0:54:28.100,1.322494626,3.967817068,0.645841539
2025-06-23,0:54:28.100,1.293863297,2.800819874,0.790491402
2025-06-23,0:54:28.100,1.311587453,2.779723167,0.988047898
2025-06-23,0:54:28.100,1.329311609,2.790356159,1.074160218
2025-06-23,0:54:28.100,1.347035766,2.806583643,1.14148283
2025-06-23,0:54:28.100,1.469741464,2.776184559,1.190919518
2025-06-23,0:54:28.100,1.244781017,3.298403263,0.827048957
2025-06-23,0:54:28.100,1.25977838,3.314109802,0.927613556
2025-06-23,0:54:28.100,1.274775743,3.326214075,1.031389117
2025-06-23,0:54:28.100,1.289773107,3.324206591,1.167966604
2025-06-23,0:54:28.100,1.559725642,3.194312572,1.45053041
2025-06-23,0:54:28.100,1.322494626,3.919083357,0.895248294
2025-06-23,0:54:28.100,-0.020450948,0.038501762,0.001683916
2025-06-23,0:54:28.100,-0.040901896,0.077061474,-0.001553663
2025-06-23,0:54:28.100,1.293863297,2.859825611,0.539320648
2025-06-23,0:54:28.100,1.311587453,2.88956809,0.59455502
2025-06-23,0:54:28.100,1.431566358,2.86523819,0.669331372
2025-06-23,0:54:28.100,1.450653911,2.891447783,0.727690279
2025-06-23,0:54:28.100,1.469741464,2.925878763,0.751480699
2025-06-23,0:54:28.100,1.244781017,3.382561207,0.348932683
2025-06-23,0:54:28.100,1.25977838,3.409691334,0.466684014
2025-06-23,0:54:28.100,1.390664458,3.389127016,0.576530159
2025-06-23,0:54:28.100,1.407025218,3.397700787,0.744257271
2025-06-23,0:54:28.100,1.559725642,3.365244865,0.991361678
2025-06-23,0:54:28.100,1.293863297,2.848752022,0.595046818
2025-06-23,0:54:28.100,1.311587453,2.845972776,0.776876986
2025-06-23,0:54:28.100,1.431566358,2.813074112,0.862675607
2025-06-23,0:54:28.100,1.450653911,2.835807562,0.920977116
2025-06-23,0:54:28.100,1.469741464,2.874589682,0.928560078
2025-06-23,0:54:28.100,1.244781017,3.354112625,0.559823155
2025-06-23,0:54:28.100,1.25977838,3.373558998,0.680360258
2025-06-23,0:54:28.100,1.274775743,3.390041113,0.796922207
2025-06-23,0:54:28.100,1.289773107,3.39201498,0.953273058
2025-06-23,0:54:28.100,1.559725642,3.345494509,1.056094885
2025-06-23,0:54:28.100,1.554271936,3.775532484,0.712979257
2025-06-23,0:54:28.100,1.439746737,3.901685238,0.496276617
2025-06-23,0:54:28.100,1.454744101,3.918470144,0.66256249
2025-06-23,0:54:28.100,1.336128592,3.97758317,0.821245909
2025-06-23,0:54:28.100,1.194335341,2.851208448,0.766632438
2025-06-23,0:54:28.100,1.311587453,2.785114288,0.972747386
2025-06-23,0:54:28.100,1.329311609,2.79400754,1.064626575
2025-06-23,0:54:28.100,1.450653911,2.757361889,1.134442091
2025-06-23,0:54:28.100,1.469741464,2.789910793,1.158398271
2025-06-23,0:54:28.100,1.131619096,3.354321718,0.762179852
2025-06-23,0:54:28.100,1.25977838,3.316191912,0.920141816
2025-06-23,0:54:28.100,1.390664458,3.272177696,1.054240108
2025-06-23,0:54:28.100,1.158887029,3.372828245,1.016625166
2025-06-23,0:54:28.100,1.289773107,3.31060791,1.205972672
2025-06-23,0:54:28.100,1.439746737,3.848034143,0.813677967
2025-06-23,0:54:28.100,1.454744101,3.860098839,0.945004404
2025-06-23,0:54:28.100,-0.020450948,0.038502369,0.00166995
2025-06-23,0:54:28.100,-0.040901896,0.077061459,-0.001554524
2025-06-23,0:54:28.100,1.293863297,2.87268877,0.465969563
2025-06-23,0:54:28.100,1.412478805,2.844120026,0.582448125
2025-06-23,0:54:28.100,1.431566358,2.868323326,0.655984759
2025-06-23,0:54:28.100,1.450653911,2.895848274,0.709976256
2025-06-23,0:54:28.100,1.469741464,2.935001373,0.715021491
2025-06-23,0:54:28.100,1.244781017,3.38582015,0.315745562
2025-06-23,0:54:28.100,1.374303699,3.365365982,0.465224057
2025-06-23,0:54:28.100,1.390664458,3.390629768,0.567625403
2025-06-23,0:54:28.100,1.407025218,3.397444725,0.745424747
2025-06-23,0:54:28.100,1.559725642,3.410261869,0.823276103
2025-06-23,0:54:28.100,1.454744101,3.957357168,0.364308506
2025-06-23,0:54:28.400,1.194335341,2.897967339,0.564712942
2025-06-23,0:54:28.400,1.311587453,2.85273695,0.751658678
2025-06-23,0:54:28.400,1.431566358,2.819213152,0.842396855
2025-06-23,0:54:28.400,1.347035766,2.894143343,0.896564543
2025-06-23,0:54:28.400,1.469741464,2.874144077,0.929938018
2025-06-23,0:54:28.400,1.131619096,3.40303874,0.501716554
2025-06-23,0:54:28.400,1.25977838,3.37511301,0.672608197
2025-06-23,0:54:28.400,1.274775743,3.391337633,0.791386664
2025-06-23,0:54:28.400,1.289773107,3.393340588,0.948543727
2025-06-23,0:54:28.400,1.559725642,3.32601285,1.115934491
2025-06-23,0:54:28.400,1.424749374,3.834051847,0.669986784
2025-06-23,0:54:28.400,1.30886066,3.946335554,0.505598485
2025-06-23,0:54:28.400,1.322494626,3.962363482,0.678498626
2025-06-23,0:54:28.400,1.336128592,3.951037645,0.940699339
2025-06-23,0:54:28.400,1.293863297,2.819611311,0.720598102
2025-06-23,0:54:28.400,1.311587453,2.795019388,0.943909585
2025-06-23,0:54:28.400,1.329311609,2.804359198,1.037051678
2025-06-23,0:54:28.400,1.347035766,2.821453333,1.104217291
2025-06-23,0:54:28.400,1.469741464,2.78992939,1.158353925
2025-06-23,0:54:28.400,1.131619096,3.361402273,0.730320215
2025-06-23,0:54:28.400,1.25977838,3.320503473,0.904459357
2025-06-23,0:54:28.400,1.274775743,3.328299522,1.024639368
2025-06-23,0:54:28.400,1.289773107,3.310019255,1.207587719
2025-06-23,0:54:28.400,1.439746737,3.301516533,1.329485416
2025-06-23,0:54:28.400,1.439746737,3.853922129,0.785316348
2025-06-23,0:54:28.400,1.322494626,3.8662467,1.101281524
2025-06-23,0:54:28.400,-0.020450948,0.038502201,0.001673858
2025-06-23,0:54:28.400,-0.040901896,0.07706181,-0.001536772
2025-06-23,0:54:28.400,1.194335341,2.938573122,0.286188364
2025-06-23,0:54:28.400,1.311587453,2.897533417,0.554436743
2025-06-23,0:54:28.400,1.329311609,2.921786785,0.63487649
2025-06-23,0:54:28.400,1.450653911,2.899784327,0.693724453
2025-06-23,0:54:28.400,1.469741464,2.934729815,0.716136038
2025-06-23,0:54:28.400,1.131619096,3.429536343,0.265844434
2025-06-23,0:54:28.400,1.25977838,3.412951708,0.442211866
2025-06-23,0:54:28.400,1.274775743,3.437748909,0.556189179
2025-06-23,0:54:28.400,1.407025218,3.396909237,0.747861147
2025-06-23,0:54:28.400,1.559725642,3.398164749,0.871863604
2025-06-23,0:54:28.400,1.30886066,3.968618155,0.281537622
2025-06-23,0:54:28.400,1.322494626,3.997445107,0.425579816
2025-06-23,0:54:28.800,1.293863297,2.853688002,0.570906758
2025-06-23,0:54:28.800,1.311587453,2.859486818,0.725557566
2025-06-23,0:54:28.800,1.329311609,2.878444433,0.808989882
2025-06-23,0:54:28.800,1.450653911,2.847126484,0.885366201
2025-06-23,0:54:28.800,1.364759922,2.92411232,0.934144676
2025-06-23,0:54:28.800,1.131619096,3.397775888,0.536200047
2025-06-23,0:54:28.800,1.25977838,3.375247717,0.671932101
2025-06-23,0:54:28.800,1.274775743,3.398575544,0.759702504
2025-06-23,0:54:28.800,1.289773107,3.432110786,0.796938181
2025-06-23,0:54:28.800,1.559725642,3.305466175,1.175399184
2025-06-23,0:54:28.800,1.537911177,3.653145075,1.052784801
2025-06-23,0:54:28.800,1.424749374,3.807707548,0.806349218
2025-06-23,0:54:28.800,1.30886066,3.942791939,0.532526195
2025-06-23,0:54:28.800,1.322494626,3.950804234,0.742852986
2025-06-23,0:54:28.800,1.336128592,3.973961592,0.838596225
2025-06-23,0:54:28.800,1.194335341,2.874986172,0.671989858
2025-06-23,0:54:28.800,1.210696101,2.853096962,0.90410924
2025-06-23,0:54:28.800,1.329311609,2.812561512,1.014595866
2025-06-23,0:54:28.800,1.347035766,2.827423811,1.088838458
2025-06-23,0:54:28.800,1.364759922,2.847908258,1.145634294
2025-06-23,0:54:28.800,1.131619096,3.354650974,0.760729194
2025-06-23,0:54:28.800,1.25977838,3.32176137,0.899828553
2025-06-23,0:54:28.800,1.158887029,3.382098913,0.985344112
2025-06-23,0:54:28.800,1.289773107,3.369734049,1.029265165
2025-06-23,0:54:28.800,1.439746737,3.26876545,1.408089757
2025-06-23,0:54:28.800,1.190245152,3.930289745,1.022651553
2025-06-23,0:54:28.800,-0.020450948,0.038502231,0.001673148
2025-06-23,0:54:28.800,-0.040901896,0.077061318,-0.001561471
2025-06-23,0:54:28.800,1.293863297,2.879535198,0.421600163
2025-06-23,0:54:28.800,1.311587453,2.903746128,0.520920157
2025-06-23,0:54:28.800,1.431566358,2.877822638,0.61296916
2025-06-23,0:54:28.800,1.450653911,2.903753996,0.676916242
2025-06-23,0:54:28.800,1.469741464,2.93046999,0.73337245
2025-06-23,0:54:28.800,1.131619096,3.426198721,0.305867195
2025-06-23,0:54:28.800,1.374303699,3.366431236,0.457451224
2025-06-23,0:54:28.800,1.274775743,3.442271233,0.52747637
2025-06-23,0:54:28.800,1.289773107,3.476943493,0.570402503
2025-06-23,0:54:28.800,1.679704547,3.317213297,0.95661068
2025-06-23,0:54:28.800,1.30886066,3.961652517,0.366746813
2025-06-23,0:54:28.800,1.322494626,3.986728907,0.516408682
2025-06-23,0:54:29.100,0.995279491,2.997234821,0.411769331
2025-06-23,0:54:29.100,1.008913398,3.03614831,0.432733268
2025-06-23,0:54:29.100,1.022547364,3.079645634,0.420900077
2025-06-23,0:54:29.100,1.036181331,3.122819901,0.410760492
2025-06-23,0:54:29.100,1.049815297,3.153603077,0.488165408
2025-06-23,0:54:29.100,1.063449264,3.149507284,0.728248477
2025-06-23,0:54:29.100,0.792133391,3.496546507,0.509549379
2025-06-23,0:54:29.100,0.916202486,3.508354664,0.531838119
2025-06-23,0:54:29.100,0.927109659,3.547324181,0.556304932
2025-06-23,0:54:29.100,0.938016832,3.584302425,0.59237653
2025-06-23,0:54:29.100,1.186154962,3.567810535,0.520646632
2025-06-23,0:54:29.100,1.199788928,3.614616394,0.485252231
2025-06-23,0:54:29.100,0.897114873,3.962367058,0.560201883
2025-06-23,0:54:29.100,1.036181331,3.971998453,0.572977841
2025-06-23,0:54:29.100,1.047088504,4.011773109,0.592951119
2025-06-23,0:54:29.100,1.057995677,4.048075199,0.635146797
2025-06-23,0:54:29.100,0.995279491,2.965257883,0.600180209
2025-06-23,0:54:29.100,1.008913398,3.001258135,0.630796671
2025-06-23,0:54:29.100,1.022547364,3.046139002,0.618394315
2025-06-23,0:54:29.100,0.932563245,3.117132187,0.638915479
2025-06-23,0:54:29.100,0.944833815,3.145282269,0.707190275
2025-06-23,0:54:29.100,0.957104385,3.139156103,0.90017575
2025-06-23,0:54:29.100,0.905295312,3.436204672,0.69705981
2025-06-23,0:54:29.100,0.801677167,3.492022514,0.770665526
2025-06-23,0:54:29.100,0.811220944,3.532720566,0.783787906
2025-06-23,0:54:29.100,0.938016832,3.531151533,0.853876114
2025-06-23,0:54:29.100,1.067539454,3.552588463,0.804228067
2025-06-23,0:54:29.100,1.079810023,3.604407072,0.763330758
2025-06-23,0:54:29.100,1.036181331,3.937420368,0.775756001
2025-06-23,0:54:29.100,1.047088504,3.978866816,0.783921838
2025-06-23,0:54:29.100,1.022547364,3.107914209,-0.047359489
2025-06-23,0:54:29.100,-0.020450948,0.038502727,0.001661695
2025-06-23,0:54:29.100,-0.040901896,0.077060737,-0.001589725
2025-06-23,0:54:29.100,0.995279491,3.018036127,0.210781232
2025-06-23,0:54:29.100,1.008913398,3.057855606,0.234465003
2025-06-23,0:54:29.100,1.022547364,3.100384712,0.221333623
2025-06-23,0:54:29.100,1.036181331,3.142805815,0.208569333
2025-06-23,0:54:29.100,1.049815297,3.178183556,0.28751722
2025-06-23,0:54:29.100,1.063449264,3.183849812,0.559322715
2025-06-23,0:54:29.100,0.792133391,3.521738291,0.287814796
2025-06-23,0:54:29.100,0.916202486,3.534776688,0.311060607
2025-06-23,0:54:29.100,0.927109659,3.576155186,0.322642565
2025-06-23,0:54:29.100,0.938016832,3.617302895,0.336533636
2025-06-23,0:54:29.100,1.067539454,3.628310204,0.32098785
2025-06-23,0:54:29.100,1.199788928,3.638999462,0.242085651
2025-06-23,0:54:29.100,1.036181331,3.992408037,0.407129467
2025-06-23,0:54:29.100,1.047088504,4.039073944,0.363040477
2025-06-23,0:54:29.100,1.057995677,4.071462154,0.462081343
2025-06-23,0:54:29.400,0.995279491,2.985726357,0.48827073
2025-06-23,0:54:29.400,1.008913398,3.036691666,0.428904355
2025-06-23,0:54:29.400,1.022547364,3.082611799,0.398596853
2025-06-23,0:54:29.400,1.036181331,3.124034405,0.40141961
2025-06-23,0:54:29.400,1.049815297,3.153212547,0.490680158
2025-06-23,0:54:29.400,0.957104385,3.213138819,0.583400011
2025-06-23,0:54:29.400,0.905295312,3.460436583,0.564600468
2025-06-23,0:54:29.400,0.916202486,3.491536379,0.632913709
2025-06-23,0:54:29.400,0.927109659,3.542515755,0.586146057
2025-06-23,0:54:29.400,1.186154962,3.58226037,0.409580112
2025-06-23,0:54:29.400,1.199788928,3.624218464,0.407383651
2025-06-23,0:54:29.400,1.025274158,3.865077734,0.910483539
2025-06-23,0:54:29.400,1.036181331,3.947744131,0.72138238
2025-06-23,0:54:29.400,1.047088504,3.998186588,0.678542256
2025-06-23,0:54:29.400,1.057995677,4.04227972,0.671043098
2025-06-23,0:54:29.400,0.995279491,2.947254419,0.683126092
2025-06-23,0:54:29.400,1.008913398,3.003624439,0.61943084
2025-06-23,0:54:29.400,1.022547364,3.051362514,0.592081249
2025-06-23,0:54:29.400,1.036181331,3.093329668,0.593329966
2025-06-23,0:54:29.400,1.049815297,3.118227959,0.678359807
2025-06-23,0:54:29.400,0.792133391,3.442549467,0.796448529
2025-06-23,0:54:29.400,0.916202486,3.446888208,0.842832386
2025-06-23,0:54:29.400,0.927109659,3.499190569,0.805387855
2025-06-23,0:54:29.400,1.186154962,3.552198887,0.6182459
2025-06-23,0:54:29.400,1.079810023,3.61946702,0.688391685
2025-06-23,0:54:29.400,0.906658649,3.896241903,1.084443569
2025-06-23,0:54:29.400,0.916202426,3.933198929,1.11032784
2025-06-23,0:54:29.400,-0.020450948,0.03850301,0.001655141
2025-06-23,0:54:29.400,-0.040901896,0.077060655,-0.001593859
2025-06-23,0:54:29.400,0.995279491,3.010449409,0.300274909
2025-06-23,0:54:29.400,1.008913398,3.057689667,0.236619219
2025-06-23,0:54:29.400,1.022547364,3.101401329,0.20659931
2025-06-23,0:54:29.400,1.036181331,3.143020391,0.205307961
2025-06-23,0:54:29.400,0.944833815,3.208924294,0.309392124
2025-06-23,0:54:29.400,0.792133391,3.512530327,0.38419795
2025-06-23,0:54:29.400,0.916202486,3.523245335,0.42207548
2025-06-23,0:54:29.400,0.927109659,3.571163654,0.373863578
2025-06-23,0:54:29.400,1.186154962,3.60072875,0.187344894
2025-06-23,0:54:29.400,1.199788928,3.641855001,0.194455147
2025-06-23,0:54:29.400,1.036181331,3.985510826,0.469871104
2025-06-23,0:54:29.400,1.047088504,4.034669399,0.409094006
2025-06-23,0:54:29.400,1.057995677,4.085456848,0.315224141
2025-06-23,0:54:29.800,0.995279491,2.989167213,0.466743559
2025-06-23,0:54:29.800,1.008913398,3.047206402,0.346392721
2025-06-23,0:54:29.800,1.022547364,3.093283653,0.304910034
2025-06-23,0:54:29.800,1.036181331,3.135506392,0.29887867
2025-06-23,0:54:29.800,1.049815297,3.170706034,0.360749006
2025-06-23,0:54:29.800,0.957104385,3.221340179,0.536269665
2025-06-23,0:54:29.800,0.916202486,3.375220537,1.095121741
2025-06-23,0:54:29.800,0.927109659,3.326528788,1.351736546
2025-06-23,0:54:29.800,1.186154962,3.59290123,0.302334249
2025-06-23,0:54:29.800,1.079810023,3.665442944,0.372763932
2025-06-23,0:54:29.800,0.897114873,3.962180853,0.561517596
2025-06-23,0:54:29.800,0.906658649,4.02327013,0.412329197
2025-06-23,0:54:29.800,1.047088504,4.034889221,0.406921804
2025-06-23,0:54:29.800,1.057995677,4.074165344,0.437607825
2025-06-23,0:54:29.800,0.995279491,2.955511808,0.64646709
2025-06-23,0:54:29.800,0.908022106,3.046993256,0.560971558
2025-06-23,0:54:29.800,1.022547364,3.06798625,0.498832881
2025-06-23,0:54:29.800,0.932563245,3.137833357,0.527946413
2025-06-23,0:54:29.800,0.944833815,3.168231487,0.596009791
2025-06-23,0:54:29.800,0.801677167,3.30182457,1.373353481
2025-06-23,0:54:29.800,1.067539454,3.594629765,0.588476062
2025-06-23,0:54:29.800,1.079810023,3.637494802,0.585709453
2025-06-23,0:54:29.800,1.036181331,3.966421604,0.610389888
2025-06-23,0:54:29.800,1.047088504,4.008542061,0.614415348
2025-06-23,0:54:29.800,-0.020450948,0.038503207,0.001650498
2025-06-23,0:54:29.800,-0.040901896,0.077060267,-0.001612381
2025-06-23,0:54:29.800,0.995279491,3.012346983,0.280597687
2025-06-23,0:54:29.800,1.008913398,3.062577486,0.161472425
2025-06-23,0:54:29.800,1.022547364,3.106379509,0.108534612
2025-06-23,0:54:29.800,1.036181331,3.148082972,0.101497643
2025-06-23,0:54:29.800,1.049815297,3.186988115,0.163170531
2025-06-23,0:54:29.800,1.063449264,3.217347145,0.3137196
2025-06-23,0:54:29.800,0.916202486,3.451913357,0.822008431
2025-06-23,0:54:29.800,0.927109659,3.435087204,1.045542598
2025-06-23,0:54:29.800,1.186154962,3.604017258,0.106788948
2025-06-23,0:54:29.800,1.199788928,3.64550972,0.105741538
2025-06-23,0:54:29.800,1.036181331,4.008419037,0.194041505
2025-06-23,0:54:29.800,0.916202426,4.083058834,0.177518561
2025-06-23,0:54:30.200,0.995279491,3.02494359,-0.051829271
2025-06-23,0:54:30.200,1.008913398,3.066519022,-0.043776792
2025-06-23,0:54:30.200,1.022547364,3.10812664,-0.030366139
2025-06-23,0:54:30.200,0.932563245,3.181721449,0.037059784
2025-06-23,0:54:30.200,1.049815297,3.191146374,0.010124209
2025-06-23,0:54:30.200,0.792133391,3.533421516,0.020225085
2025-06-23,0:54:30.200,0.801677167,3.57563591,0.0545335
2025-06-23,0:54:30.200,0.927109659,3.590136528,0.062487785
2025-06-23,0:54:30.200,0.82076472,3.656387568,0.18757841
2025-06-23,0:54:30.200,1.067539454,3.635998011,0.217223689
2025-06-23,0:54:30.200,1.079810023,3.683204651,0.091803215
2025-06-23,0:54:30.200,0.895751536,3.051959515,0.163475141
2025-06-23,0:54:30.200,0.908022106,3.092550755,0.187050074
2025-06-23,0:54:30.200,0.920292675,3.133612633,0.201272488
2025-06-23,0:54:30.200,0.932563245,3.173250437,0.234961167
2025-06-23,0:54:30.200,0.944833815,3.213942528,0.251976579
2025-06-23,0:54:30.200,0.792133391,3.525687933,0.234523132
2025-06-23,0:54:30.200,0.801677167,3.565408468,0.275695562
2025-06-23,0:54:30.200,0.811220944,3.60486412,0.315264583
2025-06-23,0:54:30.200,0.82076472,3.638654232,0.405648381
2025-06-23,0:54:30.200,0.948924005,3.639098644,0.513627529
2025-06-23,0:54:30.200,1.079810023,3.66540122,0.373174042
2025-06-23,0:54:30.200,-0.020450948,0.038503405,0.001645945
2025-06-23,0:54:30.200,-0.040901896,0.077059612,-0.001643465
2025-06-23,0:54:30.200,0.995279491,3.016606569,-0.230339274
2025-06-23,0:54:30.200,1.008913398,3.058442593,-0.226680353
2025-06-23,0:54:30.200,1.022547364,3.100329876,-0.222099856
2025-06-23,0:54:30.200,1.036181331,3.144490957,-0.181399778
2025-06-23,0:54:30.200,1.049815297,3.189084291,-0.11514844
2025-06-23,0:54:30.200,0.905295312,3.498493433,-0.232245937
2025-06-23,0:54:30.200,0.916202486,3.542697668,-0.201737076
2025-06-23,0:54:30.200,0.811220944,3.616821766,-0.114185587
2025-06-23,0:54:30.200,0.82076472,3.660505295,-0.07110852
2025-06-23,0:54:30.200,1.067539454,3.642383814,-0.026624398
2025-06-23,0:54:30.200,1.199788928,3.643137217,-0.168740049
2025-06-23,0:54:30.400,0.895751536,3.054408073,-0.108501196
2025-06-23,0:54:30.400,0.908022106,3.097620726,-0.060013197
2025-06-23,0:54:30.400,0.920292675,3.139932394,-0.029380919
2025-06-23,0:54:30.400,0.932563245,3.181871653,-0.020427363
2025-06-23,0:54:30.400,0.944833815,3.220523596,-0.145420402
2025-06-23,0:54:30.400,0.792133391,3.533043146,-0.055526461
2025-06-23,0:54:30.400,0.801677167,3.575919628,-0.030739499
2025-06-23,0:54:30.400,0.811220944,3.618573666,0.019013312
2025-06-23,0:54:30.400,0.82076472,3.658265114,0.146462739
2025-06-23,0:54:30.400,0.948924005,3.665133238,0.271388531
2025-06-23,0:54:30.400,1.079810023,3.681941509,0.13316004
2025-06-23,0:54:30.400,0.895751536,3.055809736,0.056643307
2025-06-23,0:54:30.400,0.908022106,3.095779896,0.122489147
2025-06-23,0:54:30.400,0.920292675,3.13663125,0.146913499
2025-06-23,0:54:30.400,0.932563245,3.176768064,0.181302175
2025-06-23,0:54:30.400,0.944833815,3.22191453,0.110391945
2025-06-23,0:54:30.400,0.792133391,3.529706478,0.163247615
2025-06-23,0:54:30.400,0.801677167,3.571330786,0.183691949
2025-06-23,0:54:30.400,0.695332229,3.632602215,0.270611197
2025-06-23,0:54:30.400,0.82076472,3.642306328,0.371428609
2025-06-23,0:54:30.400,0.948924005,3.642015934,0.492516667
2025-06-23,0:54:30.400,-0.020450948,0.038503438,0.00164516
2025-06-23,0:54:30.400,-0.040901896,0.077059887,-0.001630642
2025-06-23,0:54:30.400,0.895751536,3.041571856,-0.300036669
2025-06-23,0:54:30.400,0.908022106,3.089020729,-0.238344878
2025-06-23,0:54:30.400,0.920292675,3.132652283,-0.215705633
2025-06-23,0:54:30.400,1.036181331,3.139085293,-0.258597612
2025-06-23,0:54:30.400,1.049815297,3.161518097,-0.43395856
2025-06-23,0:54:30.400,0.792133391,3.523140669,-0.270105481
2025-06-23,0:54:30.400,0.801677167,3.56758523,-0.245928884
2025-06-23,0:54:30.400,0.811220944,3.612715006,-0.20670706
2025-06-23,0:54:30.400,0.82076472,3.659790277,-0.101441666
2025-06-23,0:54:30.400,1.067539454,3.642408371,-0.022982055
2025-06-23,0:54:30.400,1.079810023,3.683641672,-0.072168812
2025-06-23,0:54:31.100,0.895751536,3.053505182,-0.131481916
2025-06-23,0:54:31.100,0.908022106,3.097316742,-0.074073195
2025-06-23,0:54:31.100,0.920292675,3.139815331,-0.039978482
2025-06-23,0:54:31.100,0.932563245,3.18171978,-0.037212204
2025-06-23,0:54:31.100,0.944833815,3.220531702,-0.145240054
2025-06-23,0:54:31.100,0.792133391,3.531491518,-0.118512921
2025-06-23,0:54:31.100,0.801677167,3.575702667,-0.049952928
2025-06-23,0:54:31.100,0.811220944,3.61851716,0.027779803
2025-06-23,0:54:31.100,0.82076472,3.656141996,0.192302585
2025-06-23,0:54:31.100,1.067539454,3.637429714,0.191765547
2025-06-23,0:54:31.100,1.079810023,3.684080362,0.044463336
2025-06-23,0:54:31.100,0.895751536,3.05620575,0.028059175
2025-06-23,0:54:31.100,0.807130754,3.122425795,0.149527594
2025-06-23,0:54:31.100,0.920292675,3.136804581,0.143161848
2025-06-23,0:54:31.100,0.932563245,3.178745985,0.142474264
2025-06-23,0:54:31.100,0.944833815,3.223801374,-0.004755716
2025-06-23,0:54:31.100,0.792133391,3.531955242,0.103778414
2025-06-23,0:54:31.100,0.687151849,3.594505548,0.19540742
2025-06-23,0:54:31.100,0.811220944,3.610289335,0.245455071
2025-06-23,0:54:31.100,0.82076472,3.637548923,0.415442199
2025-06-23,0:54:31.100,0.948924005,3.650816917,0.422360837
2025-06-23,0:54:31.100,-0.020450948,0.038502946,0.001656617
2025-06-23,0:54:31.100,-0.040901896,0.077060275,-0.001612123
2025-06-23,0:54:31.100,0.895751536,3.041654825,-0.299193054
2025-06-23,0:54:31.100,0.908022106,3.087956905,-0.251752406
2025-06-23,0:54:31.100,0.920292675,3.132509708,-0.217764214
2025-06-23,0:54:31.100,0.932563245,3.172721386,-0.242001101
2025-06-23,0:54:31.100,1.049815297,3.164062738,-0.414998382
2025-06-23,0:54:31.100,0.792133391,3.518210888,-0.32813108
2025-06-23,0:54:31.100,0.801677167,3.566130638,-0.266193062
2025-06-23,0:54:31.100,0.811220944,3.613368034,-0.194958836
2025-06-23,0:54:31.100,0.82076472,3.660958529,-0.041686799
2025-06-23,0:54:31.100,1.067539454,3.641965628,-0.061278254
2025-06-23,0:54:31.100,1.079810023,3.680666685,-0.164673075
2025-06-23,0:54:31.100,0.995279491,3.02264595,-0.128771648
2025-06-23,0:54:31.100,0.908022106,3.097648144,-0.058596585
2025-06-23,0:54:31.100,0.920292675,3.139853716,-0.03683861
2025-06-23,0:54:31.100,0.932563245,3.181501865,-0.052640222
2025-06-23,0:54:31.100,1.049815297,3.180481434,-0.260873109
2025-06-23,0:54:31.100,0.792133391,3.532796383,-0.069470502
2025-06-23,0:54:31.100,0.801677167,3.576051474,-0.001495249
2025-06-23,0:54:31.100,0.811220944,3.617673397,0.082919873
2025-06-23,0:54:31.100,0.82076472,3.654025078,0.229029849
2025-06-23,0:54:31.100,1.067539454,3.635668516,0.222670287
2025-06-23,0:54:31.100,0.959831178,3.705819845,0.293321103
2025-06-23,0:54:31.100,0.895751536,3.055802584,0.057023104
2025-06-23,0:54:31.100,0.908022106,3.095872164,0.12013685
2025-06-23,0:54:31.100,0.920292675,3.136348486,0.152831256
2025-06-23,0:54:31.100,0.932563245,3.179781914,0.117097922
2025-06-23,0:54:31.100,1.049815297,3.187625885,-0.150194928
2025-06-23,0:54:31.100,0.792133391,3.530896664,0.135079235
2025-06-23,0:54:31.100,0.801677167,3.569172859,0.221700191
2025-06-23,0:54:31.100,0.811220944,3.604621649,0.318027109
2025-06-23,0:54:31.100,0.82076472,3.630647182,0.471970439
2025-06-23,0:54:31.100,0.948924005,3.643019676,0.485035837
2025-06-23,0:54:31.100,0.959831178,3.680417776,0.523128688
2025-06-23,0:54:31.100,-0.020450948,0.038502991,0.001655575
2025-06-23,0:54:31.100,-0.040901896,0.077060901,-0.001581821
2025-06-23,0:54:31.100,0.995279491,3.009691,-0.307783067
2025-06-23,0:54:31.100,1.008913398,3.053150177,-0.289359063
2025-06-23,0:54:31.100,0.920292675,3.131568432,-0.230906382
2025-06-23,0:54:31.100,0.932563245,3.170899868,-0.264800847
2025-06-23,0:54:31.100,1.049815297,3.157488346,-0.462368339
2025-06-23,0:54:31.100,0.792133391,3.522364616,-0.280044645
2025-06-23,0:54:31.100,0.801677167,3.569263697,-0.220230967
2025-06-23,0:54:31.100,0.811220944,3.615734577,-0.144572556
2025-06-23,0:54:31.100,0.938016832,3.632784367,-0.031802461
2025-06-23,0:54:31.500,0.199055895,3.145283461,-0.45947817
2025-06-23,0:54:31.500,0.201782688,3.18418932,-0.493541241
2025-06-23,0:54:31.500,0.204509482,3.228969336,-0.488784224
2025-06-23,0:54:31.500,0.207236275,3.285435438,-0.396694899
2025-06-23,0:54:31.500,-0.111798517,3.572982788,-0.142049357
2025-06-23,0:54:31.500,0,3.616741419,-0.179261819
2025-06-23,0:54:31.500,-0.114525311,3.652758837,-0.273986518
2025-06-23,0:54:31.500,-0.115888707,3.697262764,-0.263315409
2025-06-23,0:54:31.500,0.117252104,3.715288162,-0.510779083
2025-06-23,0:54:31.500,1.355216146,5.614938736,-2.239927053
2025-06-23,0:54:31.500,0.199055895,3.162430763,-0.320873559
2025-06-23,0:54:31.500,0.201782688,3.204232216,-0.339912713
2025-06-23,0:54:31.500,0.204509482,3.245283842,-0.365083158
2025-06-23,0:54:31.500,0.310854405,3.275471926,-0.411160499
2025-06-23,0:54:31.500,-0.111798517,3.569995642,0.203750253
2025-06-23,0:54:31.500,-0.113161914,3.619060755,0.050458398
2025-06-23,0:54:31.500,-0.114525311,3.663011789,-0.007768384
2025-06-23,0:54:31.500,0,3.708068848,0.05236461
2025-06-23,0:54:31.500,-0.020450948,0.03850181,0.001682843
2025-06-23,0:54:31.500,-0.040901896,0.077062033,-0.00152556
2025-06-23,0:54:31.500,0.199055895,3.126715899,-0.572341919
2025-06-23,0:54:31.500,0.302674025,3.146894455,-0.65483135
2025-06-23,0:54:31.500,0.204509482,3.205842257,-0.622677982
2025-06-23,0:54:31.500,0.310854405,3.235766888,-0.653898299
2025-06-23,0:54:31.500,0,3.567000151,-0.274577677
2025-06-23,0:54:31.500,0,3.59517312,-0.433225662
2025-06-23,0:54:31.500,0,3.629379272,-0.508367598
2025-06-23,0:54:31.500,0,3.674395323,-0.501334786
2025-06-23,0:54:31.500,1.548818469,5.458960056,-2.48642993
2025-06-23,0:54:31.800,0,3.165822268,-0.348025203
2025-06-23,0:54:31.800,0,3.19956851,-0.431420147
2025-06-23,0:54:31.800,0.102254741,3.243757486,-0.417800635
2025-06-23,0:54:31.800,0.103618138,3.279356718,-0.479043514
2025-06-23,0:54:31.800,-0.223597035,3.56247735,-0.240086809
2025-06-23,0:54:31.800,-0.226323828,3.606136084,-0.239819661
2025-06-23,0:54:31.800,-0.229050621,3.655309916,-0.130676448
2025-06-23,0:54:31.800,-0.231777415,3.698064089,0.152050316
2025-06-23,0:54:31.800,-0.351756305,3.656740427,0.763234735
2025-06-23,0:54:31.800,0,3.1837852,-0.084046789
2025-06-23,0:54:31.800,0,3.221912384,-0.206498399
2025-06-23,0:54:31.800,0,3.259407282,-0.288516134
2025-06-23,0:54:31.800,0,3.301883698,-0.303257227
2025-06-23,0:54:31.800,-0.335395545,3.56178689,0.008243326
2025-06-23,0:54:31.800,-0.226323828,3.614098787,-0.004453743
2025-06-23,0:54:31.800,-0.229050621,3.656328917,0.098113701
2025-06-23,0:54:31.800,-0.231777415,3.685255289,0.343058556
2025-06-23,0:54:31.800,-0.020450948,0.038501572,0.001688247
2025-06-23,0:54:31.800,-0.040901896,0.077062093,-0.001522671
2025-06-23,0:54:31.800,0,3.124759674,-0.615977645
2025-06-23,0:54:31.800,0,3.15873909,-0.667629182
2025-06-23,0:54:31.800,0.102254741,3.206814528,-0.64254272
2025-06-23,0:54:31.800,0,3.236578703,-0.720387816
2025-06-23,0:54:31.800,-0.223597035,3.53978467,-0.467772037
2025-06-23,0:54:31.800,-0.226323828,3.58631587,-0.447289616
2025-06-23,0:54:31.800,-0.229050621,3.641602993,-0.342191041
2025-06-23,0:54:31.800,-0.231777415,3.700883865,-0.047488891
2025-06-23,0:54:32.100,-0.099527948,3.164462566,-0.346153885
2025-06-23,0:54:32.100,-0.100891344,3.214187145,-0.286675066
2025-06-23,0:54:32.100,-0.102254741,3.266431093,-0.164159209
2025-06-23,0:54:32.100,-0.207236275,3.295087814,-0.306348622
2025-06-23,0:54:32.100,-0.335395545,3.537638903,-0.414129138
2025-06-23,0:54:32.100,-0.339485735,3.584479332,-0.386278838
2025-06-23,0:54:32.100,-0.229050621,3.64233923,-0.334264517
2025-06-23,0:54:32.100,-0.231777415,3.695864439,-0.198449224
2025-06-23,0:54:32.100,-0.469008416,3.722205162,-0.05682946
2025-06-23,0:54:32.100,-0.099527948,3.180642843,-0.130986392
2025-06-23,0:54:32.100,-0.100891344,3.225639582,-0.091815844
2025-06-23,0:54:32.100,-0.204509482,3.265727282,0.013344251
2025-06-23,0:54:32.100,-0.207236275,3.308593273,-0.068299584
2025-06-23,0:54:32.100,-0.335395545,3.555774927,-0.207020208
2025-06-23,0:54:32.100,-0.339485735,3.600664854,-0.181425855
2025-06-23,0:54:32.100,-0.343575925,3.646852016,-0.115139328
2025-06-23,0:54:32.100,-0.347666115,3.691831589,0.044997502
2025-06-23,0:54:32.100,-0.020450948,0.038501889,0.001681023
2025-06-23,0:54:32.100,-0.040901896,0.077062227,-0.001515785
2025-06-23,0:54:32.100,0,3.137177467,-0.549244702
2025-06-23,0:54:32.100,-0.100891344,3.18518281,-0.517485976
2025-06-23,0:54:32.100,-0.102254741,3.245890617,-0.400891364
2025-06-23,0:54:32.100,-0.103618138,3.278180122,-0.487029493
2025-06-23,0:54:32.100,-0.335395545,3.506083488,-0.627512693
2025-06-23,0:54:32.100,-0.226323828,3.563955307,-0.599961042
2025-06-23,0:54:32.100,-0.229050621,3.617955446,-0.537368298
2025-06-23,0:54:32.100,-0.347666115,3.679155588,-0.308964282
2025-06-23,0:54:32.400,-0.098164551,3.133799076,-0.192916498
2025-06-23,0:54:32.400,-0.099527948,3.155311346,-0.421492666
2025-06-23,0:54:32.400,-0.100891344,3.203509808,-0.388209462
2025-06-23,0:54:32.400,-0.204509482,3.252421379,-0.294802696
2025-06-23,0:54:32.400,-0.207236275,3.289109707,-0.36498034
2025-06-23,0:54:32.400,-0.44719407,3.522228956,-0.439092308
2025-06-23,0:54:32.400,-0.452647656,3.566499949,-0.433752388
2025-06-23,0:54:32.400,-0.343575925,3.622586012,-0.43549642
2025-06-23,0:54:32.400,-0.347666115,3.675650597,-0.348193854
2025-06-23,0:54:32.400,-0.469008416,3.714798927,-0.241473973
2025-06-23,0:54:32.400,-0.199055895,3.167677164,-0.264101177
2025-06-23,0:54:32.400,-0.201782688,3.217567921,-0.172919229
2025-06-23,0:54:32.400,-0.204509482,3.264647007,-0.085046194
2025-06-23,0:54:32.400,-0.310854405,3.297445297,-0.156921983
2025-06-23,0:54:32.400,-0.558992565,3.525967598,-0.232299253
2025-06-23,0:54:32.400,-0.452647656,3.587793112,-0.18921712
2025-06-23,0:54:32.400,-0.458101243,3.63187623,-0.174498513
2025-06-23,0:54:32.400,-0.463554829,3.678416967,-0.082960851
2025-06-23,0:54:32.400,-0.469008416,3.721813679,-0.078387164
2025-06-23,0:54:32.400,-0.020450948,0.038501635,0.001686794
2025-06-23,0:54:32.400,-0.040901896,0.077062786,-0.001487339
2025-06-23,0:54:32.400,-0.199055895,3.122413874,-0.595365465
2025-06-23,0:54:32.400,-0.100891344,3.17511797,-0.576026738
2025-06-23,0:54:32.400,-0.102254741,3.231859684,-0.501600504
2025-06-23,0:54:32.400,-0.207236275,3.247358799,-0.637270093
2025-06-23,0:54:32.400,-0.44719407,3.482745647,-0.685115337
2025-06-23,0:54:32.400,-0.339485735,3.543659449,-0.663460493
2025-06-23,0:54:32.400,-0.458101243,3.574286222,-0.667422593
2025-06-23,0:54:32.400,-0.347666115,3.641224623,-0.61084199
2025-06-23,0:54:32.400,-0.469008416,3.684069633,-0.534482121
2025-06-23,0:54:32.800,-0.294493645,3.117482185,-0.249256045
2025-06-23,0:54:32.800,-0.199055895,3.153638363,-0.39811179
2025-06-23,0:54:32.800,-0.201782688,3.196535826,-0.405960172
2025-06-23,0:54:32.800,-0.204509482,3.245444059,-0.363656998
2025-06-23,0:54:32.800,-0.310854405,3.284799337,-0.328425497
2025-06-23,0:54:32.800,-0.558992565,3.499925375,-0.486756265
2025-06-23,0:54:32.800,-0.452647656,3.562160015,-0.468058586
2025-06-23,0:54:32.800,-0.458101243,3.608870745,-0.443877906
2025-06-23,0:54:32.800,-0.463554829,3.663291454,-0.34340921
2025-06-23,0:54:32.800,-0.351756305,3.730027914,-0.202900022
2025-06-23,0:54:32.800,-0.355846494,3.768614054,-0.279695421
2025-06-23,0:54:32.800,-0.298583835,3.166612387,-0.164212376
2025-06-23,0:54:32.800,-0.302674025,3.207550526,-0.208252281
2025-06-23,0:54:32.800,-0.204509482,3.262057781,-0.155345246
2025-06-23,0:54:32.800,-0.67079109,3.498517513,-0.330600142
2025-06-23,0:54:33.100,-0.392658204,3.107395172,-0.239718154
2025-06-23,0:54:33.100,-0.298583835,3.164559364,-0.199910298
2025-06-23,0:54:33.100,-0.302674025,3.206800461,-0.219499379
2025-06-23,0:54:33.100,-0.306764215,3.250516891,-0.216826364
2025-06-23,0:54:33.100,-0.41447255,3.282134056,-0.224070698
2025-06-23,0:54:33.100,-0.782589614,3.487882614,-0.1452948
2025-06-23,0:54:33.100,-0.678971469,3.555445433,-0.103726558
2025-06-23,0:54:33.100,-0.572626531,3.619319916,-0.058772899
2025-06-23,0:54:33.100,-0.695332229,3.641507149,0.091949984
2025-06-23,0:54:33.100,-0.39811179,3.159805059,0.026268953
2025-06-23,0:54:33.100,-0.403565377,3.203199387,0.003032348
2025-06-23,0:54:33.100,-0.409018964,3.246468067,0.011230424
2025-06-23,0:54:33.100,-0.41447255,3.289521933,-0.04071629
2025-06-23,0:54:33.100,-0.678971469,3.554417372,0.134415224
2025-06-23,0:54:33.100,-0.687151849,3.596335411,0.158194706
2025-06-23,0:54:33.100,-0.695332229,3.630698919,0.295051426
2025-06-23,0:54:33.100,-0.020450948,0.038500138,0.001720643
2025-06-23,0:54:33.100,-0.040901896,0.077063039,-0.001473797
2025-06-23,0:54:33.100,-0.298583835,3.1449368,-0.404686749
2025-06-23,0:54:33.100,-0.302674025,3.183838129,-0.441501677
2025-06-23,0:54:33.100,-0.306764215,3.226961136,-0.446760327
2025-06-23,0:54:33.100,-0.41447255,3.263151407,-0.417679429
2025-06-23,0:54:33.100,-0.565809548,3.558445215,-0.360944241
2025-06-23,0:54:33.100,-0.572626531,3.60858655,-0.284664571
2025-06-23,0:54:33.100,-0.579443514,3.661330223,-0.106877469
2025-06-23,0:54:33.400,-0.392658204,3.116206884,-0.051231835
2025-06-23,0:54:33.400,-0.39811179,3.154493093,-0.185020491
2025-06-23,0:54:33.400,-0.403565377,3.196243763,-0.211004093
2025-06-23,0:54:33.400,-0.409018964,3.238812447,-0.223102912
2025-06-23,0:54:33.400,-0.310854405,3.287723064,-0.297736019
2025-06-23,0:54:33.400,-0.782589614,3.482366323,-0.244048044
2025-06-23,0:54:33.400,-0.678971469,3.555227041,-0.110954352
2025-06-23,0:54:33.400,-0.572626531,3.619450331,-0.050096445
2025-06-23,0:54:33.400,-0.579443514,3.661135912,0.113344289
2025-06-23,0:54:33.400,-0.586260498,3.654032469,0.618348718
2025-06-23,0:54:33.400,-0.39811179,3.15950346,0.050955743
2025-06-23,0:54:33.400,-0.403565377,3.203197718,-0.004561539
2025-06-23,0:54:33.400,-0.409018964,3.246479034,-0.007358773
2025-06-23,0:54:33.400,-0.41447255,3.283225298,-0.207470894
2025-06-23,0:54:33.400,-0.678971469,3.555605888,0.098065421
2025-06-23,0:54:33.400,-0.687151849,3.596344948,0.157976344
2025-06-23,0:54:33.400,-0.695332229,3.627369404,0.333498478
2025-06-23,0:54:33.400,-0.020450948,0.038500443,0.001713826
2025-06-23,0:54:33.400,-0.040901896,0.07706333,-0.001459
2025-06-23,0:54:33.400,-0.298583835,3.150142908,-0.361938328
2025-06-23,0:54:33.400,-0.302674025,3.185686827,-0.427958637
2025-06-23,0:54:33.400,-0.306764215,3.226712942,-0.44854939
2025-06-23,0:54:33.400,-0.310854405,3.266566515,-0.476773709
2025-06-23,0:54:33.400,-0.678971469,3.541335106,-0.333010614
2025-06-23,0:54:33.400,-0.572626531,3.609194517,-0.276850104
2025-06-23,0:54:33.400,-0.579443514,3.66121316,-0.110818639
2025-06-23,0:54:33.700,-0.392658204,3.115967274,-0.064172409
2025-06-23,0:54:33.700,-0.39811179,3.154463053,-0.185529381
2025-06-23,0:54:33.700,-0.302674025,3.206990719,-0.216702193
2025-06-23,0:54:33.700,-0.409018964,3.237695456,-0.238764793
2025-06-23,0:54:33.700,-0.310854405,3.282467127,-0.350969464
2025-06-23,0:54:33.700,-0.782589614,3.483624697,-0.225375816
2025-06-23,0:54:33.700,-0.678971469,3.55418849,-0.140338659
2025-06-23,0:54:33.700,-0.687151849,3.599227667,-0.064922608
2025-06-23,0:54:33.700,-0.579443514,3.66092658,0.119909137
2025-06-23,0:54:33.700,-0.586260498,3.655802965,0.607794225
2025-06-23,0:54:33.700,-0.39811179,3.159894705,0.011194699
2025-06-23,0:54:33.700,-0.403565377,3.203172445,-0.013514365
2025-06-23,0:54:33.700,-0.409018964,3.246171474,-0.045295205
2025-06-23,0:54:33.700,-0.678971469,3.556560278,0.053206936
2025-06-23,0:54:33.700,-0.687151849,3.596452951,0.155501276
2025-06-23,0:54:33.700,-0.579443514,3.647732019,0.332885414
2025-06-23,0:54:33.700,-0.020450948,0.038499925,0.001725341
2025-06-23,0:54:33.700,-0.040901896,0.077063382,-0.001456094
2025-06-23,0:54:33.700,-0.298583835,3.151463032,-0.350257337
2025-06-23,0:54:33.700,-0.302674025,3.186763525,-0.419864535
2025-06-23,0:54:33.700,-0.306764215,3.228944302,-0.432194382
2025-06-23,0:54:33.700,-0.310854405,3.244881868,-0.607050836
2025-06-23,0:54:33.700,-0.678971469,3.534919024,-0.395344406
2025-06-23,0:54:33.700,-0.572626531,3.60804224,-0.291484416
2025-06-23,0:54:33.700,-0.579443514,3.660984755,-0.118122004
2025-06-23,0:54:34.400,-0.392658204,3.114107609,-0.125310943
2025-06-23,0:54:34.400,-0.39811179,3.154450417,-0.185745239
2025-06-23,0:54:34.400,-0.302674025,3.207914114,-0.202574059
2025-06-23,0:54:34.400,-0.306764215,3.251245737,-0.205606848
2025-06-23,0:54:34.400,-0.41447255,3.283170223,-0.208340287
2025-06-23,0:54:34.400,-0.782589614,3.487564564,-0.152739614
2025-06-23,0:54:34.400,-0.678971469,3.556238651,-0.071537301
2025-06-23,0:54:34.400,-0.687151849,3.599755049,-0.020437881
2025-06-23,0:54:34.400,-0.579443514,3.659729719,0.152120262
2025-06-23,0:54:34.400,-0.586260498,3.649724722,0.643287003
2025-06-23,0:54:34.400,-0.39811179,3.159717321,0.035282474
2025-06-23,0:54:34.400,-0.403565377,3.203195572,-0.005836067
2025-06-23,0:54:34.400,-0.409018964,3.246410131,-0.022392228
2025-06-23,0:54:34.400,-0.41447255,3.289424658,-0.047941804
2025-06-23,0:54:34.400,-0.678971469,3.553406239,0.158915922
2025-06-23,0:54:34.400,-0.687151849,3.593255758,0.217181996
2025-06-23,0:54:34.400,-0.695332229,3.618429184,0.419524819
2025-06-23,0:54:34.400,-0.020450948,0.038500763,0.001706599
2025-06-23,0:54:34.400,-0.040901896,0.077063195,-0.001465931
2025-06-23,0:54:34.400,-0.298583835,3.147899151,-0.380960912
2025-06-23,0:54:34.400,-0.302674025,3.189588785,-0.397833288
2025-06-23,0:54:34.400,-0.306764215,3.235586166,-0.379282624
2025-06-23,0:54:34.400,-0.310854405,3.288352728,-0.290699244
2025-06-23,0:54:34.400,-0.678971469,3.545508146,-0.285170853
2025-06-23,0:54:34.400,-0.572626531,3.611196995,-0.24937509
2025-06-23,0:54:34.400,-0.463554829,3.678412914,-0.083137929
2025-06-23,0:54:34.400,-0.392658204,3.116555452,-0.021271171
2025-06-23,0:54:34.400,-0.39811179,3.155334711,-0.170060784
2025-06-23,0:54:34.400,-0.403565377,3.196484566,-0.207321301
2025-06-23,0:54:34.400,-0.409018964,3.239180803,-0.217688099
2025-06-23,0:54:34.400,-0.41447255,3.280780315,-0.243092075
2025-06-23,0:54:34.400,-0.894388139,3.463498354,-0.055960011
2025-06-23,0:54:34.400,-0.678971469,3.556829453,-0.030259034
2025-06-23,0:54:34.400,-0.687151849,3.5997684,0.017930984
2025-06-23,0:54:34.400,-0.579443514,3.657054424,0.206676409
2025-06-23,0:54:34.400,-0.39811179,3.159253836,0.064610288
2025-06-23,0:54:34.400,-0.302674025,3.214250565,0.018513471
2025-06-23,0:54:34.400,-0.409018964,3.246483326,-0.005140527
2025-06-23,0:54:34.400,-0.41447255,3.289627552,-0.031033572
2025-06-23,0:54:34.400,-0.678971469,3.552076817,0.186279207
2025-06-23,0:54:34.400,-0.687151849,3.591168642,0.249324769
2025-06-23,0:54:34.400,-0.579443514,3.632561684,0.470380008
2025-06-23,0:54:34.400,-0.020450948,0.038500443,0.001713809
2025-06-23,0:54:34.400,-0.040901896,0.077063382,-0.001456067
2025-06-23,0:54:34.400,-0.39811179,3.137631655,-0.374601394
2025-06-23,0:54:34.400,-0.302674025,3.188360453,-0.407562792
2025-06-23,0:54:34.400,-0.409018964,3.218638897,-0.424316168
2025-06-23,0:54:34.400,-0.41447255,3.257002592,-0.463192165
2025-06-23,0:54:34.400,-0.678971469,3.550416946,-0.215616018
2025-06-23,0:54:34.400,-0.572626531,3.612103224,-0.235884428
2025-06-23,0:54:34.400,-0.579443514,3.662731886,-0.03401662
2025-06-23,0:54:34.700,-0.392658204,3.11408639,-0.125838891
2025-06-23,0:54:34.700,-0.39811179,3.154941559,-0.177207425
2025-06-23,0:54:34.700,-0.403565377,3.197073936,-0.198025495
2025-06-23,0:54:34.700,-0.409018964,3.239695072,-0.209897727
2025-06-23,0:54:34.700,-0.41447255,3.271863222,-0.342817903
2025-06-23,0:54:34.700,-0.894388139,3.459293365,-0.179556742
2025-06-23,0:54:34.700,-0.678971469,3.556850433,-0.027664805
2025-06-23,0:54:34.700,-0.572626531,3.619751215,0.018250991
2025-06-23,0:54:34.700,-0.579443514,3.65639925,0.217960104
2025-06-23,0:54:34.700,-0.298583835,3.17074132,0.028250149
2025-06-23,0:54:34.700,-0.403565377,3.203163147,0.015522547
2025-06-23,0:54:34.700,-0.409018964,3.246473074,0.009653092
2025-06-23,0:54:34.700,-0.41447255,3.288927317,-0.074636079
2025-06-23,0:54:34.700,-0.678971469,3.551989079,0.18794851
2025-06-23,0:54:34.700,-0.687151849,3.589874506,0.267310321
2025-06-23,0:54:34.700,-0.695332229,3.610969067,0.479512602
2025-06-23,0:54:34.700,-0.020450948,0.038500331,0.001716322
2025-06-23,0:54:34.700,-0.040901896,0.077063382,-0.001456067
2025-06-23,0:54:34.700,-0.39811179,3.134951353,-0.396407068
2025-06-23,0:54:34.700,-0.403565377,3.177472353,-0.405173063
2025-06-23,0:54:34.700,-0.306764215,3.231197357,-0.415014803
2025-06-23,0:54:34.700,-0.310854405,3.249531746,-0.581647873
2025-06-23,0:54:34.700,-0.678971469,3.548389196,-0.24674724
2025-06-23,0:54:34.700,-0.572626531,3.613481998,-0.213723466
2025-06-23,0:54:34.700,-0.579443514,3.662797451,-0.026017284
2025-06-23,0:54:35.300,-0.597167671,3.126196623,0.117630035
2025-06-23,0:54:35.300,-0.605348051,3.167816401,0.147830293
2025-06-23,0:54:35.300,-0.715783179,3.18751812,0.185363248
2025-06-23,0:54:35.300,-0.62170881,3.250948191,0.19802548
2025-06-23,0:54:35.300,-1.006186604,3.374498129,0.631849468
2025-06-23,0:54:35.300,-1.131619096,3.39279747,0.566847801
2025-06-23,0:54:35.300,-1.030727744,3.477426291,0.525297701
2025-06-23,0:54:35.300,-1.158887029,3.456377983,0.680403411
2025-06-23,0:54:35.300,-1.190245152,4.017596722,0.593219995
2025-06-23,0:54:35.300,-0.696695626,3.089523554,0.336171776
2025-06-23,0:54:35.300,-0.605348051,3.15137434,0.354616821
2025-06-23,0:54:35.300,-0.61352843,3.191516876,0.380498797
2025-06-23,0:54:35.300,-0.62170881,3.233105421,0.393582582
2025-06-23,0:54:35.300,-1.006186604,3.311462641,0.905918062
2025-06-23,0:54:35.300,-1.131619096,3.344066143,0.805985928
2025-06-23,0:54:35.300,-1.145253062,3.392539501,0.780962527
2025-06-23,0:54:35.300,-1.158887029,3.408159256,0.891037643
2025-06-23,0:54:35.300,-0.715783179,3.14309144,0.561788917
2025-06-23,0:54:35.300,-0.020450948,0.038499683,0.001730738
2025-06-23,0:54:35.300,-0.040901896,0.077063695,-0.001439443
2025-06-23,0:54:35.300,-0.597167671,3.127269268,-0.084436126
2025-06-23,0:54:35.300,-0.605348051,3.170812607,-0.053501714
2025-06-23,0:54:35.300,-0.61352843,3.214027643,-0.024220807
2025-06-23,0:54:35.300,-0.62170881,3.256937504,-0.015373979
2025-06-23,0:54:35.300,-1.006186604,3.411128283,0.38816911
2025-06-23,0:54:35.300,-1.018457174,3.460156441,0.320960402
2025-06-23,0:54:35.300,-1.030727744,3.5026896,0.315590739
2025-06-23,0:54:35.300,-1.158887029,3.48905468,0.485792249
2025-06-23,0:54:35.400,-0.696695626,3.091962337,0.312946618
2025-06-23,0:54:35.400,-0.605348051,3.158502102,0.284215033
2025-06-23,0:54:35.400,-0.715783179,3.176969767,0.318582833
2025-06-23,0:54:35.400,-0.725326955,3.215185642,0.361776322
2025-06-23,0:54:35.400,-0.62988919,3.278012514,0.378818214
2025-06-23,0:54:35.400,-1.117985129,3.319183111,0.729393244
2025-06-23,0:54:35.400,-1.131619096,3.372802019,0.675720394
2025-06-23,0:54:35.400,-1.030727744,3.467258692,0.588685274
2025-06-23,0:54:35.400,-1.158887029,3.469228745,0.611514509
2025-06-23,0:54:35.400,-1.172520995,3.489606619,0.725154698
2025-06-23,0:54:35.400,-1.190245152,4.020227432,0.575123549
2025-06-23,0:54:35.400,-1.202515721,4.070031166,0.519281149
2025-06-23,0:54:35.400,-0.696695626,3.065401077,0.511354685
2025-06-23,0:54:35.400,-0.706239402,3.111493111,0.493150532
2025-06-23,0:54:35.400,-0.715783179,3.149675846,0.523616254
2025-06-23,0:54:35.400,-0.725326955,3.182732344,0.581820846
2025-06-23,0:54:35.400,-0.734870732,3.210700274,0.661057889
2025-06-23,0:54:35.400,-1.117985129,3.260847569,0.957008481
2025-06-23,0:54:35.400,-1.131619096,3.317431927,0.909415603
2025-06-23,0:54:35.400,-1.030727744,3.419037819,0.823779404
2025-06-23,0:54:35.400,-1.158887029,3.422573328,0.833960354
2025-06-23,0:54:35.400,-1.289773107,3.376369476,1.007285714
2025-06-23,0:54:35.400,-0.715783179,3.100614548,0.762116075
2025-06-23,0:54:35.400,-1.145253062,3.303107262,1.099413395
2025-06-23,0:54:35.400,-0.020450948,0.038499698,0.001730414
2025-06-23,0:54:35.400,-0.040901896,0.077064201,-0.001411904
2025-06-23,0:54:35.400,-0.696695626,3.106119394,0.10094288
2025-06-23,0:54:35.400,-0.605348051,3.170437813,0.072378986
2025-06-23,0:54:35.400,-0.715783179,3.191067934,0.108242765
2025-06-23,0:54:35.400,-0.62170881,3.253875732,0.142020985
2025-06-23,0:54:35.400,-1.006186604,3.395982265,0.503762603
2025-06-23,0:54:35.400,-1.018457174,3.448412895,0.429123342
2025-06-23,0:54:35.400,-1.030727744,3.498652458,0.357579529
2025-06-23,0:54:35.400,-1.042998314,3.542066097,0.34414959
2025-06-23,0:54:35.400,-1.289773107,3.482721567,0.533990681
2025-06-23,0:54:35.800,-0.696695626,3.06846714,0.492621601
2025-06-23,0:54:35.800,-0.706239402,3.122296095,0.419349521
2025-06-23,0:54:35.800,-0.715783179,3.164955139,0.421532989
2025-06-23,0:54:35.800,-0.725326955,3.200317144,0.475679219
2025-06-23,0:54:35.800,-0.839852273,3.177114248,0.697297037
2025-06-23,0:54:35.800,-1.117985129,3.309966326,0.770139933
2025-06-23,0:54:35.800,-1.131619096,3.362331629,0.726028919
2025-06-23,0:54:35.800,-1.030727744,3.458717585,0.63694942
2025-06-23,0:54:35.800,-1.158887029,3.467183828,0.623003364
2025-06-23,0:54:35.800,-1.172520995,3.510846615,0.614133894
2025-06-23,0:54:35.800,-1.190245152,4.00344944,0.682191193
2025-06-23,0:54:35.800,-0.696695626,3.031301737,0.685110807
2025-06-23,0:54:35.800,-0.807130754,3.061136007,0.63351965
2025-06-23,0:54:35.800,-0.715783179,3.132385731,0.618701756
2025-06-23,0:54:35.800,-0.725326955,3.163372517,0.679246008
2025-06-23,0:54:35.800,-0.839852273,3.116484165,0.931560338
2025-06-23,0:54:35.800,-1.117985129,3.248454809,0.998265028
2025-06-23,0:54:35.800,-1.131619096,3.304883003,0.954012811
2025-06-23,0:54:35.800,-1.145253062,3.367872953,0.881282747
2025-06-23,0:54:35.800,-1.158887029,3.420269251,0.843359709
2025-06-23,0:54:35.800,-1.289773107,3.405753374,0.902961195
2025-06-23,0:54:35.800,-0.818037927,3.034007072,0.912465513
2025-06-23,0:54:35.800,-1.145253062,3.282074213,1.160696626
2025-06-23,0:54:35.800,-0.020450948,0.038500283,0.001717389
2025-06-23,0:54:35.800,-0.040901896,0.077063821,-0.00143266
2025-06-23,0:54:35.800,-0.696695626,3.093517303,0.297183514
2025-06-23,0:54:35.800,-0.706239402,3.142631292,0.220126122
2025-06-23,0:54:35.800,-0.715783179,3.18530488,0.220145136
2025-06-23,0:54:35.800,-0.725326955,3.223491192,0.278218806
2025-06-23,0:54:35.800,-0.839852273,3.221022129,0.4530949
2025-06-23,0:54:35.800,-1.117985129,3.35910058,0.515205383
2025-06-23,0:54:35.800,-1.131619096,3.402888775,0.502731681
2025-06-23,0:54:35.800,-1.145253062,3.454454899,0.431241244
2025-06-23,0:54:35.800,-1.042998314,3.540463686,0.360260695
2025-06-23,0:54:35.800,-1.289773107,3.497085333,0.429988354
2025-06-23,0:54:36.100,0.527634442,1.699681044,0.593454897
2025-06-23,0:54:36.100,-0.696695626,3.022608042,0.722500801
2025-06-23,0:54:36.100,-0.807130754,3.060938835,0.634471774
2025-06-23,0:54:36.100,-0.818037927,3.114118814,0.583143115
2025-06-23,0:54:36.100,-0.8289451,3.160300255,0.565467
2025-06-23,0:54:36.100,-1.049815297,3.139541626,0.571661353
2025-06-23,0:54:36.100,-1.229783654,3.276065588,0.74425
2025-06-23,0:54:36.100,-1.131619096,3.358687162,0.742705762
2025-06-23,0:54:36.100,-1.25977838,3.371360064,0.691173494
2025-06-23,0:54:36.100,-1.158887029,3.463674068,0.642229617
2025-06-23,0:54:36.100,-1.289773107,3.462080002,0.654597878
2025-06-23,0:54:36.100,-1.177974582,3.958643913,0.695573866
2025-06-23,0:54:36.100,-1.322494626,3.955236435,0.718880296
2025-06-23,0:54:36.100,-1.336128592,4.000760078,0.699663997
2025-06-23,0:54:36.100,-0.796223581,2.939117908,0.933362186
2025-06-23,0:54:36.100,-0.807130754,3.014079809,0.828990281
2025-06-23,0:54:36.100,-0.818037927,3.069937468,0.78311938
2025-06-23,0:54:36.100,-0.8289451,3.119355917,0.759518206
2025-06-23,0:54:36.100,-0.944833815,3.132066488,0.763595879
2025-06-23,0:54:36.100,-1.229783654,3.217116356,0.967820108
2025-06-23,0:54:36.100,-1.244781017,3.259992123,0.967431843
2025-06-23,0:54:36.100,-1.25977838,3.316521883,0.918952286
2025-06-23,0:54:36.100,-1.274775743,3.367696762,0.886612117
2025-06-23,0:54:36.100,-1.289773107,3.41273284,0.876213074
2025-06-23,0:54:36.100,-1.454744101,3.827487469,1.069456458
2025-06-23,0:54:36.100,-1.374303699,3.177057266,1.203506589
2025-06-23,0:54:36.100,-0.020450948,0.038499344,0.001738331
2025-06-23,0:54:36.100,-0.040901896,0.077064164,-0.001413984
2025-06-23,0:54:36.100,-0.696695626,3.054738045,0.571613669
2025-06-23,0:54:36.100,-0.807130754,3.094896793,0.439903677
2025-06-23,0:54:36.100,-0.715783179,3.172508001,0.360311389
2025-06-23,0:54:36.100,-0.8289451,3.190570593,0.357083827
2025-06-23,0:54:36.100,-0.944833815,3.204571009,0.351630598
2025-06-23,0:54:36.100,-1.117985129,3.346384764,0.592199326
2025-06-23,0:54:36.100,-1.131619096,3.399987221,0.521993995
2025-06-23,0:54:36.100,-1.145253062,3.45186758,0.451484144
2025-06-23,0:54:36.100,-1.274775743,3.455522537,0.432235301
2025-06-23,0:54:36.100,-1.289773107,3.499299765,0.411578268
2025-06-23,0:54:36.500,-0.895751536,2.972826958,0.709563732
2025-06-23,0:54:36.500,-0.908022106,3.006532907,0.74807477
2025-06-23,0:54:36.500,-0.818037927,3.073608398,0.768585086
2025-06-23,0:54:36.500,-0.932563245,3.079931736,0.799215436
2025-06-23,0:54:36.500,-1.049815297,3.086136818,0.811958909
2025-06-23,0:54:36.500,-1.341582179,3.289803505,0.419800341
2025-06-23,0:54:36.500,-1.357942939,3.309920788,0.559792817
2025-06-23,0:54:36.500,-1.25977838,3.38573885,0.616897285
2025-06-23,0:54:36.500,-1.390664458,3.373870134,0.659976959
2025-06-23,0:54:36.500,-1.407025218,3.420166492,0.633048594
2025-06-23,0:54:36.500,-1.30886066,3.892206192,0.824575603
2025-06-23,0:54:36.500,-1.454744101,3.896564484,0.781141877
2025-06-23,0:54:36.500,-1.603354216,3.881274939,0.803625047
2025-06-23,0:54:36.500,-0.895751536,2.918666363,0.906955183
2025-06-23,0:54:36.500,-1.008913398,2.915498734,0.951484084
2025-06-23,0:54:36.500,-0.920292675,2.983818054,0.978197038
2025-06-23,0:54:36.500,-0.932563245,3.020083666,1.001908541
2025-06-23,0:54:36.500,-1.049815297,3.023548603,1.020623446
2025-06-23,0:54:36.500,-1.341582179,3.253304958,0.644240439
2025-06-23,0:54:36.500,-1.357942939,3.26375246,0.785407066
2025-06-23,0:54:36.500,-1.374303699,3.289333344,0.849945366
2025-06-23,0:54:36.500,-1.390664458,3.320630074,0.889935791
2025-06-23,0:54:36.500,-1.407025218,3.371444702,0.855364859
2025-06-23,0:54:36.500,-0.020450948,0.038499407,0.001736921
2025-06-23,0:54:36.500,-0.040901896,0.07706406,-0.001419869
2025-06-23,0:54:36.500,-0.895751536,3.013559103,0.509551525
2025-06-23,0:54:36.500,-0.908022106,3.049590111,0.546677887
2025-06-23,0:54:36.500,-0.920292675,3.086671114,0.576627612
2025-06-23,0:54:36.500,-0.932563245,3.124938726,0.599569857
2025-06-23,0:54:36.500,-1.049815297,3.132997274,0.606502891
2025-06-23,0:54:36.500,-1.244781017,3.384265423,0.331995398
2025-06-23,0:54:36.500,-1.25977838,3.419480085,0.388518751
2025-06-23,0:54:36.500,-1.274775743,3.45674777,0.422324687
2025-06-23,0:54:36.500,-1.407025218,3.454551458,0.405418575
2025-06-23,0:54:36.800,-0.895751536,2.984927416,0.656802893
2025-06-23,0:54:36.800,-0.908022106,3.014483213,0.715365827
2025-06-23,0:54:36.800,-0.920292675,3.048064232,0.754548669
2025-06-23,0:54:36.800,-0.932563245,3.084997654,0.779432833
2025-06-23,0:54:36.800,-0.944833815,3.127348423,0.782693803
2025-06-23,0:54:36.800,-1.244781017,3.356332302,0.546358764
2025-06-23,0:54:36.800,-1.25977838,3.385837078,0.616358459
2025-06-23,0:54:36.800,-1.274775743,3.417245626,0.670741796
2025-06-23,0:54:36.800,-1.407025218,3.41279459,0.671656966
2025-06-23,0:54:36.800,-1.439746737,3.849249363,0.807910025
2025-06-23,0:54:36.800,-1.454744101,3.857277155,0.95645684
2025-06-23,0:54:36.800,-1.469741464,3.872916698,1.058880925
2025-06-23,0:54:36.800,-0.895751536,2.935365677,0.851357758
2025-06-23,0:54:36.800,-0.908022106,2.959611416,0.916274011
2025-06-23,0:54:36.800,-0.920292675,2.990496635,0.957585275
2025-06-23,0:54:36.800,-1.036181331,2.987834692,0.996780872
2025-06-23,0:54:36.800,-1.049815297,3.031157732,0.997797549
2025-06-23,0:54:36.800,-1.357942939,3.266426325,0.774211526
2025-06-23,0:54:36.800,-1.374303699,3.28974247,0.848360419
2025-06-23,0:54:36.800,-1.390664458,3.317819834,0.900355995
2025-06-23,0:54:36.800,-1.407025218,3.356488943,0.912289262
2025-06-23,0:54:36.800,-1.374303699,3.223069429,1.074218273
2025-06-23,0:54:36.800,-1.390664458,3.234879971,1.163666844
2025-06-23,0:54:36.800,-0.020450948,0.038499426,0.001736502
2025-06-23,0:54:36.800,-0.040901896,0.077064469,-0.001397279
2025-06-23,0:54:36.800,-0.895751536,3.023952484,0.443725944
2025-06-23,0:54:36.800,-0.908022106,3.055608273,0.511971772
2025-06-23,0:54:36.800,-0.920292675,3.091372967,0.550863922
2025-06-23,0:54:36.800,-0.932563245,3.129599571,0.574744582
2025-06-23,0:54:36.800,-1.049815297,3.140548229,0.566103995
2025-06-23,0:54:36.800,-1.244781017,3.38491416,0.325314671
2025-06-23,0:54:36.800,-1.25977838,3.419006586,0.3926633
2025-06-23,0:54:36.800,-1.274775743,3.45438385,0.44124341
2025-06-23,0:54:36.800,-1.289773107,3.495692253,0.44117108
2025-06-23,0:54:37.200,-0.895751536,2.994843721,0.609992743
2025-06-23,0:54:37.200,-0.908022106,3.019847155,0.692372322
2025-06-23,0:54:37.200,-0.920292675,3.051027775,0.742474794
2025-06-23,0:54:37.200,-1.036181331,3.051650524,0.779844999
2025-06-23,0:54:37.200,-1.049815297,3.095135927,0.776949704
2025-06-23,0:54:37.200,-1.357942939,3.311188698,0.55224371
2025-06-23,0:54:37.200,-1.374303699,3.337176085,0.636692405
2025-06-23,0:54:37.200,-1.390664458,3.364718199,0.705153227
2025-06-23,0:54:37.200,-1.407025218,3.397675037,0.744375348
2025-06-23,0:54:37.200,-1.439746737,3.793584824,1.03834188
2025-06-23,0:54:37.200,-1.454744101,3.825700998,1.075829387
2025-06-23,0:54:37.200,-1.603354216,3.82489872,1.03935504
2025-06-23,0:54:37.200,-0.895751536,2.94340229,0.823142409
2025-06-23,0:54:37.200,-0.908022106,2.965727806,0.896278441
2025-06-23,0:54:37.200,-1.022547364,2.959800243,0.949187577
2025-06-23,0:54:37.200,-1.036181331,2.992195129,0.983613968
2025-06-23,0:54:37.200,-1.049815297,3.040780067,0.968077242
2025-06-23,0:54:37.200,-1.357942939,3.265028,0.780087233
2025-06-23,0:54:37.200,-1.374303699,3.285628319,0.864156663
2025-06-23,0:54:37.200,-1.390664458,3.30890131,0.932599425
2025-06-23,0:54:37.200,-1.407025218,3.340654135,0.968669474
2025-06-23,0:54:37.200,-0.020450948,0.038499832,0.001727488
2025-06-23,0:54:37.200,-0.040901896,0.077064469,-0.001397235
2025-06-23,0:54:37.200,-0.895751536,3.021692753,0.458861053
2025-06-23,0:54:37.200,-0.908022106,3.057552576,0.500229955
2025-06-23,0:54:37.200,-0.920292675,3.092668533,0.543543339
2025-06-23,0:54:37.200,-0.932563245,3.130166531,0.571649075
2025-06-23,0:54:37.200,-1.049815297,3.138512135,0.577286363
2025-06-23,0:54:37.200,-1.357942939,3.340677261,0.329879224
2025-06-23,0:54:37.200,-1.25977838,3.417999268,0.401337028
2025-06-23,0:54:37.200,-1.274775743,3.45041585,0.47126931
2025-06-23,0:54:37.200,-1.407025218,3.440299034,0.512476623
2025-06-23,0:54:37.500,-0.995279491,2.979590178,0.524416268
2025-06-23,0:54:37.500,-0.908022106,3.024423122,0.672102094
2025-06-23,0:54:37.500,-0.920292675,3.052364826,0.736957669
2025-06-23,0:54:37.500,-0.932563245,3.085589886,0.777084112
2025-06-23,0:54:37.500,-1.049815297,3.092405796,0.787746727
2025-06-23,0:54:37.500,-1.357942939,3.311551571,0.55006361
2025-06-23,0:54:37.500,-1.374303699,3.334771872,0.649166942
2025-06-23,0:54:37.500,-1.390664458,3.359991312,0.727342665
2025-06-23,0:54:37.500,-1.407025218,3.388904333,0.783336937
2025-06-23,0:54:37.500,-1.439746737,3.811636209,0.969983399
2025-06-23,0:54:37.500,-1.586993456,3.801440716,0.969628215
2025-06-23,0:54:37.500,-1.603354216,3.828300238,1.026754975
2025-06-23,0:54:37.500,-0.995279491,2.926092625,0.768733859
2025-06-23,0:54:37.500,-0.908022106,2.971912622,0.875552833
2025-06-23,0:54:37.500,-0.920292675,2.996507883,0.938605011
2025-06-23,0:54:37.500,-1.036181331,2.991878033,0.98457855
2025-06-23,0:54:37.500,-1.049815297,3.030968428,0.998372614
2025-06-23,0:54:37.500,-1.357942939,3.267591,0.769280255
2025-06-23,0:54:37.500,-1.374303699,3.282566309,0.875716865
2025-06-23,0:54:37.500,-1.390664458,3.300900221,0.96053493
2025-06-23,0:54:37.500,-1.407025218,3.326581955,1.015944362
2025-06-23,0:54:37.500,-0.020450948,0.038499717,0.001730007
2025-06-23,0:54:37.500,-0.040901896,0.077064112,-0.001416929
2025-06-23,0:54:37.500,-0.895751536,3.042098522,0.294649035
2025-06-23,0:54:37.500,-0.908022106,3.063075066,0.465218037
2025-06-23,0:54:37.500,-0.920292675,3.094421387,0.533474326
2025-06-23,0:54:37.500,-0.932563245,3.129626036,0.574601173
2025-06-23,0:54:37.500,-1.049815297,3.139380455,0.572544634
2025-06-23,0:54:37.500,-1.357942939,3.340623379,0.33042267
2025-06-23,0:54:37.500,-1.374303699,3.371325493,0.419864267
2025-06-23,0:54:37.500,-1.390664458,3.402047396,0.494612783
2025-06-23,0:54:37.500,-1.407025218,3.434858799,0.54775393
2025-06-23,0:54:37.800,-0.995279491,2.998531818,0.402216166
2025-06-23,0:54:37.800,-1.008913398,3.005625486,0.609647274
2025-06-23,0:54:37.800,-1.022547364,3.026269913,0.709269941
2025-06-23,0:54:37.800,-1.036181331,3.051861763,0.779018044
2025-06-23,0:54:37.800,-1.049815297,3.081582546,0.829075933
2025-06-23,0:54:37.800,-1.357942939,3.309137106,0.564406276
2025-06-23,0:54:37.800,-1.374303699,3.327325821,0.686312556
2025-06-23,0:54:37.800,-1.390664458,3.348931313,0.77667743
2025-06-23,0:54:37.800,-1.407025218,3.371294022,0.855959415
2025-06-23,0:54:37.800,-1.439746737,3.776596785,1.098524213
2025-06-23,0:54:37.800,-1.454744101,3.804735184,1.147774577
2025-06-23,0:54:37.800,-0.995279491,2.96219635,0.615112484
2025-06-23,0:54:37.800,-1.008913398,2.956922293,0.813673437
2025-06-23,0:54:37.800,-1.022547364,2.970863104,0.913972616
2025-06-23,0:54:37.800,-1.036181331,2.993025064,0.981086135
2025-06-23,0:54:37.800,-1.154796839,2.980362177,1.034173846
2025-06-23,0:54:37.800,-1.357942939,3.262662649,0.78992188
2025-06-23,0:54:37.800,-1.374303699,3.273604393,0.908644855
2025-06-23,0:54:37.800,-1.390664458,3.287996054,1.003817677
2025-06-23,0:54:37.800,-1.524277329,3.248771429,1.095478177
2025-06-23,0:54:37.800,-0.474462003,3.657511711,-0.897108138
2025-06-23,0:54:37.800,-0.020450948,0.038499437,0.001736227
2025-06-23,0:54:37.800,-0.040901896,0.077064022,-0.001421831
2025-06-23,0:54:37.800,-0.995279491,3.01947546,0.189046785
2025-06-23,0:54:37.800,-0.908022106,3.071270943,0.407616049
2025-06-23,0:54:37.800,-1.022547364,3.066939831,0.505226433
2025-06-23,0:54:37.800,-1.036181331,3.096528292,0.576403737
2025-06-23,0:54:37.800,-1.049815297,3.130499125,0.619268596
2025-06-23,0:54:37.800,-1.357942939,3.340653658,0.330116034
2025-06-23,0:54:37.800,-1.374303699,3.366614819,0.456097454
2025-06-23,0:54:37.800,-1.390664458,3.394878864,0.541633427
2025-06-23,0:54:37.800,-1.407025218,3.422846556,0.618393779
2025-06-23,0:54:37.800,-1.660616994,3.267742395,0.985656977
2025-06-23,0:54:38.100,-0.995279491,2.994687796,0.429901659
2025-06-23,0:54:38.100,-1.008913398,3.001539469,0.629456341
2025-06-23,0:54:38.100,-1.022547364,3.021807671,0.728047132
2025-06-23,0:54:38.100,-0.932563245,3.081733942,0.792238295
2025-06-23,0:54:38.100,-1.049815297,3.075345516,0.851919532
2025-06-23,0:54:38.100,-1.47110486,3.257400274,0.581504941
2025-06-23,0:54:38.100,-1.25977838,3.376998901,0.663074613
2025-06-23,0:54:38.100,-1.488829017,3.277401686,0.687647283
2025-06-23,0:54:38.100,-1.506553173,3.300524473,0.767692864
2025-06-23,0:54:38.100,-1.274775743,3.400163174,0.752565086
2025-06-23,0:54:38.100,-1.524277329,3.322164774,0.847235739
2025-06-23,0:54:38.100,-1.660616994,3.182203293,1.234196901
2025-06-23,0:54:38.100,-0.474462003,3.61024785,-1.071589828
2025-06-23,0:54:38.100,-1.439746737,3.832681179,0.883172154
2025-06-23,0:54:38.100,-1.454744101,3.874686718,0.88328886
2025-06-23,0:54:38.100,-1.603354216,3.79958272,1.128397226
2025-06-23,0:54:38.100,-0.995279491,2.959142208,0.629641056
2025-06-23,0:54:38.100,-1.008913398,2.952496052,0.829591572
2025-06-23,0:54:38.100,-0.920292675,3.000337124,0.926291645
2025-06-23,0:54:38.100,-1.036181331,2.986877441,0.999646187
2025-06-23,0:54:38.100,-1.049815297,3.013945818,1.048641443
2025-06-23,0:54:38.100,-1.357942939,3.264606237,0.781850636
2025-06-23,0:54:38.100,-1.374303699,3.275852442,0.900506616
2025-06-23,0:54:38.100,-1.390664458,3.291604042,0.991923034
2025-06-23,0:54:38.100,-1.524277329,3.251802921,1.086446285
2025-06-23,0:54:38.100,-0.474462003,3.657708406,-0.896306038
2025-06-23,0:54:38.100,-0.020450948,0.038499974,0.001724281
2025-06-23,0:54:38.100,-0.040901896,0.077063933,-0.00142672
2025-06-23,0:54:38.100,-0.995279491,3.017280817,0.221331686
2025-06-23,0:54:38.100,-0.908022106,3.068208694,0.430061311
2025-06-23,0:54:38.100,-0.920292675,3.096044779,0.523971379
2025-06-23,0:54:38.100,-1.036181331,3.092925072,0.595434666
2025-06-23,0:54:38.100,-1.049815297,3.121752977,0.661948621
2025-06-23,0:54:38.100,-1.357942939,3.338798285,0.34838137
2025-06-23,0:54:38.100,-1.374303699,3.367466688,0.449765563
2025-06-23,0:54:38.100,-1.390664458,3.396763325,0.529686451
2025-06-23,0:54:38.100,-1.407025218,3.423738956,0.613434136
2025-06-23,0:54:38.100,-1.660616994,3.246690989,1.052927971
2025-06-23,0:54:38.100,-0.474462003,3.574693441,-1.184804559
2025-06-23,0:54:38.400,-1.094807386,2.965279579,0.38995561
2025-06-23,0:54:38.400,-1.008913398,3.006214142,0.606737971
2025-06-23,0:54:38.400,-1.022547364,3.02657795,0.70795536
2025-06-23,0:54:38.400,-1.036181331,3.050404549,0.784704328
2025-06-23,0:54:38.400,-1.049815297,3.075668573,0.850753069
2025-06-23,0:54:38.400,-1.357942939,3.309019804,0.565095186
2025-06-23,0:54:38.400,-1.374303699,3.327633858,0.684816122
2025-06-23,0:54:38.400,-1.390664458,3.35001874,0.771974027
2025-06-23,0:54:38.400,-1.524277329,3.319967031,0.855808318
2025-06-23,0:54:38.400,-1.439746737,3.870802164,0.697372973
2025-06-23,0:54:38.400,-1.586993456,3.845779657,0.77531141
2025-06-23,0:54:38.400,-1.736967087,3.813559532,0.84885937
2025-06-23,0:54:38.400,-0.995279491,2.965415716,0.599399507
2025-06-23,0:54:38.400,-1.008913398,2.957507133,0.811545968
2025-06-23,0:54:38.400,-1.022547364,2.97118187,0.912935853
2025-06-23,0:54:38.400,-1.036181331,2.989475489,0.991849065
2025-06-23,0:54:38.400,-1.154796839,2.971473217,1.059443951
2025-06-23,0:54:38.400,-1.357942939,3.263174534,0.78780371
2025-06-23,0:54:38.400,-1.374303699,3.273706436,0.908277214
2025-06-23,0:54:38.400,-1.390664458,3.290193081,0.996593177
2025-06-23,0:54:38.400,-1.524277329,3.252847672,1.083314419
2025-06-23,0:54:38.400,-0.020450948,0.038499862,0.0017268
2025-06-23,0:54:38.400,-0.040901896,0.077064365,-0.001403145
2025-06-23,0:54:38.400,-0.995279491,3.01783824,0.213595763
2025-06-23,0:54:38.400,-0.908022106,3.070634604,0.412383795
2025-06-23,0:54:38.400,-0.920292675,3.098633766,0.508436978
2025-06-23,0:54:38.400,-1.036181331,3.095610142,0.581314862
2025-06-23,0:54:38.400,-1.049815297,3.126041889,0.64138931
2025-06-23,0:54:38.400,-1.357942939,3.339719057,0.339441031
2025-06-23,0:54:38.400,-1.374303699,3.365890741,0.461410999
2025-06-23,0:54:38.400,-1.390664458,3.394277334,0.545391142
2025-06-23,0:54:38.400,-1.407025218,3.42037344,0.631929755
2025-06-23,0:54:38.800,-1.094807386,2.965986967,0.384538591
2025-06-23,0:54:38.800,-1.008913398,3.004744053,0.613976896
2025-06-23,0:54:38.800,-1.022547364,3.024231195,0.717913449
2025-06-23,0:54:38.800,-1.036181331,3.048020601,0.793914199
2025-06-23,0:54:38.800,-1.049815297,3.073484182,0.858610511
2025-06-23,0:54:38.800,-1.357942939,3.306620359,0.578968823
2025-06-23,0:54:38.800,-1.374303699,3.324602127,0.699386597
2025-06-23,0:54:38.800,-1.390664458,3.346805811,0.785786271
2025-06-23,0:54:38.800,-1.524277329,3.316705465,0.868362188
2025-06-23,0:54:38.800,-1.439746737,3.772890568,1.111186743
2025-06-23,0:54:38.800,-1.586993456,3.796138525,0.990182519
2025-06-23,0:54:38.800,-1.603354216,3.860326767,0.898880482
2025-06-23,0:54:38.800,-0.995279491,2.966744184,0.59278965
2025-06-23,0:54:38.800,-1.008913398,2.955709696,0.818067789
2025-06-23,0:54:38.800,-1.022547364,2.967699289,0.924193859
2025-06-23,0:54:38.800,-1.036181331,2.986473083,1.000852942
2025-06-23,0:54:38.800,-1.154796839,2.967350245,1.070937514
2025-06-23,0:54:38.800,-1.357942939,3.260384083,0.799274623
2025-06-23,0:54:38.800,-1.374303699,3.269840956,0.922096431
2025-06-23,0:54:38.800,-1.390664458,3.285229921,1.012833953
2025-06-23,0:54:38.800,-1.524277329,3.250310898,1.09090209
2025-06-23,0:54:38.800,-0.020450948,0.038499456,0.001735813
2025-06-23,0:54:38.800,-0.040901896,0.077064402,-0.001401188
2025-06-23,0:54:38.800,-0.995279491,3.019885778,0.182375059
2025-06-23,0:54:38.800,-0.908022106,3.070290804,0.414935023
2025-06-23,0:54:38.800,-0.920292675,3.097250223,0.516798496
2025-06-23,0:54:38.800,-1.036181331,3.093072176,0.594671607
2025-06-23,0:54:38.800,-1.049815297,3.121825218,0.661608219
2025-06-23,0:54:38.800,-1.357942939,3.338089228,0.355111599
2025-06-23,0:54:38.800,-1.374303699,3.363958359,0.475294352
2025-06-23,0:54:38.800,-1.390664458,3.392606974,0.555685103
2025-06-23,0:54:38.800,-1.524277329,3.368337154,0.639446795
2025-06-23,0:54:38.800,-1.660616994,3.237883806,1.079707623
2025-06-23,0:54:38.800,-0.474462003,3.538068771,-1.290063739
2025-06-23,0:54:38.800,-1.439746737,3.772969484,1.110918522
2025-06-23,0:54:38.800,-1.586993456,3.777800083,1.057995677
2025-06-23,0:54:39.200,-0.099527948,3.005056381,1.050372243
2025-06-23,0:54:39.200,-0.100891344,3.088227272,0.935966551
2025-06-23,0:54:39.200,-0.102254741,3.144867659,0.8979581
2025-06-23,0:54:39.200,0,3.197926998,0.8761639
2025-06-23,0:54:39.200,-0.104981534,3.221535444,0.946740866
2025-06-23,0:54:39.200,-0.339485735,3.365691423,1.29221642
2025-06-23,0:54:39.200,-0.343575925,3.466137648,1.139594793
2025-06-23,0:54:39.200,-0.347666115,3.521962166,1.107893586
2025-06-23,0:54:39.200,-0.351756305,3.558236837,1.137201548
2025-06-23,0:54:39.200,-0.523544252,3.920702219,1.377063632
2025-06-23,0:54:39.200,-0.528997838,4.022745132,1.203062773
2025-06-23,0:54:39.200,-0.099527948,2.952753544,1.189492226
2025-06-23,0:54:39.200,-0.100891344,3.022533894,1.130252004
2025-06-23,0:54:39.200,0,3.089994907,1.076525688
2025-06-23,0:54:39.200,-0.103618138,3.128950834,1.092396259
2025-06-23,0:54:39.200,-0.104981534,3.151841879,1.157800078
2025-06-23,0:54:39.200,-0.339485735,3.27948451,1.497559547
2025-06-23,0:54:39.200,-0.343575925,3.385343075,1.36097014
2025-06-23,0:54:39.200,-0.463554829,3.421947002,1.352003574
2025-06-23,0:54:39.200,-0.469008416,3.456892014,1.381281495
2025-06-23,0:54:39.200,-0.201782688,2.971223354,1.246786237
2025-06-23,0:54:39.200,-0.102254741,3.010550022,1.277931929
2025-06-23,0:54:39.200,-0.103618138,3.03948307,1.321062565
2025-06-23,0:54:39.200,-0.463554829,3.336387157,1.551178336
2025-06-23,0:54:39.200,-0.020450948,0.038498573,0.001755302
2025-06-23,0:54:39.200,-0.040901896,0.077064238,-0.001409987
2025-06-23,0:54:39.200,0,3.079273224,0.813404739
2025-06-23,0:54:39.200,0,3.148202658,0.715668023
2025-06-23,0:54:39.200,0,3.200824976,0.679481804
2025-06-23,0:54:39.200,0,3.247301817,0.670396805
2025-06-23,0:54:39.200,-0.104981534,3.274412394,0.743526638
2025-06-23,0:54:39.200,-0.226323828,3.450540304,1.074942946
2025-06-23,0:54:39.200,-0.343575925,3.530181408,0.922283649
2025-06-23,0:54:39.200,-0.347666115,3.585120916,0.882356346
2025-06-23,0:54:39.200,-0.351756305,3.624528408,0.903918982
2025-06-23,0:54:39.400,0,2.995822191,1.081018567
2025-06-23,0:54:39.400,0,3.089132071,0.938415468
2025-06-23,0:54:39.400,0,3.151945829,0.878757358
2025-06-23,0:54:39.400,-0.103618138,3.195845127,0.877631605
2025-06-23,0:54:39.400,0,3.223557949,0.945676088
2025-06-23,0:54:39.400,-0.339485735,3.413359642,1.160464644
2025-06-23,0:54:39.400,-0.343575925,3.483861208,1.084204316
2025-06-23,0:54:39.400,-0.347666115,3.532193422,1.074827909
2025-06-23,0:54:39.400,-0.351756305,3.552889585,1.153799534
2025-06-23,0:54:39.400,-0.100891344,3.007063866,1.170789361
2025-06-23,0:54:39.400,-0.102254741,3.079106569,1.102553248
2025-06-23,0:54:39.400,-0.103618138,3.134723902,1.075718045
2025-06-23,0:54:39.400,-0.104981534,3.149074554,1.165305853
2025-06-23,0:54:39.400,-0.339485735,3.32939744,1.383045793
2025-06-23,0:54:39.400,-0.343575925,3.407280684,1.305076718
2025-06-23,0:54:39.400,-0.463554829,3.437129498,1.312925696
2025-06-23,0:54:39.400,-0.469008416,3.448714972,1.401572704
2025-06-23,0:54:39.400,-0.102254741,2.995181322,1.313548326
2025-06-23,0:54:39.400,-0.207236275,3.03717804,1.314154863
2025-06-23,0:54:39.400,-0.458101243,3.319629192,1.483589292
2025-06-23,0:54:39.400,-0.463554829,3.365566969,1.486805916
2025-06-23,0:54:39.400,-0.020450948,0.038499847,0.001727139
2025-06-23,0:54:39.400,-0.040901896,0.077064008,-0.001422654
2025-06-23,0:54:39.400,0,3.064572811,0.867147744
2025-06-23,0:54:39.400,0,3.14287281,0.738723159
2025-06-23,0:54:39.400,0,3.199690819,0.684802592
2025-06-23,0:54:39.400,0,3.248952627,0.662348986
2025-06-23,0:54:39.400,-0.104981534,3.266939878,0.77570188
2025-06-23,0:54:39.400,-0.339485735,3.47784996,0.949874759
2025-06-23,0:54:39.400,-0.343575925,3.543935537,0.867933273
2025-06-23,0:54:39.400,-0.347666115,3.593233824,0.848714471
2025-06-23,0:54:39.400,-0.351756305,3.618667364,0.927104592
2025-06-23,0:54:39.800,0.099527948,3.007525206,1.04328239
2025-06-23,0:54:39.800,0,3.062880039,1.020846009
2025-06-23,0:54:39.800,0,3.124725103,0.971118331
2025-06-23,0:54:39.800,0,3.185215712,0.921303749
2025-06-23,0:54:39.800,-0.104981534,3.254334927,0.826989651
2025-06-23,0:54:39.800,0,3.343815804,0.632109642
2025-06-23,0:54:39.800,-0.339485735,3.429941416,1.110496998
2025-06-23,0:54:39.800,-0.343575925,3.484064341,1.083551049
2025-06-23,0:54:39.800,-0.347666115,3.528456688,1.087031722
2025-06-23,0:54:39.800,-0.351756305,3.551537991,1.157953262
2025-06-23,0:54:39.800,0.099527948,2.938075304,1.225299597
2025-06-23,0:54:39.800,0,2.991457939,1.214306235
2025-06-23,0:54:39.800,0,3.05469346,1.172955632
2025-06-23,0:54:39.800,0,3.122508764,1.115499377
2025-06-23,0:54:39.800,0,3.20530057,1.005821705
2025-06-23,0:54:39.800,-0.339485735,3.343918324,1.34755826
2025-06-23,0:54:39.800,-0.343575925,3.40338254,1.315209031
2025-06-23,0:54:39.800,-0.347666115,3.447067976,1.322636127
2025-06-23,0:54:39.800,-0.351756305,3.467701912,1.388999939
2025-06-23,0:54:39.800,-0.103618138,3.024908066,1.354103088
2025-06-23,0:54:39.800,-0.020450948,0.038499746,0.001729323
2025-06-23,0:54:39.800,-0.040901896,0.077063821,-0.001432463
2025-06-23,0:54:39.800,0.099527948,3.069529772,0.843583226
2025-06-23,0:54:39.800,0.100891344,3.127041578,0.796738267
2025-06-23,0:54:39.800,0.102254741,3.181552887,0.757787943
2025-06-23,0:54:39.800,0,3.235001802,0.727436304
2025-06-23,0:54:39.800,0,3.292403936,0.667611778
2025-06-23,0:54:39.800,-0.339485735,3.497335672,0.875411868
2025-06-23,0:54:39.800,-0.343575925,3.546009064,0.859422505
2025-06-23,0:54:39.800,-0.231777415,3.597973347,0.867976964
2025-06-23,0:54:39.800,-0.351756305,3.615305424,0.940129697
2025-06-23,0:54:40.100,0.199055895,2.963111162,1.150608778
2025-06-23,0:54:40.100,0.201782688,3.015915394,1.134415865
2025-06-23,0:54:40.100,0.102254741,3.085340023,1.084987283
2025-06-23,0:54:40.100,0.103618138,3.150386572,1.028944969
2025-06-23,0:54:40.100,0.104981534,3.194994926,1.032771111
2025-06-23,0:54:40.100,-0.113161914,3.461273193,1.058175325
2025-06-23,0:54:40.100,-0.114525311,3.515488625,1.029104114
2025-06-23,0:54:40.100,-0.115888707,3.56333971,1.020635366
2025-06-23,0:54:40.100,-0.117252104,3.573190451,1.138670802
2025-06-23,0:54:40.100,0.119978897,3.598594427,1.332718015
2025-06-23,0:54:40.100,0.201782688,2.931988716,1.336445689
2025-06-23,0:54:40.100,0.204509482,3.002840996,1.283783197
2025-06-23,0:54:40.100,0.103618138,3.076640844,1.232048988
2025-06-23,0:54:40.100,0.104981534,3.121478558,1.237327695
2025-06-23,0:54:40.100,-0.226323828,3.373874664,1.295646787
2025-06-23,0:54:40.100,-0.114525311,3.435610771,1.27054882
2025-06-23,0:54:40.100,-0.115888707,3.481733561,1.271462679
2025-06-23,0:54:40.100,-0.117252104,3.473967075,1.412733078
2025-06-23,0:54:40.100,0,3.50522542,1.566463709
2025-06-23,0:54:40.100,0.013633966,0.400624573,-0.172221705
2025-06-23,0:54:40.100,-0.020450948,0.038499877,0.001726441
2025-06-23,0:54:40.400,-0.020450948,0.038498703,0.00175243
2025-06-23,0:54:40.400,-0.040901896,0.077064127,-0.001416011
2025-06-23,0:54:41.000,-0.020450948,0.03849937,0.001737725
2025-06-23,0:54:41.000,-0.040901896,0.077063888,-0.001428794
2025-06-23,0:54:41.100,-0.020450948,0.038498189,0.001763684
2025-06-23,0:54:41.100,-0.040901896,0.077064447,-0.001398324
2025-06-23,0:54:41.500,-0.020450948,0.038498122,0.001765153
2025-06-23,0:54:41.500,-0.040901896,0.077064894,-0.001373683
2025-06-23,0:54:41.800,-0.020450948,0.038497556,0.001777429
2025-06-23,0:54:41.800,-0.040901896,0.077065088,-0.001362884
2025-06-23,0:54:42.100,-0.020450948,0.03849883,0.001749639
2025-06-23,0:54:42.100,-0.040901896,0.077064544,-0.001393396
2025-06-23,0:54:43.100,-0.020450948,0.038499288,0.00173951
2025-06-23,0:54:43.100,-0.040901896,0.077064447,-0.001398326
2025-06-23,0:54:43.100,-0.020450948,0.038498849,0.001749254
2025-06-23,0:54:43.100,-0.040901896,0.077064365,-0.001403224
2025-06-23,0:54:43.100,-0.020450948,0.038498946,0.001747113
2025-06-23,0:54:43.100,-0.040901896,0.077064484,-0.001396343
2025-06-23,0:54:44.000,-0.020450948,0.038498417,0.00175869
2025-06-23,0:54:44.000,-0.040901896,0.077064589,-0.00139045
2025-06-23,0:54:44.500,-0.020450948,0.038497619,0.00177605
2025-06-23,0:54:44.500,-0.040901896,0.077065073,-0.001363845
2025-06-23,0:54:45.400,-0.020450948,0.038497835,0.001771356
2025-06-23,0:54:45.400,-0.040901896,0.077065036,-0.001365829
2025-06-23,0:54:45.400,-0.020450948,0.038497169,0.0017858
2025-06-23,0:54:45.400,-0.040901896,0.077065088,-0.00136286
2025-06-23,0:54:45.400,-0.020450948,0.038497504,0.001778575
2025-06-23,0:54:45.400,-0.040901896,0.077065036,-0.001365829
2025-06-23,0:54:45.600,-0.020450948,0.038497787,0.001772439
2025-06-23,0:54:45.600,-0.040901896,0.077065088,-0.001362878
2025-06-23,0:54:45.600,-0.020450948,0.038497206,0.001785041
2025-06-23,0:54:45.600,-0.040901896,0.077065378,-0.001346155
2025-06-23,0:54:45.800,-0.020450948,0.038497426,0.00178028
2025-06-23,0:54:45.800,-0.040901896,0.077065535,-0.001337227
2025-06-23,0:54:46.200,-0.020450948,0.038496092,0.001808897
2025-06-23,0:54:46.200,-0.040901896,0.077065706,-0.001327425
2025-06-23,0:54:46.400,-0.020450948,0.038497217,0.00178475
2025-06-23,0:54:46.400,-0.040901896,0.077065535,-0.00133729
2025-06-23,0:54:46.800,-0.020450948,0.038496919,0.001791207
2025-06-23,0:54:46.800,-0.040901896,0.077065244,-0.001353967
2025-06-23,0:54:47.100,-0.020450948,0.038496904,0.001791569
2025-06-23,0:54:47.100,-0.040901896,0.077065155,-0.001358928
2025-06-23,0:54:47.500,-0.020450948,0.038496364,0.001803079
2025-06-23,0:54:47.500,-0.040901896,0.077065498,-0.0013393
2025-06-23,0:54:47.800,-0.020450948,0.038496684,0.001796268
2025-06-23,0:54:47.800,-0.040901896,0.077065066,-0.00136386
2025-06-23,0:54:48.200,-0.020450948,0.038496789,0.001794027
2025-06-23,0:54:48.200,-0.040901896,0.077065185,-0.001357072
2025-06-23,0:54:48.500,-0.020450948,0.038496446,0.001801324
2025-06-23,0:54:48.500,-0.040901896,0.077065326,-0.001349088
2025-06-23,0:54:48.800,-0.020450948,0.038496077,0.001809221
2025-06-23,0:54:48.800,-0.040901896,0.077065468,-0.001341211
2025-06-23,0:54:49.100,-0.020450948,0.038496654,0.001796863
2025-06-23,0:54:49.100,-0.040901896,0.077065416,-0.001344197
2025-06-23,0:54:49.400,-0.020450948,0.038497191,0.001785353
2025-06-23,0:54:49.400,-0.040901896,0.077065498,-0.001339266
2025-06-23,0:54:49.800,-0.020450948,0.038498417,0.001758732
2025-06-23,0:54:49.800,-0.040901896,0.077064164,-0.001413974
2025-06-23,0:54:50.100,-0.020450948,0.038498566,0.001755424
2025-06-23,0:54:50.100,-0.040901896,0.077064164,-0.001413973
2025-06-23,0:54:50.500,-0.020450948,0.038498849,0.001749282
2025-06-23,0:54:50.500,-0.040901896,0.077064075,-0.001418911
2025-06-23,0:54:50.800,-0.020450948,0.038498271,0.001761942
2025-06-23,0:54:50.800,-0.040901896,0.077064164,-0.001414019
2025-06-23,0:54:51.100,-0.020450948,0.038498417,0.001758693
2025-06-23,0:54:51.100,-0.040901896,0.077064097,-0.001417895
2025-06-23,0:54:51.400,-0.020450948,0.03849782,0.0017717
2025-06-23,0:54:51.400,-0.040901896,0.077064402,-0.001401185
2025-06-23,0:54:51.800,-0.020450948,0.038498152,0.00176447
2025-06-23,0:54:51.800,-0.040901896,0.077064291,-0.001407097
2025-06-23,0:54:52.100,-0.020450948,0.038498584,0.001755074
2025-06-23,0:54:52.100,-0.040901896,0.077064291,-0.001407097
2025-06-23,0:54:52.500,-0.020450948,0.038498387,0.001759366
2025-06-23,0:54:52.500,-0.040901896,0.077064507,-0.001395284
