Date,Time,X,Y,Z
2025-06-23,23:34:53.47784,-0.040901895612478256,0.07705853134393692,-0.001693481346592307
2025-06-23,23:34:54.56124,-0.040901895612478256,0.07705879956483841,-0.0016812875401228666
2025-06-23,23:34:54.56287,-0.040901895612478256,0.07705836743116379,-0.001700877444818616
2025-06-23,23:34:54.56287,-0.040901895612478256,0.07705843448638916,-0.0016977927880361676
2025-06-23,23:34:54.56402,-0.040901895612478256,0.07705830782651901,-0.0017036874778568745
2025-06-23,23:34:54.56402,-0.040901895612478256,0.07705844938755035,-0.0016972948797047138
2025-06-23,23:34:54.56488,-0.040901895612478256,0.07705821096897125,-0.0017078177770599723
2025-06-23,23:34:54.56488,-0.13633964955806732,0.3872944116592407,0.1475154608488083
2025-06-23,23:34:54.56488,-0.02863132767379284,0.8883031606674194,-0.2225414663553238
2025-06-23,23:34:54.56488,-0.06271623820066452,0.9413906335830688,-0.3417337238788605
2025-06-23,23:34:54.56488,-0.040901895612478256,0.0770585834980011,-0.0016910983249545097
2025-06-23,23:34:54.56488,-0.13633964955806732,0.37344327569007874,0.1797161102294922
2025-06-23,23:34:54.56588,-0.040901895612478256,0.07705874741077423,-0.0016836542636156082
2025-06-23,23:34:54.56588,-0.14997361600399017,0.3666574954986572,0.1828017234802246
2025-06-23,23:34:54.56588,-0.040901895612478256,0.07705836743116379,-0.0017009342554956675
2025-06-23,23:34:54.72769,-0.040901895612478256,0.07706975936889648,-0.001066188677214086
2025-06-23,23:34:55.18912,-0.040901895612478256,0.07706981897354126,-0.001062094117514789
2025-06-23,23:34:55.35050,-0.040901895612478256,0.07706987857818604,-0.0010577706852927804
2025-06-23,23:34:55.81418,-0.040901895612478256,0.07706978172063828,-0.001064808340743184
2025-06-23,23:34:56.03321,-0.040901895612478256,0.07707006484270096,-0.0010438638273626566
2025-06-23,23:34:56.35735,-0.040901895612478256,0.07706979662179947,-0.0010636543156579137
2025-06-23,23:34:56.75014,-0.040901895612478256,0.0770699679851532,-0.001051147934049368
2025-06-23,23:34:57.01739,-0.040901895612478256,0.07707012444734573,-0.0010395298013463616
2025-06-23,23:34:57.36131,-0.040901895612478256,0.07707018405199051,-0.001035208348184824
2025-06-23,23:34:57.67800,-0.040901895612478256,0.07707060873508453,-0.0010030634002760053
2025-06-23,23:34:58.00786,-0.040901895612478256,0.0770706832408905,-0.00099720258731395
2025-06-23,23:34:58.36397,-0.040901895612478256,0.07707064598798752,-0.0009998773457482457
2025-06-23,23:34:58.67970,-0.040901895612478256,0.07707051187753677,-0.001010361360386014
2025-06-23,23:34:59.01155,-0.040901895612478256,0.07707085460424423,-0.0009840641869232059
2025-06-23,23:34:59.33386,3.337594509124756,8.147405624389648,-1.301824688911438
2025-06-23,23:34:59.33386,-0.040901895612478256,0.07707095891237259,-0.0009756043436937034
2025-06-23,23:34:59.68167,-0.040901895612478256,0.0770711600780487,-0.0009598950855433941
2025-06-23,23:35:00.02143,-0.040901895612478256,0.07707100361585617,-0.0009724111878313124
2025-06-23,23:35:00.34319,-0.040901895612478256,0.07707120478153229,-0.0009562104823999107
2025-06-23,23:35:00.67181,-0.040901895612478256,0.07707119733095169,-0.0009567250381223857
2025-06-23,23:35:01.03025,3.893860340118408,7.8899993896484375,-1.3417357206344604
2025-06-23,23:35:01.03025,-0.040901895612478256,0.07707101851701736,-0.0009710066951811314
2025-06-23,23:35:01.03025,3.615727424621582,7.887427806854248,-1.9822931289672852
2025-06-23,23:35:01.34587,3.893860340118408,7.603113651275635,-2.4990007877349854
2025-06-23,23:35:01.34587,-0.040901895612478256,0.07707089185714722,-0.0009808165486901999
2025-06-23,23:35:01.68364,-0.040901895612478256,0.0770711824297905,-0.0009580007172189653
2025-06-23,23:35:02.02346,3.615727424621582,7.715980529785156,-2.5699515342712402
2025-06-23,23:35:02.02346,-0.040901895612478256,0.07707111537456512,-0.0009634905145503581
2025-06-23,23:35:02.34992,3.615727424621582,7.955376148223877,-1.6890814304351807
2025-06-23,23:35:02.34992,3.337594509124756,8.203044891357422,-0.8860094547271729
2025-06-23,23:35:02.34992,-0.040901895612478256,0.07707106322050095,-0.0009673542226664722
2025-06-23,23:35:02.69570,3.615727424621582,7.989070892333984,-1.5217586755752563
2025-06-23,23:35:02.69570,3.337594509124756,8.226897239685059,-0.6269922852516174
2025-06-23,23:35:02.69570,-0.020450947806239128,0.038515232503414154,-0.001340942457318306
2025-06-23,23:35:02.69570,-0.040901895612478256,0.0770711675286293,-0.0009591770358383656
2025-06-23,23:35:02.69570,3.615727424621582,7.819211483001709,-2.236276626586914
2025-06-23,23:35:03.01156,3.893860340118408,7.8884968757629395,-1.3505419492721558
2025-06-23,23:35:03.01156,3.893860340118408,7.985352039337158,-0.5352577567100525
2025-06-23,23:35:03.01156,-0.040901895612478256,0.07707113027572632,-0.0009623470832593739
2025-06-23,23:35:03.01156,3.615727424621582,7.94441556930542,-1.7399049997329712
2025-06-23,23:35:03.34338,3.615727424621582,8.049638748168945,-1.1594504117965698
2025-06-23,23:35:03.34338,3.615727424621582,8.071059226989746,-0.9995054602622986
2025-06-23,23:35:03.34338,-0.040901895612478256,0.07707113027572632,-0.0009623470832593739
2025-06-23,23:35:03.34338,3.615727424621582,7.984167098999023,-1.5472822189331055
2025-06-23,23:35:03.67747,3.615727424621582,8.064736366271973,-1.0492998361587524
2025-06-23,23:35:03.67747,-0.040901895612478256,0.07707122713327408,-0.0009543460328131914
2025-06-23,23:35:03.67747,3.615727424621582,7.981101989746094,-1.5630146265029907
2025-06-23,23:35:04.02184,3.598003387451172,7.969680309295654,-1.4065394401550293
2025-06-23,23:35:04.02184,3.893860340118408,7.898981094360352,-1.287805438041687
2025-06-23,23:35:04.02184,3.615727424621582,8.068573951721191,-1.0193744897842407
2025-06-23,23:35:04.02184,-0.040901895612478256,0.07707131654024124,-0.0009473253157921135
2025-06-23,23:35:04.02184,3.893860340118408,7.83551549911499,-1.6300424337387085
2025-06-23,23:35:04.34769,3.874772787094116,7.623258590698242,-2.304744005203247
2025-06-23,23:35:04.34769,3.893860340118408,7.84210205078125,-1.5980556011199951
2025-06-23,23:35:04.34769,3.615727424621582,8.093833923339844,-0.7942622303962708
2025-06-23,23:35:04.34769,-0.040901895612478256,0.07707111537456512,-0.000963343889452517
2025-06-23,23:35:04.67548,3.893860340118408,7.7569427490234375,-1.9703261852264404
2025-06-23,23:35:04.67548,3.615727424621582,8.013664245605469,-1.3864322900772095
2025-06-23,23:35:04.67548,-0.040901895612478256,0.0770711600780487,-0.0009596868767403066
2025-06-23,23:35:05.02387,-0.040901895612478256,0.07707121223211288,-0.0009558204328641295
2025-06-23,23:35:05.36346,-0.040901895612478256,0.07707130163908005,-0.000948471250012517
2025-06-23,23:35:05.67600,-0.040901895612478256,0.07707125693559647,-0.0009516769787296653
2025-06-23,23:35:06.02278,3.337594509124756,8.247913360595703,-0.21653589606285095
2025-06-23,23:35:06.02278,-0.040901895612478256,0.07707110792398453,-0.0009640047210268676
2025-06-23,23:35:06.34964,3.337594509124756,8.250088691711426,-0.10487940907478333
2025-06-23,23:35:06.34964,-0.040901895612478256,0.07707151770591736,-0.0009304080158472061
2025-06-23,23:35:06.67528,-0.040901895612478256,0.07707153260707855,-0.0009292837930843234
2025-06-23,23:35:07.01162,-0.040901895612478256,0.07707110047340393,-0.0009644164238125086
2025-06-23,23:35:07.33564,-0.040901895612478256,0.07707086950540543,-0.0009828977053985
2025-06-23,23:35:07.67525,3.893860340118408,7.791594505310059,-1.8284978866577148
2025-06-23,23:35:07.67525,-0.020450947806239128,0.03851984068751335,-0.001201242906972766
2025-06-23,23:35:07.67525,-0.040901895612478256,0.07707063108682632,-0.0010013427818194032
2025-06-23,23:35:08.03185,-0.040901895612478256,0.07707110047340393,-0.0009643876110203564
2025-06-23,23:35:08.34213,4.171993255615234,7.854921817779541,-0.3304145634174347
2025-06-23,23:35:08.34213,-0.040901895612478256,0.07707154005765915,-0.0009288850123994052
2025-06-23,23:35:08.68200,-0.040901895612478256,0.0770716443657875,-0.0009201644570566714
2025-06-23,23:35:09.00982,-0.040901895612478256,0.077071413397789,-0.0009388517355546355
2025-06-23,23:35:09.35192,-0.040901895612478256,0.07707143574953079,-0.0009373477660119534
2025-06-23,23:35:09.69515,-0.040901895612478256,0.07707055658102036,-0.0010070540010929108
2025-06-23,23:35:10.02236,-0.040901895612478256,0.07707001268863678,-0.0010481763165444136
2025-06-23,23:35:10.35788,-0.020450947806239128,0.03852003812789917,-0.0011949108447879553
2025-06-23,23:35:10.35788,-0.040901895612478256,0.07707100361585617,-0.00097194331465289
2025-06-23,23:35:10.69586,-0.040901895612478256,0.07707145065069199,-0.0009360270923934877
2025-06-23,23:35:11.01355,-0.040901895612478256,0.07707023620605469,-0.0010316085536032915
2025-06-23,23:35:11.35182,-0.040901895612478256,0.07707162946462631,-0.0009211498545482755
2025-06-23,23:35:11.68220,-0.040901895612478256,0.07707157731056213,-0.000925642903894186
2025-06-23,23:35:12.01625,-0.040901895612478256,0.07707258313894272,-0.0008372917654924095
2025-06-23,23:35:12.34176,-0.040901895612478256,0.07707049697637558,-0.0010115589248016477
2025-06-23,23:35:12.68273,-0.040901895612478256,0.07707082480192184,-0.0009864646708592772
2025-06-23,23:35:13.01341,-0.040901895612478256,0.07707347720861435,-0.0007509720744565129
2025-06-23,23:35:13.35096,-0.040901895612478256,0.07707325369119644,-0.0007737042615190148
2025-06-23,23:35:13.68351,-0.040901895612478256,0.07707323879003525,-0.0007754293037578464
2025-06-23,23:35:14.03394,-0.040901895612478256,0.07707343995571136,-0.0007547594141215086
2025-06-23,23:35:14.35398,-0.040901895612478256,0.07707398384809494,-0.0006969910464249551
2025-06-23,23:35:14.68266,-0.040901895612478256,0.07707299292087555,-0.0007992252358235419
2025-06-23,23:35:15.02508,-0.040901895612478256,0.07707411050796509,-0.0006827340694144368
2025-06-23,23:35:15.35488,-0.040901895612478256,0.07707365602254868,-0.000732656626496464
2025-06-23,23:35:15.70056,-0.040901895612478256,0.07707427442073822,-0.0006641926011070609
2025-06-23,23:35:16.03203,-0.040901895612478256,0.07707390934228897,-0.000704884878359735
2025-06-23,23:35:16.35431,-0.040901895612478256,0.07707425206899643,-0.000666588603053242
2025-06-23,23:35:16.68127,-0.040901895612478256,0.07707414776086807,-0.0006789786857552826
2025-06-23,23:35:17.03521,-0.040901895612478256,0.07707414776086807,-0.0006789283361285925
2025-06-23,23:35:17.35205,-0.3599366843700409,0.8489347100257874,0.2665170431137085
2025-06-23,23:35:17.35205,-0.3599366843700409,0.8270524740219116,0.328185498714447
2025-06-23,23:35:17.35205,-0.020450947806239128,0.038523897528648376,-0.001063212170265615
2025-06-23,23:35:17.35205,-0.040901895612478256,0.0770740732550621,-0.0006869916105642915
2025-06-23,23:35:17.35205,-0.3299419581890106,0.8732993602752686,0.22307495772838593
2025-06-23,23:35:17.69690,-0.3299419581890106,0.8342301845550537,0.34128323197364807
2025-06-23,23:35:17.69690,-0.040901895612478256,0.07707418501377106,-0.0006740080425515771
2025-06-23,23:35:17.69690,-0.29994723200798035,0.8702364563941956,0.27202221751213074
2025-06-23,23:35:18.02828,-0.3299419581890106,0.8361744284629822,0.33649152517318726
2025-06-23,23:35:18.02828,-0.3299419581890106,0.8072474002838135,0.4009562134742737
2025-06-23,23:35:18.02828,-0.040901895612478256,0.07707417011260986,-0.0006757345399819314
2025-06-23,23:35:18.02828,-0.29994723200798035,0.8662270903587341,0.2845316529273987
2025-06-23,23:35:18.35424,-0.3299419581890106,0.8469811081886292,0.30828118324279785
2025-06-23,23:35:18.35424,-0.040901895612478256,0.07707414776086807,-0.0006789283361285925
2025-06-23,23:35:18.68597,-0.040901895612478256,0.07707427442073822,-0.0006641661166213453
2025-06-23,23:35:19.03197,-0.040901895612478256,0.07707443088293076,-0.0006455405382439494
2025-06-23,23:35:19.34348,-0.040901895612478256,0.07707449793815613,-0.0006380706909112632
2025-06-23,23:35:19.69432,-0.040901895612478256,0.07707449793815613,-0.0006373592768795788
2025-06-23,23:35:20.01388,-0.040901895612478256,0.077074334025383,-0.0006569673423655331
2025-06-23,23:35:20.34649,-0.040901895612478256,0.07707446813583374,-0.0006414816016331315
2025-06-23,23:35:20.68612,-0.040901895612478256,0.07707438617944717,-0.000650898611638695
2025-06-23,23:35:21.97672,-0.45810121297836304,0.8975837230682373,0.2843959927558899
2025-06-23,23:35:21.97672,-0.040901895612478256,0.07707460224628448,-0.0006250261794775724
2025-06-23,23:35:22.01488,-0.040901895612478256,0.0770745500922203,-0.0006313658086583018
2025-06-23,23:35:22.01488,-0.040901895612478256,0.0770745500922203,-0.0006315890932455659
2025-06-23,23:35:22.01488,-0.040901895612478256,0.07707484066486359,-0.0005945822922512889
2025-06-23,23:35:22.35843,-0.040901895612478256,0.07707491517066956,-0.0005847741267643869
2025-06-23,23:35:22.88271,-0.040901895612478256,0.07707493007183075,-0.0005831024027429521
2025-06-23,23:35:23.03071,-0.040901895612478256,0.07707487046718597,-0.0005909288302063942
2025-06-23,23:35:23.36852,-0.040901895612478256,0.07707495987415314,-0.0005788827547803521
2025-06-23,23:35:23.69426,-0.040901895612478256,0.07707499712705612,-0.0005743438377976418
2025-06-23,23:35:24.02735,-0.040901895612478256,0.07707495242357254,-0.0005800296785309911
2025-06-23,23:35:24.35645,-0.040901895612478256,0.07707495987415314,-0.0005788879934698343
2025-06-23,23:35:24.69584,-0.040901895612478256,0.07707495987415314,-0.0005788484122604132
2025-06-23,23:35:25.03394,-0.040901895612478256,0.07707520574331284,-0.0005452721379697323
2025-06-23,23:35:25.35260,-0.040901895612478256,0.07707517594099045,-0.0005496547091752291
2025-06-23,23:35:25.68807,-0.040901895612478256,0.07707515358924866,-0.0005523923900909722
2025-06-23,23:35:26.03226,-0.040901895612478256,0.07707518339157104,-0.0005489210016094148
2025-06-23,23:35:26.38260,-0.040901895612478256,0.0770750641822815,-0.0005646766512654722
2025-06-23,23:35:26.69269,-0.040901895612478256,0.07707516849040985,-0.0005504850996658206
2025-06-23,23:35:27.02262,-0.040901895612478256,0.07707522809505463,-0.000542076479177922
2025-06-23,23:35:27.36255,-0.040901895612478256,0.07707510143518448,-0.0005602058372460306
2025-06-23,23:35:27.69368,-0.040901895612478256,0.07707512378692627,-0.0005565041210502386
2025-06-23,23:35:28.04826,2.474564790725708,6.679696083068848,1.039210557937622
2025-06-23,23:35:28.04826,2.715885877609253,6.655033588409424,0.8867374658584595
2025-06-23,23:35:28.04826,2.7322466373443604,6.703125953674316,0.8298186659812927
2025-06-23,23:35:28.04826,2.519556760787964,6.861653804779053,0.5411712527275085
2025-06-23,23:35:28.04826,2.304140090942383,6.419013977050781,-2.802140235900879
2025-06-23,23:35:28.04826,1.3633965253829956,8.34133529663086,-2.168358325958252
2025-06-23,23:35:28.04826,1.6524364948272705,8.617608070373535,0.8216842412948608
2025-06-23,23:35:28.04826,1.937386393547058,8.63931941986084,0.22018711268901825
2025-06-23,23:35:28.04826,2.2496042251586914,6.639346599578857,1.6371099948883057
2025-06-23,23:35:28.04826,2.715885877609253,6.5720438957214355,1.3725944757461548
2025-06-23,23:35:28.04826,2.7322466373443604,6.629487037658691,1.29243803024292
2025-06-23,23:35:28.04826,2.519556760787964,6.809370994567871,1.003807783126831
2025-06-23,23:35:28.04826,1.6606168746948242,8.634778022766113,1.0595929622650146
2025-06-23,23:35:28.04826,-0.020450947806239128,0.03851788863539696,-0.0012622791109606624
2025-06-23,23:35:28.04826,-0.040901895612478256,0.07707516849040985,-0.0005500274710357189
2025-06-23,23:35:28.04826,2.6995251178741455,6.643005847930908,0.6362413763999939
2025-06-23,23:35:28.04826,2.715885877609253,6.6986494064331055,0.4515196681022644
2025-06-23,23:35:28.04826,2.7322466373443604,6.7420549392700195,0.40643882751464844
2025-06-23,23:35:28.04826,2.519556760787964,6.882059097290039,0.11146868765354156
2025-06-23,23:35:28.04826,1.937386393547058,8.634191513061523,-0.3702000081539154
2025-06-23,23:35:28.36241,2.474564790725708,6.695130825042725,0.9346237778663635
2025-06-23,23:35:28.36241,2.715885877609253,6.666457653045654,0.7963151335716248
2025-06-23,23:35:28.36241,2.5045595169067383,6.804477691650391,0.7154905796051025
2025-06-23,23:35:28.36241,2.519556760787964,6.812326908111572,0.9835469126701355
2025-06-23,23:35:28.36241,2.764968156814575,6.822230339050293,-0.42061537504196167
2025-06-23,23:35:28.36241,1.3633965253829956,8.46579647064209,-1.6155312061309814
2025-06-23,23:35:28.36241,1.370213508605957,8.620779991149902,-0.8405042886734009
2025-06-23,23:35:28.36241,1.6524364948272705,8.645816802978516,0.43380796909332275
2025-06-23,23:35:28.36241,1.6606168746948242,8.699531555175781,-0.016774281859397888
2025-06-23,23:35:28.36241,2.2496042251586914,6.71369743347168,1.2989683151245117
2025-06-23,23:35:28.36241,2.4895620346069336,6.687924385070801,1.23513662815094
2025-06-23,23:35:28.36241,2.5045595169067383,6.742361068725586,1.1633647680282593
2025-06-23,23:35:28.36241,2.29050612449646,6.847249984741211,1.2617754936218262
2025-06-23,23:35:28.36241,1.6524364948272705,8.616302490234375,0.8352597951889038
2025-06-23,23:35:28.36241,1.6606168746948242,8.693799018859863,0.31620243191719055
2025-06-23,23:35:28.36241,-0.040901895612478256,0.07707522064447403,-0.0005437508807517588
2025-06-23,23:35:28.36241,2.474564790725708,6.7481770515441895,0.4005054831504822
2025-06-23,23:35:28.36241,2.4895620346069336,6.793662071228027,0.31630292534828186
2025-06-23,23:35:28.36241,2.7322466373443604,6.748988151550293,0.2676793038845062
2025-06-23,23:35:28.36241,2.519556760787964,6.864344596862793,0.5058977603912354
2025-06-23,23:35:28.36241,2.764968156814575,6.807443618774414,-0.6151894330978394
2025-06-23,23:35:28.36241,1.3633965253829956,8.352391242980957,-2.1253726482391357
2025-06-23,23:35:28.36241,1.370213508605957,8.53752613067627,-1.461144208908081
2025-06-23,23:35:28.36241,1.6524364948272705,8.656617164611816,-0.03619471192359924
2025-06-23,23:35:28.36241,1.937386393547058,8.620173454284668,-0.6155723333358765
2025-06-23,23:35:28.69464,2.474564790725708,6.685831069946289,0.9989789128303528
2025-06-23,23:35:28.69464,2.2632381916046143,6.8257246017456055,0.8596822023391724
2025-06-23,23:35:28.69464,2.5045595169067383,6.7831854820251465,0.8951215147972107
2025-06-23,23:35:28.69464,2.519556760787964,6.633538246154785,1.836118459701538
2025-06-23,23:35:28.69464,2.764968156814575,6.818289279937744,0.4802897870540619
2025-06-23,23:35:28.69464,1.3633965253829956,8.543445587158203,-1.1354212760925293
2025-06-23,23:35:28.69464,1.370213508605957,8.636905670166016,-0.654340922832489
2025-06-23,23:35:28.69464,1.3770304918289185,8.7034330368042,0.1513996422290802
2025-06-23,23:35:28.69464,1.6606168746948242,8.699546813964844,0.004028059542179108
2025-06-23,23:35:28.69464,2.2496042251586914,6.682532787322998,1.4507943391799927
2025-06-23,23:35:28.69464,2.2632381916046143,6.746407508850098,1.3474247455596924
2025-06-23,23:35:28.69464,2.276872158050537,6.791073799133301,1.3352288007736206
2025-06-23,23:35:28.69464,2.519556760787964,6.493174076080322,2.283385992050171
2025-06-23,23:35:28.69464,1.0907171964645386,8.618322372436523,-0.8205835819244385
2025-06-23,23:35:28.69464,1.0961707830429077,8.70023250579834,-0.07845175266265869
2025-06-23,23:35:28.69464,1.3770304918289185,8.679661750793457,0.6604083776473999
2025-06-23,23:35:28.69464,1.6606168746948242,8.686856269836426,0.46973496675491333
2025-06-23,23:35:28.69464,-0.040901895612478256,0.07707513868808746,-0.0005549367633648217
2025-06-23,23:35:28.69464,2.474564790725708,6.742159366607666,0.4915151000022888
2025-06-23,23:35:28.69464,2.4895620346069336,6.788586139678955,0.4110884964466095
2025-06-23,23:35:28.69464,2.7322466373443604,6.740292549133301,0.43468615412712097
2025-06-23,23:35:28.69464,2.519556760787964,6.7424397468566895,1.3837147951126099
2025-06-23,23:35:28.69464,2.764968156814575,6.8235063552856445,0.3993832767009735
2025-06-23,23:35:28.69464,1.3633965253829956,8.450211524963379,-1.6951624155044556
2025-06-23,23:35:28.69464,1.370213508605957,8.580798149108887,-1.1807678937911987
2025-06-23,23:35:28.69464,1.6524364948272705,8.639314651489258,-0.5482426881790161
2025-06-23,23:35:28.69464,1.6606168746948242,8.68874454498291,-0.43340539932250977
2025-06-23,23:35:29.02249,2.024643898010254,6.8586859703063965,0.8252370357513428
2025-06-23,23:35:29.02249,2.2632381916046143,6.841784477233887,0.7207974791526794
2025-06-23,23:35:29.02249,2.276872158050537,6.859928131103516,0.9180976748466492
2025-06-23,23:35:29.02249,2.519556760787964,6.533224582672119,2.166134834289551
2025-06-23,23:35:29.02249,2.5345542430877686,6.880172252655029,0.7772118449211121
2025-06-23,23:35:29.02249,1.3633965253829956,8.61672306060791,-0.1781485676765442
2025-06-23,23:35:29.02249,1.370213508605957,8.660052299499512,-0.1667441427707672
2025-06-23,23:35:29.02249,1.6524364948272705,8.655784606933594,-0.12537506222724915
2025-06-23,23:35:29.02249,1.6606168746948242,8.695158958435059,-0.27629199624061584
2025-06-23,23:35:29.02249,2.2496042251586914,6.723414421081543,1.2476990222930908
2025-06-23,23:35:29.02249,2.2632381916046143,6.785728454589844,1.1328965425491333
2025-06-23,23:35:29.02249,2.276872158050537,6.789745807647705,1.341964602470398
2025-06-23,23:35:29.02249,2.519556760787964,6.367828369140625,2.6126461029052734
2025-06-23,23:35:29.02249,2.764968156814575,6.698706150054932,1.359074592590332
2025-06-23,23:35:29.02249,1.0907171964645386,8.637112617492676,0.59086012840271
2025-06-23,23:35:29.02249,1.0961707830429077,8.679367065429688,0.6072753667831421
2025-06-23,23:35:29.02249,1.3770304918289185,8.683479309082031,0.6081562638282776
2025-06-23,23:35:29.02249,1.3838474750518799,8.74109172821045,0.34361398220062256
2025-06-23,23:35:29.02249,-0.040901895612478256,0.07707515358924866,-0.0005530481575988233
2025-06-23,23:35:29.02249,2.2496042251586914,6.828470706939697,0.36474379897117615
2025-06-23,23:35:29.02249,2.4895620346069336,6.795726776123047,0.26832085847854614
2025-06-23,23:35:29.02249,2.276872158050537,6.90553617477417,0.4637773633003235
2025-06-23,23:35:29.02249,2.29050612449646,6.768121242523193,1.6338434219360352
2025-06-23,23:35:29.02249,2.764968156814575,6.832494735717773,0.19173218309879303
2025-06-23,23:35:29.02249,1.0907171964645386,8.605716705322266,-0.9436458945274353
2025-06-23,23:35:29.02249,1.370213508605957,8.622607231140137,-0.821553647518158
2025-06-23,23:35:29.02249,1.6524364948272705,8.620889663696289,-0.7865064144134521
2025-06-23,23:35:29.02249,1.6606168746948242,8.65029525756836,-0.9244024753570557
2025-06-23,23:35:29.35485,2.024643898010254,6.888472080230713,0.5210930705070496
2025-06-23,23:35:29.35485,2.2632381916046143,6.850289821624756,0.63490229845047
2025-06-23,23:35:29.35485,2.276872158050537,6.859303951263428,0.9227489829063416
2025-06-23,23:35:29.35485,2.519556760787964,6.583075046539307,2.009547233581543
2025-06-23,23:35:29.35485,2.5345542430877686,6.910902500152588,0.42456719279289246
2025-06-23,23:35:29.35485,1.0907171964645386,8.654601097106934,0.21613994240760803
2025-06-23,23:35:29.35485,1.0961707830429077,8.69846248626709,0.1922043412923813
2025-06-23,23:35:29.35485,1.3770304918289185,8.704721450805664,-0.022219648584723473
2025-06-23,23:35:29.35485,1.107077956199646,8.786876678466797,-0.07044613361358643
2025-06-23,23:35:29.35485,2.4641303198971457e-35,6.457253388531973e-40,-2.047241687774658
2025-06-23,23:35:29.35485,-1.0100529963689136e-28,-8796095119360.0,1.9972259149058516e-29
2025-06-23,23:35:29.35485,0.0,2.350988701644575e-38,-1.5845632502852868e+29
2025-06-23,23:35:29.35485,-1.0384618143073434e-17,-2.3775255336341622e-30,5.755512544865856e-39
2025-06-23,23:35:29.35485,12561873.0,-2.806885834871764e-09,5.769892669706757e-39
2025-06-23,23:35:29.35485,1.744382555068924e-10,-790038.625,5.8280185300069504e-39
2025-06-23,23:35:29.35485,9.683509508388935e-27,2.376640433407767e-30,5.89864677520585e-39
2025-06-23,23:35:29.35485,4.573021942633204e-05,-2.5632499552420987e+38,5.89174538026905e-39
2025-06-23,23:35:29.35485,-191.56239318847656,12.055230140686035,-0.0029184003360569477
2025-06-23,23:35:29.35485,9.450502878238094e-30,1.796369559770028e-07,-0.002918881829828024
2025-06-23,23:35:29.35485,1.4830758402870642e+28,-2.874081019399455e-06,-0.002925409469753504
2025-06-23,23:35:29.35485,843066982268928.0,12939868160.0,-0.0029338267631828785
2025-06-23,23:35:29.35485,-4.774928836984119e-27,-1.5383525579408146e+34,-0.005678309127688408
2025-06-23,23:35:29.35485,-3.6050038366115725e-35,-12344.5615234375,-0.005793910939246416
2025-06-23,23:35:29.35485,2.597734450738335e-18,3.731020452326278e+27,-0.005743429530411959
2025-06-23,23:35:29.35485,-2.308671088685965e-33,-1.5216005729744441e-28,-0.0029155488591641188
2025-06-23,23:35:29.35485,767.2066650390625,6.11117176017703e+31,-0.002931839320808649
2025-06-23,23:35:29.35485,-3068.903076171875,808922560.0,-0.0029298653826117516
2025-06-23,23:35:29.73252,1.1248021125793457,7.0934038162231445,0.49011722207069397
2025-06-23,23:35:29.73252,1.1316190958023071,7.122689247131348,0.662230372428894
2025-06-23,23:35:29.73252,1.1384360790252686,7.058582305908203,1.4021579027175903
2025-06-23,23:35:29.73252,1.3824840784072876,6.575423717498779,3.036006212234497
2025-06-23,23:35:29.73252,1.1248021125793457,7.044028282165527,0.9686382412910461
2025-06-23,23:35:29.73252,1.1316190958023071,7.067269325256348,1.106777310371399
2025-06-23,23:35:29.73252,1.1384360790252686,6.992246150970459,1.7023882865905762
2025-06-23,23:35:29.73252,-0.040901895612478256,0.07707511633634567,-0.000557907740585506
2025-06-23,23:35:29.73252,1.1248021125793457,7.109988689422607,0.06820698082447052
2025-06-23,23:35:29.73252,1.1316190958023071,7.148678302764893,0.2600913941860199
2025-06-23,23:35:29.73252,1.3661233186721802,7.087153434753418,0.9958092570304871
2025-06-23,23:35:29.73252,1.3743036985397339,6.511300086975098,3.072066307067871
2025-06-23,23:35:29.73252,1.3824840784072876,6.769423484802246,2.574575662612915
2025-06-23,23:35:30.02490,0.8943881392478943,7.0773162841796875,0.5542516112327576
2025-06-23,23:35:30.02490,1.1248021125793457,7.096358299255371,0.44529616832733154
2025-06-23,23:35:30.02490,1.1316190958023071,7.123505592346191,0.6533873081207275
2025-06-23,23:35:30.02490,1.1384360790252686,7.089044570922852,1.2389825582504272
2025-06-23,23:35:30.02490,1.1520700454711914,6.657907485961914,2.9512367248535156
2025-06-23,23:35:30.02490,0.8998417258262634,7.08052921295166,0.9371035099029541
2025-06-23,23:35:30.02490,1.1316190958023071,7.07722806930542,1.0411988496780396
2025-06-23,23:35:30.02490,1.1384360790252686,7.014729976654053,1.6072313785552979
2025-06-23,23:35:30.02490,-0.040901895612478256,0.07707512378692627,-0.000557446968741715
2025-06-23,23:35:30.02490,1.1248021125793457,7.109774112701416,0.08777809888124466
2025-06-23,23:35:30.02490,1.1316190958023071,7.148652076721191,0.2608067989349365
2025-06-23,23:35:30.02490,1.3661233186721802,7.112175464630127,0.797706663608551
2025-06-23,23:35:30.02490,1.3743036985397339,6.666901588439941,2.7179105281829834
2025-06-23,23:35:30.02490,1.1520700454711914,6.8103928565979,2.57993745803833
2025-06-23,23:35:30.36257,1.1248021125793457,7.099510669708252,0.39184075593948364
2025-06-23,23:35:30.36257,1.1316190958023071,7.121683120727539,0.6729636788368225
2025-06-23,23:35:30.36257,1.3661233186721802,7.035227298736572,1.313374400138855
2025-06-23,23:35:30.36257,1.3824840784072876,6.614103317260742,2.950791358947754
2025-06-23,23:35:30.36257,1.1248021125793457,7.053451061248779,0.8974505066871643
2025-06-23,23:35:30.36257,1.1316190958023071,7.070056438446045,1.0888292789459229
2025-06-23,23:35:30.36257,1.1384360790252686,6.965374946594238,1.8091936111450195
2025-06-23,23:35:30.36257,-0.040901895612478256,0.07707514613866806,-0.0005535627715289593
2025-06-23,23:35:30.36257,1.1248021125793457,7.109894275665283,-0.07740301638841629
2025-06-23,23:35:30.36257,1.1316190958023071,7.150060176849365,0.21882835030555725
2025-06-23,23:35:30.36257,1.3661233186721802,7.109622001647949,0.8201515078544617
2025-06-23,23:35:30.36257,1.3743036985397339,6.545901298522949,2.997631311416626
2025-06-23,23:35:30.36257,1.3824840784072876,6.790365219116211,2.518824338912964
2025-06-23,23:35:30.68252,0.8943881392478943,7.094283103942871,0.2583528161048889
2025-06-23,23:35:30.68252,0.8998417258262634,7.131742000579834,0.38769856095314026
2025-06-23,23:35:30.68252,1.1316190958023071,7.132389545440674,0.5479679703712463
2025-06-23,23:35:30.68252,1.1384360790252686,7.069308757781982,1.347036361694336
2025-06-23,23:35:30.68252,0.8998417258262634,7.101375102996826,0.7632323503494263
2025-06-23,23:35:30.68252,1.1316190958023071,7.08575439453125,0.9814963936805725
2025-06-23,23:35:30.68252,1.1384360790252686,6.955799102783203,1.845666527748108
2025-06-23,23:35:30.68252,-0.040901895612478256,0.07707516849040985,-0.0005503662396222353
2025-06-23,23:35:30.68252,1.1248021125793457,7.110232353210449,-0.03446173295378685
2025-06-23,23:35:30.68252,1.1316190958023071,7.152160167694092,0.13361455500125885
2025-06-23,23:35:30.68252,1.1384360790252686,7.132215976715088,0.9597522616386414
2025-06-23,23:35:30.68252,1.3824840784072876,6.70176362991333,2.745887517929077
2025-06-23,23:35:31.02307,0.8998417258262634,7.127935409545898,0.4523177444934845
2025-06-23,23:35:31.02307,1.1316190958023071,7.122677326202393,0.6623569130897522
2025-06-23,23:35:31.02307,1.1384360790252686,7.061831951141357,1.3856974840164185
2025-06-23,23:35:31.02307,1.3824840784072876,6.701814651489258,2.745762586593628
2025-06-23,23:35:31.02307,0.8998417258262634,7.080774784088135,0.9352443218231201
2025-06-23,23:35:31.02307,1.1316190958023071,7.063514709472656,1.1304923295974731
2025-06-23,23:35:31.02307,1.1384360790252686,6.944228172302246,1.8887369632720947
2025-06-23,23:35:31.02307,-0.040901895612478256,0.07707513868808746,-0.0005542504950426519
2025-06-23,23:35:31.02307,0.8998417258262634,7.141798496246338,-0.0822913646697998
2025-06-23,23:35:31.02307,1.1316190958023071,7.1515212059021,0.1643032431602478
2025-06-23,23:35:31.02307,1.3661233186721802,7.102276802062988,0.8814992308616638
2025-06-23,23:35:31.02307,1.3743036985397339,6.670380115509033,2.709362745285034
2025-06-23,23:35:31.36468,0.8943881392478943,7.097724437713623,0.13381877541542053
2025-06-23,23:35:31.36468,1.1248021125793457,7.097306728363037,0.4299126863479614
2025-06-23,23:35:31.36468,1.1316190958023071,7.119292736053467,0.6977999210357666
2025-06-23,23:35:31.36468,1.1384360790252686,7.075164794921875,1.3159312009811401
2025-06-23,23:35:31.36468,1.3824840784072876,6.6792755126953125,2.800145149230957
2025-06-23,23:35:31.36468,0.8998417258262634,7.095592498779297,0.8152442574501038
2025-06-23,23:35:31.36468,1.1316190958023071,7.076125144958496,1.0486680269241333
2025-06-23,23:35:31.36468,1.1384360790252686,6.962801933288574,1.819071888923645
2025-06-23,23:35:31.36468,-0.040901895612478256,0.07707516849040985,-0.0005503662396222353
2025-06-23,23:35:31.36468,1.1248021125793457,7.109899520874023,0.07693678140640259
2025-06-23,23:35:31.36468,1.1316190958023071,7.148859024047852,0.2550815939903259
2025-06-23,23:35:31.36468,1.3661233186721802,7.103644847869873,0.8704068660736084
2025-06-23,23:35:31.36468,1.3743036985397339,6.634022235870361,2.7972066402435303
2025-06-23,23:35:31.68258,0.6707910895347595,7.122089385986328,0.14633847773075104
2025-06-23,23:35:31.68258,0.8998417258262634,7.128801345825195,0.43845847249031067
2025-06-23,23:35:31.68258,1.1316190958023071,7.121148586273193,0.6785963773727417
2025-06-23,23:35:31.68258,1.1384360790252686,7.08282995223999,1.2740308046340942
2025-06-23,23:35:31.68258,1.14525306224823,6.617669105529785,2.935673713684082
2025-06-23,23:35:31.68258,1.1520700454711914,6.869603157043457,2.417867660522461
2025-06-23,23:35:31.68258,0.8998417258262634,7.077573776245117,0.9591678977012634
2025-06-23,23:35:31.68258,1.1316190958023071,7.067277908325195,1.106719970703125
2025-06-23,23:35:31.68258,0.9107488989830017,7.0259833335876465,1.700518012046814
2025-06-23,23:35:31.68258,1.1520700454711914,6.670349597930908,2.9230058193206787
2025-06-23,23:35:31.68258,-0.040901895612478256,0.07707515358924866,-0.000552359560970217
2025-06-23,23:35:31.68258,1.1248021125793457,7.109431266784668,-0.11216764897108078
2025-06-23,23:35:31.68258,1.1316190958023071,7.150292873382568,0.2111026644706726
2025-06-23,23:35:31.68258,1.3661233186721802,7.121590614318848,0.708747148513794
2025-06-23,23:35:31.68258,1.14525306224823,6.8059234619140625,2.468021869659424
2025-06-23,23:35:32.05273,0.8998417258262634,7.138131141662598,0.24317723512649536
2025-06-23,23:35:32.05273,1.1316190958023071,7.1432204246521,0.3816416263580322
2025-06-23,23:35:32.05273,1.1384360790252686,7.009300231933594,1.630748987197876
2025-06-23,23:35:32.05273,0.8998417258262634,7.113709926605225,0.6381099224090576
2025-06-23,23:35:32.05273,1.1316190958023071,7.1155290603637695,0.7351855039596558
2025-06-23,23:35:32.05273,1.1384360790252686,6.894207954406738,2.0638623237609863
2025-06-23,23:35:32.05273,-0.040901895612478256,0.07707511633634567,-0.0005580212455242872
2025-06-23,23:35:32.05273,1.1248021125793457,7.105973720550537,-0.24845343828201294
2025-06-23,23:35:32.05273,1.1316190958023071,7.153405666351318,0.0061452994123101234
2025-06-23,23:35:32.05273,1.1384360790252686,7.0899505615234375,1.2337883710861206
2025-06-23,23:35:32.36459,0.8998417258262634,7.132315158843994,0.3770102560520172
2025-06-23,23:35:32.36459,0.9052953124046326,7.1662917137146,0.5258485674858093
2025-06-23,23:35:32.36459,1.3661233186721802,6.677394866943359,2.575223684310913
2025-06-23,23:35:32.36459,1.3743036985397339,6.737788200378418,2.5370895862579346
2025-06-23,23:35:32.36459,0.8998417258262634,7.094301223754883,0.8264046311378479
2025-06-23,23:35:32.36459,0.9052953124046326,7.1158952713012695,0.9981433153152466
2025-06-23,23:35:32.36459,1.3743036985397339,6.588010311126709,2.903917074203491
2025-06-23,23:35:32.36459,-0.040901895612478256,0.07707501947879791,-0.000571181473787874
2025-06-23,23:35:32.36459,0.8998417258262634,7.1422014236450195,-0.03182334452867508
2025-06-23,23:35:32.36459,0.9052953124046326,7.183593273162842,0.16804403066635132
2025-06-23,23:35:32.36459,1.3661233186721802,6.746541500091553,2.388211727142334
2025-06-23,23:35:32.36459,1.6033543348312378,6.802165508270264,2.2097792625427246
2025-06-23,23:35:32.69453,0.8998417258262634,7.1417951583862305,0.08257155120372772
2025-06-23,23:35:32.69453,1.1316190958023071,7.1510396003723145,0.18407005071640015
2025-06-23,23:35:32.69453,1.3661233186721802,6.691280841827393,2.538924217224121
2025-06-23,23:35:32.69453,1.3743036985397339,6.605091571807861,2.8648533821105957
2025-06-23,23:35:32.69453,0.6748812794685364,7.133790969848633,0.6894455552101135
2025-06-23,23:35:32.69453,0.9052953124046326,7.144584655761719,0.7662644386291504
2025-06-23,23:35:32.69453,1.1384360790252686,6.563183307647705,2.9519917964935303
2025-06-23,23:35:32.69453,-0.040901895612478256,0.07707502692937851,-0.0005706522497348487
2025-06-23,23:35:32.69453,0.8998417258262634,7.131214141845703,-0.3972940146923065
2025-06-23,23:35:32.69453,1.1316190958023071,7.14741325378418,-0.292808473110199
2025-06-23,23:35:32.69453,1.3661233186721802,6.820631980895996,2.1675686836242676
2025-06-23,23:35:32.69453,1.3743036985397339,6.723132610321045,2.5756754875183105
2025-06-23,23:35:32.69453,1.3824840784072876,6.542160511016846,3.1070358753204346
2025-06-23,23:35:33.02912,1.1248021125793457,7.109834671020508,0.08271515369415283
2025-06-23,23:35:33.02912,1.1316190958023071,7.147928237915039,0.2799529731273651
2025-06-23,23:35:33.02912,1.3661233186721802,6.825556755065918,2.152010202407837
2025-06-23,23:35:33.02912,1.3743036985397339,6.524166584014893,3.0446455478668213
2025-06-23,23:35:33.02912,0.8998417258262634,7.125722885131836,0.48593229055404663
2025-06-23,23:35:33.02912,0.9052953124046326,7.138546943664551,0.8206090927124023
2025-06-23,23:35:33.02912,1.3661233186721802,6.7071943283081055,2.496582269668579
2025-06-23,23:35:33.02912,-0.040901895612478256,0.0770750418305397,-0.0005675119464285672
2025-06-23,23:35:33.02912,0.8998417258262634,7.138427257537842,-0.23433811962604523
2025-06-23,23:35:33.02912,1.1316190958023071,7.152714729309082,-0.09960699081420898
2025-06-23,23:35:33.02912,1.5938105583190918,6.911351203918457,1.666929841041565
2025-06-23,23:35:33.02912,1.3743036985397339,6.728535175323486,2.5615289211273193
2025-06-23,23:35:33.02912,1.3824840784072876,6.574710845947266,3.037550210952759
2025-06-23,23:35:33.36097,0.8998417258262634,7.139678955078125,0.19245900213718414
2025-06-23,23:35:33.36097,0.9052953124046326,7.170929908752441,0.45827794075012207
2025-06-23,23:35:33.36097,1.3661233186721802,6.718233585357666,2.466721296310425
2025-06-23,23:35:33.36097,1.3743036985397339,6.741216659545898,2.5279669761657715
2025-06-23,23:35:33.36097,1.3824840784072876,6.600500583648682,2.9810945987701416
2025-06-23,23:35:33.36097,0.8998417258262634,7.11179256439209,0.6591349244117737
2025-06-23,23:35:33.36097,0.9052953124046326,7.137014389038086,0.8338337540626526
2025-06-23,23:35:33.36097,1.3661233186721802,6.535516738891602,2.9165728092193604
2025-06-23,23:35:33.36097,1.3743036985397339,6.555106163024902,2.9774491786956787
2025-06-23,23:35:33.36097,-0.020450947806239128,0.038516778498888016,-0.0012958012521266937
2025-06-23,23:35:33.36097,-0.040901895612478256,0.07707497477531433,-0.0005775750614702702
2025-06-23,23:35:33.36097,0.8998417258262634,7.138355731964111,-0.23649854958057404
2025-06-23,23:35:33.36097,0.9052953124046326,7.185267448425293,0.0646936222910881
2025-06-23,23:35:33.36097,1.3661233186721802,6.800962448120117,2.2285163402557373
2025-06-23,23:35:33.36097,1.3743036985397339,6.866488456726074,2.164705753326416
2025-06-23,23:35:33.69796,0.8998417258262634,7.138697624206543,0.22593964636325836
2025-06-23,23:35:33.69796,1.1316190958023071,7.145936965942383,0.3268566131591797
2025-06-23,23:35:33.69796,1.3661233186721802,6.842254161834717,2.098316192626953
2025-06-23,23:35:33.69796,1.3743036985397339,6.696474552154541,2.6442105770111084
2025-06-23,23:35:33.69796,1.3824840784072876,6.656896591186523,2.852938652038574
2025-06-23,23:35:33.69796,-0.27267929911613464,8.695613861083984,-0.6711451411247253
2025-06-23,23:35:33.69796,-0.27404269576072693,8.740711212158203,-0.6531921029090881
2025-06-23,23:35:33.69796,-0.5508121848106384,8.758354187011719,-0.810381293296814
2025-06-23,23:35:33.69796,0.8998417258262634,7.109533786773682,0.6830714344978333
2025-06-23,23:35:33.69796,0.9052953124046326,7.1323137283325195,0.8731286525726318
2025-06-23,23:35:33.69796,1.3661233186721802,6.727038383483887,2.4426064491271973
2025-06-23,23:35:33.69796,-0.27267929911613464,8.720626831054688,0.12171362340450287
2025-06-23,23:35:33.69796,-0.27404269576072693,8.765029907226562,-0.03070957586169243
2025-06-23,23:35:33.69796,-0.040901895612478256,0.07707502692937851,-0.0005699712201021612
2025-06-23,23:35:33.69796,0.8998417258262634,7.139310359954834,-0.205674409866333
2025-06-23,23:35:33.69796,1.3579429388046265,7.1124982833862305,-0.14201436936855316
2025-06-23,23:35:33.69796,1.5938105583190918,6.935931205749512,1.561503529548645
2025-06-23,23:35:33.69796,1.3743036985397339,6.884716987609863,2.106013298034668
2025-06-23,23:35:33.69796,0.0,8.632247924804688,-1.2738885879516602
2025-06-23,23:35:33.69796,0.0,8.684857368469238,-1.2145121097564697
2025-06-23,23:35:34.03289,0.8998417258262634,7.142267227172852,-0.008768177591264248
2025-06-23,23:35:34.03289,1.1316190958023071,7.152890205383301,-0.0860929936170578
2025-06-23,23:35:34.03289,1.5938105583190918,6.828367233276367,1.9796043634414673
2025-06-23,23:35:34.03289,1.3743036985397339,6.955983638763428,1.857123613357544
2025-06-23,23:35:34.03289,1.1520700454711914,6.916260719299316,2.280980110168457
2025-06-23,23:35:34.03289,0.9271096587181091,7.059548854827881,2.076850652694702
2025-06-23,23:35:34.03289,0.0,8.680399894714355,-0.8883478045463562
2025-06-23,23:35:34.03289,-0.27404269576072693,8.712318420410156,-0.9603083729743958
2025-06-23,23:35:34.03289,0.8998417258262634,7.129175662994385,0.43233048915863037
2025-06-23,23:35:34.03289,1.1316190958023071,7.144885540008545,0.34907931089401245
2025-06-23,23:35:34.03289,1.3661233186721802,6.608677864074707,2.746771812438965
2025-06-23,23:35:34.03289,1.3743036985397339,6.811771392822266,2.3311774730682373
2025-06-23,23:35:34.03289,1.1520700454711914,6.73958683013916,2.7596194744110107
2025-06-23,23:35:34.03289,-0.27267929911613464,8.716028213500977,-0.3081941604614258
2025-06-23,23:35:34.03289,-0.27404269576072693,8.756019592285156,-0.3984997570514679
2025-06-23,23:35:34.03289,-0.5508121848106384,8.78622817993164,-0.40948671102523804
2025-06-23,23:35:34.03289,-0.040901895612478256,0.07707502692937851,-0.0005700274487026036
2025-06-23,23:35:34.03289,0.8998417258262634,7.127935409545898,-0.4523177444934845
2025-06-23,23:35:34.03289,1.1316190958023071,7.1268181800842285,-0.6162064075469971
2025-06-23,23:35:34.03289,1.5938105583190918,6.962808609008789,1.436916708946228
2025-06-23,23:35:34.03289,1.3743036985397339,7.0650858879089355,1.385345458984375
2025-06-23,23:35:34.03289,1.3824840784072876,7.078935623168945,1.5304269790649414
2025-06-23,23:35:34.03289,0.0,8.59566593170166,-1.5010089874267578
2025-06-23,23:35:34.03289,-0.27404269576072693,8.624368667602539,-1.5642741918563843
2025-06-23,23:35:34.39158,0.6748812794685364,7.15861701965332,-0.3471471071243286
2025-06-23,23:35:34.39158,0.4526476562023163,7.215859413146973,-0.42224690318107605
2025-06-23,23:35:34.39158,0.9162024855613708,6.991936683654785,1.9991810321807861
2025-06-23,23:35:34.39158,1.1520700454711914,6.8047261238098145,2.5948476791381836
2025-06-23,23:35:34.39158,-0.8221280574798584,8.582385063171387,-1.6026699542999268
2025-06-23,23:35:34.39158,0.8998417258262634,7.142267227172852,-0.008646856993436813
2025-06-23,23:35:34.39158,0.4526476562023163,7.228069305419922,-0.043997373431921005
2025-06-23,23:35:34.39158,1.14525306224823,6.879404067993164,2.255110263824463
2025-06-23,23:35:34.39158,0.92165607213974,6.709890842437744,2.9142258167266846
2025-06-23,23:35:34.39158,-0.040901895612478256,0.07707516849040985,-0.0005511104827746749
2025-06-23,23:35:34.39158,0.6748812794685364,7.1012115478515625,-0.9690707921981812
2025-06-23,23:35:34.39158,0.6789714694023132,7.132343769073486,-1.058529019355774
2025-06-23,23:35:34.39158,1.14525306224823,7.0684990882873535,1.5646228790283203
2025-06-23,23:35:34.39158,1.1520700454711914,6.878991603851318,2.3910255432128906
2025-06-23,23:35:34.69489,0.8998417258262634,7.127250671386719,-0.4629807770252228
2025-06-23,23:35:34.69489,0.4526476562023163,7.20545768737793,-0.5729739665985107
2025-06-23,23:35:34.69489,0.9162024855613708,7.0192389488220215,1.9011015892028809
2025-06-23,23:35:34.69489,1.1520700454711914,6.80974817276001,2.5816385746002197
2025-06-23,23:35:34.69489,-0.5426318049430847,8.55063533782959,-1.4039937257766724
2025-06-23,23:35:34.69489,-0.5453585982322693,8.535463333129883,-1.7282766103744507
2025-06-23,23:35:34.69489,-0.8221280574798584,8.598921775817871,-1.5114338397979736
2025-06-23,23:35:34.69489,0.6748812794685364,7.167028427124023,-0.0028380996081978083
2025-06-23,23:35:34.69489,0.4526476562023163,7.22533655166626,-0.20354780554771423
2025-06-23,23:35:34.69489,0.6871518492698669,6.893817901611328,2.3929944038391113
2025-06-23,23:35:34.69489,0.92165607213974,6.796156406402588,2.7069554328918457
2025-06-23,23:35:34.69489,-0.5453585982322693,8.627083778381348,-1.189329743385315
2025-06-23,23:35:34.69489,-0.5480853915214539,8.693434715270996,-1.0127112865447998
2025-06-23,23:35:34.69489,-0.040901895612478256,0.07707510888576508,-0.0005586026818491518
2025-06-23,23:35:34.69489,0.8998417258262634,7.081756591796875,-0.9277803897857666
2025-06-23,23:35:34.69489,0.4526476562023163,7.151760578155518,-1.0484466552734375
2025-06-23,23:35:34.69489,1.14525306224823,7.025759220123291,1.7465494871139526
2025-06-23,23:35:34.69489,1.1520700454711914,6.903730392456055,2.31862735748291
2025-06-23,23:35:34.69489,-0.5453585982322693,8.366058349609375,-2.4187064170837402
2025-06-23,23:35:34.69489,-0.5480853915214539,8.446824073791504,-2.29184627532959
2025-06-23,23:35:35.03572,0.6748812794685364,7.154486656188965,-0.4238237142562866
2025-06-23,23:35:35.03572,0.6789714694023132,7.196969509124756,-0.4409555494785309
2025-06-23,23:35:35.03572,0.9162024855613708,6.641706943511963,2.961693286895752
2025-06-23,23:35:35.03572,-0.5453585982322693,8.504612922668457,-1.8742048740386963
2025-06-23,23:35:35.03572,-0.27404269576072693,8.530444145202637,-2.014502763748169
2025-06-23,23:35:35.03572,0.4499208629131317,7.183882236480713,-0.10572585463523865
2025-06-23,23:35:35.03572,0.4526476562023163,7.228150367736816,-0.02769702859222889
2025-06-23,23:35:35.03572,-0.5453585982322693,8.594917297363281,-1.4030245542526245
2025-06-23,23:35:35.03572,-0.27404269576072693,8.646985054016113,-1.4339960813522339
2025-06-23,23:35:35.03572,-0.040901895612478256,0.07707501947879791,-0.0005712945130653679
2025-06-23,23:35:35.03572,0.6748812794685364,7.124208927154541,-0.782273530960083
2025-06-23,23:35:35.03572,0.4526476562023163,7.188047885894775,-0.7608461380004883
2025-06-23,23:35:35.03572,1.14525306224823,6.713193893432617,2.710120677947998
2025-06-23,23:35:35.03572,1.1520700454711914,6.774927616119385,2.6716814041137695
2025-06-23,23:35:35.03572,0.7280537486076355,7.553244590759277,-1.651586651802063
2025-06-23,23:35:35.03572,-0.27267929911613464,8.368972778320312,-2.4544732570648193
2025-06-23,23:35:35.03572,0.0,8.396944999694824,-2.5284595489501953
2025-06-23,23:35:35.35864,0.6748812794685364,7.149367809295654,-0.5028384327888489
2025-06-23,23:35:35.35864,0.4526476562023163,7.22019624710083,-0.3401309549808502
2025-06-23,23:35:35.35864,-0.5453585982322693,8.536763191223145,-1.7218449115753174
2025-06-23,23:35:35.35864,-0.8221280574798584,8.51505184173584,-1.9286749362945557
2025-06-23,23:35:35.35864,-0.8262182474136353,8.582542419433594,-1.8237872123718262
2025-06-23,23:35:35.35864,0.6748812794685364,7.166762351989746,-0.06183194741606712
2025-06-23,23:35:35.35864,0.4526476562023163,7.228193283081055,0.011843542568385601
2025-06-23,23:35:35.35864,-0.8180378675460815,8.608039855957031,-1.1708791255950928
2025-06-23,23:35:35.35864,-0.8221280574798584,8.62826919555664,-1.3337407112121582
2025-06-23,23:35:35.35864,-0.8262182474136353,8.695904731750488,-1.1693960428237915
2025-06-23,23:35:35.35864,-0.040901895612478256,0.07707493007183075,-0.0005827671266160905
2025-06-23,23:35:35.35864,0.6748812794685364,7.110012054443359,-0.9022385478019714
2025-06-23,23:35:35.35864,0.4526476562023163,7.182823657989502,-0.8086802363395691
2025-06-23,23:35:35.35864,0.6871518492698669,6.623015403747559,3.063791513442993
2025-06-23,23:35:35.35864,-0.5453585982322693,8.39537525177002,-2.3148977756500244
2025-06-23,23:35:35.35864,-0.5480853915214539,8.388283729553223,-2.4976155757904053
2025-06-23,23:35:35.35864,-0.5508121848106384,8.52086067199707,-2.1818370819091797
2025-06-23,23:35:35.69851,0.4499208629131317,7.172449588775635,-0.41870251297950745
2025-06-23,23:35:35.69851,0.4526476562023163,7.213561058044434,-0.45984917879104614
2025-06-23,23:35:35.69851,0.22768722474575043,7.093444347381592,1.6482925415039062
2025-06-23,23:35:35.69851,-0.8139476776123047,8.469115257263184,-1.729331374168396
2025-06-23,23:35:35.69851,-0.8180378675460815,8.477078437805176,-1.8995916843414307
2025-06-23,23:35:35.69851,-1.0961707830429077,8.431511878967285,-2.147045135498047
2025-06-23,23:35:35.69851,0.4499208629131317,7.184298038482666,-0.07216928154230118
2025-06-23,23:35:35.69851,0.22632382810115814,7.238768577575684,0.028599938377738
2025-06-23,23:35:35.69851,0.45537444949150085,6.910421371459961,2.263709306716919
2025-06-23,23:35:35.69851,-0.8139476776123047,8.555081367492676,-1.235748529434204
2025-06-23,23:35:35.69851,-1.0907171964645386,8.541825294494629,-1.409270167350769
2025-06-23,23:35:35.69851,-1.0961707830429077,8.539016723632812,-1.6689491271972656
2025-06-23,23:35:35.69851,-0.040901895612478256,0.07707486301660538,-0.0005921998526901007
2025-06-23,23:35:35.69851,0.4499208629131317,7.1405744552612305,-0.7946969270706177
2025-06-23,23:35:35.69851,0.22632382810115814,7.196324825286865,-0.7832608222961426
2025-06-23,23:35:35.69851,0.45537444949150085,7.137557029724121,1.3905315399169922
2025-06-23,23:35:35.69851,-0.8180378675460815,8.352903366088867,-2.3871142864227295
2025-06-23,23:35:35.69851,-0.8221280574798584,8.279264450073242,-2.7712228298187256
2025-06-23,23:35:36.03270,0.22496043145656586,7.155220985412598,-0.7576100826263428
2025-06-23,23:35:36.03270,0.22632382810115814,7.181695938110352,-0.9076515436172485
2025-06-23,23:35:36.03270,0.0,7.04120397567749,1.8727277517318726
2025-06-23,23:35:36.03270,-1.0852636098861694,8.390827178955078,-1.9481374025344849
2025-06-23,23:35:36.03270,-1.0907171964645386,8.214200973510742,-2.734177589416504
2025-06-23,23:35:36.03270,-1.0961707830429077,8.031136512756348,-3.346794366836548
2025-06-23,23:35:36.03270,0.0,7.194825649261475,-0.23718249797821045
2025-06-23,23:35:36.03270,0.0,7.228763580322266,-0.44361522793769836
2025-06-23,23:35:36.03270,0.0,6.950587272644043,2.185178279876709
2025-06-23,23:35:36.03270,-1.0907171964645386,8.354395866394043,-2.270000457763672
2025-06-23,23:35:36.03270,-1.0961707830429077,8.184022903442383,-2.9532980918884277
2025-06-23,23:35:36.03270,-0.020450947806239128,0.03851936757564545,-0.001216363743878901
2025-06-23,23:35:36.03270,-0.040901895612478256,0.07707477360963821,-0.0006032088422216475
2025-06-23,23:35:36.03270,0.22496043145656586,7.098030090332031,-1.1786141395568848
2025-06-23,23:35:36.03270,0.22632382810115814,7.107458591461182,-1.3728158473968506
2025-06-23,23:35:36.03270,-0.22768722474575043,7.123654842376709,1.5124050378799438
2025-06-23,23:35:36.03270,-1.0907171964645386,8.009364128112793,-3.2861695289611816
2025-06-23,23:35:36.35254,0.0,7.166644096374512,-0.6789536476135254
2025-06-23,23:35:36.35254,0.0,7.169552326202393,-1.0243700742721558
2025-06-23,23:35:36.35254,0.0,7.006985664367676,1.996953010559082
2025-06-23,23:35:36.35254,0.0,7.057926177978516,1.9771214723587036
2025-06-23,23:35:36.35254,0.0,6.7597455978393555,2.944594383239746
2025-06-23,23:35:36.35254,-1.6278953552246094,8.220694541931152,-2.2691736221313477
2025-06-23,23:35:36.35254,-1.636075735092163,8.030553817749023,-2.9953229427337646
2025-06-23,23:35:36.35254,-1.6442561149597168,7.924933910369873,-3.375445604324341
2025-06-23,23:35:36.35254,0.0,7.1942667961120605,-0.2535630762577057
2025-06-23,23:35:36.35254,-0.22632382810115814,7.2094950675964355,-0.6509726643562317
2025-06-23,23:35:36.35254,0.0,6.921010971069336,2.2771196365356445
2025-06-23,23:35:36.35254,0.0,7.0073089599609375,2.149639368057251
2025-06-23,23:35:36.35254,-1.636075735092163,8.253847122192383,-2.309927225112915
2025-06-23,23:35:36.35254,-1.6442561149597168,8.145732879638672,-2.800936460494995
2025-06-23,23:35:36.35254,-0.040901895612478256,0.07707491517066956,-0.0005847523570992053
2025-06-23,23:35:36.35254,-1.682108718060581e-30,-3.034467750857861e-14,-1.8220305132212247e+38
2025-06-23,23:35:36.35254,-1.819437071685803e-21,0.000524491595569998,-9565439524864.0
2025-06-23,23:35:36.35254,-7.190987010426063e-24,9254479872.0,2.597968242438344e+24
2025-06-23,23:35:36.35254,1.8451366398898967e+38,-2417691314880512.0,590659190784.0
2025-06-23,23:35:36.35254,-576471680.0,-2.9226801663904537e-20,-4.120111832229445e-34
2025-06-23,23:35:36.76327,-0.6748812794685364,7.1231369972229,-0.791975736618042
2025-06-23,23:35:36.76327,-0.6789714694023132,7.189131736755371,-0.5542552471160889
2025-06-23,23:35:36.76327,-0.9107488989830017,7.226881980895996,-0.1684580296278
2025-06-23,23:35:36.76327,-0.45537444949150085,7.267000675201416,-0.2626864016056061
2025-06-23,23:35:36.76327,-0.6871518492698669,7.296075820922852,-0.13574613630771637
2025-06-23,23:35:36.76327,-0.92165607213974,7.296060562133789,0.5318323373794556
2025-06-23,23:35:36.76327,-2.441843032836914,8.086238861083984,-2.0072755813598633
2025-06-23,23:35:36.76327,-2.454113721847534,8.185564041137695,-1.7641880512237549
2025-06-23,23:35:36.76327,-2.740427017211914,8.19449520111084,-1.4973607063293457
2025-06-23,23:35:36.76327,-3.304872989654541,8.143775939941406,-0.6523835062980652
2025-06-23,23:35:36.76327,-0.6748812794685364,7.151383876800537,-0.4733019769191742
2025-06-23,23:35:36.76327,-0.6789714694023132,7.20959997177124,-0.1116977110505104
2025-06-23,23:35:36.76327,-0.6830616593360901,7.250290393829346,0.22888493537902832
2025-06-23,23:35:36.76327,-0.9162024855613708,7.263288974761963,0.3585127592086792
2025-06-23,23:35:36.76327,-0.92165607213974,7.241912364959717,1.0344325304031372
2025-06-23,23:35:36.76327,-2.441843032836914,8.192906379699707,-1.514165997505188
2025-06-23,23:35:36.76327,-2.726793050765991,8.203941345214844,-1.182559847831726
2025-06-23,23:35:36.76327,-2.740427017211914,8.277456283569336,-0.9357119798660278
2025-06-23,23:35:36.76327,-3.0294671058654785,8.273837089538574,-0.18662306666374207
2025-06-23,23:35:36.76327,-0.040901895612478256,0.07707466185092926,-0.0006170347332954407
2025-06-23,23:35:36.76327,-0.6748812794685364,7.035613536834717,-1.3661798238754272
2025-06-23,23:35:36.76327,-0.6789714694023132,7.138215065002441,-1.0181841850280762
2025-06-23,23:35:36.76327,-0.6830616593360901,7.224578857421875,-0.6515779495239258
2025-06-23,23:35:36.76327,-0.9162024855613708,7.251794815063477,-0.5434786081314087
2025-06-23,23:35:36.76327,-0.92165607213974,7.31235408782959,0.21171332895755768
2025-06-23,23:35:36.76327,-2.441843032836914,8.013507843017578,-2.2803738117218018
2025-06-23,23:35:36.76327,-2.454113721847534,8.036675453186035,-2.351099729537964
2025-06-23,23:35:36.76327,-2.466384172439575,8.151799201965332,-2.0897116661071777
2025-06-23,23:35:36.76327,-3.0294671058654785,8.163324356079102,-1.3606363534927368
2025-06-23,23:35:37.02710,-0.6748812794685364,7.122165679931641,-0.8006650805473328
2025-06-23,23:35:37.02710,-0.6789714694023132,7.183656692504883,-0.6211989521980286
2025-06-23,23:35:37.02710,-0.6830616593360901,7.248050212860107,-0.29131895303726196
2025-06-23,23:35:37.02710,-0.9162024855613708,7.27086877822876,-0.13552996516227722
2025-06-23,23:35:37.02710,-0.92165607213974,7.28371000289917,0.6803802251815796
2025-06-23,23:35:37.02710,-2.429572582244873,8.00393009185791,-2.1581501960754395
2025-06-23,23:35:37.02710,-2.441843032836914,8.105299949645996,-1.9288653135299683
2025-06-23,23:35:37.02710,-2.454113721847534,8.189668655395508,-1.7450363636016846
2025-06-23,23:35:37.02710,-2.466384172439575,8.28709602355957,-1.463822364807129
2025-06-23,23:35:37.02710,-3.0294671058654785,8.242072105407715,-0.7479665279388428
2025-06-23,23:35:37.02710,-0.8998417258262634,7.133349895477295,-0.3568967580795288
2025-06-23,23:35:37.02710,-0.9052953124046326,7.184387683868408,-0.12970317900180817
2025-06-23,23:35:37.02710,-0.6830616593360901,7.250805854797363,0.21192380785942078
2025-06-23,23:35:37.02710,-0.9162024855613708,7.261466979980469,0.39369919896125793
2025-06-23,23:35:37.02710,-0.92165607213974,7.24995231628418,0.9764942526817322
2025-06-23,23:35:37.02710,-2.441843032836914,8.211901664733887,-1.407509446144104
2025-06-23,23:35:37.02710,-2.454113721847534,8.285572052001953,-1.210416316986084
2025-06-23,23:35:37.02710,-2.466384172439575,8.363131523132324,-0.9363544583320618
2025-06-23,23:35:37.02710,-3.0294671058654785,8.275614738464355,-0.07348945736885071
2025-06-23,23:35:37.02710,-0.040901895612478256,0.07707463204860687,-0.0006213937303982675
2025-06-23,23:35:37.02710,-0.6748812794685364,7.029654026031494,-1.3965200185775757
2025-06-23,23:35:37.02710,-0.6789714694023132,7.133347511291504,-1.0517432689666748
2025-06-23,23:35:37.02710,-0.6830616593360901,7.215901851654053,-0.7415220737457275
2025-06-23,23:35:37.02710,-0.6871518492698669,7.270999908447266,-0.6194418668746948
2025-06-23,23:35:37.02710,-0.92165607213974,7.295536994934082,0.5389657616615295
2025-06-23,23:35:37.02710,-2.170527219772339,8.028438568115234,-2.4923887252807617
2025-06-23,23:35:37.02710,-2.454113721847534,8.073686599731445,-2.2206783294677734
2025-06-23,23:35:37.02710,-2.466384172439575,8.180319786071777,-1.9751224517822266
2025-06-23,23:35:37.02710,-3.0294671058654785,8.181124687194824,-1.2491637468338013
2025-06-23,23:35:37.36300,-0.6748812794685364,7.099860191345215,-0.9789236783981323
2025-06-23,23:35:37.36300,-0.6789714694023132,7.17573881149292,-0.7068097591400146
2025-06-23,23:35:37.36300,-0.9107488989830017,7.22152042388916,-0.32534173130989075
2025-06-23,23:35:37.36300,-0.9162024855613708,7.268038272857666,-0.2439604103565216
2025-06-23,23:35:37.36300,-0.92165607213974,7.307540416717529,0.3394068777561188
2025-06-23,23:35:37.36300,-2.441843032836914,8.058611869812012,-2.1154632568359375
2025-06-23,23:35:37.36300,-2.454113721847534,8.150248527526855,-1.9207489490509033
2025-06-23,23:35:37.36300,-2.466384172439575,8.25954532623291,-1.6120296716690063
2025-06-23,23:35:37.36300,-2.754060983657837,8.325191497802734,-0.8804620504379272
2025-06-23,23:35:37.36300,-0.6748812794685364,7.146843910217285,-0.5375170111656189
2025-06-23,23:35:37.36300,-0.6789714694023132,7.204760551452637,-0.28676316142082214
2025-06-23,23:35:37.36300,-0.9107488989830017,7.2280402183532715,0.10787408798933029
2025-06-23,23:35:37.36300,-0.9162024855613708,7.2691497802734375,0.2082263082265854
2025-06-23,23:35:37.36300,-0.92165607213974,7.2875542640686035,0.6378901600837708
2025-06-23,23:35:37.36300,-2.7131590843200684,8.116706848144531,-1.4617969989776611
2025-06-23,23:35:37.36300,-2.726793050765991,8.195867538452148,-1.2372747659683228
2025-06-23,23:35:37.36300,-2.740427017211914,8.280887603759766,-0.9048433303833008
2025-06-23,23:35:37.36300,-3.0294671058654785,8.271814346313477,-0.26132187247276306
2025-06-23,23:35:37.36300,-0.040901895612478256,0.07707470655441284,-0.0006120196776464581
2025-06-23,23:35:37.36300,-0.8998417258262634,6.987709999084473,-1.477824091911316
2025-06-23,23:35:37.36300,-0.6789714694023132,7.112982749938965,-1.1816452741622925
2025-06-23,23:35:37.36300,-0.6830616593360901,7.211170196533203,-0.786205530166626
2025-06-23,23:35:37.36300,-0.9162024855613708,7.241220951080322,-0.6697891354560852
2025-06-23,23:35:37.36300,-0.92165607213974,7.313199043273926,0.18018193542957306
2025-06-23,23:35:37.36300,-2.441843032836914,7.905617713928223,-2.6301374435424805
2025-06-23,23:35:37.36300,-2.454113721847534,7.999572277069092,-2.4744009971618652
2025-06-23,23:35:37.36300,-2.466384172439575,8.130517959594727,-2.171039581298828
2025-06-23,23:35:37.36300,-3.0294671058654785,8.111900329589844,-1.6395937204360962
2025-06-23,23:35:37.70284,-0.8998417258262634,7.0903096199035645,-0.8599815368652344
2025-06-23,23:35:37.70284,-0.9052953124046326,7.154548168182373,-0.6668546199798584
2025-06-23,23:35:37.70284,-0.6830616593360901,7.244246959686279,-0.37414494156837463
2025-06-23,23:35:37.70284,-0.9162024855613708,7.2657952308654785,-0.3035154938697815
2025-06-23,23:35:37.70284,-0.92165607213974,7.30729866027832,-0.3445817530155182
2025-06-23,23:35:37.70284,-2.7131590843200684,7.989767074584961,-2.044848680496216
2025-06-23,23:35:37.70284,-2.454113721847534,8.139961242675781,-1.96388840675354
2025-06-23,23:35:37.70284,-2.740427017211914,8.16788387298584,-1.6363115310668945
2025-06-23,23:35:37.70284,-3.0294671058654785,8.256970405578613,-0.5600427985191345
2025-06-23,23:35:37.70284,-3.874772787094116,7.963944911956787,0.038704514503479004
2025-06-23,23:35:37.70284,-0.8998417258262634,7.120790481567383,-0.5535304546356201
2025-06-23,23:35:37.70284,-0.9052953124046326,7.17949104309082,-0.29522567987442017
2025-06-23,23:35:37.70284,-0.9107488989830017,7.228478908538818,0.07279684394598007
2025-06-23,23:35:37.70284,-0.9162024855613708,7.271328449249268,0.10807913541793823
2025-06-23,23:35:37.70284,-1.1520700454711914,7.281264305114746,0.1439390778541565
2025-06-23,23:35:37.70284,-2.7131590843200684,8.10783576965332,-1.5102273225784302
2025-06-23,23:35:37.70284,-2.454113721847534,8.245002746582031,-1.4614235162734985
2025-06-23,23:35:37.70284,-2.740427017211914,8.258962631225586,-1.0869125127792358
2025-06-23,23:35:37.70284,-3.0294671058654785,8.274999618530273,-0.12482556700706482
2025-06-23,23:35:37.70284,-0.040901895612478256,0.07707460969686508,-0.0006238775094971061
2025-06-23,23:35:37.70284,-0.6748812794685364,7.079087257385254,-1.1192978620529175
2025-06-23,23:35:37.70284,-0.6789714694023132,7.133716106414795,-1.0492408275604248
2025-06-23,23:35:37.70284,-0.9107488989830017,7.1882004737854,-0.7654899954795837
2025-06-23,23:35:37.70284,-0.9162024855613708,7.228292465209961,-0.7973005175590515
2025-06-23,23:35:37.70284,-0.92165607213974,7.285881042480469,-0.6567245721817017
2025-06-23,23:35:37.70284,-2.7131590843200684,7.728829860687256,-2.8780155181884766
2025-06-23,23:35:37.70284,-2.726793050765991,7.9523468017578125,-2.3373641967773438
2025-06-23,23:35:37.70284,-2.466384172439575,8.112391471862793,-2.2378194332122803
2025-06-23,23:35:37.70284,-2.754060983657837,8.3109130859375,-1.0063519477844238
2025-06-23,23:35:37.70284,-3.304872989654541,8.121719360351562,-0.8856450319290161
2025-06-23,23:35:37.70284,-4.1515421867370605,7.822585105895996,-0.10789668560028076
2025-06-23,23:35:38.02277,-0.8998417258262634,7.078243732452393,-0.9542127847671509
2025-06-23,23:35:38.02277,-0.9052953124046326,7.146090507507324,-0.7520930171012878
2025-06-23,23:35:38.02277,-0.9107488989830017,7.218515396118164,-0.3863108158111572
2025-06-23,23:35:38.02277,-0.9162024855613708,7.26081657409668,-0.4055144488811493
2025-06-23,23:35:38.02277,-0.92165607213974,7.286834239959717,-0.6460583209991455
2025-06-23,23:35:38.02277,-2.7131590843200684,7.961666584014893,-2.1516611576080322
2025-06-23,23:35:38.02277,-2.726793050765991,8.009780883789062,-2.1322524547576904
2025-06-23,23:35:38.02277,-2.466384172439575,8.1085786819458,-2.2515957355499268
2025-06-23,23:35:38.02277,-3.304872989654541,8.15358829498291,-0.5154518485069275
2025-06-23,23:35:38.02277,-3.874772787094116,7.963995456695557,-0.026381170377135277
2025-06-23,23:35:38.02277,-1.1248021125793457,7.099765300750732,-0.3871985971927643
2025-06-23,23:35:38.02277,-0.9052953124046326,7.180342197418213,-0.2737424969673157
2025-06-23,23:35:38.02277,-0.9107488989830017,7.228780746459961,0.030534153804183006
2025-06-23,23:35:38.02277,-0.9162024855613708,7.272050857543945,0.034307681024074554
2025-06-23,23:35:38.02277,-1.1520700454711914,7.272829055786133,-0.37879928946495056
2025-06-23,23:35:38.02277,-2.9844748973846436,8.00802993774414,-1.5308120250701904
2025-06-23,23:35:38.02277,-2.726793050765991,8.116766929626465,-1.6796408891677856
2025-06-23,23:35:38.02277,-2.466384172439575,8.219396591186523,-1.8056175708770752
2025-06-23,23:35:38.02277,-3.0294671058654785,8.273194313049316,0.2132238894701004
2025-06-23,23:35:38.02277,-3.5802791118621826,8.051753997802734,0.14046549797058105
2025-06-23,23:35:38.02277,-0.040901895612478256,0.07707452028989792,-0.0006346980226226151
2025-06-23,23:35:38.02277,-0.6748812794685364,7.033228874206543,-1.3784040212631226
2025-06-23,23:35:38.02277,-0.9052953124046326,7.086056709289551,-1.1916604042053223
2025-06-23,23:35:38.02277,-0.6830616593360901,7.203402042388916,-0.8544533848762512
2025-06-23,23:35:38.02277,-0.9162024855613708,7.225240230560303,-0.8245016932487488
2025-06-23,23:35:38.02277,-0.92165607213974,7.23403263092041,-1.0881706476211548
2025-06-23,23:35:38.02277,-2.7131590843200684,7.796895503997803,-2.688159942626953
2025-06-23,23:35:38.02277,-2.454113721847534,7.882962703704834,-2.8239552974700928
2025-06-23,23:35:38.02277,-2.466384172439575,7.9620842933654785,-2.7246923446655273
2025-06-23,23:35:38.02277,-3.0294671058654785,8.228889465332031,-0.881242036819458
2025-06-23,23:35:38.36260,-1.1248021125793457,7.030794620513916,-1.060434103012085
2025-06-23,23:35:38.36260,-1.1316190958023071,7.122989654541016,-0.658991813659668
2025-06-23,23:35:38.36260,-1.1384360790252686,7.193647861480713,-0.20263341069221497
2025-06-23,23:35:38.36260,-1.14525306224823,7.239522933959961,-0.0321657769382
2025-06-23,23:35:38.36260,-1.3824840784072876,7.154524326324463,-1.1253069639205933
2025-06-23,23:35:38.36260,-1.1588870286941528,7.25965690612793,0.9820552468299866
2025-06-23,23:35:38.36260,-3.8365976810455322,7.855644702911377,0.6864045858383179
2025-06-23,23:35:38.36260,-3.855685234069824,7.922496318817139,0.19136206805706024
2025-06-23,23:35:38.36260,-3.874772787094116,7.963471412658691,0.09507577866315842
2025-06-23,23:35:38.36260,-1.1248021125793457,7.064117431640625,-0.8092193603515625
2025-06-23,23:35:38.36260,-1.1316190958023071,7.14754056930542,-0.2896762788295746
2025-06-23,23:35:38.36260,-1.1384360790252686,7.19296407699585,0.22560547292232513
2025-06-23,23:35:38.36260,-1.14525306224823,7.2235822677612305,0.4812319278717041
2025-06-23,23:35:38.36260,-1.1520700454711914,7.239750862121582,-0.7896437048912048
2025-06-23,23:35:38.36260,-3.8365976810455322,7.807133197784424,1.1094943284988403
2025-06-23,23:35:38.36260,-3.855685234069824,7.8904595375061035,0.7370314002037048
2025-06-23,23:35:38.36260,-3.874772787094116,7.938588619232178,0.6361847519874573
2025-06-23,23:35:38.36260,-0.040901895612478256,0.0770745575428009,-0.0006302588735707104
2025-06-23,23:35:38.36260,-1.1248021125793457,6.9951043128967285,-1.2747966051101685
2025-06-23,23:35:38.36260,-1.1316190958023071,7.069611549377441,-1.0917162895202637
2025-06-23,23:35:38.36260,-0.9107488989830017,7.196234703063965,-0.6858614683151245
2025-06-23,23:35:38.36260,-1.14525306224823,7.218697547912598,-0.5496638417243958
2025-06-23,23:35:38.36260,-1.3824840784072876,7.0172505378723145,-1.7921297550201416
2025-06-23,23:35:38.36260,-3.8365976810455322,7.884002685546875,0.1574941873550415
2025-06-23,23:35:38.36260,-3.855685234069824,7.9198384284973145,-0.28058797121047974
2025-06-23,23:35:38.36260,-3.874772787094116,7.954730033874512,-0.3849485516548157
2025-06-23,23:35:38.69361,-1.1248021125793457,7.037949085235596,-1.0118623971939087
2025-06-23,23:35:38.69361,-1.1316190958023071,7.124305248260498,-0.6446142792701721
2025-06-23,23:35:38.69361,-1.1384360790252686,7.1947855949401855,-0.15712501108646393
2025-06-23,23:35:38.69361,-1.14525306224823,7.238544940948486,0.1232646033167839
2025-06-23,23:35:38.69361,-1.3824840784072876,7.187819957733154,-0.8881300687789917
2025-06-23,23:35:38.69361,-1.1588870286941528,7.234978675842285,1.1498398780822754
2025-06-23,23:35:38.69361,-3.8365976810455322,7.837036609649658,0.8735904097557068
2025-06-23,23:35:38.69361,-3.855685234069824,7.921603202819824,0.22531773149967194
2025-06-23,23:35:38.69361,-3.874772787094116,7.963942050933838,-0.03930967301130295
2025-06-23,23:35:38.69361,-3.893860340118408,7.97963285446167,-0.6146582365036011
2025-06-23,23:35:38.69361,-1.3497625589370728,7.049163341522217,-0.5560657382011414
2025-06-23,23:35:38.69361,-1.1316190958023071,7.150759220123291,-0.1946527361869812
2025-06-23,23:35:38.69361,-1.1384360790252686,7.1895318031311035,0.3166481554508209
2025-06-23,23:35:38.69361,-1.14525306224823,7.213634490966797,0.6125383377075195
2025-06-23,23:35:38.69361,-3.8365976810455322,7.754360198974609,1.4325511455535889
2025-06-23,23:35:38.69361,-3.855685234069824,7.886077404022217,0.7825247049331665
2025-06-23,23:35:38.69361,-3.874772787094116,7.947485446929932,0.5132215619087219
2025-06-23,23:35:38.69361,-0.040901895612478256,0.07707458734512329,-0.0006264668190851808
2025-06-23,23:35:38.69361,-1.1248021125793457,6.971580982208252,-1.3977290391921997
2025-06-23,23:35:38.69361,-1.1316190958023071,7.075539588928223,-1.0526102781295776
2025-06-23,23:35:38.69361,-0.9107488989830017,7.203000068664551,-0.6107332110404968
2025-06-23,23:35:38.69361,-0.9162024855613708,7.265695571899414,-0.3058953285217285
2025-06-23,23:35:38.69361,-3.8365976810455322,7.874990940093994,0.4084351062774658
2025-06-23,23:35:38.69361,-3.855685234069824,7.921233654022217,-0.2379574477672577
2025-06-23,23:35:38.69361,-3.874772787094116,7.945789813995361,-0.5388355255126953
2025-06-23,23:35:39.02642,-1.1248021125793457,7.035494804382324,-1.0287864208221436
2025-06-23,23:35:39.02642,-1.1316190958023071,7.122154712677002,-0.6679503321647644
2025-06-23,23:35:39.02642,-1.1384360790252686,7.194593906402588,-0.16567786037921906
2025-06-23,23:35:39.02642,-0.9162024855613708,7.271867275238037,0.06199526786804199
2025-06-23,23:35:39.02642,-1.1520700454711914,7.206675052642822,-1.0494590997695923
2025-06-23,23:35:39.02642,-3.855685234069824,7.918676853179932,0.31164422631263733
2025-06-23,23:35:39.02642,-3.874772787094116,7.963573932647705,0.08609187602996826
2025-06-23,23:35:39.02642,-3.893860340118408,8.002517700195312,-0.10981542617082596
2025-06-23,23:35:39.02642,-1.1248021125793457,7.082422733306885,-0.6291881799697876
2025-06-23,23:35:39.02642,-1.1316190958023071,7.150078296661377,-0.2182367891073227
2025-06-23,23:35:39.02642,-1.1384360790252686,7.190868854522705,0.2846677899360657
2025-06-23,23:35:39.02642,-1.14525306224823,7.216105937957764,0.5827033519744873
2025-06-23,23:35:39.02642,-3.855685234069824,7.878836154937744,0.8523553609848022
2025-06-23,23:35:39.02642,-3.874772787094116,7.93969202041626,0.6222639679908752
2025-06-23,23:35:39.02642,-3.893860340118408,7.98098087310791,0.5969020128250122
2025-06-23,23:35:39.02642,-0.040901895612478256,0.07707459479570389,-0.0006259407382458448
2025-06-23,23:35:39.02642,-0.8998417258262634,6.995429515838623,-1.4408414363861084
2025-06-23,23:35:39.02642,-1.1316190958023071,7.0727643966674805,-1.0710978507995605
2025-06-23,23:35:39.02642,-0.9107488989830017,7.201620578765869,-0.626787006855011
2025-06-23,23:35:39.02642,-0.9162024855613708,7.262909889221191,-0.3661145865917206
2025-06-23,23:35:39.02642,-0.92165607213974,7.126162052154541,-1.65322744846344
2025-06-23,23:35:39.02642,-3.5802791118621826,8.049925804138184,-0.2217666506767273
2025-06-23,23:35:39.02642,-3.598003387451172,8.075943946838379,-0.5227660536766052
2025-06-23,23:35:39.02642,-3.893860340118408,7.965559005737305,-0.776023805141449
2025-06-23,23:35:39.36290,-1.1248021125793457,7.042140483856201,-0.9822680354118347
2025-06-23,23:35:39.36290,-1.1316190958023071,7.119955539703369,-0.6910021305084229
2025-06-23,23:35:39.36290,-1.1384360790252686,7.194855690002441,-0.15389156341552734
2025-06-23,23:35:39.36290,-0.9162024855613708,7.2707037925720215,0.1441069394350052
2025-06-23,23:35:39.36290,-1.1520700454711914,7.223818302154541,-0.924111008644104
2025-06-23,23:35:39.36290,-3.855685234069824,7.917774200439453,0.33378860354423523
2025-06-23,23:35:39.36290,-3.874772787094116,7.963485240936279,0.0939142182469368
2025-06-23,23:35:39.36290,-3.893860340118408,8.002814292907715,-0.08542982488870621
2025-06-23,23:35:39.36290,-1.3497625589370728,7.050808429718018,-0.5348039865493774
2025-06-23,23:35:39.36290,-1.1316190958023071,7.150318145751953,-0.21023643016815186
2025-06-23,23:35:39.36290,-1.1384360790252686,7.188584804534912,0.3374578058719635
2025-06-23,23:35:39.36290,-0.9162024855613708,7.237522125244141,0.7086400389671326
2025-06-23,23:35:39.36290,-1.1520700454711914,7.276666164398193,-0.29607731103897095
2025-06-23,23:35:39.36290,-3.855685234069824,7.88261079788208,0.8167083263397217
2025-06-23,23:35:39.36290,-3.874772787094116,7.943607330322266,0.57010817527771
2025-06-23,23:35:39.36290,-3.893860340118408,8.002042770385742,0.1401926726102829
2025-06-23,23:35:39.36290,-0.040901895612478256,0.07707452774047852,-0.0006340716499835253
2025-06-23,23:35:39.36290,-1.1248021125793457,6.960565567016602,-1.4515926837921143
2025-06-23,23:35:39.36290,-1.1316190958023071,7.063940048217773,-1.12782883644104
2025-06-23,23:35:39.36290,-0.9107488989830017,7.205835819244385,-0.5763088464736938
2025-06-23,23:35:39.36290,-1.14525306224823,7.2298712730407715,-0.3750753402709961
2025-06-23,23:35:39.36290,-1.1520700454711914,7.121865749359131,-1.52202308177948
2025-06-23,23:35:39.36290,-3.855685234069824,7.9201340675354,-0.27210375666618347
2025-06-23,23:35:39.36290,-3.874772787094116,7.951255798339844,-0.4510588049888611
2025-06-23,23:35:39.69301,-1.1248021125793457,7.03775691986084,-1.0131975412368774
2025-06-23,23:35:39.69301,-1.1316190958023071,7.118556499481201,-0.7052665948867798
2025-06-23,23:35:39.69301,-1.1384360790252686,7.192546844482422,-0.23853729665279388
2025-06-23,23:35:39.69301,-1.14525306224823,7.237446308135986,-0.1763370782136917
2025-06-23,23:35:39.69301,-1.1520700454711914,7.2299041748046875,-0.8752227425575256
2025-06-23,23:35:39.69301,-3.855685234069824,7.91559362411499,0.3820277154445648
2025-06-23,23:35:39.69301,-3.874772787094116,7.9612956047058105,0.20901857316493988
2025-06-23,23:35:39.69301,-1.1248021125793457,7.090043544769287,-0.5365386605262756
2025-06-23,23:35:39.69301,-1.1316190958023071,7.148613452911377,-0.2618732452392578
2025-06-23,23:35:39.69301,-1.1384360790252686,7.192424774169922,0.24218790233135223
2025-06-23,23:35:39.69301,-1.14525306224823,7.230957508087158,0.35352009534835815
2025-06-23,23:35:39.69301,-1.3824840784072876,7.230218887329102,-0.4212697744369507
2025-06-23,23:35:39.69301,-0.040901895612478256,0.07707458734512329,-0.0006264176918193698
2025-06-23,23:35:39.69301,-1.1248021125793457,6.968446731567383,-1.4132726192474365
2025-06-23,23:35:39.69301,-0.9052953124046326,7.095446586608887,-1.1344130039215088
2025-06-23,23:35:39.69301,-0.9107488989830017,7.190586566925049,-0.7427453398704529
2025-06-23,23:35:39.69301,-1.14525306224823,7.215359210968018,-0.5918780565261841
2025-06-23,23:35:39.69301,-1.1520700454711914,7.182581424713135,-1.2033514976501465
2025-06-23,23:35:39.69301,-3.855685234069824,7.920888423919678,-0.24918055534362793
2025-06-23,23:35:39.69301,-3.874772787094116,7.955802917480469,-0.36209720373153687
2025-06-23,23:35:40.03010,-1.1248021125793457,7.029275417327881,-1.0704574584960938
2025-06-23,23:35:40.03010,-1.1316190958023071,7.1131591796875,-0.7577704191207886
2025-06-23,23:35:40.03010,-1.1384360790252686,7.189633846282959,-0.3143209218978882
2025-06-23,23:35:40.03010,-1.14525306224823,7.232646465301514,-0.3170996904373169
2025-06-23,23:35:40.03010,-1.1520700454711914,7.196310043334961,-1.1183242797851562
2025-06-23,23:35:40.03010,-2.726793050765991,8.180010795593262,-1.3380995988845825
2025-06-23,23:35:40.03010,-4.131091594696045,7.781000137329102,0.24289238452911377
2025-06-23,23:35:40.03010,-4.1515421867370605,7.8174285888671875,0.303793340921402
2025-06-23,23:35:40.03010,-1.3497625589370728,7.040738582611084,-0.6541482210159302
2025-06-23,23:35:40.03010,-1.1316190958023071,7.147904872894287,-0.2805483639240265
2025-06-23,23:35:40.03010,-1.1384360790252686,7.195838451385498,0.09765813499689102
2025-06-23,23:35:40.03010,-1.3743036985397339,7.198909759521484,0.10157351940870285
2025-06-23,23:35:40.03010,-1.3824840784072876,7.199158668518066,-0.7909761071205139
2025-06-23,23:35:40.03010,-0.040901895612478256,0.07707459479570389,-0.0006259407382458448
2025-06-23,23:35:40.03010,-1.1248021125793457,6.9378533363342285,-1.5565272569656372
2025-06-23,23:35:40.03010,-0.9052953124046326,7.080744743347168,-1.2228283882141113
2025-06-23,23:35:40.03010,-0.9107488989830017,7.187463760375977,-0.7723760008811951
2025-06-23,23:35:40.03010,-1.14525306224823,7.198666095733643,-0.7687203884124756
2025-06-23,23:35:40.03010,-1.1520700454711914,7.1192851066589355,-1.5340501070022583
2025-06-23,23:35:40.03010,-4.131091594696045,7.777653694152832,-0.3332631587982178
2025-06-23,23:35:40.03010,-3.874772787094116,7.958065986633301,-0.3083900511264801
2025-06-23,23:35:40.37484,-0.8998417258262634,7.067044734954834,-1.0338926315307617
2025-06-23,23:35:40.37484,-0.9052953124046326,7.150498867034912,-0.7089576125144958
2025-06-23,23:35:40.37484,-0.9107488989830017,7.22479248046875,-0.24202744662761688
2025-06-23,23:35:40.37484,-0.9162024855613708,7.270847320556641,-0.13666598498821259
2025-06-23,23:35:40.37484,-1.1520700454711914,7.220746040344238,-0.9478170871734619
2025-06-23,23:35:40.37484,-0.9271096587181091,7.303947925567627,0.896036684513092
2025-06-23,23:35:40.37484,-2.726793050765991,8.146930694580078,-1.5266375541687012
2025-06-23,23:35:40.37484,-3.014469623565674,8.056771278381348,-1.7038758993148804
2025-06-23,23:35:40.37484,-3.855685234069824,7.924471855163574,-0.07286600023508072
2025-06-23,23:35:40.37484,-3.874772787094116,7.963989734649658,0.028092266991734505
2025-06-23,23:35:40.37484,-1.1248021125793457,7.083423614501953,-0.6178179979324341
2025-06-23,23:35:40.37484,-1.1316190958023071,7.146718502044678,-0.30928879976272583
2025-06-23,23:35:40.37484,-1.1384360790252686,7.195011138916016,0.14643040299415588
2025-06-23,23:35:40.37484,-1.14525306224823,7.235101222991943,0.25502365827560425
2025-06-23,23:35:40.37484,-1.1520700454711914,7.268550872802734,-0.45353931188583374
2025-06-23,23:35:40.37484,-2.726793050765991,8.220367431640625,-1.0623764991760254
2025-06-23,23:35:40.37484,-3.014469623565674,8.144503593444824,-1.2173036336898804
2025-06-23,23:35:40.37484,-3.855685234069824,7.912469863891602,0.4420298933982849
2025-06-23,23:35:40.37484,-0.040901895612478256,0.07707463204860687,-0.0006208822596818209
2025-06-23,23:35:40.37484,-0.8998417258262634,6.9773430824279785,-1.5260206460952759
2025-06-23,23:35:40.37484,-0.9052953124046326,7.091080665588379,-1.161388635635376
2025-06-23,23:35:40.37484,-1.1384360790252686,7.166952610015869,-0.6514784693717957
2025-06-23,23:35:40.37484,-0.9162024855613708,7.2438483238220215,-0.6407495737075806
2025-06-23,23:35:40.37484,-1.1520700454711914,7.089641571044922,-1.6656863689422607
2025-06-23,23:35:40.37484,-2.740427017211914,8.01709270477295,-2.262314558029175
2025-06-23,23:35:40.37484,-3.855685234069824,7.895020008087158,-0.6864582896232605
2025-06-23,23:35:40.37484,-3.874772787094116,7.943750858306885,-0.5681001543998718
2025-06-23,23:35:40.69761,-1.1248021125793457,7.028816223144531,-1.0734672546386719
2025-06-23,23:35:40.69761,-1.1316190958023071,7.112849235534668,-0.7606745958328247
2025-06-23,23:35:40.69761,-1.1384360790252686,7.191115379333496,-0.27837681770324707
2025-06-23,23:35:40.69761,-0.9162024855613708,7.269937992095947,-0.1786096841096878
2025-06-23,23:35:40.69761,-1.1520700454711914,7.1995439529418945,-1.097314476966858
2025-06-23,23:35:40.69761,-1.1588870286941528,7.316265106201172,0.3732519745826721
2025-06-23,23:35:40.69761,-2.9994723796844482,8.0695219039917,-1.4228427410125732
2025-06-23,23:35:40.69761,-3.014469623565674,8.166300773620605,-1.0612661838531494
2025-06-23,23:35:40.69761,-3.855685234069824,7.923568248748779,-0.14010387659072876
2025-06-23,23:35:40.69761,-3.874772787094116,7.963944911956787,-0.03875543922185898
2025-06-23,23:35:40.69761,-3.893860340118408,7.9990458488464355,-0.26001298427581787
2025-06-23,23:35:40.69761,-1.6567494933921243e+26,1.648326667864983e-33,3.0564123416421465e-14
2025-06-23,23:35:40.69761,1.1430528424366167e+37,-142436.15625,144384160.0
2025-06-23,23:35:40.69761,6.975056320762268e+32,-1.0591421567363713e-31,-2413842755747840.0
2025-06-23,23:35:40.69761,-1.551984370825298e+17,-2.8188518220167096e+36,2404152772657152.0
2025-06-23,23:35:40.69761,7.144891561613e+35,-6.615688818583557e-33,1.9134018998265495e-15
2025-06-23,23:35:40.69761,-581911168.0,2.5512359337547486e-38,-3.162185444050003e-11
2025-06-23,23:35:40.69761,2.6457473539443695e-35,1.6543612251060553e-24,6.162975822039155e-33
2025-06-23,23:35:40.69761,-4.656640628653008e-10,4.526194039769159e-43,0.0
2025-06-23,23:35:40.69761,1.5407439555097887e-33,4.235164736271502e-22,0.0
2025-06-23,23:35:40.69761,2.9106248661259215e-11,2.914468666403991e-11,2.914468666403991e-11
2025-06-23,23:35:40.69761,7.115835698456863e-15,9.41543424359805e-38,2.4641303198971457e-35
2025-06-23,23:35:40.69761,-3.776494347140832e+19,128.00006103515625,3.762740628305501e-37
2025-06-23,23:35:40.69761,2.7851918433709867e-21,6.018531076210112e-36,0.0
2025-06-23,23:35:40.69761,-8589934592.0,6.018531793674926e-36,1.3775601964010177e+19
2025-06-23,23:35:40.69761,1.755885690204651e-38,3.961408125713217e+28,5.387579917808435e+16
2025-06-23,23:35:40.69761,1.7593349863745865e-38,4.336808689942018e-19,-6.955199194358386e-10
2025-06-23,23:35:40.69761,5.8855922787122e-39,0.5,-0.1869298815727234
2025-06-23,23:35:40.69761,5.849639164013018e-39,3.851859888774472e-34,6.071286879536304e+31
2025-06-23,23:35:40.69761,5.79006996629457e-39,8388608.0,-2.7895341592198974e-09
2025-06-23,23:35:40.69761,5.838494637326243e-39,-9.903520314283042e+27,1682851133128704.0
2025-06-23,23:35:41.05131,0.8998417258262634,7.113609790802002,-0.6392242312431335
2025-06-23,23:35:41.05131,0.9052953124046326,7.111057281494141,-1.0320457220077515
2025-06-23,23:35:41.05131,0.6830616593360901,6.9846367835998535,1.9580461978912354
2025-06-23,23:35:41.05131,0.9162024855613708,7.103697776794434,1.556078314781189
2025-06-23,23:35:41.05131,1.1520700454711914,7.252613067626953,0.6611618399620056
2025-06-23,23:35:41.05131,1.3906644582748413,7.15927267074585,1.3494192361831665
2025-06-23,23:35:41.05131,-0.27267929911613464,8.663147926330566,-1.0069841146469116
2025-06-23,23:35:41.05131,-0.5480853915214539,8.692505836486816,-1.0206538438796997
2025-06-23,23:35:41.05131,-0.5508121848106384,8.733970642089844,-1.0407915115356445
2025-06-23,23:35:41.05131,-0.553538978099823,8.816781997680664,-0.6306580305099487
2025-06-23,23:35:41.05131,1.1248021125793457,7.1067047119140625,-0.22657617926597595
2025-06-23,23:35:41.05131,0.9052953124046326,7.163758277893066,-0.5593008995056152
2025-06-23,23:35:41.05131,0.6830616593360901,6.8812456130981445,2.295114517211914
2025-06-23,23:35:41.05131,1.14525306224823,6.937655448913574,2.0689754486083984
2025-06-23,23:35:41.05131,1.1520700454711914,7.192839622497559,1.1404321193695068
2025-06-23,23:35:41.05131,-0.5453585982322693,8.695635795593262,-0.47644343972206116
2025-06-23,23:35:41.05131,-0.5480853915214539,8.743692398071289,-0.3863145411014557
2025-06-23,23:35:41.05131,-0.5508121848106384,8.784984588623047,-0.43535754084587097
2025-06-23,23:35:41.05131,-0.8303084373474121,8.817283630371094,-0.07672043889760971
2025-06-23,23:35:41.05131,-0.040901895612478256,0.07707519084215164,-0.0005471580661833286
2025-06-23,23:35:41.05131,0.8998417258262634,7.077098846435547,-0.9626662731170654
2025-06-23,23:35:41.05131,1.1316190958023071,6.984347343444824,-1.5460096597671509
2025-06-23,23:35:41.05131,0.6830616593360901,7.079583644866943,1.5806928873062134
2025-06-23,23:35:41.05131,1.14525306224823,7.152647018432617,1.1186422109603882
2025-06-23,23:35:41.05131,1.1520700454711914,7.272909164428711,0.37725603580474854
2025-06-23,23:35:41.05131,-0.5453585982322693,8.579106330871582,-1.4966704845428467
2025-06-23,23:35:41.05131,-0.5480853915214539,8.616952896118164,-1.532814860343933
2025-06-23,23:35:41.05131,-0.5508121848106384,8.645299911499023,-1.6199628114700317
2025-06-23,23:35:41.05131,-0.553538978099823,8.748859405517578,-1.2612805366516113
2025-06-23,23:35:41.36833,0.8998417258262634,7.1019206047058105,-0.758141040802002
2025-06-23,23:35:41.36833,1.1316190958023071,7.052862167358398,-1.1951515674591064
2025-06-23,23:35:41.36833,0.9107488989830017,7.130263805389404,1.1897647380828857
2025-06-23,23:35:41.36833,1.14525306224823,7.088155746459961,1.473013162612915
2025-06-23,23:35:41.36833,1.3824840784072876,7.162717819213867,1.0719176530838013
2025-06-23,23:35:41.36833,-0.5453585982322693,8.612870216369629,-1.2882320880889893
2025-06-23,23:35:41.36833,-0.27404269576072693,8.692397117614746,-1.126465916633606
2025-06-23,23:35:41.36833,-0.5508121848106384,8.734542846679688,-1.0359768867492676
2025-06-23,23:35:41.36833,-0.553538978099823,8.824328422546387,-0.514405369758606
2025-06-23,23:35:41.36833,1.1248021125793457,7.108588218688965,-0.15672822296619415
2025-06-23,23:35:41.36833,0.9052953124046326,7.1534504890441895,-0.6785264611244202
2025-06-23,23:35:41.36833,0.6830616593360901,7.078353404998779,1.5861928462982178
2025-06-23,23:35:41.36833,0.9162024855613708,7.008300304412842,1.9410368204116821
2025-06-23,23:35:41.36833,1.3824840784072876,7.083259582519531,1.5102871656417847
2025-06-23,23:35:41.36833,-0.5453585982322693,8.68210220336914,-0.6798405647277832
2025-06-23,23:35:41.36833,-0.5480853915214539,8.732726097106934,-0.5838426351547241
2025-06-23,23:35:41.36833,-0.5508121848106384,8.781991004943848,-0.4920521080493927
2025-06-23,23:35:41.36833,-0.553538978099823,8.839295387268066,-0.015425330959260464
2025-06-23,23:35:41.36833,-0.040901895612478256,0.07707514613866806,-0.0005535833770409226
2025-06-23,23:35:41.36833,1.1248021125793457,7.007795333862305,-1.203076958656311
2025-06-23,23:35:41.36833,1.1316190958023071,6.944272518157959,-1.7170687913894653
2025-06-23,23:35:41.36833,0.9107488989830017,7.188930034637451,0.7586068511009216
2025-06-23,23:35:41.36833,1.14525306224823,7.133957862854004,1.2322217226028442
2025-06-23,23:35:41.36833,1.3824840784072876,7.207052230834961,0.7154938578605652
2025-06-23,23:35:41.36833,-0.5453585982322693,8.508008003234863,-1.8587315082550049
2025-06-23,23:35:41.36833,-0.27404269576072693,8.603019714355469,-1.6777201890945435
2025-06-23,23:35:41.36833,-0.5508121848106384,8.664461135864258,-1.5141328573226929
2025-06-23,23:35:41.36833,-0.553538978099823,8.778610229492188,-1.0341064929962158
2025-06-23,23:35:41.69800,1.1248021125793457,7.034845352172852,-1.0332179069519043
2025-06-23,23:35:41.69800,1.1316190958023071,7.036077499389648,-1.2902946472167969
2025-06-23,23:35:41.69800,1.1384360790252686,7.114328861236572,1.0844160318374634
2025-06-23,23:35:41.69800,1.3743036985397339,7.088140487670898,1.2620943784713745
2025-06-23,23:35:41.69800,1.6128981113433838,7.142980575561523,0.8609196543693542
2025-06-23,23:35:41.69800,-0.27267929911613464,8.593628883361816,-1.4878450632095337
2025-06-23,23:35:41.69800,-0.27404269576072693,8.681999206542969,-1.2039852142333984
2025-06-23,23:35:41.69800,-0.5508121848106384,8.744060516357422,-0.9523127675056458
2025-06-23,23:35:41.69800,-0.553538978099823,8.811656951904297,-0.6986250281333923
2025-06-23,23:35:41.69800,1.1248021125793457,7.087115287780762,-0.5739217400550842
2025-06-23,23:35:41.69800,0.9052953124046326,7.135692596435547,-0.8450719714164734
2025-06-23,23:35:41.69800,0.9107488989830017,7.08821964263916,1.4189245700836182
2025-06-23,23:35:41.69800,1.14525306224823,7.04009485244751,1.6878341436386108
2025-06-23,23:35:41.69800,1.3824840784072876,7.096040725708008,1.4490481615066528
2025-06-23,23:35:41.69800,-0.27267929911613464,8.66356372833252,-1.0033918619155884
2025-06-23,23:35:41.69800,-0.27404269576072693,8.73720645904541,-0.6985051035881042
2025-06-23,23:35:41.69800,-0.5508121848106384,8.786529541015625,-0.40297266840934753
2025-06-23,23:35:41.69800,-0.553538978099823,8.83871078491211,-0.10284101217985153
2025-06-23,23:35:41.69800,-0.040901895612478256,0.07707513868808746,-0.000554797996301204
2025-06-23,23:35:41.69800,1.1248021125793457,6.982686519622803,-1.3411482572555542
2025-06-23,23:35:41.69800,1.1316190958023071,6.921257019042969,-1.8076094388961792
2025-06-23,23:35:41.69800,0.9107488989830017,7.213677406311035,0.4680367708206177
2025-06-23,23:35:41.69800,1.3743036985397339,7.148983955383301,0.8524360656738281
2025-06-23,23:35:41.69800,1.6128981113433838,7.1847310066223145,0.3781474828720093
2025-06-23,23:35:41.69800,-0.27267929911613464,8.484350204467773,-2.019886016845703
2025-06-23,23:35:41.69800,-0.27404269576072693,8.60010814666748,-1.6925781965255737
2025-06-23,23:35:41.69800,-0.2754060924053192,8.6923189163208,-1.4271012544631958
2025-06-23,23:35:41.69800,-0.2767694890499115,8.766959190368652,-1.2262146472930908
2025-06-23,23:35:42.04045,1.1248021125793457,7.0543975830078125,-0.8899809122085571
2025-06-23,23:35:42.04045,1.1316190958023071,7.049415111541748,-1.2153180837631226
2025-06-23,23:35:42.04045,1.1384360790252686,6.994548797607422,1.6929023265838623
2025-06-23,23:35:42.04045,1.3743036985397339,7.090231895446777,1.250293493270874
2025-06-23,23:35:42.04045,1.3824840784072876,7.216485023498535,0.6130870580673218
2025-06-23,23:35:42.04045,1.8542193174362183,7.091795921325684,1.130650520324707
2025-06-23,23:35:42.04045,-0.27267929911613464,8.576904296875,-1.5814086198806763
2025-06-23,23:35:42.04045,-0.27404269576072693,8.671314239501953,-1.2786717414855957
2025-06-23,23:35:42.04045,-0.2754060924053192,8.756978988647461,-0.9530702829360962
2025-06-23,23:35:42.04045,-0.553538978099823,8.80016040802002,-0.8309969902038574
2025-06-23,23:35:42.04045,1.1248021125793457,7.106197357177734,-0.24197852611541748
2025-06-23,23:35:42.04045,0.9052953124046326,7.161048889160156,-0.5929844975471497
2025-06-23,23:35:42.04045,1.1384360790252686,6.885193347930908,2.0937390327453613
2025-06-23,23:35:42.04045,1.3743036985397339,6.991086006164551,1.7202703952789307
2025-06-23,23:35:42.04045,1.3824840784072876,7.152344226837158,1.1390827894210815
2025-06-23,23:35:42.04045,1.6224418878555298,7.037559986114502,1.688341498374939
2025-06-23,23:35:42.04045,-0.27267929911613464,8.67127513885498,-0.9344137907028198
2025-06-23,23:35:42.04045,-0.27404269576072693,8.735209465026855,-0.7230592370033264
2025-06-23,23:35:42.04045,-0.5508121848106384,8.785531997680664,-0.42415210604667664
2025-06-23,23:35:42.04045,-0.553538978099823,8.834589004516602,-0.2888239920139313
2025-06-23,23:35:42.04045,-0.040901895612478256,0.07707525044679642,-0.0005384534597396851
2025-06-23,23:35:42.04045,1.1316190958023071,6.918820858001709,-1.8169111013412476
2025-06-23,23:35:42.04045,1.1384360790252686,7.072965621948242,1.3277018070220947
2025-06-23,23:35:42.04045,1.3743036985397339,7.148120880126953,0.8596433997154236
2025-06-23,23:35:42.04045,1.6128981113433838,7.191162586212158,0.22479365766048431
2025-06-23,23:35:42.04045,0.0,8.475764274597168,-2.073624849319458
2025-06-23,23:35:42.04045,0.0,8.586488723754883,-1.781570315361023
2025-06-23,23:35:42.04045,-0.2754060924053192,8.682364463806152,-1.4864643812179565
2025-06-23,23:35:42.04045,-0.2767694890499115,8.730969429016113,-1.4606022834777832
2025-06-23,23:35:42.36469,1.3497625589370728,7.057855129241943,-0.43196651339530945
2025-06-23,23:35:42.36469,1.1316190958023071,7.060659885406494,-1.1481846570968628
2025-06-23,23:35:42.36469,1.3661233186721802,6.888226509094238,1.9420902729034424
2025-06-23,23:35:42.36469,1.6033543348312378,7.058000564575195,1.1563791036605835
2025-06-23,23:35:42.36469,1.6128981113433838,7.178042411804199,0.48893633484840393
2025-06-23,23:35:42.36469,1.6224418878555298,7.170772075653076,0.9786608815193176
2025-06-23,23:35:42.36469,0.0,8.572746276855469,-1.6268147230148315
2025-06-23,23:35:42.36469,0.0,8.675638198852539,-1.2787078619003296
2025-06-23,23:35:42.36469,-0.2754060924053192,8.774258613586426,-0.7780837416648865
2025-06-23,23:35:42.36469,-0.553538978099823,8.827374458312988,-0.45917364954948425
2025-06-23,23:35:42.36469,1.3497625589370728,7.070733547210693,0.06813507527112961
2025-06-23,23:35:42.36469,1.1316190958023071,7.122287750244141,-0.6665328145027161
2025-06-23,23:35:42.36469,1.3661233186721802,6.819416046142578,2.1713907718658447
2025-06-23,23:35:42.36469,1.3743036985397339,7.035586833953857,1.528113842010498
2025-06-23,23:35:42.36469,1.6128981113433838,7.1523661613464355,0.7791100740432739
2025-06-23,23:35:42.36469,-0.27267929911613464,8.664600372314453,-0.9944053888320923
2025-06-23,23:35:42.36469,-0.27404269576072693,8.734128952026367,-0.7359912395477295
2025-06-23,23:35:42.36469,-0.2754060924053192,8.802143096923828,-0.33955782651901245
2025-06-23,23:35:42.36469,-0.553538978099823,8.839062690734863,-0.06587065756320953
2025-06-23,23:35:42.36469,-0.040901895612478256,0.07707514613866806,-0.0005540868733078241
2025-06-23,23:35:42.36469,1.3497625589370728,7.044520854949951,-0.6120808124542236
2025-06-23,23:35:42.36469,1.1316190958023071,7.005538463592529,-1.4469561576843262
2025-06-23,23:35:42.36469,1.3661233186721802,7.014910697937012,1.4178866147994995
2025-06-23,23:35:42.36469,2.844407975029961e+36,3.9481967217622385e+19,1.142760775738324e+37
2025-06-23,23:35:42.36469,-4.400585617989418e-25,4.426766622465126e+34,1.655899282957767e+26
2025-06-23,23:35:42.36469,1.224854771645148e-13,-1.7472795271879092e-27,-9532421963776.0
2025-06-23,23:35:42.36469,-7.904797476310232e-12,-2.785213670433199e+30,2.645673885547443e-35
2025-06-23,23:35:42.36469,-5.902958103587057e+20,1.1641539121587385e-10,-2097165.0
2025-06-23,23:35:42.36469,0.0,2.350988701644575e-38,1.5407439555097887e-33
2025-06-23,23:35:42.74934,2.474564790725708,6.755911827087402,0.23654800653457642
2025-06-23,23:35:42.74934,2.4895620346069336,6.800652980804443,0.0708049088716507
2025-06-23,23:35:42.74934,2.5045595169067383,6.835512638092041,-0.2976793646812439
2025-06-23,23:35:42.74934,2.764968156814575,6.7076215744018555,1.3143659830093384
2025-06-23,23:35:42.74934,1.3633965253829956,8.48576545715332,-1.5071278810501099
2025-06-23,23:35:42.74934,1.6442561149597168,8.183517456054688,-2.6885406970977783
2025-06-23,23:35:42.74934,0.8262182474136353,8.602084159851074,1.7292739152908325
2025-06-23,23:35:42.74934,1.107077956199646,8.787125587463379,0.024054409936070442
2025-06-23,23:35:42.74934,2.2496042251586914,6.820962905883789,0.48530226945877075
2025-06-23,23:35:42.74934,2.4895620346069336,6.782858848571777,0.4967091977596283
2025-06-23,23:35:42.74934,2.276872158050537,6.918701171875,0.18191656470298767
2025-06-23,23:35:42.74934,2.5345542430877686,6.70540714263916,1.7257883548736572
2025-06-23,23:35:42.74934,1.3633965253829956,8.560603141784668,-0.9978622794151306
2025-06-23,23:35:42.74934,1.107077956199646,8.767377853393555,0.5892672538757324
2025-06-23,23:35:42.74934,-0.040901895612478256,0.07707519084215164,-0.0005478269886225462
2025-06-23,23:35:42.74934,2.474564790725708,6.760043144226074,-0.010772104375064373
2025-06-23,23:35:42.74934,2.4895620346069336,6.795551300048828,-0.27271759510040283
2025-06-23,23:35:42.74934,2.276872158050537,6.891618728637695,-0.6380503177642822
2025-06-23,23:35:42.74934,2.764968156814575,6.751827716827393,1.064222812652588
2025-06-23,23:35:42.74934,1.0907171964645386,8.441826820373535,-1.9194785356521606
2025-06-23,23:35:42.74934,0.8262182474136353,8.721485137939453,0.9601705074310303
2025-06-23,23:35:42.74934,1.107077956199646,8.77840805053711,-0.3920627236366272
2025-06-23,23:35:43.02451,2.474564790725708,6.756232738494873,0.22720439732074738
2025-06-23,23:35:43.02451,2.4895620346069336,6.80096960067749,0.0266262274235487
2025-06-23,23:35:43.02451,2.5045595169067383,6.833942413330078,-0.33178403973579407
2025-06-23,23:35:43.02451,2.995382308959961,6.596087455749512,1.3726285696029663
2025-06-23,23:35:43.02451,1.3633965253829956,8.463628768920898,-1.6268482208251953
2025-06-23,23:35:43.02451,1.6442561149597168,8.02985954284668,-3.1176223754882812
2025-06-23,23:35:43.02451,0.8262182474136353,8.649420738220215,1.4743679761886597
2025-06-23,23:35:43.02451,1.107077956199646,8.787153244018555,0.009956209920346737
2025-06-23,23:35:43.02451,2.474564790725708,6.729014873504639,0.6470358371734619
2025-06-23,23:35:43.02451,2.4895620346069336,6.784999370574951,0.4665580093860626
2025-06-23,23:35:43.02451,2.276872158050537,6.919435501098633,0.15144133567810059
2025-06-23,23:35:43.02451,2.995382308959961,6.504485130310059,1.7561750411987305
2025-06-23,23:35:43.02451,1.3633965253829956,8.574516296386719,-0.8702376484870911
2025-06-23,23:35:43.02451,1.107077956199646,8.774477005004883,0.471920907497406
2025-06-23,23:35:43.02451,-0.040901895612478256,0.0770752802491188,-0.0005351710715331137
2025-06-23,23:35:43.02451,2.474564790725708,6.758094310760498,-0.16266274452209473
2025-06-23,23:35:43.02451,2.4895620346069336,6.789233207702637,-0.40026313066482544
2025-06-23,23:35:43.02451,2.5045595169067383,6.799394130706787,-0.7622913122177124
2025-06-23,23:35:43.02451,2.764968156814575,6.747279644012451,1.0926870107650757
2025-06-23,23:35:43.02451,1.3633965253829956,8.32012939453125,-2.2483556270599365
2025-06-23,23:35:43.02451,1.107077956199646,8.776626586914062,-0.43010714650154114
2025-06-23,23:35:43.36305,2.474564790725708,6.729976654052734,0.636957049369812
2025-06-23,23:35:43.36305,2.4895620346069336,6.800576686859131,0.07779880613088608
2025-06-23,23:35:43.36305,2.5045595169067383,6.835780143737793,-0.29147088527679443
2025-06-23,23:35:43.36305,2.995382308959961,6.601465702056885,1.3465248346328735
2025-06-23,23:35:43.36305,1.3633965253829956,8.42615032196045,-1.810976505279541
2025-06-23,23:35:43.36305,1.1016243696212769,8.639328956604004,1.3480724096298218
2025-06-23,23:35:43.36305,1.3838474750518799,8.7467679977417,-0.13709282875061035
2025-06-23,23:35:43.36305,2.474564790725708,6.703207015991211,0.874824047088623
2025-06-23,23:35:43.36305,2.4895620346069336,6.783021926879883,0.4944761097431183
2025-06-23,23:35:43.36305,2.5045595169067383,6.840814113616943,0.12692776322364807
2025-06-23,23:35:43.36305,2.995382308959961,6.482496738433838,1.835679054260254
2025-06-23,23:35:43.36305,1.3633965253829956,8.49675464630127,-1.443884015083313
2025-06-23,23:35:43.36305,1.107077956199646,8.776432037353516,0.4340486228466034
2025-06-23,23:35:43.36305,-0.040901895612478256,0.07707522064447403,-0.0005434557097032666
2025-06-23,23:35:43.36305,2.6995251178741455,6.658463001251221,0.44631925225257874
2025-06-23,23:35:43.36305,2.4895620346069336,6.794770240783691,-0.29153838753700256
2025-06-23,23:35:43.36305,2.5045595169067383,6.809953689575195,-0.6613462567329407
2025-06-23,23:35:43.36305,1.3838474750518799,8.725031852722168,-0.631324291229248
2025-06-23,23:35:43.69289,2.6995251178741455,6.641299724578857,0.6538118720054626
2025-06-23,23:35:43.69289,2.4895620346069336,6.800619602203369,0.07393170893192291
2025-06-23,23:35:43.69289,2.5045595169067383,6.829972743988037,-0.40536531805992126
2025-06-23,23:35:43.69289,2.061455488204956,6.318521976470947,-3.09030818939209
2025-06-23,23:35:43.69289,3.2257962226867676,6.532478332519531,1.1339142322540283
2025-06-23,23:35:43.69289,1.3770304918289185,8.658550262451172,0.8956400752067566
2025-06-23,23:35:43.69289,1.3838474750518799,8.743793487548828,-0.2661333382129669
2025-06-23,23:35:43.69289,2.474564790725708,6.609947681427002,1.4166465997695923
2025-06-23,23:35:43.69289,2.4895620346069336,6.770491600036621,0.643692672252655
2025-06-23,23:35:43.69289,2.5045595169067383,6.8411359786987305,0.10820645093917847
2025-06-23,23:35:43.69289,1.8324049711227417,6.55802059173584,-2.7125611305236816
2025-06-23,23:35:43.69289,2.995382308959961,6.5062360763549805,1.7496777772903442
2025-06-23,23:35:43.69289,1.3838474750518799,8.747304916381836,0.09703817963600159
2025-06-23,23:35:43.69289,-0.040901895612478256,0.07707501202821732,-0.0005724578513763845
2025-06-23,23:35:43.69289,2.6995251178741455,6.673107147216797,0.06305091083049774
2025-06-23,23:35:43.69289,2.4895620346069336,6.786366939544678,-0.44622617959976196
2025-06-23,23:35:43.69289,2.5045595169067383,6.788684368133545,-0.8524162173271179
2025-06-23,23:35:43.69289,2.995382308959961,6.699300765991211,0.7154359817504883
2025-06-23,23:35:43.69289,1.3838474750518799,8.722860336303711,-0.6606482267379761
2025-06-23,23:35:44.03410,2.6995251178741455,6.642488956451416,0.6416165232658386
2025-06-23,23:35:44.03410,2.715885877609253,6.713813781738281,0.0218743197619915
2025-06-23,23:35:44.03410,2.5045595169067383,6.82132625579834,-0.5313717126846313
2025-06-23,23:35:44.03410,2.29050612449646,6.361660957336426,-2.829519271850586
2025-06-23,23:35:44.03410,3.2257962226867676,6.477489471435547,1.4146255254745483
2025-06-23,23:35:44.03410,1.3770304918289185,8.703909873962402,0.12091129273176193
2025-06-23,23:35:44.03410,1.3838474750518799,8.734394073486328,-0.48488113284111023
2025-06-23,23:35:44.03410,2.6995251178741455,6.586958408355713,1.0706576108932495
2025-06-23,23:35:44.03410,2.4895620346069336,6.7845892906188965,0.47248539328575134
2025-06-23,23:35:44.03410,2.5045595169067383,6.841653347015381,-0.06799759715795517
2025-06-23,23:35:44.03410,1.8324049711227417,6.584092617034912,-2.6486496925354004
2025-06-23,23:35:44.03410,2.995382308959961,6.475688934326172,1.859550952911377
2025-06-23,23:35:44.03410,1.1016243696212769,8.72111988067627,0.630374014377594
2025-06-23,23:35:44.03410,1.107077956199646,8.783869743347168,0.2403956800699234
2025-06-23,23:35:44.03410,-0.040901895612478256,0.07707509398460388,-0.0005604784819297493
2025-06-23,23:35:44.03410,2.924485683441162,6.577808856964111,0.03980424255132675
2025-06-23,23:35:44.03410,2.715885877609253,6.6948981285095215,-0.5041009187698364
2025-06-23,23:35:44.03410,2.5045595169067383,6.764506816864014,-1.026788353919983
2025-06-23,23:35:44.03410,1.6524364948272705,8.646768569946289,-0.41439470648765564
2025-06-23,23:35:44.03410,1.3838474750518799,8.688485145568848,-1.0173348188400269
2025-06-23,23:35:44.36324,2.6995251178741455,6.635568618774414,0.7096204161643982
2025-06-23,23:35:44.36324,2.715885877609253,6.712587356567383,0.13018560409545898
2025-06-23,23:35:44.36324,2.7322466373443604,6.744563579559326,-0.36243343353271484
2025-06-23,23:35:44.36324,2.995382308959961,6.454706192016602,1.931126356124878
2025-06-23,23:35:44.36324,3.013106346130371,6.600297451019287,1.538613200187683
2025-06-23,23:35:44.36324,1.3770304918289185,8.68294620513916,-0.6157228946685791
2025-06-23,23:35:44.36324,1.3838474750518799,8.724641799926758,-0.6366920471191406
2025-06-23,23:35:44.36324,2.6995251178741455,6.580161094665527,1.1116713285446167
2025-06-23,23:35:44.36324,2.715885877609253,6.686640739440918,0.6038270592689514
2025-06-23,23:35:44.36324,2.5045595169067383,6.841511249542236,0.08104393631219864
2025-06-23,23:35:44.36324,1.8324049711227417,6.470968246459961,-2.9141366481781006
2025-06-23,23:35:44.36324,2.995382308959961,6.335499286651611,2.2921454906463623
2025-06-23,23:35:44.36324,1.3770304918289185,8.70251178741455,-0.19739186763763428
2025-06-23,23:35:44.36324,1.3838474750518799,8.74450969696045,-0.24145811796188354
2025-06-23,23:35:44.36324,-0.040901895612478256,0.07707519084215164,-0.0005472918855957687
2025-06-23,23:35:44.36324,2.924485683441162,6.570368766784668,0.31528612971305847
2025-06-23,23:35:44.36324,2.715885877609253,6.704223155975342,-0.35940396785736084
2025-06-23,23:35:44.36324,2.7322466373443604,6.701896667480469,-0.8396897912025452
2025-06-23,23:35:44.36324,2.995382308959961,6.556910991668701,1.5489987134933472
2025-06-23,23:35:44.36324,1.6524364948272705,8.57041072845459,-1.2191766500473022
2025-06-23,23:35:44.36324,1.6606168746948242,8.610742568969727,-1.2398568391799927
2025-06-23,23:35:44.70341,2.924485683441162,6.5367512702941895,0.7348713874816895
2025-06-23,23:35:44.70341,2.155051976790739e-33,3.419422700413815e-33,1.5772830953791456e-33
2025-06-23,23:35:44.70341,7.163104874653485e-34,8.60840043375093e-34,2.4680346945368657e-33
2025-06-23,23:35:44.70341,4.069476953890294e-33,6.091651967619043e-33,3.852794039441391e-33
2025-06-23,23:35:44.70341,6.934954112824448e-32,7.744082727073128e-32,4.189876595431282e-33
2025-06-23,23:35:44.70341,1.4025313501210196e-33,3.973140783736592e-33,7.2233411541159535e-34
2025-06-23,23:35:44.70341,2.1285695951688498e-32,2.4319352630231132e-33,1.842117931857576e-33
2025-06-23,23:35:44.70341,1.1509418737850593e-32,9.932676553543818e-34,3.611971246472398e-33
2025-06-23,23:35:44.70341,1.1557793820135784e-33,3.2203822572140753e-34,8.728776565404902e-34
2025-06-23,23:35:44.70341,5.104634911639663e-33,8.957424175635253e-33,1.46409922591068e-32
2025-06-23,23:35:44.70341,2.436711921051878e-32,6.58835019952969e-32,3.7447669461405475e-31
2025-06-23,23:35:44.70341,2.204051907791789e-39,1.7773474584432987e-35,2.0516921495072893e-13
2025-06-23,23:35:44.70341,1.401298464324817e-45,0.0,9.183549615799121e-41
2025-06-23,23:35:44.70341,2.571393892423754e-39,0.0,-174080.0
2025-06-23,23:35:44.70341,4.224498684295419e-39,4.316332779154946e-39,4.3163355817518745e-39
2025-06-23,23:35:44.70341,8.191748678068245e-38,8.191726257292816e-38,8.191726257292816e-38
2025-06-23,23:35:44.70341,8.191726257292816e-38,8.191726257292816e-38,2.3877229001077715e-38
2025-06-23,23:35:44.70341,9.405972676366928e-38,6.583115438208454e-37,2.5203159288725062e-24
2025-06-23,23:35:44.70341,-7.34122793640812e-24,9.637514266301789e-40,4.5917748078995606e-40
2025-06-23,23:35:44.70341,9.183549615799121e-41,1.4693679385278594e-38,-280.0
2025-06-23,23:35:44.70341,-2.8715533965277004e+19,2.2668805257382566e-41,-3.4831464290618896e-07
2025-06-23,23:35:45.03575,2.2032487392425537,8.528548240661621,0.2800830602645874
2025-06-23,23:35:45.03575,2.214155912399292,8.573952674865723,0.15691518783569336
2025-06-23,23:35:45.03575,2.2250630855560303,8.61446762084961,0.23355010151863098
2025-06-23,23:35:45.03575,1.927842617034912,8.555863380432129,0.8657411336898804
2025-06-23,23:35:45.03575,2.214155912399292,8.547944068908691,0.6855204105377197
2025-06-23,23:35:45.03575,2.2250630855560303,8.592451095581055,0.6583038568496704
2025-06-23,23:35:45.03575,-0.040901895612478256,0.07707510143518448,-0.0005598462885245681
2025-06-23,23:35:45.03575,2.2032487392425537,8.526516914367676,-0.3362814784049988
2025-06-23,23:35:45.03575,2.214155912399292,8.568523406982422,-0.3430843949317932
2025-06-23,23:35:45.03575,2.5031960010528564,8.529865264892578,-0.43576985597610474
2025-06-23,23:35:45.36537,2.4786548614501953,8.45612907409668,0.13791105151176453
2025-06-23,23:35:45.36537,2.4909253120422363,8.49836540222168,0.11337988823652267
2025-06-23,23:35:45.36537,2.5031960010528564,8.540159225463867,0.11910291016101837
2025-06-23,23:35:45.36537,2.2032487392425537,8.49659538269043,0.7889501452445984
2025-06-23,23:35:45.36537,2.4909253120422363,8.47412109375,0.6514151692390442
2025-06-23,23:35:45.36537,2.2250630855560303,8.574835777282715,0.8577771782875061
2025-06-23,23:35:45.36537,-0.040901895612478256,0.07707512378692627,-0.0005571956280618906
2025-06-23,23:35:45.36537,2.4786548614501953,8.444790840148926,-0.4589701294898987
2025-06-23,23:35:45.36537,2.4909253120422363,8.49105167388916,-0.37028786540031433
2025-06-23,23:35:45.36537,2.5031960010528564,8.533651351928711,-0.3539581298828125
2025-06-23,23:35:45.71609,2.740427017211914,8.324813842773438,-0.2988705337047577
2025-06-23,23:35:45.71609,2.754060983657837,8.37118911743164,0.0849515050649643
2025-06-23,23:35:45.71609,2.7676949501037598,8.41204833984375,0.13074515759944916
2025-06-23,23:35:45.71609,2.5031960010528564,8.535425186157227,0.3082576394081116
2025-06-23,23:35:45.71609,2.754060983657837,8.347063064575195,0.6407569646835327
2025-06-23,23:35:45.71609,2.4909253120422363,8.465133666992188,0.7593241930007935
2025-06-23,23:35:45.71609,2.5031960010528564,8.500696182250977,0.8286527991294861
2025-06-23,23:35:45.71609,-0.040901895612478256,0.07707518339157104,-0.0005479020182974637
2025-06-23,23:35:45.71609,2.754060983657837,8.356466293334961,-0.5034738779067993
2025-06-23,23:35:45.71609,2.7676949501037598,8.403882026672363,-0.3929537832736969
2025-06-23,23:35:45.71609,2.5031960010528564,8.539617538452148,-0.1530596911907196
2025-06-23,23:35:46.03312,3.014469623565674,8.2317533493042,-0.23022021353244781
2025-06-23,23:35:46.03312,2.754060983657837,8.369552612304688,0.18605472147464752
2025-06-23,23:35:46.03312,2.7676949501037598,8.407233238220215,0.31318631768226624
2025-06-23,23:35:46.03312,2.7813289165496826,8.447786331176758,0.3370588719844818
2025-06-23,23:35:46.03312,3.014469623565674,8.224226951599121,0.42053475975990295
2025-06-23,23:35:46.03312,3.0294671058654785,8.239584922790527,0.7748878598213196
2025-06-23,23:35:46.03312,2.7676949501037598,8.36510181427002,0.8970667123794556
2025-06-23,23:35:46.03312,2.7813289165496826,8.414223670959473,0.8243441581726074
2025-06-23,23:35:46.03312,-0.040901895612478256,0.07707509398460388,-0.0005608955398201942
2025-06-23,23:35:46.03312,3.014469623565674,8.196196556091309,-0.7982015013694763
2025-06-23,23:35:46.03312,2.754060983657837,8.36380672454834,-0.3616049289703369
2025-06-23,23:35:46.03312,3.044464349746704,8.311441421508789,-0.30159416794776917
2025-06-23,23:35:46.03312,2.7813289165496826,8.452865600585938,-0.16662700474262238
2025-06-23,23:35:46.37751,3.014469623565674,8.219983100891113,-0.49662601947784424
2025-06-23,23:35:46.37751,3.0294671058654785,8.274439811706543,0.1576690822839737
2025-06-23,23:35:46.37751,3.044464349746704,8.309796333312988,0.34395307302474976
2025-06-23,23:35:46.37751,2.7813289165496826,8.442231178283691,0.4554535150527954
2025-06-23,23:35:46.37751,3.014469623565674,8.234162330627441,0.11548881232738495
2025-06-23,23:35:46.37751,3.0294671058654785,8.236708641052246,0.8048816919326782
2025-06-23,23:35:46.37751,2.7676949501037598,8.354013442993164,0.9950434565544128
2025-06-23,23:35:46.37751,2.7813289165496826,8.393508911132812,1.0137555599212646
2025-06-23,23:35:46.37751,-0.040901895612478256,0.07707516849040985,-0.0005504253203980625
2025-06-23,23:35:46.37751,3.2885122299194336,8.035618782043457,-1.2313809394836426
2025-06-23,23:35:46.37751,3.0294671058654785,8.262713432312012,-0.4677312672138214
2025-06-23,23:35:46.37751,3.044464349746704,8.312385559082031,-0.2743537724018097
2025-06-23,23:35:46.37751,2.7813289165496826,8.453410148620605,-0.13623720407485962
2025-06-23,23:35:46.68700,0.2863132655620575,0.5771685242652893,0.11480545252561569
2025-06-23,23:35:46.68700,0.0,7.012387275695801,-1.8105906248092651
2025-06-23,23:35:46.68700,-0.22768722474575043,6.928163051605225,-2.2437431812286377
2025-06-23,23:35:46.68700,3.2885122299194336,8.112247467041016,-0.5281255841255188
2025-06-23,23:35:46.68700,3.304872989654541,8.165454864501953,0.26840007305145264
2025-06-23,23:35:46.68700,3.044464349746704,8.304183959960938,0.45994874835014343
2025-06-23,23:35:46.68700,2.7813289165496826,8.424994468688965,0.7058117985725403
2025-06-23,23:35:46.68700,0.2863132655620575,0.5718115568161011,0.1390514075756073
2025-06-23,23:35:46.68700,3.2885122299194336,8.126700401306152,0.21027126908302307
2025-06-23,23:35:46.68700,3.0294671058654785,8.2259521484375,0.9082511067390442
2025-06-23,23:35:46.68700,3.044464349746704,8.24779987335205,1.0699642896652222
2025-06-23,23:35:46.68700,2.7813289165496826,8.36755084991455,1.2094545364379883
2025-06-23,23:35:46.68700,-0.040901895612478256,0.07707519084215164,-0.0005477306549437344
2025-06-23,23:35:46.68700,0.2863132655620575,0.5822867155075073,0.0851232185959816
2025-06-23,23:35:46.68700,3.2885122299194336,8.044576644897461,-1.1714333295822144
2025-06-23,23:35:46.68700,3.0294671058654785,8.269838333129883,-0.3177836835384369
2025-06-23,23:35:46.68700,3.044464349746704,8.316858291625977,-0.029794203117489815
2025-06-23,23:35:46.68700,3.059461832046509,8.356331825256348,0.16095925867557526
2025-06-23,23:35:47.03805,-0.22768722474575043,7.272225379943848,0.3854392170906067
2025-06-23,23:35:47.03805,3.5625550746917725,7.989871025085449,-0.6098774075508118
2025-06-23,23:35:47.03805,3.304872989654541,8.154332160949707,0.503542423248291
2025-06-23,23:35:47.03805,3.3212337493896484,8.186535835266113,0.6243513822555542
2025-06-23,23:35:47.03805,3.059461832046509,8.310174942016602,0.8917309045791626
2025-06-23,23:35:47.03805,3.5625550746917725,8.012964248657227,-0.04896349087357521
2025-06-23,23:35:47.03805,3.304872989654541,8.10561466217041,1.022591471672058
2025-06-23,23:35:47.03805,3.044464349746704,8.231184005737305,1.1910592317581177
2025-06-23,23:35:47.03805,3.059461832046509,8.211771011352539,1.5559555292129517
2025-06-23,23:35:47.03805,-0.040901895612478256,0.07707510143518448,-0.0005596748669631779
2025-06-23,23:35:47.03805,3.2885122299194336,8.027199745178223,-1.2851223945617676
2025-06-23,23:35:47.03805,3.304872989654541,8.169418334960938,-0.08540081977844238
2025-06-23,23:35:47.03805,3.3212337493896484,8.210305213928223,0.008198162540793419
2025-06-23,23:35:47.03805,2.4641303198971457e-35,6.457253388531973e-40,-2.047241687774658
2025-06-23,23:35:47.37733,-0.040901895612478256,0.07707525044679642,-0.0005389804136939347
2025-06-23,23:35:47.70496,-0.040901895612478256,0.07707519084215164,-0.000547095958609134
2025-06-23,23:35:48.03560,-0.040901895612478256,0.07707513868808746,-0.0005548749468289316
2025-06-23,23:35:48.37919,-0.040901895612478256,0.0770750492811203,-0.0005672570550814271
2025-06-23,23:35:48.69419,-0.040901895612478256,0.0770750567317009,-0.0005655565764755011
2025-06-23,23:35:49.04196,4.1515421867370605,7.820793151855469,-0.19918446242809296
2025-06-23,23:35:49.04196,-0.040901895612478256,0.07707501202821732,-0.0005724651855416596
2025-06-23,23:35:49.37881,4.1515421867370605,7.822834491729736,-0.08795993775129318
2025-06-23,23:35:49.37881,-0.040901895612478256,0.07707515358924866,-0.0005523491417989135
2025-06-23,23:35:49.70209,-0.040901895612478256,0.07707512378692627,-0.0005567264161072671
2025-06-23,23:35:50.03915,-0.040901895612478256,0.07707509398460388,-0.0005604727775789797
2025-06-23,23:35:50.36855,-0.040901895612478256,0.07707512378692627,-0.0005572777008637786
2025-06-23,23:35:50.73557,-0.040901895612478256,0.07707515358924866,-0.0005527818575501442
2025-06-23,23:35:51.04322,-0.040901895612478256,0.07707536965608597,-0.0005218298174440861
2025-06-23,23:35:51.36858,-0.020450947806239128,0.03851476311683655,-0.0013543005334213376
2025-06-23,23:35:51.36858,-0.040901895612478256,0.0770753026008606,-0.0005311326822265983
2025-06-23,23:35:51.70079,-0.040901895612478256,0.0770752802491188,-0.000534329388756305
2025-06-23,23:35:52.04122,2.519556760787964,6.875471115112305,-0.32101860642433167
2025-06-23,23:35:52.04122,-0.040901895612478256,0.07707523554563522,-0.0005411207675933838
2025-06-23,23:35:52.36984,1.3743036985397339,7.1991071701049805,0.086471788585186
2025-06-23,23:35:52.36984,-0.040901895612478256,0.07707527279853821,-0.0005355116445571184
