Date,Time,X,Y,Z
2025-07-07,17:11:00.7,-0.23450420796871185,3.5687167644500732,1.13458251953125
2025-07-07,17:11:00.7,-0.23723100125789642,3.595360279083252,1.193488597869873
2025-07-07,17:11:00.7,-0.239957794547081,3.6222176551818848,1.2499494552612305
2025-07-07,17:11:00.7,-0.24268458783626556,3.557687759399414,1.5366482734680176
2025-07-07,17:11:00.7,-0.3517563045024872,3.460292339324951,1.4073569774627686
2025-07-07,17:11:00.7,-0.35584649443626404,3.5026090145111084,1.4185949563980103
2025-07-07,17:11:00.7,-0.239957794547081,3.521733045578003,1.5100433826446533
2025-07-07,17:11:00.7,-0.3517563045024872,3.6457650661468506,0.8140482306480408
2025-07-07,17:11:00.7,-0.23723100125789642,3.6709749698638916,0.9353995323181152
2025-07-07,17:11:00.7,-0.1199788972735405,3.6959664821624756,1.0324008464813232
2025-07-07,17:11:00.7,-0.24268458783626556,3.6853678226470947,1.198538064956665
2025-07-07,17:11:06.7,-0.23450420796871185,3.550283193588257,1.1910107135772705
2025-07-07,17:11:06.7,-0.23723100125789642,3.5744855403900146,1.254624843597412
2025-07-07,17:11:06.7,-0.239957794547081,3.5879147052764893,1.3452515602111816
2025-07-07,17:11:06.7,-0.3517563045024872,3.444150447845459,1.4464110136032104
2025-07-07,17:11:06.7,-0.35584649443626404,3.4658358097076416,1.5062083005905151
2025-07-07,17:11:06.7,-0.3599366843700409,3.476897954940796,1.5880932807922363
2025-07-07,17:11:06.7,-0.3517563045024872,3.614535331726074,0.9430866241455078
2025-07-07,17:11:06.7,-0.23723100125789642,3.6559054851531982,0.9926658272743225
2025-07-07,17:11:06.7,-0.239957794547081,3.682943105697632,1.057716965675354
2025-07-07,17:11:06.7,-0.24268458783626556,3.5944876670837402,1.448478102684021
2025-07-07,17:11:06.7,-0.3476661145687103,3.6073191165924072,0.7866978049278259
2025-07-07,17:11:06.7,-0.23450420796871185,3.587043523788452,1.0752376317977905
2025-07-07,17:11:06.7,-0.35584649443626404,3.6002793312072754,1.1483335494995117
2025-07-07,17:11:06.7,-0.239957794547081,3.619732618331909,1.2571276426315308
2025-07-07,17:11:06.7,-0.24268458783626556,3.5596978664398193,1.531985878944397
2025-07-07,17:11:06.7,-0.3517563045024872,3.4910054206848145,1.3293448686599731
2025-07-07,17:11:06.7,-0.23723100125789642,3.511679172515869,1.4209647178649902
2025-07-07,17:11:06.7,-0.3599366843700409,3.537618637084961,1.44779634475708
2025-07-07,17:11:06.7,-0.3517563045024872,3.6566474437713623,0.7636793255805969
2025-07-07,17:11:06.7,-0.23723100125789642,3.6755683422088623,0.9171847105026245
2025-07-07,17:11:06.7,-0.239957794547081,3.6892824172973633,1.0353883504867554
2025-07-07,17:11:06.7,-0.24268458783626556,3.6079132556915283,1.4147056341171265
2025-07-07,17:11:06.7,-0.3476661145687103,3.59734845161438,0.8311017751693726
2025-07-07,17:11:06.7,-0.23450420796871185,3.5866096019744873,1.0766844749450684
2025-07-07,17:11:06.7,-0.35584649443626404,3.612177610397339,1.1103394031524658
2025-07-07,17:11:06.7,-0.11861550062894821,3.60448956489563,1.1835936307907104
2025-07-07,17:11:06.7,-0.239957794547081,3.63154673576355,1.2225803136825562
2025-07-07,17:11:06.7,-0.24268458783626556,3.5968830585479736,1.4425196647644043
2025-07-07,17:11:06.7,-0.3517563045024872,3.503549098968506,1.2959247827529907
2025-07-07,17:11:06.7,-0.23723100125789642,3.5130391120910645,1.417598843574524
2025-07-07,17:11:06.7,-0.3599366843700409,3.5347254276275635,1.4548454284667969
2025-07-07,17:11:06.7,-0.3517563045024872,3.659207820892334,0.751315712928772
2025-07-07,17:11:06.7,-0.11725210398435593,3.6634867191314697,0.8019518256187439
2025-07-07,17:11:06.7,-0.23723100125789642,3.682827949523926,0.8875858783721924
2025-07-07,17:11:06.7,-0.239957794547081,3.7099437713623047,0.9587239027023315
2025-07-07,17:11:06.7,-0.12134229391813278,3.6601674556732178,1.2906497716903687
2025-07-07,17:11:06.8,-0.23450420796871185,3.5106027126312256,1.3033360242843628
2025-07-07,17:11:06.8,-0.23723100125789642,3.571112871170044,1.264192819595337
2025-07-07,17:11:06.8,-0.239957794547081,3.602167844772339,1.3066071271896362
2025-07-07,17:11:06.8,-0.24268458783626556,3.5719709396362305,1.5031484365463257
2025-07-07,17:11:06.8,-0.3517563045024872,3.4118294715881348,1.521083950996399
2025-07-07,17:11:06.8,-0.23723100125789642,3.4749984741210938,1.5084478855133057
2025-07-07,17:11:06.8,-0.3599366843700409,3.5124316215515137,1.5078741312026978
2025-07-07,17:11:06.8,-0.3517563045024872,3.574169158935547,1.0860904455184937
2025-07-07,17:11:06.8,-0.23723100125789642,3.6483023166656494,1.020255446434021
2025-07-07,17:11:06.8,-0.239957794547081,3.689826726913452,1.0334478616714478
2025-07-07,17:11:06.8,-0.24268458783626556,3.656688928604126,1.2833771705627441
2025-07-07,17:11:06.8,-0.3476661145687103,3.6007368564605713,0.8162961602210999
2025-07-07,17:11:06.8,-0.3517563045024872,3.5901288986206055,1.0321100950241089
2025-07-07,17:11:06.8,-0.23723100125789642,3.604306221008301,1.1661933660507202
2025-07-07,17:11:06.8,-0.239957794547081,3.6309328079223633,1.2244024276733398
2025-07-07,17:11:06.8,-0.36402687430381775,3.6101133823394775,1.38271164894104
2025-07-07,17:11:06.8,-0.23450420796871185,3.507215976715088,1.312422752380371
2025-07-07,17:11:06.8,-0.35584649443626404,3.502974033355713,1.4176934957504272
2025-07-07,17:11:06.8,-0.3599366843700409,3.5203282833099365,1.4893451929092407
2025-07-07,17:11:06.8,-0.23450420796871185,3.6567330360412598,0.8070445656776428
2025-07-07,17:11:06.8,-0.23723100125789642,3.6830503940582275,0.8866621255874634
2025-07-07,17:11:06.8,-0.239957794547081,3.720853328704834,0.9154697060585022
2025-07-07,17:11:06.8,-0.36402687430381775,3.7440667152404785,0.9626915454864502
2025-07-07,17:11:06.8,-0.3476661145687103,3.605254888534546,0.7961044907569885
2025-07-07,17:11:06.8,-0.23450420796871185,3.598116159439087,1.0375819206237793
2025-07-07,17:11:06.8,-0.23723100125789642,3.6065194606781006,1.1593310832977295
2025-07-07,17:11:06.8,-0.239957794547081,3.6181089878082275,1.261792778968811
2025-07-07,17:11:06.8,-0.36402687430381775,3.5583279132843018,1.5109971761703491
2025-07-07,17:11:06.8,-0.3517563045024872,3.5162417888641357,1.2610793113708496
2025-07-07,17:11:06.8,-0.23723100125789642,3.5115251541137695,1.4213451147079468
2025-07-07,17:11:06.8,-0.239957794547081,3.5211730003356934,1.511349081993103
2025-07-07,17:11:06.8,-0.23450420796871185,3.6655614376068115,0.7659482955932617
2025-07-07,17:11:06.8,-0.23723100125789642,3.6829535961151123,0.8870640397071838
2025-07-07,17:11:06.8,-0.239957794547081,3.699171781539917,0.999481201171875
2025-07-07,17:11:06.8,-0.36402687430381775,3.6726343631744385,1.206883430480957
2025-07-07,17:11:06.8,-0.3476661145687103,3.5782551765441895,0.9097994565963745
2025-07-07,17:11:06.8,-0.23450420796871185,3.58512020111084,1.0816330909729004
2025-07-07,17:11:06.8,-0.23723100125789642,3.6013474464416504,1.1752985715866089
2025-07-07,17:11:06.8,-0.239957794547081,3.6184213161468506,1.260897159576416
2025-07-07,17:11:06.8,-0.36402687430381775,3.5892539024353027,1.4359898567199707
2025-07-07,17:11:06.8,-1.379757285118103,3.73294734954834,0.5218028426170349
2025-07-07,17:11:06.8,-1.5215504169464111,3.685922384262085,0.7496029138565063
2025-07-07,17:11:06.8,-0.3476661145687103,3.5185279846191406,1.1187517642974854
2025-07-07,17:11:06.8,-0.3517563045024872,3.5148279666900635,1.265014410018921
2025-07-07,17:11:06.8,-0.23723100125789642,3.496619462966919,1.4576292037963867
2025-07-07,17:11:06.8,-0.239957794547081,3.512967824935913,1.530324101448059
2025-07-07,17:11:06.8,-0.23450420796871185,3.6398491859436035,0.8800650238990784
2025-07-07,17:11:06.8,-0.11861550062894821,3.6664605140686035,0.974836528301239
2025-07-07,17:11:06.8,-0.239957794547081,3.7053380012512207,0.9763733148574829
2025-07-07,17:11:06.8,-0.24268458783626556,3.6583797931671143,1.2785491943359375
2025-07-07,17:11:06.8,-0.3476661145687103,3.618129014968872,0.7353824377059937
2025-07-07,17:11:06.8,-0.3517563045024872,3.598548173904419,1.0023612976074219
2025-07-07,17:11:06.8,-0.23723100125789642,3.6046741008758545,1.165055751800537
2025-07-07,17:11:06.8,-0.239957794547081,3.6165218353271484,1.266335129737854
2025-07-07,17:11:06.8,-0.36402687430381775,3.51767635345459,1.6033600568771362
2025-07-07,17:11:06.8,-0.3517563045024872,3.5179643630981445,1.2562655210494995
2025-07-07,17:11:06.8,-0.35584649443626404,3.51202130317688,1.395129919052124
2025-07-07,17:11:06.8,-0.239957794547081,3.5161213874816895,1.5230644941329956
2025-07-07,17:11:06.8,-0.0736234113574028,0.23840060830116272,0.07917945832014084
2025-07-07,17:11:06.8,-0.23450420796871185,3.6671769618988037,0.758175790309906
2025-07-07,17:11:06.8,-0.23723100125789642,3.6819732189178467,0.8911250829696655
2025-07-07,17:11:06.8,-0.239957794547081,3.6932249069213867,1.021236777305603
2025-07-07,17:11:06.8,-0.36402687430381775,3.610142707824707,1.3826357126235962
2025-07-07,17:11:06.8,-0.3476661145687103,3.6076459884643555,0.7851983904838562
2025-07-07,17:11:06.8,-0.3517563045024872,3.581662654876709,1.0611172914505005
2025-07-07,17:11:06.8,-0.23723100125789642,3.595405340194702,1.1933530569076538
2025-07-07,17:11:06.8,-0.239957794547081,3.6152124404907227,1.2700685262680054
2025-07-07,17:11:06.8,-0.24268458783626556,3.5202383995056152,1.6206023693084717
2025-07-07,17:11:06.8,-0.23450420796871185,3.4777493476867676,1.3886241912841797
2025-07-07,17:11:06.8,-0.35584649443626404,3.511280059814453,1.3969944715499878
2025-07-07,17:11:06.8,-0.239957794547081,3.5237395763397217,1.5053552389144897
2025-07-07,17:11:06.8,-0.23450420796871185,3.6500465869903564,0.8367660641670227
2025-07-07,17:11:06.8,-0.23723100125789642,3.6689653396606445,0.9432515501976013
2025-07-07,17:11:06.8,-0.239957794547081,3.6938538551330566,1.0189597606658936
2025-07-07,17:11:06.8,-0.36402687430381775,3.643188714981079,1.293053388595581
2025-07-07,17:11:06.8,-0.3476661145687103,3.5818731784820557,0.8954498767852783
2025-07-07,17:11:06.8,-0.3517563045024872,3.5839149951934814,1.0534846782684326
2025-07-07,17:11:06.8,-0.23723100125789642,3.604763984680176,1.1647779941558838
2025-07-07,17:11:06.8,-0.239957794547081,3.626185178756714,1.2383924722671509
2025-07-07,17:11:06.8,-0.36402687430381775,3.5905725955963135,1.4326893091201782
2025-07-07,17:11:06.8,-0.23450420796871185,3.4984564781188965,1.3355969190597534
2025-07-07,17:11:06.8,-0.35584649443626404,3.521390199661255,1.371310830116272
2025-07-07,17:11:06.8,-0.11861550062894821,3.4980268478393555,1.4686888456344604
2025-07-07,17:11:06.8,-0.239957794547081,3.5420172214508057,1.461830496788025
2025-07-07,17:11:06.8,-0.48536917567253113,3.4922988414764404,1.6265276670455933
2025-07-07,17:11:06.8,-0.038175102323293686,0.07721494883298874,0.013941445387899876
2025-07-07,17:11:06.8,-0.23450420796871185,3.652193069458008,0.827346682548523
2025-07-07,17:11:06.8,-0.23723100125789642,3.678624391555786,0.9048492908477783
2025-07-07,17:11:06.8,-0.239957794547081,3.7066216468811035,0.9714891910552979
2025-07-07,17:11:06.8,-0.36402687430381775,3.6895856857299805,1.1540226936340332
2025-07-07,17:11:06.8,-0.3517563045024872,3.579702615737915,1.067711353302002
2025-07-07,17:11:06.8,2.4641303198971457e-35,6.457253388531973e-40,3.776494347140832e+19
2025-07-07,17:11:06.8,6.464339176761047e-27,-1.694067913992518e-21,4.315952699192391e-32
2025-07-07,17:11:06.8,0.0,2.350988701644575e-38,-4.656612873077393e-10
2025-07-07,17:11:06.8,nan,-8.664361908473692e+17,5.840368173373045e-39
2025-07-07,17:11:06.8,2.2703279682900757e-05,5.5455003642882425e+19,5.8407927668077355e-39
2025-07-07,17:11:06.8,-2.865720917891606e-34,4.587312287185341e-05,5.842883504116508e-39
2025-07-07,17:11:06.8,-1.717925483187798e+18,-9.046454286796329e-36,5.851799966245007e-39
2025-07-07,17:11:06.8,3.382858500700775e-13,-1.517497138486684e-28,-0.0029253102838993073
2025-07-07,17:11:06.8,-2.2703279682900757e-05,2.2179346796278868e+20,-0.0029254741966724396
2025-07-07,17:11:06.8,1.3551461385333252e-12,-3.4656837404941353e+18,-0.0029254972469061613
2025-07-07,17:11:06.8,-0.23450420796871185,3.5557072162628174,1.1747184991836548
2025-07-07,17:11:06.8,-0.23723100125789642,3.584059476852417,1.2270077466964722
2025-07-07,17:11:06.8,-0.239957794547081,3.60650634765625,1.2945839166641235
2025-07-07,17:11:06.8,-0.24268458783626556,3.5140185356140137,1.6340454816818237
2025-07-07,17:11:06.8,-0.23450420796871185,3.448850631713867,1.4589195251464844
2025-07-07,17:11:06.8,-0.23723100125789642,3.4804208278656006,1.4958950281143188
2025-07-07,17:11:06.8,-0.239957794547081,3.5102455615997314,1.5365583896636963
2025-07-07,17:11:06.8,-0.23450420796871185,3.6381118297576904,0.8872195482254028
2025-07-07,17:11:06.8,-0.23723100125789642,3.6687281131744385,0.9441739320755005
2025-07-07,17:11:06.8,-0.239957794547081,3.6952643394470215,1.0138325691223145
2025-07-07,17:11:06.8,-0.12134229391813278,3.6262636184692383,1.3830454349517822
2025-07-07,17:11:06.8,-0.3476661145687103,3.59305477142334,0.8494722247123718
2025-07-07,17:11:06.8,-0.23450420796871185,3.572587728500366,1.1223341226577759
2025-07-07,17:11:06.8,-0.23723100125789642,3.5951004028320312,1.1942707300186157
2025-07-07,17:11:06.8,-0.239957794547081,3.6233534812927246,1.246653437614441
2025-07-07,17:11:06.8,-0.24268458783626556,3.5841424465179443,1.4738903045654297
2025-07-07,17:11:06.8,-0.23450420796871185,3.4703452587127686,1.4070252180099487
2025-07-07,17:11:06.8,-0.23723100125789642,3.499962329864502,1.449583888053894
2025-07-07,17:11:06.8,-0.3599366843700409,3.5217337608337402,1.4860186576843262
2025-07-07,17:11:06.8,-0.23450420796871185,3.6527223587036133,0.8250060677528381
2025-07-07,17:11:06.8,-0.23723100125789642,3.673809051513672,0.9242064356803894
2025-07-07,17:11:06.8,-0.239957794547081,3.701179265975952,0.992021381855011
2025-07-07,17:11:06.8,-0.36402687430381775,3.6830191612243652,1.1748110055923462
2025-07-07,17:11:06.8,-0.23450420796871185,3.569854736328125,1.1309970617294312
2025-07-07,17:11:06.8,-0.23723100125789642,3.5944790840148926,1.1961395740509033
2025-07-07,17:11:06.8,-0.239957794547081,3.6241753101348877,1.2442619800567627
2025-07-07,17:11:06.8,-0.12134229391813278,3.5474624633789062,1.574202299118042
2025-07-07,17:11:06.8,-0.23450420796871185,3.4646706581115723,1.4209414720535278
2025-07-07,17:11:06.8,-0.23723100125789642,3.498241424560547,1.4537320137023926
2025-07-07,17:11:06.8,-0.3599366843700409,3.527977466583252,1.4711337089538574
2025-07-07,17:11:06.8,-0.23450420796871185,3.6515214443206787,0.8303053975105286
2025-07-07,17:11:06.8,-0.23723100125789642,3.6709580421447754,0.9354662299156189
2025-07-07,17:11:06.8,-0.239957794547081,3.7041587829589844,0.9808374643325806
2025-07-07,17:11:06.8,-0.12134229391813278,3.679473400115967,1.234535813331604
2025-07-07,17:11:06.8,-0.23450420796871185,3.5729854106903076,1.1210675239562988
2025-07-07,17:11:06.8,-0.23723100125789642,3.5934197902679443,1.1993180513381958
2025-07-07,17:11:06.8,-0.239957794547081,3.6353447437286377,1.211240291595459
2025-07-07,17:11:06.8,-0.24268458783626556,3.635244846343994,1.3429163694381714
2025-07-07,17:11:06.8,-1.5051896572113037,3.6316826343536377,0.8100557327270508
2025-07-07,17:11:06.8,-0.23450420796871185,3.4954490661621094,1.343448281288147
2025-07-07,17:11:06.8,-0.23723100125789642,3.5168159008026123,1.4082032442092896
2025-07-07,17:11:06.8,-0.3599366843700409,3.56292724609375,1.3843441009521484
2025-07-07,17:11:06.8,-0.36402687430381775,3.586899518966675,1.4418607950210571
2025-07-07,17:11:06.8,-0.3517563045024872,3.6336333751678467,0.8665943145751953
2025-07-07,17:11:06.8,-0.23723100125789642,3.6634156703948975,0.9645801186561584
2025-07-07,17:11:06.8,-0.239957794547081,3.7069036960601807,0.9704122543334961
2025-07-07,17:11:06.8,-0.36402687430381775,3.6961584091186523,1.1327948570251465
2025-07-07,17:11:06.8,-0.23450420796871185,3.5540876388549805,1.179608941078186
2025-07-07,17:11:06.8,-0.23723100125789642,3.5817604064941406,1.233702540397644
2025-07-07,17:11:06.8,-0.239957794547081,3.596926689147949,1.3209668397903442
2025-07-07,17:11:06.8,-0.23450420796871185,3.4782187938690186,1.3874479532241821
2025-07-07,17:11:06.8,-0.23723100125789642,3.491345167160034,1.470217227935791
2025-07-07,17:11:06.8,-0.239957794547081,3.4927148818969727,1.5760005712509155
2025-07-07,17:11:06.8,-0.3517563045024872,3.615170478820801,0.9406487345695496
2025-07-07,17:11:06.8,-0.23723100125789642,3.6612725257873535,0.9726837277412415
2025-07-07,17:11:06.8,-0.1199788972735405,3.690873384475708,1.0504629611968994
2025-07-07,17:11:06.8,-0.24268458783626556,3.6251189708709717,1.3700157403945923
2025-07-07,17:11:06.8,-0.3517563045024872,3.499271869659424,1.3074302673339844
2025-07-07,17:11:06.8,-0.23723100125789642,3.578583002090454,1.2428895235061646
2025-07-07,17:11:06.8,-0.239957794547081,3.6236281394958496,1.2458549737930298
2025-07-07,17:11:06.8,-0.24268458783626556,3.5734148025512695,1.499712347984314
2025-07-07,17:11:06.8,-0.35584649443626404,3.458754777908325,1.5223987102508545
2025-07-07,17:11:06.8,-0.239957794547081,3.5217700004577637,1.5099568367004395
2025-07-07,17:11:06.8,-0.23450420796871185,3.613698720932007,0.981936514377594
2025-07-07,17:11:06.8,-0.23723100125789642,3.66083025932312,0.9743471741676331
2025-07-07,17:11:06.8,-0.1199788972735405,3.704807758331299,1.0002094507217407
2025-07-07,17:11:06.8,-0.36402687430381775,3.675487995147705,1.198164701461792
2025-07-07,17:11:06.8,-0.23450420796871185,3.5354738235473633,1.2342774868011475
2025-07-07,17:11:06.8,-0.23723100125789642,3.587287664413452,1.217537522315979
2025-07-07,17:11:06.8,-0.239957794547081,3.6229336261749268,1.2478731870651245
2025-07-07,17:11:06.8,-0.36402687430381775,3.5571062564849854,1.5138709545135498
2025-07-07,17:11:06.8,-0.3517563045024872,3.443502902984619,1.4479522705078125
2025-07-07,17:11:06.8,-0.35584649443626404,3.49338960647583,1.4411489963531494
2025-07-07,17:11:06.8,-0.239957794547081,3.543510913848877,1.458206057548523
2025-07-07,17:11:06.8,-0.3517563045024872,3.6003410816192627,0.9959021806716919
2025-07-07,17:11:06.8,-0.23723100125789642,3.660738229751587,0.9746927618980408
2025-07-07,17:11:06.8,-0.1199788972735405,3.705613613128662,0.997219979763031
2025-07-07,17:11:06.8,-0.24268458783626556,3.657618522644043,1.2807252407073975
2025-07-07,17:11:07.1,-0.3476661145687103,3.582782030105591,0.8918065428733826
2025-07-07,17:11:07.1,-0.23450420796871185,3.588169813156128,1.0714727640151978
2025-07-07,17:11:07.1,-0.23723100125789642,3.608257532119751,1.153909683227539
2025-07-07,17:11:07.1,-0.3599366843700409,3.6438400745391846,1.15468168258667
2025-07-07,17:11:07.1,-0.1199788972735405,3.628338098526001,1.249472975730896
2025-07-07,17:11:07.1,-0.36402687430381775,3.6604762077331543,1.243271827697754
2025-07-07,17:11:07.1,-0.3517563045024872,3.508913993835449,1.2813271284103394
2025-07-07,17:11:07.1,-0.23723100125789642,3.5062992572784424,1.4341883659362793
2025-07-07,17:11:07.1,-0.239957794547081,3.5332252979278564,1.4829540252685547
2025-07-07,17:11:07.1,-0.48536917567253113,3.5504305362701416,1.4953886270523071
2025-07-07,17:11:07.1,-0.038175102323293686,0.07722827792167664,0.013867383822798729
2025-07-07,17:11:07.1,-0.23450420796871185,3.663257598876953,0.7768915295600891
2025-07-07,17:11:07.1,-0.11861550062894821,3.6817758083343506,0.9152957797050476
2025-07-07,17:11:07.1,-0.239957794547081,3.7212231159210205,0.913966178894043
2025-07-07,17:11:07.1,-0.24268458783626556,3.7378954887390137,1.0230189561843872
2025-07-07,17:11:07.3,-0.3476661145687103,3.5827739238739014,0.8918390274047852
2025-07-07,17:11:07.3,-0.23450420796871185,3.573698043823242,1.1187931299209595
2025-07-07,17:11:07.3,-0.23723100125789642,3.600860595703125,1.176789402961731
2025-07-07,17:11:07.3,-0.3599366843700409,3.6306045055389404,1.1956462860107422
2025-07-07,17:11:07.3,-0.36402687430381775,3.586733818054199,1.4422729015350342
2025-07-07,17:11:07.3,-0.3517563045024872,3.514704704284668,1.2653568983078003
2025-07-07,17:11:07.3,-0.23723100125789642,3.5145153999328613,1.4139348268508911
2025-07-07,17:11:07.3,-0.239957794547081,3.5238070487976074,1.505197525024414
2025-07-07,17:11:07.3,-0.11725210398435593,3.6454265117645264,0.8804126977920532
2025-07-07,17:11:07.3,-0.23723100125789642,3.680978536605835,0.8952248096466064
2025-07-07,17:11:07.3,-0.239957794547081,3.7074034214019775,0.9685007333755493
2025-07-07,17:11:07.3,-0.24268458783626556,3.695410966873169,1.1672049760818481
2025-07-07,17:11:07.7,-0.3476661145687103,3.607865571975708,0.7841882109642029
2025-07-07,17:11:07.7,-0.23450420796871185,3.5863115787506104,1.0776761770248413
2025-07-07,17:11:07.7,-0.23723100125789642,3.598623037338257,1.183613896369934
2025-07-07,17:11:07.7,-0.3599366843700409,3.6026723384857178,1.2773457765579224
2025-07-07,17:11:07.7,-0.36402687430381775,3.5090575218200684,1.6221362352371216
2025-07-07,17:11:07.7,-0.3517563045024872,3.511148691177368,1.275190830230713
2025-07-07,17:11:07.7,-0.23723100125789642,3.4974148273468018,1.4557195901870728
2025-07-07,17:11:07.7,-0.3599366843700409,3.5076773166656494,1.518900752067566
2025-07-07,17:11:07.7,-0.3517563045024872,3.6568663120269775,0.7626310586929321
2025-07-07,17:11:07.7,-0.11861550062894821,3.6669089794158936,0.9731482267379761
2025-07-07,17:11:07.7,-0.239957794547081,3.676292657852173,1.0806045532226562
2025-07-07,17:11:07.7,-0.24268458783626556,3.588773488998413,1.462578535079956
2025-07-07,17:11:08.0,-0.23450420796871185,3.582327365875244,1.090847134590149
2025-07-07,17:11:08.0,-0.23723100125789642,3.592606544494629,1.2017523050308228
2025-07-07,17:11:08.0,-0.1199788972735405,3.5841338634490967,1.371132254600525
2025-07-07,17:11:08.0,-0.36402687430381775,3.5105178356170654,1.6189733743667603
2025-07-07,17:11:08.0,-0.23450420796871185,3.482769012451172,1.3759857416152954
2025-07-07,17:11:08.0,-0.23723100125789642,3.4843125343322754,1.4868074655532837
2025-07-07,17:11:08.0,-0.23450420796871185,3.6641645431518555,0.7726024985313416
2025-07-07,17:11:08.0,-0.11861550062894821,3.668175458908081,0.968363344669342
2025-07-07,17:11:08.0,-0.239957794547081,3.684356689453125,1.0527819395065308
2025-07-07,17:11:08.0,-0.24268458783626556,3.6451849937438965,1.3156965970993042
2025-07-07,17:11:08.3,-0.23450420796871185,3.5723698139190674,1.1230279207229614
2025-07-07,17:11:08.3,-0.23723100125789642,3.5879976749420166,1.2154433727264404
2025-07-07,17:11:08.3,-0.3599366843700409,3.597431182861328,1.2920328378677368
2025-07-07,17:11:08.3,-0.1199788972735405,3.6021811962127686,1.3229926824569702
2025-07-07,17:11:08.3,-0.3517563045024872,3.4836926460266113,1.3483922481536865
2025-07-07,17:11:08.3,-0.35584649443626404,3.4971985816955566,1.4318811893463135
2025-07-07,17:11:08.3,-0.239957794547081,3.5057432651519775,1.5468028783798218
2025-07-07,17:11:08.3,-0.038175102323293686,0.07716266810894012,0.014227954670786858
2025-07-07,17:11:08.3,-0.23450420796871185,3.6222407817840576,0.9499412178993225
2025-07-07,17:11:08.3,-0.11861550062894821,3.6573398113250732,1.0085164308547974
2025-07-07,17:11:08.3,-0.239957794547081,3.6807541847229004,1.0653095245361328
2025-07-07,17:11:08.3,-0.24268458783626556,3.604853630065918,1.4224836826324463
2025-07-07,17:11:08.7,-0.46355482935905457,3.5317277908325195,1.0317620038986206
2025-07-07,17:11:08.7,-0.23450420796871185,3.564648151397705,1.147301435470581
2025-07-07,17:11:08.7,-0.23723100125789642,3.596261978149414,1.1907687187194824
2025-07-07,17:11:08.7,-0.239957794547081,3.629504919052124,1.2286289930343628
2025-07-07,17:11:08.7,-0.36402687430381775,3.636768102645874,1.3110030889511108
2025-07-07,17:11:08.7,-0.3517563045024872,3.4647469520568848,1.3963547945022583
2025-07-07,17:11:08.7,-0.23723100125789642,3.48995041847229,1.473525047302246
2025-07-07,17:11:08.7,-0.239957794547081,3.5319201946258545,1.4860599040985107
2025-07-07,17:11:08.7,-0.36402687430381775,3.534355878829956,1.566249966621399
2025-07-07,17:11:08.7,-0.23450420796871185,3.6373863220214844,0.8901898860931396
2025-07-07,17:11:08.7,-0.11861550062894821,3.6758639812469482,0.9387564659118652
2025-07-07,17:11:08.7,-0.239957794547081,3.714597702026367,0.9405308961868286
2025-07-07,17:11:08.7,-0.24268458783626556,3.726802349090576,1.0627210140228271
2025-07-07,17:11:09.0,-0.3476661145687103,3.5910708904266357,0.8578200340270996
2025-07-07,17:11:09.0,-0.23450420796871185,3.580798864364624,1.0958540439605713
2025-07-07,17:11:09.0,-0.23723100125789642,3.6001172065734863,1.1790618896484375
2025-07-07,17:11:09.0,2.4641303198971457e-35,6.457253388531973e-40,3.776494347140832e+19
2025-07-07,17:11:09.0,32.009857177734375,3.868567234452832e+25,1.4534355819704018e-32
2025-07-07,17:11:09.0,0.0,2.350988701644575e-38,-1.0842021724855044e-19
2025-07-07,17:11:09.0,-99844360.0,6.999337776036896e-10,5.83526324306751e-39
2025-07-07,17:11:09.0,1.7565811839098212e+21,-4.4796113485290334e-08,5.8409833433988836e-39
2025-07-07,17:11:09.0,1.9257784892564092e-26,-6.518762253346645e-19,5.844682771344701e-39
2025-07-07,17:11:09.0,1.1477549800302855e-33,1.3537619879133184e+16,-0.002923870226368308
2025-07-07,17:11:09.0,104700397486080.0,7.166611339926021e-07,-0.002925319131463766
2025-07-07,17:11:09.0,7.911391550391877e+36,5.653462199474261e-37,-0.0029261659365147352
2025-07-07,17:11:09.3,-0.3476661145687103,3.6075730323791504,0.7855325937271118
2025-07-07,17:11:09.3,-0.23450420796871185,3.5840859413146973,1.085054874420166
2025-07-07,17:11:09.3,-0.23723100125789642,3.6001927852630615,1.1788311004638672
2025-07-07,17:11:09.3,-0.239957794547081,3.6126298904418945,1.2773957252502441
2025-07-07,17:11:09.3,-0.24268458783626556,3.543954610824585,1.568061351776123
2025-07-07,17:11:09.3,-0.3517563045024872,3.5153865814208984,1.2634608745574951
2025-07-07,17:11:09.3,-0.23723100125789642,3.501129627227783,1.4467629194259644
2025-07-07,17:11:09.3,-0.239957794547081,3.5022544860839844,1.5546860694885254
2025-07-07,17:11:09.3,-0.038175102323293686,0.07713105529546738,0.014398348517715931
2025-07-07,17:11:09.3,-0.23450420796871185,3.6629185676574707,0.7784881591796875
2025-07-07,17:11:09.3,-0.11861550062894821,3.6656856536865234,0.9777461290359497
2025-07-07,17:11:09.3,-0.1199788972735405,3.688157558441162,1.0599591732025146
2025-07-07,17:11:09.3,-0.24268458783626556,3.677489757537842,1.222497582435608
2025-07-07,17:11:09.7,-0.46355482935905457,3.6064047813415527,0.7290261387825012
2025-07-07,17:11:09.7,-0.23450420796871185,3.587240695953369,1.0745790004730225
2025-07-07,17:11:09.7,-0.23723100125789642,3.60191011428833,1.1735734939575195
2025-07-07,17:11:09.7,-0.239957794547081,3.625399112701416,1.2406913042068481
2025-07-07,17:11:09.7,-0.36402687430381775,3.585991859436035,1.4441171884536743
2025-07-07,17:11:09.7,-0.23450420796871185,3.516322612762451,1.2878245115280151
2025-07-07,17:11:09.7,-0.23723100125789642,3.5141541957855225,1.4148324728012085
2025-07-07,17:11:09.7,-0.239957794547081,3.542283535003662,1.4611848592758179
2025-07-07,17:11:09.7,-0.038175102323293686,0.07719466090202332,0.014053338207304478
2025-07-07,17:11:09.7,-0.23450420796871185,3.657349109649658,0.8042475581169128
2025-07-07,17:11:09.7,-0.23723100125789642,3.6714186668395996,0.9336566925048828
2025-07-07,17:11:09.7,-0.1199788972735405,3.6966328620910645,1.030012607574463
2025-07-07,17:11:09.7,-0.24268458783626556,3.6705148220062256,1.243282675743103
2025-07-07,17:11:10.0,-0.3476661145687103,3.5651395320892334,0.9599092602729797
2025-07-07,17:11:10.0,-0.23450420796871185,3.585132598876953,1.0815919637680054
2025-07-07,17:11:10.0,-0.23723100125789642,3.59305477142334,1.2004119157791138
2025-07-07,17:11:10.0,-0.239957794547081,3.599046230316162,1.315181016921997
2025-07-07,17:11:10.0,-0.36402687430381775,3.5393381118774414,1.5549585819244385
2025-07-07,17:11:10.0,-0.3517563045024872,3.509159564971924,1.2806541919708252
2025-07-07,17:11:10.0,-0.23723100125789642,3.494128942489624,1.463589072227478
2025-07-07,17:11:10.0,-0.239957794547081,3.4977500438690186,1.5647937059402466
2025-07-07,17:11:10.0,-0.038175102323293686,0.07722415775060654,0.01389033067971468
2025-07-07,17:11:10.0,-0.23450420796871185,3.6456058025360107,0.8559064269065857
2025-07-07,17:11:10.0,-0.11861550062894821,3.662221908569336,0.9906410574913025
2025-07-07,17:11:10.0,-0.1199788972735405,3.6764044761657715,1.100032091140747
2025-07-07,17:11:10.0,-0.36402687430381775,3.6526994705200195,1.2659376859664917
2025-07-07,17:11:10.3,-0.3517563045024872,3.5540575981140137,1.1501965522766113
2025-07-07,17:11:10.3,-0.23723100125789642,3.5813376903533936,1.234929084777832
2025-07-07,17:11:10.3,-0.239957794547081,3.590451955795288,1.3384648561477661
2025-07-07,17:11:10.3,-1.5051896572113037,3.612787961959839,0.890545666217804
2025-07-07,17:11:10.3,-0.3517563045024872,3.495940685272217,1.316311240196228
2025-07-07,17:11:10.3,-0.23723100125789642,3.4935081005096436,1.4650707244873047
2025-07-07,17:11:10.3,-0.239957794547081,3.4970004558563232,1.5664684772491455
2025-07-07,17:11:10.3,-0.23450420796871185,3.6206858158111572,0.9558509588241577
2025-07-07,17:11:10.3,-0.23723100125789642,3.6544041633605957,0.9981786012649536
2025-07-07,17:11:10.3,-0.1199788972735405,3.6829214096069336,1.0780121088027954
2025-07-07,17:11:10.3,-0.36402687430381775,3.605452537536621,1.394819736480713
2025-07-07,17:11:10.7,-0.3517563045024872,3.546755075454712,1.1725209951400757
2025-07-07,17:11:10.7,-0.23723100125789642,3.5745105743408203,1.2545533180236816
2025-07-07,17:11:10.7,-0.239957794547081,3.5894663333892822,1.3411065340042114
2025-07-07,17:11:10.7,-0.24268458783626556,3.513201951980591,1.6358001232147217
2025-07-07,17:11:10.7,-0.23450420796871185,3.4772136211395264,1.3899646997451782
2025-07-07,17:11:10.7,-0.23723100125789642,3.4887590408325195,1.4763436317443848
2025-07-07,17:11:10.7,-0.239957794547081,3.497302532196045,1.5657936334609985
2025-07-07,17:11:10.7,-0.038175102323293686,0.07718098163604736,0.014128252863883972
2025-07-07,17:11:10.7,-0.23450420796871185,3.634716510772705,0.9010289311408997
2025-07-07,17:11:10.7,-0.11861550062894821,3.6471047401428223,1.0449237823486328
2025-07-07,17:11:10.7,-0.1199788972735405,3.658449411392212,1.158347249031067
2025-07-07,17:11:10.7,-0.24268458783626556,3.615326166152954,1.3956531286239624
2025-07-07,17:11:11.0,-0.3476661145687103,3.5936453342437744,0.8469695448875427
2025-07-07,17:11:11.0,-0.23450420796871185,3.5804543495178223,1.0969797372817993
2025-07-07,17:11:11.0,-0.23723100125789642,3.6017074584960938,1.1741950511932373
2025-07-07,17:11:11.0,-0.3599366843700409,3.6299736499786377,1.197560429573059
2025-07-07,17:11:11.0,-0.36402687430381775,3.567702054977417,1.4887285232543945
2025-07-07,17:11:11.0,-0.3517563045024872,3.5016167163848877,1.3011372089385986
2025-07-07,17:11:11.0,-0.23723100125789642,3.5057036876678467,1.435643196105957
2025-07-07,17:11:11.0,-0.239957794547081,3.5396649837493896,1.4675168991088867
2025-07-07,17:11:11.0,-0.48536917567253113,3.5310821533203125,1.540520191192627
2025-07-07,17:11:11.0,-0.23450420796871185,3.6508214473724365,0.8333780765533447
2025-07-07,17:11:11.0,-0.11861550062894821,3.6690824031829834,0.9649212956428528
2025-07-07,17:11:11.0,-0.239957794547081,3.703784704208374,0.9822497367858887
2025-07-07,17:11:11.0,-0.36402687430381775,3.632178783416748,1.323664665222168
2025-07-07,17:11:11.3,-0.3476661145687103,3.5861916542053223,0.8779940605163574
2025-07-07,17:11:11.3,-0.23450420796871185,3.5882086753845215,1.0713430643081665
2025-07-07,17:11:11.3,-0.23723100125789642,3.5961689949035645,1.191049337387085
2025-07-07,17:11:11.3,-0.1199788972735405,3.587078332901001,1.3634108304977417
2025-07-07,17:11:11.3,-0.239957794547081,7.162205696105957,-2.758058786392212
2025-07-07,17:11:11.3,-0.3517563045024872,3.514251708984375,1.266614317893982
2025-07-07,17:11:11.3,-0.23723100125789642,3.495523691177368,1.4602549076080322
2025-07-07,17:11:11.3,-0.239957794547081,3.5004124641418457,1.5588288307189941
2025-07-07,17:11:11.3,-0.23450420796871185,3.6529951095581055,0.8237981796264648
2025-07-07,17:11:11.3,-0.11861550062894821,3.658041477203369,1.0059683322906494
2025-07-07,17:11:11.3,-0.239957794547081,3.6822192668914795,1.0602338314056396
2025-07-07,17:11:11.3,-0.24268458783626556,3.638042688369751,1.335318684577942
2025-07-07,17:11:11.7,-0.3476661145687103,3.6000208854675293,0.8194481134414673
2025-07-07,17:11:11.7,-0.23450420796871185,3.5884146690368652,1.070652961730957
2025-07-07,17:11:11.7,-0.11861550062894821,3.5872490406036377,1.2348614931106567
2025-07-07,17:11:11.7,-0.239957794547081,3.6000349521636963,1.3124723434448242
2025-07-07,17:11:11.7,-0.3517563045024872,3.502080202102661,1.2998884916305542
2025-07-07,17:11:11.7,-0.23723100125789642,3.504520893096924,1.438528299331665
2025-07-07,17:11:11.7,-0.239957794547081,3.502794027328491,1.5534696578979492
2025-07-07,17:11:11.7,-0.038175102323293686,0.07718796283006668,0.014090077951550484
2025-07-07,17:11:11.7,-0.23450420796871185,3.6555025577545166,0.8125996589660645
2025-07-07,17:11:11.7,-0.11861550062894821,3.66033935546875,0.9975743293762207
2025-07-07,17:11:11.7,-0.239957794547081,3.6780009269714355,1.074776291847229
2025-07-07,17:11:11.7,-0.24268458783626556,3.621825933456421,1.3786981105804443
2025-07-07,17:11:12.0,-0.3476661145687103,3.5984323024749756,0.8263962864875793
2025-07-07,17:11:12.0,-0.23450420796871185,3.5784757137298584,1.1034165620803833
2025-07-07,17:11:12.0,-0.23723100125789642,3.604499101638794,1.1655973196029663
2025-07-07,17:11:12.0,-0.3599366843700409,3.6373484134674072,1.1749712228775024
2025-07-07,17:11:12.0,-0.36402687430381775,3.6110546588897705,1.3802517652511597
2025-07-07,17:11:12.0,0.0,5.318028926849365,-0.22294558584690094
2025-07-07,17:11:12.0,-0.3517563045024872,3.511227607727051,1.2749736309051514
2025-07-07,17:11:12.0,-0.23723100125789642,3.5190486907958984,1.4026141166687012
2025-07-07,17:11:12.0,-0.3599366843700409,3.5495386123657227,1.4183216094970703
2025-07-07,17:11:12.0,-0.48536917567253113,3.496454954147339,1.6175744533538818
2025-07-07,17:11:12.0,-0.038175102323293686,0.07721494883298874,0.013941445387899876
2025-07-07,17:11:12.0,-0.23450420796871185,3.6409711837768555,0.8754114508628845
2025-07-07,17:11:12.0,-0.23723100125789642,3.6681056022644043,0.9465892910957336
2025-07-07,17:11:12.0,-0.239957794547081,3.696432590484619,1.009564995765686
2025-07-07,17:11:12.0,-0.24268458783626556,3.6567037105560303,1.2833346128463745
2025-07-07,17:11:12.3,-0.23450420796871185,3.5804810523986816,1.0968923568725586
2025-07-07,17:11:12.3,-0.23723100125789642,3.5892326831817627,1.2117918729782104
2025-07-07,17:11:12.3,-0.3599366843700409,3.6071090698242188,1.2647624015808105
2025-07-07,17:11:12.3,-0.36402687430381775,3.5279667377471924,1.5805890560150146
2025-07-07,17:11:12.3,-0.3517563045024872,3.492518186569214,1.325365662574768
2025-07-07,17:11:12.3,-0.23723100125789642,3.493040084838867,1.4661859273910522
2025-07-07,17:11:12.3,-0.239957794547081,3.507934093475342,1.54182767868042
2025-07-07,17:11:12.3,-0.23450420796871185,3.6523003578186035,0.826873242855072
2025-07-07,17:11:12.3,-0.11861550062894821,3.659682273864746,0.9999825358390808
2025-07-07,17:11:12.3,-0.239957794547081,3.688035249710083,1.0398223400115967
2025-07-07,17:11:12.3,-0.36402687430381775,3.6052191257476807,1.3954235315322876
2025-07-07,17:11:12.7,-0.3476661145687103,3.597046136856079,0.8324087262153625
2025-07-07,17:11:12.7,-0.23450420796871185,3.5890755653381348,1.0684345960617065
2025-07-07,17:11:12.7,-0.23723100125789642,3.5979654788970947,1.185611605644226
2025-07-07,17:11:12.7,-0.1199788972735405,3.5900261402130127,1.3556299209594727
2025-07-07,17:11:12.7,-0.3517563045024872,3.523289203643799,1.2412536144256592
2025-07-07,17:11:12.7,-0.23723100125789642,3.510235071182251,1.4245280027389526
2025-07-07,17:11:12.7,-0.239957794547081,3.513211727142334,1.5297636985778809
2025-07-07,17:11:12.7,-0.23450420796871185,3.661099672317505,0.7869985699653625
2025-07-07,17:11:12.7,-0.11861550062894821,3.670093297958374,0.9610692858695984
2025-07-07,17:11:12.7,-0.239957794547081,3.679159164428711,1.0708043575286865
2025-07-07,17:11:12.7,-0.24268458783626556,3.5659704208374023,1.5173283815383911
2025-07-07,17:11:13.0,-0.3476661145687103,3.571361780166626,0.9364932775497437
2025-07-07,17:11:13.0,-0.23450420796871185,3.5785627365112305,1.1031343936920166
2025-07-07,17:11:13.0,-0.23723100125789642,3.590989828109741,1.2065746784210205
2025-07-07,17:11:13.0,-0.1199788972735405,3.5822579860687256,1.3760260343551636
2025-07-07,17:11:13.0,-0.3599366843700409,3.595062255859375,1.298609972000122
2025-07-07,17:11:13.0,-0.36402687430381775,3.512258529663086,1.6151936054229736
2025-07-07,17:11:13.0,-0.3517563045024872,3.508312463760376,1.282973051071167
2025-07-07,17:11:13.0,-0.23723100125789642,3.4849185943603516,1.4853864908218384
2025-07-07,17:11:13.0,-0.239957794547081,3.479123115539551,1.6057825088500977
2025-07-07,17:11:13.0,-0.23450420796871185,3.6569907665252686,0.8058757781982422
2025-07-07,17:11:13.0,-0.11861550062894821,3.6680686473846436,0.9687678217887878
2025-07-07,17:11:13.0,-0.239957794547081,3.676337242126465,1.0804535150527954
2025-07-07,17:11:13.0,-0.24268458783626556,3.5867857933044434,1.4674464464187622
2025-07-07,17:11:13.3,-0.3476661145687103,3.57820463180542,0.9099980592727661
2025-07-07,17:11:13.3,-0.23450420796871185,3.577705144882202,1.105912446975708
2025-07-07,17:11:13.3,-0.23723100125789642,3.5903208255767822,1.2085638046264648
2025-07-07,17:11:13.3,-0.3599366843700409,3.596318244934082,1.2951273918151855
2025-07-07,17:11:13.3,-0.36402687430381775,3.5287234783172607,1.5788986682891846
2025-07-07,17:11:13.3,-0.3517563045024872,3.49879789352417,1.3086978197097778
2025-07-07,17:11:13.3,-0.23723100125789642,3.4891178607940674,1.475495457649231
2025-07-07,17:11:13.3,-0.239957794547081,3.485293388366699,1.5923455953598022
2025-07-07,17:11:13.3,-0.23450420796871185,3.654994249343872,0.8148828148841858
2025-07-07,17:11:13.3,-0.11861550062894821,3.6605238914489746,0.9968966245651245
2025-07-07,17:11:13.3,-0.239957794547081,3.691497325897217,1.0274639129638672
2025-07-07,17:11:13.3,-0.24268458783626556,3.6707003116607666,1.2427347898483276
2025-07-07,17:11:13.7,-0.3476661145687103,3.620640993118286,0.7229135632514954
2025-07-07,17:11:13.7,-0.23450420796871185,3.58573842048645,1.079581618309021
2025-07-07,17:11:13.7,-0.23723100125789642,3.5904922485351562,1.208054542541504
2025-07-07,17:11:13.7,-0.239957794547081,3.604370594024658,1.30051851272583
2025-07-07,17:11:13.7,-0.36402687430381775,3.5598840713500977,1.5073271989822388
2025-07-07,17:11:13.7,-1.2543247938156128,3.734860420227051,0.7670663595199585
2025-07-07,17:11:13.7,-0.3517563045024872,3.5051615238189697,1.2915573120117188
2025-07-07,17:11:13.7,-0.23723100125789642,3.5056419372558594,1.4357942342758179
2025-07-07,17:11:13.7,-0.239957794547081,3.5068905353546143,1.5441999435424805
2025-07-07,17:11:13.7,-0.23450420796871185,3.649510383605957,0.8391016125679016
2025-07-07,17:11:13.7,-0.11861550062894821,3.656452178955078,1.0117294788360596
2025-07-07,17:11:13.7,-0.239957794547081,3.6872947216033936,1.042445182800293
2025-07-07,17:11:13.7,-0.24268458783626556,3.631923198699951,1.351874828338623
2025-07-07,17:11:14.0,-0.3476661145687103,3.6093857288360596,0.7771612405776978
2025-07-07,17:11:14.0,-0.3517563045024872,3.595500946044922,1.013237476348877
2025-07-07,17:11:14.0,-0.23723100125789642,3.6029770374298096,1.1702934503555298
2025-07-07,17:11:14.0,-0.239957794547081,3.618899345397949,1.259524941444397
2025-07-07,17:11:14.0,-0.36402687430381775,3.5895192623138428,1.4353264570236206
2025-07-07,17:11:14.0,-0.3517563045024872,3.5173120498657227,1.2580910921096802
2025-07-07,17:11:14.0,-0.35584649443626404,3.51395320892334,1.3902565240859985
2025-07-07,17:11:14.0,-0.3599366843700409,3.5290675163269043,1.4685171842575073
2025-07-07,17:11:14.0,-0.23450420796871185,3.6513471603393555,0.8310721516609192
2025-07-07,17:11:14.0,-0.23723100125789642,3.6706435680389404,0.9366995096206665
2025-07-07,17:11:14.0,-0.239957794547081,3.6985180377960205,1.0018978118896484
2025-07-07,17:11:14.0,-0.36402687430381775,3.68676495552063,1.1630027294158936
2025-07-07,17:11:14.3,-0.3476661145687103,3.5662896633148193,0.9556273818016052
2025-07-07,17:11:14.3,-0.23450420796871185,3.579401731491089,1.1004092693328857
2025-07-07,17:11:14.3,-0.23723100125789642,3.603003978729248,1.1702107191085815
2025-07-07,17:11:14.3,-0.239957794547081,3.6225099563598633,1.249101996421814
2025-07-07,17:11:14.3,-0.36402687430381775,3.5914485454559326,1.4304920434951782
2025-07-07,17:11:14.3,-0.3517563045024872,3.495431661605835,1.3176623582839966
2025-07-07,17:11:14.3,-0.11725210398435593,3.474367618560791,1.4117475748062134
2025-07-07,17:11:14.3,-0.23723100125789642,3.5106983184814453,1.4233859777450562
2025-07-07,17:11:14.3,-0.239957794547081,3.532501697540283,1.4846771955490112
2025-07-07,17:11:14.3,-0.48536917567253113,3.5125091075897217,1.5824105739593506
2025-07-07,17:11:14.3,-0.038175102323293686,0.07719466090202332,0.014053338207304478
2025-07-07,17:11:14.3,-0.3476661145687103,3.629488706588745,0.677094578742981
2025-07-07,17:11:14.3,-0.23450420796871185,3.6504838466644287,0.8348563313484192
2025-07-07,17:11:14.3,-0.23723100125789642,3.669825792312622,0.9398984909057617
2025-07-07,17:11:14.3,-0.239957794547081,3.6957390308380127,1.0121009349822998
2025-07-07,17:11:14.3,-0.24268458783626556,3.6663818359375,1.2554185390472412
2025-07-07,17:11:14.7,-0.23177741467952728,3.5662524700164795,0.9902727603912354
2025-07-07,17:11:14.7,-0.23450420796871185,3.576592445373535,1.1095057725906372
2025-07-07,17:11:14.7,-0.23723100125789642,3.591848134994507,1.204016923904419
2025-07-07,17:11:14.7,-0.239957794547081,3.603445053100586,1.3030807971954346
2025-07-07,17:11:14.7,-0.36402687430381775,3.534756898880005,1.5653448104858398
2025-07-07,17:11:14.7,-0.3517563045024872,3.509824275970459,1.2788318395614624
2025-07-07,17:11:14.7,-0.23723100125789642,3.4982950687408447,1.4536035060882568
2025-07-07,17:11:14.7,-0.239957794547081,3.502309799194336,1.5545611381530762
2025-07-07,17:11:14.7,-0.038175102323293686,0.07713105529546738,0.014398348517715931
2025-07-07,17:11:14.7,-0.23177741467952728,3.6276471614837646,0.7341476678848267
2025-07-07,17:11:14.7,-0.23450420796871185,3.6457111835479736,0.8554575443267822
2025-07-07,17:11:14.7,-0.11861550062894821,3.659513235092163,1.0006006956100464
2025-07-07,17:11:14.7,-0.239957794547081,3.6852688789367676,1.0495846271514893
2025-07-07,17:11:14.7,-0.24268458783626556,3.652684450149536,1.2947301864624023
2025-07-07,17:11:15.0,-0.46355482935905457,3.5701005458831787,0.8899530172348022
2025-07-07,17:11:15.0,-0.23177741467952728,3.562281847000122,1.004461646080017
2025-07-07,17:11:15.0,-0.23450420796871185,3.5794262886047363,1.1003291606903076
2025-07-07,17:11:15.0,-0.23723100125789642,3.595285177230835,1.19371497631073
2025-07-07,17:11:15.0,-0.239957794547081,3.6187658309936523,1.2599079608917236
2025-07-07,17:11:15.0,-0.36402687430381775,3.5930492877960205,1.4264670610427856
2025-07-07,17:11:15.0,-0.23450420796871185,3.4892935752868652,1.3593556880950928
2025-07-07,17:11:15.0,-0.23723100125789642,3.5045809745788574,1.4383821487426758
2025-07-07,17:11:15.0,-0.239957794547081,3.5169475078582764,1.5211559534072876
2025-07-07,17:11:15.0,-0.23450420796871185,3.6403489112854004,0.8779954314231873
2025-07-07,17:11:15.0,-0.11861550062894821,3.6574769020080566,1.0080187320709229
2025-07-07,17:11:15.0,-0.239957794547081,3.698974609375,1.0002108812332153
2025-07-07,17:11:15.0,-0.24268458783626556,3.640465021133423,1.3287004232406616
2025-07-07,17:11:15.3,-0.23177741467952728,3.5963923931121826,0.8745043277740479
2025-07-07,17:11:15.3,-0.23450420796871185,3.593566656112671,1.053231120109558
2025-07-07,17:11:15.3,-0.23723100125789642,3.6139323711395264,1.1360117197036743
2025-07-07,17:11:15.3,-0.239957794547081,3.633000135421753,1.2182550430297852
2025-07-07,17:11:15.3,-0.36402687430381775,3.5458850860595703,1.5399707555770874
2025-07-07,17:11:15.3,-0.3476661145687103,3.5334408283233643,1.0707197189331055
2025-07-07,17:11:15.3,-0.23450420796871185,3.503632068634033,1.321960210800171
2025-07-07,17:11:15.3,-0.23723100125789642,3.5238711833953857,1.3904544115066528
2025-07-07,17:11:15.3,-0.239957794547081,3.5390193462371826,1.4690736532211304
2025-07-07,17:11:15.3,-0.11725210398435593,3.6494104862213135,0.8637499809265137
2025-07-07,17:11:15.3,-0.11861550062894821,3.671630382537842,0.9551803469657898
2025-07-07,17:11:15.3,-0.239957794547081,3.705679416656494,0.9750771522521973
2025-07-07,17:11:15.3,-0.24268458783626556,3.649954319000244,1.3024070262908936
2025-07-07,17:11:15.7,-0.3476661145687103,3.5976476669311523,0.8298046588897705
2025-07-07,17:11:15.7,-0.23450420796871185,3.5912303924560547,1.0611698627471924
2025-07-07,17:11:15.7,-0.23723100125789642,3.5989625453948975,1.1825816631317139
2025-07-07,17:11:15.7,-0.239957794547081,3.602376699447632,1.3060308694839478
2025-07-07,17:11:15.7,-0.36402687430381775,3.5261125564575195,1.5847212076187134
2025-07-07,17:11:15.7,-0.23450420796871185,3.4992473125457764,1.3335235118865967
2025-07-07,17:11:15.7,-0.23723100125789642,3.5023887157440186,1.4437116384506226
2025-07-07,17:11:15.7,-0.239957794547081,3.489828109741211,1.582382321357727
2025-07-07,17:11:15.7,-0.23177741467952728,3.6720447540283203,0.46355482935905457
2025-07-07,17:11:15.7,-0.23450420796871185,3.662713050842285,0.7794554233551025
2025-07-07,17:11:15.7,-0.11861550062894821,3.6609323024749756,0.9953965544700623
2025-07-07,17:11:15.7,-0.239957794547081,3.6791088581085205,1.0709773302078247
2025-07-07,17:11:15.7,-0.12134229391813278,3.5797481536865234,1.4993354082107544
2025-07-07,17:11:16.0,-0.23177741467952728,3.600341796875,0.8581001162528992
2025-07-07,17:11:16.0,-0.23450420796871185,3.595001459121704,1.0483235120773315
2025-07-07,17:11:16.0,-0.23723100125789642,3.608964443206787,1.151697039604187
2025-07-07,17:11:16.0,6.08161349177536e+27,6.761202952688243e+30,-6.416751769384264e+34
2025-07-07,17:11:16.0,1.8654085157091965e-41,4.663521289272991e-41,7.784773488710089e-41
2025-07-07,17:11:16.0,2.36713194021329e-38,2.3611055160376145e-38,-1.020000937154353e+31
2025-07-07,17:11:16.0,-1.671270749411304e+35,-1.671270749411304e+35,-1.560506188731715e+26
2025-07-07,17:11:16.0,7.533660803903082e-41,9.457336430797675e-38,7.20267410662956e-43
2025-07-07,17:11:16.0,8.479692041873932e-06,1.01880919228416e+16,-3.176457577871994e-14
2025-07-07,17:11:16.0,-146956480.0,152943969959936.0,4.715067527316978e-19
2025-07-07,17:11:16.0,-1.10220124379614e+31,-1.75181547739293e-27,2.931365885939687e-20
2025-07-07,17:11:16.0,37844068335616.0,4.13198432517275e-34,-0.5350499749183655
2025-07-07,17:11:16.0,7.969681803388085e-09,-1.762960550484211e-24,-2.9587734350319567e-17
2025-07-07,17:11:16.4,-0.3476661145687103,3.5897278785705566,0.8634226322174072
2025-07-07,17:11:16.4,-0.23450420796871185,3.588728666305542,1.0695997476577759
2025-07-07,17:11:16.4,-0.35584649443626404,3.6016664505004883,1.1439756155014038
2025-07-07,17:11:16.4,-0.3599366843700409,3.608755111694336,1.260058045387268
2025-07-07,17:11:16.4,-0.48536917567253113,3.5375986099243164,1.525496244430542
2025-07-07,17:11:16.4,-0.3517563045024872,3.51806378364563,1.255987286567688
2025-07-07,17:11:16.4,-0.23723100125789642,3.501591682434082,1.4456439018249512
2025-07-07,17:11:16.4,-0.3599366843700409,3.5033621788024902,1.528827428817749
2025-07-07,17:11:16.4,-0.23450420796871185,3.6575896739959717,0.803152322769165
2025-07-07,17:11:16.4,-0.23723100125789642,3.668257236480713,0.9460017681121826
2025-07-07,17:11:16.4,-0.239957794547081,3.6879165172576904,1.0402430295944214
2025-07-07,17:11:16.7,-0.3476661145687103,3.567866802215576,0.9497212767601013
2025-07-07,17:11:16.7,-0.23450420796871185,3.5773816108703613,1.1069583892822266
2025-07-07,17:11:16.7,-0.23723100125789642,3.5941898822784424,1.1970083713531494
2025-07-07,17:11:16.7,-0.3599366843700409,3.616527557373047,1.2375737428665161
2025-07-07,17:11:16.7,-0.36402687430381775,3.6006662845611572,1.4071297645568848
2025-07-07,17:11:16.7,-0.23450420796871185,3.5033321380615234,1.3227547407150269
2025-07-07,17:11:16.7,-0.23723100125789642,3.5055465698242188,1.4360270500183105
2025-07-07,17:11:16.7,-0.3599366843700409,3.528029441833496,1.4710091352462769
2025-07-07,17:11:16.7,-0.11725210398435593,3.6236982345581055,0.9659568071365356
2025-07-07,17:11:16.7,-0.3517563045024872,3.648347854614258,0.8023931384086609
2025-07-07,17:11:16.7,-0.23723100125789642,3.6648340225219727,0.9591779112815857
2025-07-07,17:11:16.7,-0.239957794547081,3.6926817893981934,1.0231988430023193
2025-07-07,17:11:16.7,-0.48536917567253113,3.721245765686035,0.9970319271087646
2025-07-07,17:11:17.0,-0.3476661145687103,3.594146490097046,0.8448407649993896
2025-07-07,17:11:17.0,-0.3517563045024872,3.596078872680664,1.0111846923828125
2025-07-07,17:11:17.0,-0.23723100125789642,3.605947732925415,1.1611076593399048
2025-07-07,17:11:17.0,-0.239957794547081,3.635417938232422,1.211020588874817
2025-07-07,17:11:17.0,-0.36402687430381775,3.6712489128112793,1.2110909223556519
2025-07-07,17:11:17.0,-0.23450420796871185,3.5021281242370605,1.3259392976760864
2025-07-07,17:11:17.0,-0.23723100125789642,3.5149145126342773,1.4129424095153809
2025-07-07,17:11:17.0,-0.3599366843700409,3.558468818664551,1.3957651853561401
2025-07-07,17:11:17.0,-0.23450420796871185,3.6618313789367676,0.7835867404937744
2025-07-07,17:11:17.0,-0.23723100125789642,3.6824426651000977,0.889182448387146
2025-07-07,17:11:17.0,-0.239957794547081,3.7091221809387207,0.9618974924087524
2025-07-07,17:11:17.3,-0.23450420796871185,3.580448627471924,1.0969982147216797
2025-07-07,17:11:17.3,-0.23723100125789642,3.6044559478759766,1.165730595588684
2025-07-07,17:11:17.3,-0.3599366843700409,3.6322364807128906,1.1906794309616089
2025-07-07,17:11:17.3,-0.36402687430381775,3.6076819896698,1.3890432119369507
2025-07-07,17:11:17.3,-1.1288923025131226,3.846158504486084,0.20874068140983582
2025-07-07,17:11:17.3,-0.3517563045024872,3.495354652404785,1.3178671598434448
2025-07-07,17:11:17.3,-0.23723100125789642,3.508281707763672,1.4293320178985596
2025-07-07,17:11:17.3,-0.239957794547081,3.533440351486206,1.482441782951355
2025-07-07,17:11:17.3,-1.1288923025131226,3.7919623851776123,0.6764079928398132
2025-07-07,17:11:17.3,-0.23450420796871185,3.651878595352173,0.8287333846092224
2025-07-07,17:11:17.3,-0.11861550062894821,3.6716809272766113,0.9549863338470459
2025-07-07,17:11:17.3,-0.239957794547081,3.7082362174987793,0.9653071165084839
2025-07-07,17:11:17.3,-0.24268458783626556,3.7093610763549805,1.1220836639404297
2025-07-07,17:11:17.7,-0.23177741467952728,3.55743145942688,1.0215075016021729
2025-07-07,17:11:17.7,-0.23450420796871185,3.5749428272247314,1.1148096323013306
2025-07-07,17:11:17.7,-0.23723100125789642,3.594447135925293,1.19623601436615
2025-07-07,17:11:17.7,-0.239957794547081,3.614522933959961,1.2720293998718262
2025-07-07,17:11:17.7,-0.48536917567253113,3.6273632049560547,1.2976821660995483
2025-07-07,17:11:17.7,-1.2543247938156128,3.7476704120635986,0.7018114924430847
2025-07-07,17:11:17.7,-0.23450420796871185,3.4703452587127686,1.4070252180099487
2025-07-07,17:11:17.7,-0.35584649443626404,3.512301445007324,1.3944249153137207
2025-07-07,17:11:17.7,-0.11861550062894821,3.4836318492889404,1.502514123916626
2025-07-07,17:11:17.7,-0.3599366843700409,3.5342495441436768,1.45600163936615
2025-07-07,17:11:17.7,-0.48536917567253113,3.4915549755096436,1.6281237602233887
2025-07-07,17:11:17.7,-0.038175102323293686,0.07707773149013519,0.014681092463433743
2025-07-07,17:11:17.7,-0.23450420796871185,3.6437747478485107,0.8636679649353027
2025-07-07,17:11:17.7,-0.11861550062894821,3.6611664295196533,0.9945341944694519
2025-07-07,17:11:17.7,-0.239957794547081,3.6953091621398926,1.0136685371398926
2025-07-07,17:11:18.1,-0.3476661145687103,3.6374619007110596,0.6328638195991516
2025-07-07,17:11:18.1,-0.3517563045024872,3.603640556335449,0.9838963747024536
2025-07-07,17:11:18.1,-0.23723100125789642,3.6125564575195312,1.1403800249099731
2025-07-07,17:11:18.1,-0.239957794547081,3.6398260593414307,1.1977063417434692
2025-07-07,17:11:18.1,-0.36402687430381775,3.618098497390747,1.3616803884506226
2025-07-07,17:11:18.1,-0.3517563045024872,3.5291059017181396,1.2246179580688477
2025-07-07,17:11:18.1,-0.35584649443626404,3.5218210220336914,1.3702033758163452
2025-07-07,17:11:18.1,-0.239957794547081,3.5276401042938232,1.4961920976638794
2025-07-07,17:11:18.1,-0.038175102323293686,0.07717431336641312,0.014164638705551624
2025-07-07,17:11:18.1,-0.3476661145687103,3.6642069816589355,0.45302486419677734
2025-07-07,17:11:18.1,-0.23450420796871185,3.6654911041259766,0.7662850618362427
2025-07-07,17:11:18.1,-0.23723100125789642,3.6870884895324707,0.8697180151939392
2025-07-07,17:11:18.1,-0.239957794547081,3.7186899185180664,0.924219012260437
2025-07-07,17:11:18.1,-0.24268458783626556,3.7146661281585693,1.1043939590454102
2025-07-07,17:11:18.3,-0.23177741467952728,3.578423500061035,0.9453473687171936
2025-07-07,17:11:18.3,-0.23450420796871185,3.5876576900482178,1.0731863975524902
2025-07-07,17:11:18.3,-0.23723100125789642,3.6066956520080566,1.1587823629379272
2025-07-07,17:11:18.3,-0.239957794547081,3.6404809951782227,1.1957141160964966
2025-07-07,17:11:18.3,-0.36402687430381775,3.661315441131592,1.240797758102417
2025-07-07,17:11:18.3,-0.23450420796871185,3.5002894401550293,1.3307857513427734
2025-07-07,17:11:18.3,-0.23723100125789642,3.5165727138519287,1.4088104963302612
2025-07-07,17:11:18.3,-0.239957794547081,3.5399982929229736,1.4667128324508667
2025-07-07,17:11:18.3,-0.24268458783626556,3.551875114440918,1.5500366687774658
2025-07-07,17:11:18.3,-0.23450420796871185,3.6535842418670654,0.8211808800697327
2025-07-07,17:11:18.3,-0.11861550062894821,3.6700756549835205,0.9611366987228394
2025-07-07,17:11:18.3,-0.239957794547081,3.707958459854126,0.966373860836029
2025-07-07,17:11:18.7,-0.3476661145687103,3.547300338745117,1.0238678455352783
2025-07-07,17:11:18.7,-0.3517563045024872,3.567868947982788,1.1066107749938965
2025-07-07,17:11:18.7,-0.23723100125789642,3.5951592922210693,1.194093942642212
2025-07-07,17:11:18.7,-0.239957794547081,3.621133804321289,1.253085732460022
2025-07-07,17:11:18.7,-0.24268458783626556,3.6045727729797363,1.4231956005096436
2025-07-07,17:11:18.7,-0.3517563045024872,3.485257863998413,1.3443418741226196
2025-07-07,17:11:18.7,-0.35584649443626404,3.5094194412231445,1.4016621112823486
2025-07-07,17:11:18.7,-0.239957794547081,3.5330848693847656,1.4832886457443237
2025-07-07,17:11:18.7,-0.3517563045024872,3.6359498500823975,0.8568227291107178
2025-07-07,17:11:18.7,-0.23723100125789642,3.671266794204712,0.9342536926269531
2025-07-07,17:11:18.7,-0.239957794547081,3.7070014476776123,0.9700385332107544
2025-07-07,17:11:18.7,-0.36402687430381775,3.7125792503356934,1.077760100364685
2025-07-07,17:11:19.0,-0.3517563045024872,3.5792737007141113,1.0691475868225098
2025-07-07,17:11:19.0,-0.23723100125789642,3.5964596271514893,1.190171241760254
2025-07-07,17:11:19.0,-0.239957794547081,3.608473300933838,1.289090871810913
2025-07-07,17:11:19.0,-0.36402687430381775,3.5501179695129395,1.5301874876022339
2025-07-07,17:11:19.0,-0.23450420796871185,3.4906113147735596,1.3559681177139282
2025-07-07,17:11:19.0,-0.35584649443626404,3.4984548091888428,1.428809404373169
2025-07-07,17:11:19.0,-0.239957794547081,3.511552333831787,1.5335693359375
2025-07-07,17:11:19.0,-0.23450420796871185,3.6431498527526855,0.8663000464439392
2025-07-07,17:11:19.0,-0.23723100125789642,3.664857864379883,0.959086537361145
2025-07-07,17:11:19.0,-0.239957794547081,3.6954128742218018,1.0132910013198853
2025-07-07,17:11:19.0,-0.36402687430381775,3.6633660793304443,1.234730839729309
2025-07-07,17:11:19.3,-0.3476661145687103,3.6024200916290283,0.8088347315788269
2025-07-07,17:11:19.3,-0.3517563045024872,3.5930604934692383,1.0218579769134521
2025-07-07,17:11:19.3,-0.23723100125789642,3.6064319610595703,1.1596027612686157
2025-07-07,17:11:19.3,-0.239957794547081,3.6167685985565186,1.2656300067901611
2025-07-07,17:11:19.3,-0.36402687430381775,3.575670003890991,1.4694879055023193
2025-07-07,17:11:19.3,0.0,5.321869373321533,-0.09402934461832047
2025-07-07,17:11:19.3,-0.3517563045024872,3.5089664459228516,1.2811832427978516
2025-07-07,17:11:19.3,-0.23723100125789642,3.5105741024017334,1.4236923456192017
2025-07-07,17:11:19.3,-0.239957794547081,3.512624502182007,1.5311119556427002
2025-07-07,17:11:19.3,-0.23450420796871185,3.6668128967285156,0.7599345445632935
2025-07-07,17:11:19.3,-0.23723100125789642,3.6839759349823,0.8828088641166687
2025-07-07,17:11:19.3,-0.239957794547081,3.703399181365967,0.9837016463279724
2025-07-07,17:11:19.3,-0.24268458783626556,3.6733837127685547,1.234780192375183
2025-07-07,17:11:19.7,-0.3517563045024872,3.563398838043213,1.1209217309951782
2025-07-07,17:11:19.7,-0.23723100125789642,3.5903687477111816,1.2084213495254517
2025-07-07,17:11:19.7,-0.239957794547081,3.60756516456604,1.2916302680969238
2025-07-07,17:11:19.7,-0.36402687430381775,3.589193820953369,1.4361401796340942
2025-07-07,17:11:19.7,-0.3517563045024872,3.4911680221557617,1.3289180994033813
2025-07-07,17:11:19.7,-0.35584649443626404,3.486992597579956,1.456559181213379
2025-07-07,17:11:19.7,-0.239957794547081,3.5039546489715576,1.5508500337600708
2025-07-07,17:11:19.7,-0.3517563045024872,3.6337316036224365,0.8661817908287048
2025-07-07,17:11:19.7,-0.23723100125789642,3.6616644859313965,0.9712069630622864
2025-07-07,17:11:19.7,-0.239957794547081,3.692718982696533,1.0230642557144165
2025-07-07,17:11:19.7,-0.36402687430381775,3.7159626483917236,1.0660353899002075
2025-07-07,17:11:20.0,-0.23177741467952728,3.574636220932007,0.9595687389373779
2025-07-07,17:11:20.0,-0.23450420796871185,3.587075710296631,1.0751302242279053
2025-07-07,17:11:20.0,-0.23723100125789642,3.6016716957092285,1.174304723739624
2025-07-07,17:11:20.0,-0.239957794547081,3.6149652004241943,1.2707715034484863
2025-07-07,17:11:20.0,-0.36402687430381775,3.5970916748046875,1.4162421226501465
2025-07-07,17:11:20.0,-0.3517563045024872,3.494098424911499,1.3211939334869385
2025-07-07,17:11:20.0,-0.23723100125789642,3.5054190158843994,1.4363383054733276
2025-07-07,17:11:20.0,-0.239957794547081,3.5241830348968506,1.5043165683746338
2025-07-07,17:11:20.0,-0.23450420796871185,3.6606876850128174,0.788912296295166
2025-07-07,17:11:20.0,-0.11861550062894821,3.669992685317993,0.9614534378051758
2025-07-07,17:11:20.0,-0.239957794547081,3.688197612762451,1.0392460823059082
2025-07-07,17:11:20.7,-0.3476661145687103,3.6007113456726074,0.8164088129997253
2025-07-07,17:11:20.7,-0.11725210398435593,3.5799574851989746,1.117213487625122
2025-07-07,17:11:20.7,-0.11861550062894821,3.5991926193237305,1.1996046304702759
2025-07-07,17:11:20.7,-0.239957794547081,3.6306445598602295,1.2252568006515503
2025-07-07,17:11:20.7,-0.36402687430381775,3.589886426925659,1.4344079494476318
2025-07-07,17:11:20.7,-0.3476661145687103,3.5837743282318115,0.8878096342086792
2025-07-07,17:11:20.7,-0.23450420796871185,3.5310282707214355,1.246938705444336
2025-07-07,17:11:20.7,-0.23723100125789642,3.532625198364258,1.3680604696273804
2025-07-07,17:11:20.7,-0.3599366843700409,3.5693588256835938,1.36767578125
2025-07-07,17:11:20.7,-0.36402687430381775,3.506342887878418,1.6279956102371216
2025-07-07,17:11:20.7,-0.038175102323293686,0.07722827792167664,0.013867383822798729
2025-07-07,17:11:20.7,-0.23450420796871185,3.6502935886383057,0.835686981678009
2025-07-07,17:11:20.7,-0.23723100125789642,3.683232069015503,0.885906994342804
2025-07-07,17:11:20.7,-0.239957794547081,3.7032718658447266,0.9841805100440979
2025-07-07,17:11:20.7,-0.24268458783626556,3.640897512435913,1.3275151252746582
2025-07-07,17:11:21.0,-0.3476661145687103,3.5984323024749756,0.8263962864875793
2025-07-07,17:11:21.0,-0.23450420796871185,3.575503349304199,1.1130106449127197
2025-07-07,17:11:21.0,-0.23723100125789642,3.583958625793457,1.2273023128509521
2025-07-07,17:11:21.0,-0.3599366843700409,3.5919175148010254,1.3072829246520996
2025-07-07,17:11:21.0,-0.3517563045024872,3.4973771572113037,1.312489628791809
2025-07-07,17:11:21.0,-0.23723100125789642,3.483339786529541,1.48908531665802
2025-07-07,17:11:21.0,-0.3599366843700409,3.4787325859069824,1.5840705633163452
2025-07-07,17:11:21.0,-0.23450420796871185,3.6483142375946045,0.8442875146865845
2025-07-07,17:11:21.0,-0.23723100125789642,3.661989688873291,0.9699809551239014
2025-07-07,17:11:21.0,-0.239957794547081,3.67630934715271,1.0805479288101196
2025-07-07,17:11:21.0,-0.24268458783626556,3.606818199157715,1.417495608329773
2025-07-07,17:11:21.3,-0.3476661145687103,3.6095407009124756,0.7764414548873901
2025-07-07,17:11:21.3,-0.23450420796871185,3.5834829807281494,1.0870451927185059
2025-07-07,17:11:21.3,-0.23723100125789642,3.5974042415618896,1.1873133182525635
2025-07-07,17:11:21.3,-0.3599366843700409,3.6181719303131104,1.2327581644058228
2025-07-07,17:11:21.3,-0.24268458783626556,3.5178136825561523,1.6258589029312134
2025-07-07,17:11:21.3,-0.23450420796871185,3.50056791305542,1.3300529718399048
2025-07-07,17:11:21.3,-0.23723100125789642,3.5005741119384766,1.4481061697006226
2025-07-07,17:11:21.3,-0.3599366843700409,3.5221993923187256,1.4849146604537964
2025-07-07,17:11:21.3,-0.23450420796871185,3.655041217803955,0.8146722316741943
2025-07-07,17:11:21.3,-0.11861550062894821,3.6667733192443848,0.9736593961715698
2025-07-07,17:11:21.3,-0.239957794547081,3.69341778755188,1.0205389261245728
2025-07-07,17:11:21.3,-0.48536917567253113,3.698618173599243,1.0779454708099365
2025-07-07,17:11:21.7,-0.3476661145687103,3.585338830947876,0.8814709782600403
2025-07-07,17:11:21.7,-0.23450420796871185,3.5720787048339844,1.1239534616470337
2025-07-07,17:11:21.7,-0.23723100125789642,3.5970396995544434,1.1884173154830933
2025-07-07,17:11:21.7,-0.239957794547081,3.612502336502075,1.2777562141418457
2025-07-07,17:11:21.7,-0.36402687430381775,3.5468432903289795,1.5377625226974487
2025-07-07,17:11:21.7,-0.23450420796871185,3.4843127727508545,1.3720717430114746
2025-07-07,17:11:21.7,-0.23723100125789642,3.497504472732544,1.455504298210144
2025-07-07,17:11:21.7,-0.239957794547081,3.504317045211792,1.550031065940857
2025-07-07,17:11:21.7,-0.23450420796871185,3.649600028991699,0.8387109637260437
2025-07-07,17:11:21.7,-0.11861550062894821,3.6705129146575928,0.9594656825065613
2025-07-07,17:11:21.7,-0.1199788972735405,3.6759982109069824,1.1013888120651245
2025-07-07,17:11:21.7,-0.36402687430381775,3.642085313796997,1.2961583137512207
2025-07-07,17:11:22.0,-0.3476661145687103,3.6011335849761963,0.814543604850769
2025-07-07,17:11:22.0,-0.23450420796871185,3.5968072414398193,1.042110800743103
2025-07-07,17:11:22.0,-0.23723100125789642,3.616899013519287,1.126530647277832
2025-07-07,17:11:22.0,-0.3599366843700409,3.6446094512939453,1.1522505283355713
2025-07-07,17:11:22.0,-0.36402687430381775,3.623107671737671,1.3482956886291504
2025-07-07,17:11:22.0,-0.3517563045024872,3.5146658420562744,1.2654646635055542
2025-07-07,17:11:22.0,-0.23723100125789642,3.525050163269043,1.3874622583389282
2025-07-07,17:11:22.0,-0.239957794547081,3.549854278564453,1.442695140838623
2025-07-07,17:11:22.0,-0.48536917567253113,3.5044972896575928,1.6000754833221436
2025-07-07,17:11:22.0,-0.23450420796871185,3.6631431579589844,0.7774308323860168
2025-07-07,17:11:22.0,-0.11861550062894821,3.6796441078186035,0.9238279461860657
2025-07-07,17:11:22.0,-0.239957794547081,3.7143940925598145,0.9413343667984009
2025-07-07,17:11:22.3,-0.3476661145687103,3.588757038116455,0.8674492239952087
2025-07-07,17:11:22.3,-0.23450420796871185,3.5798416137695312,1.0989772081375122
2025-07-07,17:11:22.3,-0.23723100125789642,3.595062732696533,1.1943845748901367
2025-07-07,17:11:22.3,-0.3599366843700409,3.610590934753418,1.254787802696228
2025-07-07,17:11:22.3,-0.36402687430381775,3.5492498874664307,1.5321998596191406
2025-07-07,17:11:22.3,-1.2543247938156128,3.719609260559082,0.8379026055335999
2025-07-07,17:11:22.3,-1.2679587602615356,3.5821938514709473,1.4223971366882324
2025-07-07,17:11:22.3,-0.3517563045024872,3.500537633895874,1.304037094116211
2025-07-07,17:11:22.3,-0.23723100125789642,3.4962759017944336,1.4584527015686035
2025-07-07,17:11:22.3,-0.3599366843700409,3.513658285140991,1.5050134658813477
2025-07-07,17:11:22.3,-0.23450420796871185,3.6567535400390625,0.8069507479667664
2025-07-07,17:11:22.3,-0.11861550062894821,3.664907693862915,0.980657696723938
2025-07-07,17:11:22.3,-0.239957794547081,3.6879847049713135,1.0400018692016602
2025-07-07,17:11:22.3,-0.24268458783626556,3.6605076789855957,1.2724441289901733
2025-07-07,17:11:22.7,-0.23177741467952728,3.5660006999969482,0.9911786913871765
2025-07-07,17:11:22.7,-0.23450420796871185,3.575524091720581,1.1129441261291504
2025-07-07,17:11:22.7,-0.23723100125789642,3.588136672973633,1.2150331735610962
2025-07-07,17:11:22.7,-0.3599366843700409,3.6020753383636475,1.279028296470642
2025-07-07,17:11:22.7,-0.1199788972735405,3.5949087142944336,1.3426284790039062
2025-07-07,17:11:22.7,-0.36402687430381775,3.53462553024292,1.5656416416168213
2025-07-07,17:11:22.7,-1.1288923025131226,3.705319404602051,1.0521950721740723
2025-07-07,17:11:22.7,-0.23177741467952728,3.4697465896606445,1.2882757186889648
2025-07-07,17:11:22.7,-0.3517563045024872,3.5015411376953125,1.3013403415679932
2025-07-07,17:11:22.7,-0.23723100125789642,3.4986753463745117,1.4526876211166382
2025-07-07,17:11:22.7,-0.239957794547081,3.4793567657470703,1.605276107788086
2025-07-07,17:11:22.7,-1.2543247938156128,3.652465343475342,1.0941067934036255
2025-07-07,17:11:22.7,-0.23450420796871185,3.644218921661377,0.8617920279502869
2025-07-07,17:11:22.7,-0.11861550062894821,3.66316294670105,0.9871561527252197
2025-07-07,17:11:22.7,-0.239957794547081,3.688011407852173,1.03990638256073
2025-07-07,17:11:22.7,-0.24268458783626556,3.6089792251586914,1.4119839668273926
2025-07-07,17:11:23.1,-0.23177741467952728,3.603822946548462,0.8433597087860107
2025-07-07,17:11:23.1,-0.11725210398435593,3.5442185401916504,1.2258775234222412
2025-07-07,17:11:23.1,-0.11861550062894821,3.5782179832458496,1.2607914209365845
2025-07-07,17:11:23.1,-0.239957794547081,3.6261045932769775,1.2386280298233032
2025-07-07,17:11:23.1,-0.48536917567253113,3.686225175857544,1.1195919513702393
2025-07-07,17:11:23.1,0.0,5.311431407928467,-0.34616583585739136
2025-07-07,17:11:23.1,-0.11725210398435593,3.4482405185699463,1.4744147062301636
2025-07-07,17:11:23.1,-0.23723100125789642,3.494904041290283,1.4617372751235962
2025-07-07,17:11:23.1,-0.239957794547081,3.5286998748779297,1.4936906099319458
2025-07-07,17:11:23.1,0.0,3.601041078567505,1.0538084506988525
2025-07-07,17:11:23.1,-0.23723100125789642,3.6616554260253906,0.9712417721748352
2025-07-07,17:11:23.1,-0.239957794547081,3.7036566734313965,0.9827316999435425
2025-07-07,17:11:23.4,-0.23177741467952728,3.575305223464966,0.9570733308792114
2025-07-07,17:11:23.4,-0.23450420796871185,3.578810214996338,1.1023309230804443
2025-07-07,17:11:23.4,-0.23723100125789642,3.602400302886963,1.172067403793335
2025-07-07,17:11:23.4,-0.239957794547081,3.6298136711120605,1.2277166843414307
2025-07-07,17:11:23.4,-0.36402687430381775,3.6985037326812744,1.125113606452942
2025-07-07,17:11:23.4,0.0,5.317959785461426,-0.22457782924175262
2025-07-07,17:11:23.4,-0.23450420796871185,3.499732255935669,1.3322508335113525
2025-07-07,17:11:23.4,-0.23723100125789642,3.5125069618225098,1.4189167022705078
2025-07-07,17:11:23.4,-0.3599366843700409,3.554863691329956,1.4049211740493774
2025-07-07,17:11:23.4,-0.23450420796871185,3.6481001377105713,0.845211923122406
2025-07-07,17:11:23.4,-0.23723100125789642,3.6717209815979004,0.9324672818183899
2025-07-07,17:11:23.4,-0.239957794547081,3.714449405670166,0.9411166310310364
2025-07-07,17:11:23.7,-0.3476661145687103,3.5763931274414062,0.9170913696289062
2025-07-07,17:11:23.7,-0.23450420796871185,3.578680992126465,1.1027504205703735
2025-07-07,17:11:23.7,-0.23723100125789642,3.5917155742645264,1.204412579536438
2025-07-07,17:11:23.7,-0.239957794547081,3.6208443641662598,1.2539223432540894
2025-07-07,17:11:23.7,-0.36402687430381775,3.6273467540740967,1.3368496894836426
2025-07-07,17:11:23.7,-0.3517563045024872,3.4947316646575928,1.3195180892944336
2025-07-07,17:11:23.7,-0.23723100125789642,3.493903636932373,1.4641270637512207
2025-07-07,17:11:23.7,-0.239957794547081,3.5227291584014893,1.5077179670333862
2025-07-07,17:11:23.7,-0.038175102323293686,0.07719466090202332,0.014053338207304478
2025-07-07,17:11:23.7,-0.23450420796871185,3.647343873977661,0.8484686613082886
2025-07-07,17:11:23.7,-0.23723100125789642,3.668189525604248,0.9462639093399048
2025-07-07,17:11:23.7,-0.239957794547081,3.6902198791503906,1.0320420265197754
2025-07-07,17:11:24.0,-0.3476661145687103,3.5845870971679688,0.8845226168632507
2025-07-07,17:11:24.0,-0.11725210398435593,3.557013750076294,1.1882402896881104
2025-07-07,17:11:24.0,-0.23723100125789642,3.601325035095215,1.175366997718811
2025-07-07,17:11:24.0,-0.239957794547081,3.6345064640045166,1.213753342628479
2025-07-07,17:11:24.0,-0.36402687430381775,3.6650984287261963,1.2295786142349243
2025-07-07,17:11:24.0,-1.379757285118103,3.6487057209014893,0.945580005645752
2025-07-07,17:11:24.0,-0.3476661145687103,3.5150132179260254,1.129746437072754
2025-07-07,17:11:24.0,-0.23450420796871185,3.486215829849243,1.3672293424606323
2025-07-07,17:11:24.0,-0.23723100125789642,3.498971939086914,1.4519730806350708
2025-07-07,17:11:24.0,-0.239957794547081,3.5155811309814453,1.5243111848831177
2025-07-07,17:11:24.0,-0.48536917567253113,3.5296499729156494,1.543798565864563
2025-07-07,17:11:24.0,-0.11725210398435593,3.6380975246429443,0.9102241396903992
2025-07-07,17:11:24.0,-0.11861550062894821,3.66696834564209,0.9729247093200684
2025-07-07,17:11:24.0,-0.239957794547081,3.7181992530822754,0.9261904358863831
2025-07-07,17:11:24.3,-0.23177741467952728,3.603822946548462,0.8433597087860107
2025-07-07,17:11:24.3,-0.11725210398435593,3.578996181488037,1.1202893257141113
2025-07-07,17:11:24.3,-0.23723100125789642,3.6034233570098877,1.168918251991272
2025-07-07,17:11:24.3,-0.239957794547081,3.6309568881988525,1.224331259727478
2025-07-07,17:11:24.3,-0.24268458783626556,3.6628267765045166,1.2657526731491089
2025-07-07,17:11:24.3,-0.23450420796871185,3.495063304901123,1.3444515466690063
2025-07-07,17:11:24.3,-0.23723100125789642,3.513772487640381,1.415779948234558
2025-07-07,17:11:24.3,-0.3599366843700409,3.5548837184906006,1.4048709869384766
2025-07-07,17:11:24.3,-0.23450420796871185,3.6609463691711426,0.7877114415168762
2025-07-07,17:11:24.3,-0.23723100125789642,3.6725680828094482,0.9291258454322815
2025-07-07,17:11:24.3,-0.239957794547081,3.702937602996826,0.9854376316070557
2025-07-07,17:11:24.7,-0.46355482935905457,3.6163582801818848,0.6779282093048096
2025-07-07,17:11:24.7,-0.23450420796871185,3.592679262161255,1.0562543869018555
2025-07-07,17:11:24.7,-0.35584649443626404,3.6099307537078857,1.1176233291625977
2025-07-07,17:11:24.7,-0.11861550062894821,3.59938645362854,1.199022889137268
2025-07-07,17:11:24.7,-0.239957794547081,3.632279396057129,1.220402479171753
2025-07-07,17:11:24.7,-0.24268458783626556,3.65787410736084,1.2799952030181885
2025-07-07,17:11:24.7,-0.3517563045024872,3.505521535873413,1.290579915046692
2025-07-07,17:11:24.7,-0.23723100125789642,3.5113606452941895,1.4217514991760254
2025-07-07,17:11:24.7,-0.3599366843700409,3.539822578430176,1.4423991441726685
2025-07-07,17:11:24.7,-0.48536917567253113,3.5728354454040527,1.4410375356674194
2025-07-07,17:11:24.7,-0.3517563045024872,3.6625723838806152,0.7347376942634583
2025-07-07,17:11:24.7,-0.11725210398435593,3.6657607555389404,0.7914914488792419
2025-07-07,17:11:24.7,-0.23723100125789642,3.681022882461548,0.8950422406196594
2025-07-07,17:11:24.7,-0.239957794547081,3.715224027633667,0.9380538463592529
2025-07-07,17:11:24.7,-0.48536917567253113,3.7723312377929688,0.7818319201469421
2025-07-07,17:11:25.0,-0.23177741467952728,3.5777461528778076,0.9479069709777832
2025-07-07,17:11:25.0,-0.23450420796871185,3.572216272354126,1.1235160827636719
2025-07-07,17:11:25.0,-0.11861550062894821,3.583022356033325,1.2470723390579224
2025-07-07,17:11:25.0,-0.35584649443626404,3.5992069244384766,1.1516903638839722
2025-07-07,17:11:25.0,-0.239957794547081,3.625757932662964,1.2396430969238281
2025-07-07,17:11:25.0,-0.24268458783626556,3.6309359073638916,1.3545243740081787
2025-07-07,17:11:25.0,-0.3476661145687103,3.502610921859741,1.167630910873413
2025-07-07,17:11:25.0,-0.23450420796871185,3.4854137897491455,1.3692728281021118
2025-07-07,17:11:25.0,-0.23723100125789642,3.4986140727996826,1.4528347253799438
2025-07-07,17:11:25.0,-0.3599366843700409,3.5427656173706055,1.435155987739563
2025-07-07,17:11:25.0,-0.23450420796871185,3.6415321826934814,0.8730751276016235
2025-07-07,17:11:25.0,-0.23723100125789642,3.6713852882385254,0.9337881207466125
2025-07-07,17:11:25.0,-0.239957794547081,3.704317331314087,0.9802383780479431
2025-07-07,17:11:25.3,-0.3517563045024872,3.547989845275879,1.1687792539596558
2025-07-07,17:11:25.3,-0.23723100125789642,3.592728614807129,1.20138680934906
2025-07-07,17:11:25.3,-0.239957794547081,3.6223044395446777,1.2496980428695679
2025-07-07,17:11:25.3,2.4641303198971457e-35,6.457253388531973e-40,-2.776616855121052e-40
2025-07-07,17:11:25.3,-3.779056916439429e+22,-6.462356239290306e-27,1.6735913916230538e-31
2025-07-07,17:11:25.3,0.0,2.350988701644575e-38,-2.0
2025-07-07,17:11:25.3,1.2601408997971514e-21,-6.365993909163213e-22,5.818094534282602e-39
2025-07-07,17:11:25.3,4.153837486827862e+34,49250.328125,5.8432044014648385e-39
2025-07-07,17:11:25.3,23.743614196777344,51646521344.0,5.8415438627846136e-39
2025-07-07,17:11:25.3,-7.164302294729015e-35,9.990346457582424e+35,5.842210880853632e-39
2025-07-07,17:11:25.3,6544524574720.0,1.5540854423098226e-25,5.857440192563914e-39
2025-07-07,17:11:25.7,-0.3476661145687103,3.595853090286255,0.8375471830368042
2025-07-07,17:11:25.7,-0.23450420796871185,3.582857608795166,1.089104413986206
2025-07-07,17:11:25.7,-0.23723100125789642,3.6001923084259033,1.1788322925567627
2025-07-07,17:11:25.7,-0.239957794547081,3.6260595321655273,1.2387601137161255
2025-07-07,17:11:25.7,-0.36402687430381775,3.620353937149048,1.3556729555130005
2025-07-07,17:11:25.7,-1.2543247938156128,3.7334983348846436,0.773668646812439
2025-07-07,17:11:25.7,-0.23450420796871185,3.488001823425293,1.3626666069030762
2025-07-07,17:11:25.7,-0.23723100125789642,3.4997708797454834,1.4500463008880615
2025-07-07,17:11:25.7,-0.239957794547081,3.529881238937378,1.490896463394165
2025-07-07,17:11:25.7,-0.11725210398435593,3.626903772354126,0.9538500308990479
2025-07-07,17:11:25.7,-0.23723100125789642,3.674015522003174,0.9233856797218323
2025-07-07,17:11:25.7,-0.239957794547081,3.7019617557525635,0.9890979528427124
2025-07-07,17:11:25.7,-1.2543247938156128,3.7689356803894043,0.5767989754676819
2025-07-07,17:11:26.0,-0.23177741467952728,3.5869760513305664,0.9123586416244507
2025-07-07,17:11:26.0,-0.23450420796871185,3.5824332237243652,1.0904992818832397
2025-07-07,17:11:26.0,-0.23723100125789642,3.6057956218719482,1.161580204963684
2025-07-07,17:11:26.0,-0.239957794547081,3.6377055644989014,1.2041316032409668
2025-07-07,17:11:26.0,-0.24268458783626556,3.608353853225708,1.4135814905166626
2025-07-07,17:11:26.0,-0.23450420796871185,3.4855551719665527,1.368912696838379
2025-07-07,17:11:26.0,-0.23723100125789642,3.5110740661621094,1.4224587678909302
2025-07-07,17:11:26.0,-0.239957794547081,3.53102970123291,1.4881744384765625
2025-07-07,17:11:26.0,-0.36402687430381775,3.5141377449035645,1.6111010313034058
2025-07-07,17:11:26.0,-0.11725210398435593,3.626490592956543,0.955420196056366
2025-07-07,17:11:26.0,-0.23723100125789642,3.6744227409362793,0.9217633008956909
2025-07-07,17:11:26.0,-0.239957794547081,3.7125916481018066,0.948418915271759
2025-07-07,17:11:26.3,0.0,3.5296518802642822,1.2726224660873413
2025-07-07,17:11:26.3,-0.11861550062894821,3.574124336242676,1.2723501920700073
2025-07-07,17:11:26.3,-0.239957794547081,3.623727798461914,1.2455649375915527
2025-07-07,17:11:26.3,-0.36402687430381775,3.638603925704956,1.3058993816375732
2025-07-07,17:11:26.3,0.0,3.434373617172241,1.5109888315200806
2025-07-07,17:11:26.3,-0.11861550062894821,3.4922869205474854,1.4822853803634644
2025-07-07,17:11:26.3,-0.239957794547081,3.5399439334869385,1.4668439626693726
2025-07-07,17:11:26.3,-0.48536917567253113,3.5468156337738037,1.5039421319961548
2025-07-07,17:11:26.3,0.0,3.5803582668304443,1.1220712661743164
2025-07-07,17:11:26.3,-0.11861550062894821,3.6411211490631104,1.0655874013900757
2025-07-07,17:11:26.3,-0.239957794547081,3.6956381797790527,1.0124690532684326
2025-07-07,17:11:26.3,-0.36402687430381775,3.763343334197998,0.8843401074409485
2025-07-07,17:11:26.7,0.0,3.515066623687744,1.3123703002929688
2025-07-07,17:11:26.7,-0.23723100125789642,3.5700316429138184,1.2672427892684937
2025-07-07,17:11:26.7,-0.239957794547081,3.6156978607177734,1.2686858177185059
2025-07-07,17:11:26.7,-0.36402687430381775,3.659963369369507,1.244780421257019
2025-07-07,17:11:26.7,0.0,3.419449806213379,1.5444649457931519
2025-07-07,17:11:26.7,-0.23723100125789642,3.466797113418579,1.5272027254104614
2025-07-07,17:11:26.7,-0.3599366843700409,3.5083203315734863,1.5174150466918945
2025-07-07,17:11:26.7,-0.038175102323293686,0.07714489102363586,0.014324037358164787
2025-07-07,17:11:26.7,-0.11725210398435593,3.6016557216644287,1.0451496839523315
2025-07-07,17:11:26.7,-0.11861550062894821,3.6454949378967285,1.0505262613296509
2025-07-07,17:11:26.7,-0.239957794547081,3.6992461681365967,0.9992061257362366
2025-07-07,17:11:27.0,-0.11725210398435593,3.551438331604004,1.2048016786575317
2025-07-07,17:11:27.0,-0.23723100125789642,3.587435245513916,1.2171024084091187
2025-07-07,17:11:27.0,-0.239957794547081,3.6192641258239746,1.2584761381149292
2025-07-07,17:11:27.0,-0.36402687430381775,3.607839584350586,1.3886337280273438
2025-07-07,17:11:27.0,-0.11725210398435593,3.4503047466278076,1.469577670097351
2025-07-07,17:11:27.0,-0.23723100125789642,3.485038995742798,1.4851042032241821
2025-07-07,17:11:27.0,-0.239957794547081,3.4979705810546875,1.5643006563186646
2025-07-07,17:11:27.0,-0.11725210398435593,3.6322824954986572,0.9331589937210083
2025-07-07,17:11:27.0,-0.11861550062894821,3.662222146987915,0.9906401634216309
2025-07-07,17:11:27.0,-0.239957794547081,3.7066919803619385,0.971220076084137
2025-07-07,17:11:27.3,-0.11725210398435593,3.5516889095306396,1.2040627002716064
2025-07-07,17:11:27.3,-0.23723100125789642,3.58661150932312,1.2195278406143188
2025-07-07,17:11:27.3,-0.239957794547081,3.613957166671753,1.2736358642578125
2025-07-07,17:11:27.3,-0.36402687430381775,3.6379477977752686,1.3077257871627808
2025-07-07,17:11:27.3,0.0,3.409562587738037,1.5661711692810059
2025-07-07,17:11:27.3,-0.23723100125789642,3.4793572425842285,1.4983668327331543
2025-07-07,17:11:27.3,-0.239957794547081,3.497058629989624,1.5663379430770874
2025-07-07,17:11:27.3,-0.11725210398435593,3.6264092922210693,0.9557284712791443
2025-07-07,17:11:27.3,-0.11861550062894821,3.6573381423950195,1.0085222721099854
2025-07-07,17:11:27.3,-0.239957794547081,3.696558952331543,1.0091017484664917
2025-07-07,17:11:27.7,-0.23450420796871185,3.4417388439178467,1.4756190776824951
2025-07-07,17:11:27.7,-0.23723100125789642,3.569188117980957,1.269616961479187
2025-07-07,17:11:27.7,-0.239957794547081,3.6217126846313477,1.2514119148254395
2025-07-07,17:11:27.7,-0.24268458783626556,3.5360825061798096,1.5857336521148682
2025-07-07,17:11:27.7,-0.35584649443626404,3.4507815837860107,1.5403856039047241
2025-07-07,17:11:27.7,-0.3599366843700409,3.5043599605560303,1.5265389680862427
2025-07-07,17:11:27.7,-0.3517563045024872,3.5035831928253174,1.295832633972168
2025-07-07,17:11:27.7,-0.23723100125789642,3.643653392791748,1.0367348194122314
2025-07-07,17:11:27.7,-0.239957794547081,3.7046210765838623,0.9790899157524109
2025-07-07,17:11:28.0,-0.46355482935905457,3.5127573013305664,1.0946096181869507
2025-07-07,17:11:28.0,-0.3517563045024872,3.5499796867370605,1.1627213954925537
2025-07-07,17:11:28.0,-0.23723100125789642,3.578221082687378,1.2439309358596802
2025-07-07,17:11:28.0,-0.239957794547081,3.5977137088775635,1.318821668624878
2025-07-07,17:11:28.0,-0.36402687430381775,3.558933734893799,1.5095696449279785
2025-07-07,17:11:28.0,-0.3517563045024872,3.4641060829162598,1.3979438543319702
2025-07-07,17:11:28.0,-0.35584649443626404,3.4810879230499268,1.4706147909164429
2025-07-07,17:11:28.0,-0.3599366843700409,3.499706983566284,1.5371760129928589
2025-07-07,17:11:28.0,-0.23450420796871185,3.619410753250122,0.9606679677963257
2025-07-07,17:11:28.0,-0.23723100125789642,3.6559314727783203,0.9925704598426819
2025-07-07,17:11:28.0,-0.239957794547081,3.6852900981903076,1.0495104789733887
2025-07-07,17:11:28.0,-0.24268458783626556,3.634225606918335,1.345672607421875
2025-07-07,17:11:28.3,-0.23450420796871185,3.4347381591796875,1.491841435432434
2025-07-07,17:11:28.3,-0.23723100125789642,3.5753562450408936,1.2521414756774902
2025-07-07,17:11:28.3,-0.239957794547081,3.640554904937744,1.1954894065856934
2025-07-07,17:11:28.3,-0.36402687430381775,3.638378143310547,1.306528091430664
2025-07-07,17:11:28.3,-0.23723100125789642,3.4837303161621094,1.4881712198257446
2025-07-07,17:11:28.3,-0.239957794547081,3.5517678260803223,1.4379775524139404
2025-07-07,17:11:28.3,-0.23450420796871185,3.5293989181518555,1.2515426874160767
2025-07-07,17:11:28.3,-0.23723100125789642,3.64882230758667,1.0183939933776855
2025-07-07,17:11:28.3,-0.239957794547081,3.7138609886169434,0.9434362053871155
2025-07-07,17:11:28.7,-0.11725210398435593,3.5337374210357666,1.2557713985443115
2025-07-07,17:11:28.7,-0.11861550062894821,3.5728371143341064,1.2759597301483154
2025-07-07,17:11:28.7,-0.239957794547081,3.615556001663208,1.2690898180007935
2025-07-07,17:11:28.7,-0.36402687430381775,3.5914647579193115,1.4304518699645996
2025-07-07,17:11:28.7,-0.11725210398435593,3.4239892959594727,1.5298882722854614
2025-07-07,17:11:28.7,-0.23723100125789642,3.479799509048462,1.4973397254943848
2025-07-07,17:11:28.7,-0.239957794547081,3.5097503662109375,1.537688970565796
2025-07-07,17:11:28.7,0.0,3.5976295471191406,1.0653972625732422
2025-07-07,17:11:28.7,-0.11861550062894821,3.651188611984253,1.0305635929107666
2025-07-07,17:11:28.7,-0.239957794547081,3.700498104095459,0.9945592880249023
2025-07-07,17:11:29.0,0.0,3.492335557937622,1.3717149496078491
2025-07-07,17:11:29.0,-0.23723100125789642,3.571580171585083,1.262871503829956
2025-07-07,17:11:29.0,-0.239957794547081,3.6372203826904297,1.2055964469909668
2025-07-07,17:11:29.0,-0.36402687430381775,3.66218638420105,1.2382255792617798
2025-07-07,17:11:29.0,-0.23723100125789642,3.4814324378967285,1.4935389757156372
2025-07-07,17:11:29.0,-0.239957794547081,3.5612244606018066,1.4143956899642944
2025-07-07,17:11:29.0,-0.24268458783626556,3.578615427017212,1.4872602224349976
2025-07-07,17:11:29.0,-0.038175102323293686,0.07716711610555649,0.014203770086169243
2025-07-07,17:11:29.0,0.0,3.5941784381866455,1.0769821405410767
2025-07-07,17:11:29.0,-0.11861550062894821,3.652019739151001,1.0276137590408325
2025-07-07,17:11:29.0,-0.239957794547081,3.712019681930542,0.9506542086601257
2025-07-07,17:11:29.0,-0.12134229391813278,3.669269323348999,1.264541745185852
2025-07-07,17:11:29.4,0.0,3.539875030517578,1.2439029216766357
2025-07-07,17:11:29.4,-0.11861550062894821,3.5797719955444336,1.2563726902008057
2025-07-07,17:11:29.4,-0.239957794547081,3.6061758995056152,1.2955033779144287
2025-07-07,17:11:29.4,0.0,3.4551706314086914,1.4628076553344727
2025-07-07,17:11:29.4,-0.11861550062894821,3.48528790473938,1.4986684322357178
2025-07-07,17:11:29.4,-0.239957794547081,3.5049407482147217,1.548620343208313
2025-07-07,17:11:29.4,0.0,3.6362507343292236,0.9250355958938599
2025-07-07,17:11:29.4,-0.11861550062894821,3.6583516597747803,1.004839301109314
2025-07-07,17:11:29.4,-0.239957794547081,3.6870431900024414,1.0433342456817627
2025-07-07,17:11:29.4,-0.24268458783626556,3.6136584281921387,1.3999651670455933
2025-07-07,17:11:29.7,-0.11725210398435593,3.480034351348877,1.3977206945419312
2025-07-07,17:11:29.7,-0.23723100125789642,3.5611417293548584,1.2920141220092773
2025-07-07,17:11:29.7,-0.239957794547081,3.607248306274414,1.2925148010253906
2025-07-07,17:11:29.7,-0.24268458783626556,3.5668952465057373,1.515153408050537
2025-07-07,17:11:29.7,-0.23723100125789642,3.4657397270202637,1.5296003818511963
2025-07-07,17:11:29.7,-0.239957794547081,3.5070528984069824,1.5438311100006104
2025-07-07,17:11:29.7,0.0,3.5715532302856445,1.149789810180664
2025-07-07,17:11:29.7,-0.11861550062894821,3.64546537399292,1.0506292581558228
2025-07-07,17:11:29.7,-0.239957794547081,3.682399272918701,1.0596082210540771
2025-07-07,17:11:29.7,-0.24268458783626556,3.6532082557678223,1.2932517528533936
2025-07-07,17:11:30.0,-0.11725210398435593,3.46640682220459,1.4311832189559937
2025-07-07,17:11:30.0,-0.23723100125789642,3.5628998279571533,1.2871578931808472
2025-07-07,17:11:30.0,-0.3599366843700409,3.6249189376831055,1.212774634361267
2025-07-07,17:11:30.0,-0.36402687430381775,3.6332833766937256,1.3206300735473633
2025-07-07,17:11:30.0,-0.23723100125789642,3.4666740894317627,1.5274821519851685
2025-07-07,17:11:30.0,-0.239957794547081,3.5322213172912598,1.4853440523147583
2025-07-07,17:11:30.0,0.0,3.5356528759002686,1.255853533744812
2025-07-07,17:11:30.0,-0.11861550062894821,3.6397011280059814,1.0704269409179688
2025-07-07,17:11:30.0,-0.239957794547081,3.698586940765381,1.001643419265747
2025-07-07,17:11:30.0,-0.24268458783626556,3.6964032649993896,1.1640594005584717
2025-07-07,17:11:30.3,0.0,3.501007318496704,1.3494288921356201
2025-07-07,17:11:30.3,-0.11861550062894821,3.574191093444824,1.2721623182296753
2025-07-07,17:11:30.3,-0.239957794547081,3.6200222969055176,1.256293773651123
2025-07-07,17:11:30.3,-0.36402687430381775,3.572303533554077,1.4776531457901
2025-07-07,17:11:30.3,0.0,3.416008472442627,1.5520620346069336
2025-07-07,17:11:30.3,-0.23723100125789642,3.490687370300293,1.4717785120010376
2025-07-07,17:11:30.3,-0.239957794547081,3.5257787704467773,1.500572919845581
2025-07-07,17:11:30.3,0.0,3.543219566345215,1.2343436479568481
2025-07-07,17:11:30.3,-0.11861550062894821,3.645796060562134,1.0494813919067383
2025-07-07,17:11:30.3,-0.239957794547081,3.6974661350250244,1.0057724714279175
2025-07-07,17:11:30.7,1.4233859777450562,3.4000580310821533,0.9060275554656982
2025-07-07,17:11:30.7,1.5597256422042847,3.339667797088623,1.0743783712387085
2025-07-07,17:11:30.7,1.4233859777450562,3.4755420684814453,0.549443244934082
2025-07-07,17:11:31.0,0.648976743221283,1.310093641281128,0.2507719099521637
2025-07-07,17:11:31.0,0.668064296245575,1.345322608947754,0.27484312653541565
2025-07-07,17:11:31.0,0.6871518492698669,1.377864122390747,0.31016191840171814
2025-07-07,17:11:31.0,1.1861549615859985,3.2911365032196045,1.4726731777191162
2025-07-07,17:11:31.0,2.144622802734375,4.744094371795654,0.8733574748039246
2025-07-07,17:11:31.0,2.162346839904785,4.73093318939209,1.1285666227340698
2025-07-07,17:11:31.0,2.1800711154937744,4.706009387969971,1.3777704238891602
2025-07-07,17:11:31.0,2.1977951526641846,4.5858683586120605,1.8458454608917236
2025-07-07,17:11:31.0,0.668064296245575,1.3260430097579956,0.3564291000366211
2025-07-07,17:11:31.0,0.6871518492698669,1.3497679233551025,0.4157359302043915
2025-07-07,17:11:31.0,1.979651689529419,4.715969085693359,1.3073667287826538
2025-07-07,17:11:31.0,2.162346839904785,4.608302593231201,1.5552934408187866
2025-07-07,17:11:31.0,2.1800711154937744,4.5422515869140625,1.8473552465438843
2025-07-07,17:11:31.0,2.162346839904785,4.849848747253418,0.36654961109161377
2025-07-07,17:11:31.0,2.1800711154937744,4.869501113891602,0.5768280625343323
2025-07-07,17:11:31.0,0.6871518492698669,1.395068883895874,0.22021086513996124
2025-07-07,17:11:31.0,2.144622802734375,4.794692516326904,0.5292545557022095
2025-07-07,17:11:31.0,2.162346839904785,4.804660320281982,0.7554001808166504
2025-07-07,17:11:31.0,2.347768783569336,4.730090618133545,0.9548341035842896
2025-07-07,17:11:31.0,2.1977951526641846,4.742424964904785,1.3952564001083374
2025-07-07,17:11:31.3,0.5099102854728699,1.3678669929504395,0.263313353061676
2025-07-07,17:11:31.3,0.524907648563385,1.4036524295806885,0.2932123839855194
2025-07-07,17:11:31.3,0.620345413684845,1.3701058626174927,0.2640511393547058
2025-07-07,17:11:31.3,0.6380695700645447,1.407954216003418,0.2782438099384308
2025-07-07,17:11:31.3,1.3770304918289185,3.8117423057556152,1.729632019996643
2025-07-07,17:11:31.3,1.6497098207473755,4.972403049468994,0.6498129963874817
2025-07-07,17:11:31.3,1.6633437871932983,5.008360385894775,0.6933616399765015
2025-07-07,17:11:31.3,1.6769777536392212,5.047016620635986,0.7161378264427185
2025-07-07,17:11:31.3,1.690611720085144,5.088950157165527,0.7155841588973999
2025-07-07,17:11:31.3,0.5099102854728699,1.345369577407837,0.3610747456550598
2025-07-07,17:11:31.3,0.572626531124115,1.3642674684524536,0.37764355540275574
2025-07-07,17:11:31.3,0.5399050116539001,1.405489444732666,0.44720157980918884
2025-07-07,17:11:31.3,1.484738826751709,4.958876609802246,1.0361886024475098
2025-07-07,17:11:31.3,1.6633437871932983,4.948974132537842,1.0354118347167969
2025-07-07,17:11:31.3,1.6769777536392212,4.9864182472229,1.0587079524993896
2025-07-07,17:11:31.3,1.5215505361557007,5.086869239807129,1.0374406576156616
2025-07-07,17:11:31.3,0.5562657713890076,1.373573660850525,0.06531814485788345
2025-07-07,17:11:31.3,0.572626531124115,1.4128996133804321,0.08692013472318649
2025-07-07,17:11:31.3,0.6380695700645447,1.432067632675171,0.09453462809324265
2025-07-07,17:11:31.3,1.6497098207473755,5.014683246612549,-0.0016252290224656463
2025-07-07,17:11:31.3,1.6633437871932983,5.055759429931641,0.06096787750720978
2025-07-07,17:11:31.3,1.6769777536392212,5.0970892906188965,0.07007113099098206
2025-07-07,17:11:31.3,1.8596729040145874,5.080267429351807,-0.011744587682187557
2025-07-07,17:11:31.3,0.5562657713890076,1.3659017086029053,0.1590079516172409
2025-07-07,17:11:31.3,0.572626531124115,1.4031074047088623,0.18743020296096802
2025-07-07,17:11:31.3,0.6380695700645447,1.4237757921218872,0.1806022971868515
2025-07-07,17:11:31.3,1.3770304918289185,3.917153835296631,1.4754363298416138
2025-07-07,17:11:31.3,1.6497098207473755,5.004123687744141,0.32526397705078125
2025-07-07,17:11:31.3,1.6633437871932983,5.042150497436523,0.37568721175193787
2025-07-07,17:11:31.3,1.6769777536392212,5.082232475280762,0.3951488733291626
2025-07-07,17:11:31.3,1.690611720085144,5.125241756439209,0.3759908974170685
2025-07-07,17:11:31.3,1.8405853509902954,6.253964424133301,0.5727847814559937
2025-07-07,17:11:31.3,1.852855920791626,6.307650089263916,0.42581939697265625
2025-07-07,17:11:31.7,0.4499208629131317,1.3517827987670898,0.20766614377498627
2025-07-07,17:11:31.7,0.46355482935905457,1.3860570192337036,0.25370389223098755
2025-07-07,17:11:31.7,0.4771887958049774,1.4251652956008911,0.27006763219833374
2025-07-07,17:11:31.7,0.49082276225090027,1.467327356338501,0.2700575590133667
2025-07-07,17:11:31.7,0.5044566988945007,1.5200814008712769,0.201782688498497
2025-07-07,17:11:31.7,1.0907171964645386,3.8768959045410156,1.677688479423523
2025-07-07,17:11:31.7,1.2393274307250977,3.8484177589416504,1.7524176836013794
2025-07-07,17:11:31.7,1.3197678327560425,5.051964282989502,0.7774719595909119
2025-07-07,17:11:31.7,1.4970093965530396,5.045006275177002,0.7987546324729919
2025-07-07,17:11:31.7,1.5092799663543701,5.070552349090576,0.8994765877723694
2025-07-07,17:11:31.7,1.5215505361557007,5.08926248550415,1.0256373882293701
2025-07-07,17:11:31.7,1.5338211059570312,5.152490615844727,0.9169711470603943
2025-07-07,17:11:31.7,1.6360758543014526,6.311479091644287,-0.5624948143959045
2025-07-07,17:11:31.7,1.646983027458191,6.35198450088501,-0.5835954546928406
2025-07-07,17:11:31.7,1.6578902006149292,6.406353950500488,-0.4331640303134918
2025-07-07,17:11:31.7,2.1596200466156006,8.116556167602539,2.0201244354248047
2025-07-07,17:11:31.7,2.441843032836914,8.116119384765625,1.882821798324585
2025-07-07,17:11:31.7,0.46355482935905457,1.365087628364563,0.34936419129371643
2025-07-07,17:11:31.7,0.4771887958049774,1.4045062065124512,0.3624841570854187
2025-07-07,17:11:31.7,0.49082276225090027,1.452290654182434,0.3418073058128357
2025-07-07,17:11:31.7,1.3197678327560425,5.00268030166626,1.0488073825836182
2025-07-07,17:11:31.7,1.3306750059127808,5.023214817047119,1.1522809267044067
2025-07-07,17:11:31.7,1.341582179069519,5.03631067276001,1.2779728174209595
2025-07-07,17:11:31.7,1.3524893522262573,5.048306941986084,1.397499918937683
2025-07-07,17:11:31.7,0.4771887958049774,1.4455268383026123,0.12035205960273743
2025-07-07,17:11:31.7,1.484738826751709,5.065910339355469,0.026369381695985794
2025-07-07,17:11:31.7,1.4970093965530396,5.105490207672119,0.1551377773284912
2025-07-07,17:11:31.7,1.5092799663543701,5.143515110015869,0.25260818004608154
2025-07-07,17:11:31.7,1.5215505361557007,5.178985595703125,0.3614311218261719
2025-07-07,17:11:31.7,0.4499208629131317,1.3611401319503784,0.13318903744220734
2025-07-07,17:11:31.7,0.46355482935905457,1.3985321521759033,0.17212583124637604
2025-07-07,17:11:31.7,0.4771887958049774,1.4390426874160767,0.18217769265174866
2025-07-07,17:11:31.7,0.49082276225090027,1.4803853034973145,0.18558038771152496
2025-07-07,17:11:31.7,0.5044566988945007,1.5285292863845825,0.12231869250535965
2025-07-07,17:11:31.7,1.227056860923767,3.932859182357788,1.4358181953430176
2025-07-07,17:11:31.7,1.2393274307250977,3.961045980453491,1.4803383350372314
2025-07-07,17:11:31.7,1.484738826751709,5.049899101257324,0.4033157229423523
2025-07-07,17:11:31.7,1.4970093965530396,5.084666728973389,0.48606619238853455
2025-07-07,17:11:31.7,1.5092799663543701,5.1169939041137695,0.5795937776565552
2025-07-07,17:11:31.7,1.5215505361557007,5.144286632537842,0.6991684436798096
2025-07-07,17:11:31.7,1.5338211059570312,5.205057621002197,0.5443996787071228
2025-07-07,17:11:31.7,1.6360758543014526,6.293177127838135,-0.7396553754806519
2025-07-07,17:11:31.7,1.646983027458191,6.329506874084473,-0.7909696102142334
2025-07-07,17:11:31.7,1.6578902006149292,6.392930030822754,-0.5995381474494934
2025-07-07,17:11:31.7,2.429572582244873,8.145223617553711,1.541374683380127
2025-07-07,17:11:31.7,2.441843032836914,8.20121955871582,1.4684723615646362
2025-07-07,17:11:32.1,0.0,3.400818347930908,1.5850694179534912
2025-07-07,17:11:32.1,-0.11861550062894821,3.4685604572296143,1.5369865894317627
2025-07-07,17:11:32.1,-0.239957794547081,3.5506372451782227,1.4407668113708496
2025-07-07,17:11:32.1,-0.48536917567253113,3.6359140872955322,1.2735276222229004
2025-07-07,17:11:32.1,0.0,5.321493625640869,-0.11332234740257263
2025-07-07,17:11:32.1,0.0,5.361245632171631,0.23351863026618958
2025-07-07,17:11:32.1,0.0,5.349987983703613,0.4184616506099701
2025-07-07,17:11:32.1,0.0,3.4258244037628174,1.5302735567092896
2025-07-07,17:11:32.1,-0.23723100125789642,3.5433104038238525,1.340142846107483
2025-07-07,17:11:32.1,-0.239957794547081,3.6235311031341553,1.246137022972107
2025-07-07,17:11:32.1,0.16769777238368988,5.363603591918945,-0.03345474600791931
2025-07-07,17:11:32.4,-0.11725210398435593,3.462472438812256,1.4406756162643433
2025-07-07,17:11:32.4,-0.11861550062894821,3.49312162399292,1.4803175926208496
2025-07-07,17:11:32.4,-0.3599366843700409,3.567099094390869,1.373558759689331
2025-07-07,17:11:32.4,0.0,5.314921855926514,0.28764989972114563
2025-07-07,17:11:32.4,0.0,5.363435745239258,0.17617912590503693
2025-07-07,17:11:32.4,-0.038175102323293686,0.07712805271148682,0.0144144082441926
2025-07-07,17:11:32.4,0.0,3.5105204582214355,1.3244833946228027
2025-07-07,17:11:32.4,-0.11861550062894821,3.581373691558838,1.2517991065979004
2025-07-07,17:11:32.4,-0.239957794547081,3.6602585315704346,1.1337289810180664
2025-07-07,17:11:32.7,-0.11725210398435593,3.4417202472686768,1.489571213722229
2025-07-07,17:11:32.7,-0.11861550062894821,3.4966323375701904,1.4720059633255005
2025-07-07,17:11:32.7,-0.239957794547081,3.563060998916626,1.4097627401351929
2025-07-07,17:11:32.7,0.0,5.320930004119873,0.13726024329662323
2025-07-07,17:11:32.7,0.0,5.3660569190979,0.05401124060153961
2025-07-07,17:11:32.7,-0.3599366843700409,3.4761574268341064,1.5897135734558105
2025-07-07,17:11:32.7,-0.16769777238368988,5.343386173248291,0.46646028757095337
2025-07-07,17:11:32.7,0.0,3.5104591846466064,1.3246456384658813
2025-07-07,17:11:32.7,-0.23450420796871185,3.5750575065612793,1.1144423484802246
2025-07-07,17:11:32.7,-0.11861550062894821,3.6077725887298584,1.1735484600067139
2025-07-07,17:11:32.7,-0.239957794547081,3.677877187728882,1.0751994848251343
2025-07-07,17:11:32.7,0.0,5.314285755157471,-0.2991741895675659
2025-07-07,17:11:32.7,0.0,5.344037055969238,-0.4886203408241272
2025-07-07,17:11:33.0,-0.23450420796871185,3.444182872772217,1.469904899597168
2025-07-07,17:11:33.0,-0.23723100125789642,3.4928359985351562,1.466672420501709
2025-07-07,17:11:33.0,-0.3599366843700409,3.559276819229126,1.3937029838562012
2025-07-07,17:11:33.0,0.0,5.313881874084473,0.30626213550567627
2025-07-07,17:11:33.0,0.0,5.355467319488525,0.3412525951862335
2025-07-07,17:11:33.0,0.0,5.317351818084717,0.723360002040863
2025-07-07,17:11:33.0,-0.11725210398435593,3.532935619354248,1.2580252885818481
2025-07-07,17:11:33.0,-0.11861550062894821,3.586660385131836,1.2365707159042358
2025-07-07,17:11:33.0,-0.239957794547081,3.6506054401397705,1.164437174797058
2025-07-07,17:11:33.0,0.0,5.366306781768799,-0.015388371422886848
2025-07-07,17:11:33.4,0.0,3.4186768531799316,1.5461751222610474
2025-07-07,17:11:33.4,-0.23723100125789642,3.513245105743408,1.4170880317687988
2025-07-07,17:11:33.4,-0.239957794547081,3.563089370727539,1.409691333770752
2025-07-07,17:11:33.4,-0.48536917567253113,3.7073216438293457,1.0476206541061401
2025-07-07,17:11:33.4,0.0,5.31931734085083,0.18972310423851013
2025-07-07,17:11:33.4,0.0,5.361634254455566,0.2244105339050293
2025-07-07,17:11:33.4,-0.11725210398435593,3.5581538677215576,1.1848219633102417
2025-07-07,17:11:33.4,-0.11861550062894821,3.594726324081421,1.2129228115081787
2025-07-07,17:11:33.4,-0.1199788972735405,3.65087628364563,1.1819992065429688
2025-07-07,17:11:33.7,0.0,3.4158778190612793,1.5523494482040405
2025-07-07,17:11:33.7,-0.23723100125789642,3.514664888381958,1.4135633707046509
2025-07-07,17:11:33.7,-0.239957794547081,3.5934996604919434,1.3302607536315918
2025-07-07,17:11:33.7,-0.48536917567253113,3.738748788833618,0.9292470812797546
2025-07-07,17:11:33.7,0.0,5.3086090087890625,0.38705015182495117
2025-07-07,17:11:33.7,0.0,5.360802173614502,0.24348214268684387
2025-07-07,17:11:33.7,-0.239957794547081,3.5076282024383545,1.5425233840942383
2025-07-07,17:11:33.7,0.0,3.5276806354522705,1.278076171875
2025-07-07,17:11:33.7,-0.11861550062894821,3.590837001800537,1.2243889570236206
2025-07-07,17:11:33.7,-0.1199788972735405,3.655331611633301,1.1681482791900635
2025-07-07,17:11:34.0,-0.11725210398435593,3.4110867977142334,1.5584444999694824
2025-07-07,17:11:34.0,-0.11861550062894821,3.4551990032196045,1.566792368888855
2025-07-07,17:11:34.0,-0.1199788972735405,3.5298306941986084,1.5054283142089844
2025-07-07,17:11:34.0,0.0,5.31859827041626,0.20892329514026642
2025-07-07,17:11:34.0,0.0,5.365317344665527,0.10418545454740524
2025-07-07,17:11:34.0,0.0,5.310670375823975,0.35764870047569275
2025-07-07,17:11:34.0,0.0,5.350846290588379,0.40734100341796875
2025-07-07,17:11:34.0,0.0,3.490325689315796,1.3768212795257568
2025-07-07,17:11:34.0,-0.11861550062894821,3.561896324157715,1.3061903715133667
2025-07-07,17:11:34.0,-0.239957794547081,3.6481432914733887,1.1721285581588745
2025-07-07,17:11:34.3,-0.11861550062894821,3.466865301132202,1.5408064126968384
2025-07-07,17:11:34.3,-0.3599366843700409,3.541048526763916,1.4393869638442993
2025-07-07,17:11:34.3,0.0,5.320301055908203,0.15979312360286713
2025-07-07,17:11:34.3,0.16769777238368988,5.363572120666504,-0.03812501206994057
2025-07-07,17:11:34.3,0.0,5.306492328643799,0.41505953669548035
2025-07-07,17:11:34.3,0.16769777238368988,5.358070373535156,0.24585220217704773
2025-07-07,17:11:34.3,0.0,3.4795567989349365,1.4038141965866089
2025-07-07,17:11:34.3,-0.11861550062894821,3.5603415966033936,1.3104221820831299
2025-07-07,17:11:34.3,-0.239957794547081,3.6100282669067383,1.2847293615341187
2025-07-07,17:11:34.3,0.1663343757390976,5.320093631744385,-0.008416390977799892
2025-07-07,17:11:34.3,0.0,5.356822967529297,-0.31926196813583374
2025-07-07,17:11:34.7,-0.11861550062894821,3.4698688983917236,1.5340306758880615
2025-07-07,17:11:34.7,-0.239957794547081,3.5428876876831055,1.4597197771072388
2025-07-07,17:11:34.7,-0.6067114472389221,3.694129228591919,1.0308430194854736
2025-07-07,17:11:34.7,0.0,5.313746929168701,0.308593213558197
2025-07-07,17:11:34.7,0.0,5.363192558288574,0.1834421157836914
2025-07-07,17:11:34.7,0.0,3.4990246295928955,1.3545610904693604
2025-07-07,17:11:34.7,-0.11861550062894821,3.5552895069122314,1.3240679502487183
2025-07-07,17:11:34.7,-0.239957794547081,3.6253559589385986,1.2408174276351929
2025-07-07,17:11:35.0,-0.23450420796871185,3.4507369995117188,1.4544522762298584
2025-07-07,17:11:35.0,-0.23723100125789642,3.513554334640503,1.4163212776184082
2025-07-07,17:11:35.0,-0.3599366843700409,3.6065940856933594,1.2662301063537598
2025-07-07,17:11:35.0,2.4641303198971457e-35,6.457253388531973e-40,3.776494347140832e+19
2025-07-07,17:11:35.0,8194.5234375,8796104556544.0,7.891615496561781e-32
2025-07-07,17:11:35.0,0.0,2.350988701644575e-38,-4.656612873077393e-10
2025-07-07,17:11:35.0,-24895554.0,9.987950597947993e+35,5.853815033436706e-39
2025-07-07,17:11:35.0,1635943710720.0,52879977086976.0,5.851640218220074e-39
2025-07-07,17:11:35.0,-2.9344982199210044e-31,-3.465856363819696e+18,5.848995968017893e-39
2025-07-07,17:11:35.0,-1.5428044379100927e+34,-206872461312.0,5.5675199480858956e-39
2025-07-07,17:11:35.0,1.1641532182693481e-10,-2.7380125076914563e-12,5.705500202674103e-39
2025-07-07,17:11:35.0,-2199023255552.0,-3.6393863848790203e+24,-0.002914871321991086
2025-07-07,17:11:35.0,-9.056949784280732e-05,3305232400384.0,-0.0029234387911856174
2025-07-07,17:11:35.4,-0.11588870733976364,3.3737759590148926,1.5351618528366089
2025-07-07,17:11:35.4,-0.11725210398435593,3.431974411010742,1.5118907690048218
2025-07-07,17:11:35.4,-0.23723100125789642,3.5140559673309326,1.4150766134262085
2025-07-07,17:11:35.4,-0.239957794547081,3.5845301151275635,1.3542447090148926
2025-07-07,17:11:35.4,0.0,5.322364807128906,-0.059731584042310715
2025-07-07,17:11:35.4,0.0,5.360907554626465,0.2411462366580963
2025-07-07,17:11:35.4,-0.239957794547081,3.511552333831787,1.5335693359375
2025-07-07,17:11:35.4,0.0,5.312182426452637,0.33444100618362427
2025-07-07,17:11:35.4,0.16769777238368988,5.318362236022949,0.6959757804870605
2025-07-07,17:11:35.4,-0.11725210398435593,3.5143117904663086,1.3091505765914917
2025-07-07,17:11:35.4,-0.23723100125789642,3.605107307434082,1.1637145280838013
2025-07-07,17:11:35.4,-0.239957794547081,3.6776905059814453,1.0758382081985474
2025-07-07,17:11:35.7,0.06544303148984909,0.25345760583877563,-0.0010497563052922487
2025-07-07,17:11:35.7,-0.3476661145687103,3.6347310543060303,0.6483631134033203
2025-07-07,17:11:35.7,-0.11725210398435593,3.534149408340454,1.2546112537384033
2025-07-07,17:11:35.7,-0.23723100125789642,3.5692992210388184,1.2693039178848267
2025-07-07,17:11:35.7,-0.239957794547081,3.5991196632385254,1.3149796724319458
2025-07-07,17:11:35.7,-0.36402687430381775,3.5008974075317383,1.6396734714508057
2025-07-07,17:11:35.7,-0.23450420796871185,3.42849063873291,1.5061438083648682
2025-07-07,17:11:35.7,-0.23723100125789642,3.4472272396087646,1.5708770751953125
2025-07-07,17:11:35.7,0.04771887883543968,0.2125253677368164,0.011934809386730194
2025-07-07,17:11:35.7,0.05726265162229538,0.25505009293556213,0.013967663049697876
2025-07-07,17:11:35.7,-0.11861550062894821,3.676715135574341,0.9354166388511658
2025-07-07,17:11:35.7,-0.1199788972735405,3.6707136631011963,1.1188750267028809
2025-07-07,17:11:35.7,0.06544303148984909,0.25345471501350403,-0.001601767260581255
2025-07-07,17:11:35.7,-0.23177741467952728,3.672367811203003,0.4609886705875397
2025-07-07,17:11:35.7,0.0,3.6015069484710693,1.0522152185440063
2025-07-07,17:11:35.7,-0.11861550062894821,3.640108823776245,1.069040060043335
2025-07-07,17:11:35.7,-0.239957794547081,3.6744651794433594,1.0868024826049805
2025-07-07,17:11:35.7,-0.36402687430381775,3.61905574798584,1.3591347932815552
2025-07-07,17:11:36.0,-0.3476661145687103,3.478079080581665,1.2387940883636475
2025-07-07,17:11:36.0,-0.3517563045024872,3.5135583877563477,1.2685365676879883
2025-07-07,17:11:36.0,-0.35584649443626404,3.552652597427368,1.288154125213623
2025-07-07,17:11:36.0,-0.479915589094162,3.5885918140411377,1.2775382995605469
2025-07-07,17:11:36.0,0.0,5.32179069519043,-0.09837385267019272
2025-07-07,17:11:36.0,-0.16769777238368988,5.36246395111084,0.11549554020166397
2025-07-07,17:11:36.0,-0.3476661145687103,3.3493666648864746,1.5535082817077637
2025-07-07,17:11:36.0,-0.3517563045024872,3.410740375518799,1.523524522781372
2025-07-07,17:11:36.0,-0.35584649443626404,3.4510202407836914,1.539851188659668
2025-07-07,17:11:36.0,-0.479915589094162,3.4773519039154053,1.555030345916748
2025-07-07,17:11:36.0,-0.1663343757390976,5.316888332366943,0.18484143912792206
2025-07-07,17:11:36.0,0.0,5.3619704246521,0.21623903512954712
2025-07-07,17:11:36.0,0.032721515744924545,0.2393648773431778,0.10078888386487961
2025-07-07,17:11:36.0,-0.23450420796871185,3.5899229049682617,1.0655843019485474
2025-07-07,17:11:36.0,-0.23723100125789642,3.6354000568389893,1.0653157234191895
2025-07-07,17:11:36.0,-0.3599366843700409,3.687497854232788,1.0065879821777344
2025-07-07,17:11:36.4,0.061352845281362534,0.20683623850345612,-0.03226703032851219
2025-07-07,17:11:36.4,-0.09543775767087936,1.4995777606964111,0.27184513211250305
2025-07-07,17:11:36.4,-0.1649709790945053,5.26580810546875,0.33562561869621277
2025-07-07,17:11:36.4,-0.3326687514781952,5.2883124351501465,0.5042020082473755
2025-07-07,17:11:36.4,-0.33539554476737976,5.325058937072754,0.5733606219291687
2025-07-07,17:11:36.4,-0.33812233805656433,5.357913017272949,0.6678938269615173
2025-07-07,17:11:36.4,0.05453586205840111,0.21118973195552826,-0.003361221170052886
2025-07-07,17:11:36.4,0.04771887883543968,0.29471972584724426,0.06428731977939606
2025-07-07,17:11:36.4,0.04362868890166283,0.336696058511734,0.08095613121986389
2025-07-07,17:11:36.4,-0.3299419581890106,5.228219985961914,0.6522632241249084
2025-07-07,17:11:36.4,-0.3326687514781952,5.248668670654297,0.8197201490402222
2025-07-07,17:11:36.4,-0.33539554476737976,5.280803203582764,0.8933708667755127
2025-07-07,17:11:36.4,-0.33812233805656433,5.303768634796143,1.011608600616455
2025-07-07,17:11:36.4,0.05453586205840111,0.21043714880943298,0.01812761090695858
2025-07-07,17:11:36.4,0.08180379122495651,0.24548514187335968,0.03962114080786705
2025-07-07,17:11:36.4,0.04771887883543968,0.27958834171295166,0.11323834210634232
2025-07-07,17:11:36.4,0.05453586205840111,0.32881230115890503,0.10358531773090363
2025-07-07,17:11:36.4,0.04908227548003197,0.3842276334762573,0.0643467828631401
2025-07-07,17:11:36.4,-0.4990031123161316,5.174084186553955,1.1449816226959229
2025-07-07,17:11:36.4,-0.5030933022499084,5.185758590698242,1.2854139804840088
2025-07-07,17:11:36.4,-1.6987920999526978,3.4145989418029785,-0.7293465733528137
2025-07-07,17:11:36.4,-0.49491292238235474,5.250847339630127,0.2285987287759781
2025-07-07,17:11:36.4,-0.1649709790945053,5.275689125061035,0.09210404753684998
2025-07-07,17:11:36.4,-0.3326687514781952,5.309009075164795,0.18678680062294006
2025-07-07,17:11:36.4,-0.33539554476737976,5.350363731384277,0.24208064377307892
2025-07-07,17:11:36.4,-0.33812233805656433,5.389528274536133,0.3260306715965271
2025-07-07,17:11:36.7,0.0,1.451990008354187,0.30352550745010376
2025-07-07,17:11:36.7,0.0,1.499277949333191,0.2896678149700165
2025-07-07,17:11:36.7,0.0,1.5500366687774658,0.2535228729248047
2025-07-07,17:11:36.7,-0.3299419581890106,5.2392964363098145,0.5563284158706665
2025-07-07,17:11:36.7,-0.1663343757390976,5.286733150482178,0.5949124693870544
2025-07-07,17:11:36.7,-0.33539554476737976,5.320426940917969,0.6148590445518494
2025-07-07,17:11:36.7,-0.16906116902828217,5.376408100128174,0.5773183703422546
2025-07-07,17:11:36.7,-0.17042456567287445,5.4390130043029785,0.36013150215148926
2025-07-07,17:11:36.7,-0.34357592463493347,5.470192909240723,0.4222724139690399
2025-07-07,17:11:36.7,0.0,6.445163249969482,-0.3915577530860901
2025-07-07,17:11:36.7,0.0,6.486538887023926,-0.4284698963165283
2025-07-07,17:11:36.7,0.0,6.539626121520996,-0.24738410115242004
2025-07-07,17:11:36.7,0.0,1.432997465133667,0.3833030164241791
2025-07-07,17:11:36.7,0.0,1.4810926914215088,0.37162622809410095
2025-07-07,17:11:36.7,-0.04908227548003197,1.5290464162826538,0.355662077665329
2025-07-07,17:11:36.7,-0.14179323613643646,4.243342399597168,1.600559115409851
2025-07-07,17:11:36.7,-0.3299419581890106,5.194053649902344,0.8840455412864685
2025-07-07,17:11:36.7,-0.3326687514781952,5.2298808097839355,0.9321008324623108
2025-07-07,17:11:36.7,-0.16769777238368988,5.2813591957092285,0.9362735748291016
2025-07-07,17:11:36.7,-0.33812233805656433,5.32275915145874,0.9063923954963684
2025-07-07,17:11:36.7,-0.17042456567287445,5.4034423828125,0.7178898453712463
2025-07-07,17:11:36.7,-0.34357592463493347,5.365249156951904,1.1469208002090454
2025-07-07,17:11:36.7,-0.403565376996994,6.443530559539795,0.10719376802444458
2025-07-07,17:11:36.7,-0.2031460851430893,6.497435092926025,0.028936717659235
2025-07-07,17:11:36.7,-0.20450948178768158,6.53928279876709,0.1544637531042099
2025-07-07,17:11:36.7,-0.5399050116539001,8.436749458312988,1.775695562362671
2025-07-07,17:11:36.7,-0.5426318049430847,8.469161033630371,1.8324508666992188
2025-07-07,17:11:36.7,-0.0463554821908474,1.3952690362930298,0.5014760494232178
2025-07-07,17:11:36.7,-0.04771887883543968,1.449121356010437,0.47907373309135437
2025-07-07,17:11:36.7,-0.04908227548003197,1.5068285465240479,0.4403934180736542
2025-07-07,17:11:36.7,-0.3299419581890106,5.12333345413208,1.2293026447296143
2025-07-07,17:11:36.7,-0.3326687514781952,5.159623622894287,1.264416217803955
2025-07-07,17:11:36.7,-0.16769777238368988,5.2108283042907715,1.2714670896530151
2025-07-07,17:11:36.7,-0.33812233805656433,5.255583763122559,1.2378007173538208
2025-07-07,17:11:36.7,-0.3408491313457489,5.340839385986328,1.0492192506790161
2025-07-07,17:11:36.7,-0.4062921702861786,6.484314441680908,0.2176283746957779
2025-07-07,17:11:36.7,0.09543775767087936,0.2879689633846283,0.03514506667852402
2025-07-07,17:11:36.7,0.10907172411680222,0.3273400664329529,0.05266338586807251
2025-07-07,17:11:36.7,0.12270569056272507,0.35689017176628113,0.10841211676597595
2025-07-07,17:11:36.7,-0.1649709790945053,5.270958423614502,0.2416030913591385
2025-07-07,17:11:36.7,-0.1663343757390976,5.312793731689453,0.2787283957004547
2025-07-07,17:11:36.7,-0.16769777238368988,5.355717658996582,0.292662113904953
2025-07-07,17:11:36.7,-0.16906116902828217,5.4010491371154785,0.26024705171585083
2025-07-07,17:11:37.0,0.0463554821908474,1.4636085033416748,0.23686319589614868
2025-07-07,17:11:37.0,0.04771887883543968,1.5035414695739746,0.2623499929904938
2025-07-07,17:11:37.0,0.04908227548003197,1.5485763549804688,0.2576621174812317
2025-07-07,17:11:37.0,0.1008913442492485,1.6012324094772339,0.1780901849269867
2025-07-07,17:11:37.0,1.5774497985839844,3.5375616550445557,0.2731964588165283
2025-07-07,17:11:37.0,0.1377030462026596,4.296891212463379,0.9669438600540161
2025-07-07,17:11:37.0,0.1390664428472519,4.386739730834961,0.7353892922401428
2025-07-07,17:11:37.0,-0.1649709790945053,5.2586774826049805,0.4332329034805298
2025-07-07,17:11:37.0,-0.3326687514781952,5.298695087432861,0.37986135482788086
2025-07-07,17:11:37.0,-0.16769777238368988,5.353493690490723,0.3308596909046173
2025-07-07,17:11:37.0,-0.33812233805656433,5.399364471435547,0.013318988494575024
2025-07-07,17:11:37.0,0.0,8.654515266418457,0.6916453838348389
2025-07-07,17:11:37.0,-0.27267929911613464,8.721039772033691,-0.08715015649795532
2025-07-07,17:11:37.0,0.0463554821908474,1.4419653415679932,0.3449488580226898
2025-07-07,17:11:37.0,0.04771887883543968,1.4819750785827637,0.36498528718948364
2025-07-07,17:11:37.0,0.04908227548003197,1.5280685424804688,0.3598405122756958
2025-07-07,17:11:37.0,0.1008913442492485,1.5833895206451416,0.2975543737411499
2025-07-07,17:11:37.0,0.0,4.138706207275391,1.3804845809936523
2025-07-07,17:11:37.0,0.0,4.2050700187683105,1.3170439004898071
2025-07-07,17:11:37.0,0.0,4.312950134277344,1.096396803855896
2025-07-07,17:11:37.0,-0.1649709790945053,5.231377124786377,0.6885286569595337
2025-07-07,17:11:37.0,-0.1663343757390976,5.2756123542785645,0.686571478843689
2025-07-07,17:11:37.0,-0.33539554476737976,5.333154678344727,0.492397665977478
2025-07-07,17:11:37.0,-0.33812233805656433,5.399151802062988,0.04973246529698372
2025-07-07,17:11:37.0,-0.27131590247154236,8.568933486938477,1.3706825971603394
2025-07-07,17:11:37.0,-0.27267929911613464,8.72145938873291,0.01688583381474018
2025-07-07,17:11:37.0,0.13361285626888275,0.5905423760414124,0.08053551614284515
2025-07-07,17:11:37.0,0.12270568311214447,0.6303836107254028,0.1258525252342224
2025-07-07,17:11:37.0,0.13088606297969818,0.659116268157959,0.18900001049041748
2025-07-07,17:11:37.0,0.1390664428472519,0.6835959553718567,0.2519083023071289
2025-07-07,17:11:37.0,0.0736234113574028,2.1264569671476524e-37,2.4641303198971457e-35
2025-07-07,17:11:37.0,-2.776616855121052e-40,128.00003051757812,5.766383234313093e+17
2025-07-07,17:11:37.0,2.1332962845624825e-38,1.504632769052528e-36,0.0
2025-07-07,17:11:37.0,0.0,9.4039548065783e-38,0.0
2025-07-07,17:11:37.0,-9451534.0,6.788124013451098e-36,-8.240944815440798e-09
2025-07-07,17:11:37.0,-2.766876985832739e+30,-2.828210812121792e+33,4.947991886009029e-13
2025-07-07,17:11:37.0,-2331118336.0,9754328143233024.0,-1.6315701978992765e+23
2025-07-07,17:11:37.0,-4.037092446844871e-37,3.129855055683528e-11,3.305360587546602e-05
2025-07-07,17:11:37.0,563280.625,35953700.0,1.6816173262412237e+29
2025-07-07,17:11:37.0,546.28173828125,-1.6402862865053585e-33,-7.7689035760109e-12
2025-07-07,17:11:37.0,-2.7676006488283604e+33,2.630926880971673e+27,8738.5078125
2025-07-07,17:11:37.0,0.13292324542999268,3.103120538305859e-11,2397762129756160.0
2025-07-07,17:11:37.0,9554764635308032.0,-1.0532739713876313e-31,1.0552722924149064e+28
2025-07-07,17:11:37.0,-1.7759291713885843e+35,545.64111328125,-146502975488.0
2025-07-07,17:11:37.0,34.037139892578125,2.636291784444118e+27,2238786.0
2025-07-07,17:11:37.0,1.2093115137751242e-13,1.6121085226135427e+23,35734560.0
2025-07-07,17:11:37.0,599766882844672.0,2.031798430834897e-06,4.089901168235831e-34
2025-07-07,17:11:37.0,2.703044493631267e+30,1.0308344959666114e+25,-4.108121330673577e-34
2025-07-07,17:11:37.0,-3.0977026499456883e-11,143138944.0,1.648249049255518e+26
2025-07-07,17:11:37.0,1.1831027981981006e-16,2.5002236249788537e-38,2.5701502641448136e+24
2025-07-07,17:11:37.0,36500963328.0,-139492.125,-7.058486912138194e+35
2025-07-07,17:11:37.0,136.4454345703125,-7.947626556870091e-09,6.604140981921645e+26
2025-07-07,17:11:37.0,-139404.125,4.093897389851146e-34,146284871680.0
2025-07-07,17:11:37.0,0.00012999039608985186,7.038311659690494e-24,-0.03328898549079895
2025-07-07,17:11:37.0,6.54628689742704e-33,6.71225706070947e-30,1.1331873516403405e+37
2025-07-07,17:11:37.0,-1.6406932628829267e+26,2.5112811801406635e+21,1.9369523346357553e-12
2025-07-07,17:11:37.0,-4.3108824673661025e+31,-8708.5068359375,-543.0629272460938
2025-07-07,17:11:37.0,9126288384.0,-1.1267437886613582e-22,2.6822062214350923e-29
2025-07-07,17:11:37.0,-8.484138488769531,4.397682116820139e-25,146205179904.0
2025-07-07,17:11:37.0,8708.5078125,-2.8815689668291414e-20,-1.606435968666892e+23
2025-07-07,17:11:37.4,-0.019087551161646843,0.03821218013763428,0.008885783143341541
2025-07-07,17:11:37.7,-0.038175102323293686,0.07712805271148682,0.0144144082441926
2025-07-07,17:11:38.1,-0.038175102323293686,0.07704883813858032,0.01483201328665018
2025-07-07,17:11:38.5,-0.038175102323293686,0.07711702585220337,0.01447326224297285
2025-07-07,17:11:38.8,-0.019087551161646843,0.03825046494603157,0.008719509467482567
2025-07-07,17:11:38.8,-0.038175102323293686,0.07718098163604736,0.014128252863883972
2025-07-07,17:11:39.3,-1.0429983139038086,1.965453863143921,0.007172332610934973
2025-07-07,17:11:39.3,-0.038175102323293686,0.07711298018693924,0.014494826085865498
2025-07-07,17:11:39.6,0.34357592463493347,0.6841185688972473,-0.17509788274765015
2025-07-07,17:11:39.6,0.34493932127952576,0.9138258099555969,0.22993643581867218
2025-07-07,17:11:39.6,0.3599366843700409,0.9280620813369751,0.32487016916275024
2025-07-07,17:11:39.9,0.20996306836605072,0.3995554745197296,-0.1630641669034958
2025-07-07,17:11:39.9,0.19632908701896667,0.4600793421268463,-0.15453308820724487
2025-07-07,17:11:39.9,0.19496570527553558,0.3973482847213745,-0.1855308562517166
2025-07-07,17:11:39.9,0.2576819360256195,0.8207910656929016,-0.3151651620864868
2025-07-07,17:11:39.9,-1.8814871311187744,3.544865608215332,0.06957092881202698
2025-07-07,17:11:40.2,0.8971148729324341,1.8432368040084839,-0.049110110849142075
2025-07-07,17:11:40.2,0.8507593870162964,1.9135781526565552,-0.0020604559686034918
2025-07-07,17:11:40.6,0.17724154889583588,0.36573565006256104,0.1586477905511856
2025-07-07,17:11:40.6,-0.038175102323293686,0.07710587233304977,0.014532564207911491
2025-07-07,17:11:40.9,0.17996834218502045,0.406338632106781,0.18116092681884766
2025-07-07,17:11:40.9,0.15951739251613617,0.34039148688316345,0.11343849450349808
2025-07-07,17:11:40.9,0.17724154889583588,0.36429157853126526,0.1619361937046051
2025-07-07,17:11:41.3,0.1649709790945053,0.4211585223674774,0.1604027897119522
2025-07-07,17:11:41.3,0.1649709790945053,0.4195705056190491,0.16451187431812286
2025-07-07,17:11:41.3,-0.038175102323293686,0.0774649903178215,0.0124774519354105
2025-07-07,17:11:41.3,0.11452530324459076,0.23241685330867767,-0.037296172231435776
2025-07-07,17:11:41.6,0.08725737780332565,0.3187534809112549,0.112267404794693
2025-07-07,17:11:41.6,0.0736234113574028,0.3711538314819336,0.10490428656339645
2025-07-07,17:11:41.6,0.08180379122495651,0.41610708832740784,0.10251486301422119
2025-07-07,17:11:41.6,0.08998417109251022,0.45649564266204834,0.11761608719825745
2025-07-07,17:11:41.6,0.08725737780332565,0.31594252586364746,0.11995027214288712
2025-07-07,17:11:41.6,0.0736234113574028,0.36524754762649536,0.12391244620084763
2025-07-07,17:11:41.6,0.08180379122495651,0.4086604416370392,0.1290389448404312
2025-07-07,17:11:41.6,0.08998417109251022,0.4505239427089691,0.13874435424804688
2025-07-07,17:11:41.6,0.09816454350948334,0.4846453368663788,0.17199181020259857
2025-07-07,17:11:41.6,0.06544303148984909,0.3148975968360901,0.13556663691997528
2025-07-07,17:11:41.6,0.061352845281362534,0.3596303462982178,0.14519748091697693
2025-07-07,17:11:41.6,0.08180379122495651,0.3997638523578644,0.154412642121315
2025-07-07,17:11:41.6,0.08998417109251022,0.44280603528022766,0.1616930216550827
2025-07-07,17:11:41.6,0.09816454350948334,0.48033300042152405,0.18369129300117493
2025-07-07,17:11:41.6,-0.053172461688518524,0.11361507326364517,0.0373559333384037
2025-07-07,17:11:41.9,0.07635020464658737,0.278494268655777,0.09940445423126221
2025-07-07,17:11:41.9,0.04908227548003197,0.37926045060157776,0.08906690776348114
2025-07-07,17:11:41.9,0.05453586205840111,0.4209114909172058,0.10102283954620361
2025-07-07,17:11:41.9,0.05998944863677025,0.465538889169693,0.09996896982192993
2025-07-07,17:11:41.9,0.07635020464658737,0.27266544103622437,0.11442840844392776
2025-07-07,17:11:41.9,0.04908227548003197,0.37148788571357727,0.11733777076005936
2025-07-07,17:11:41.9,0.05453586205840111,0.4132372736930847,0.12886829674243927
2025-07-07,17:11:41.9,0.07498680800199509,0.456875741481781,0.12633495032787323
2025-07-07,17:11:41.9,0.04908227548003197,0.35961946845054626,0.1498173475265503
2025-07-07,17:11:41.9,0.05453586205840111,0.4034136235713959,0.15693797171115875
2025-07-07,17:11:41.9,0.05998944863677025,0.4514479339122772,0.15137703716754913
2025-07-07,17:11:41.9,0.07635020464658737,0.28339582681655884,0.08442222326993942
2025-07-07,17:11:41.9,0.04908227548003197,0.38539981842041016,0.05690671503543854
2025-07-07,17:11:41.9,0.05453586205840111,0.4269251227378845,0.07146347314119339
2025-07-07,17:11:41.9,0.07498680800199509,0.468353807926178,0.07307986915111542
2025-07-07,17:11:42.3,0.04908227548003197,0.38297706842422485,0.07141396403312683
2025-07-07,17:11:42.3,0.05453586205840111,0.42026013135910034,0.10369916260242462
2025-07-07,17:11:42.3,0.07498680800199509,0.4681927561759949,0.07410456240177155
2025-07-07,17:11:42.3,0.04908227548003197,0.37675905227661133,0.09911621361970901
2025-07-07,17:11:42.3,0.05453586205840111,0.4109938144683838,0.13585352897644043
2025-07-07,17:11:42.3,0.07498680800199509,0.4622094929218292,0.10515855997800827
2025-07-07,17:11:42.3,0.061352845281362534,0.38642802834510803,0.03301016241312027
2025-07-07,17:11:42.3,0.06816982477903366,0.4283015727996826,0.0475069098174572
2025-07-07,17:11:42.3,0.061352845281362534,0.38474133610725403,0.04889173433184624
2025-07-07,17:11:42.3,0.06816982477903366,0.4243703782558441,0.07489272952079773
2025-07-07,17:11:42.3,0.07498680800199509,0.47177624702453613,0.04607740417122841
2025-07-07,17:11:42.6,0.07635020464658737,0.2798237204551697,0.09559806436300278
2025-07-07,17:11:42.6,0.07635020464658737,0.3264426589012146,0.09709494560956955
2025-07-07,17:11:42.6,0.0736234113574028,0.375670850276947,0.08735834062099457
2025-07-07,17:11:42.6,0.06816982477903366,0.4148603081703186,0.1165764257311821
2025-07-07,17:11:42.6,0.0736234113574028,0.36876165866851807,0.11302608996629715
2025-07-07,17:11:42.6,0.06816982477903366,0.4023689925670624,0.1542670577764511
2025-07-07,17:11:42.6,0.08589398115873337,0.28583550453186035,0.06472986191511154
2025-07-07,17:11:42.6,0.08725737780332565,0.333220899105072,0.05631667375564575
2025-07-07,17:11:42.6,0.0736234113574028,0.3834894895553589,0.041181210428476334
2025-07-07,17:11:42.6,0.08180379122495651,0.4251447916030884,0.05391004681587219
2025-07-07,17:11:42.6,0.08589398115873337,0.2812405824661255,0.0824354961514473
2025-07-07,17:11:42.6,0.07635020464658737,0.33262109756469727,0.0731809064745903
2025-07-07,17:11:42.6,0.08589398115873337,0.37754788994789124,0.06527091562747955
2025-07-07,17:11:42.6,0.08180379122495651,0.42012321949005127,0.08456289023160934
2025-07-07,17:11:42.9,0.08725737780332565,0.33127063512802124,0.06683947145938873
2025-07-07,17:11:42.9,0.0736234113574028,0.38008207082748413,0.06555680930614471
2025-07-07,17:11:42.9,0.08180379122495651,0.4245825409889221,0.05817257612943649
2025-07-07,17:11:42.9,0.08998417109251022,0.4707697927951813,-0.02444642409682274
2025-07-07,17:11:42.9,0.08725737780332565,0.3258848786354065,0.08948072046041489
2025-07-07,17:11:42.9,0.0736234113574028,0.3745059072971344,0.09222467243671417
2025-07-07,17:11:42.9,0.06816982477903366,0.42211657762527466,0.08669903129339218
2025-07-07,17:11:42.9,0.08725737780332565,0.3350653052330017,0.04403379186987877
2025-07-07,17:11:42.9,0.0736234113574028,0.3836672306060791,0.03949081525206566
2025-07-07,17:11:42.9,0.08180379122495651,0.4273909330368042,0.03148621693253517
2025-07-07,17:11:42.9,0.08998417109251022,0.46822187304496765,-0.05468197539448738
2025-07-07,17:11:43.3,0.07635020464658737,0.28791123628616333,0.06743458658456802
2025-07-07,17:11:43.3,0.08725737780332565,0.3294975459575653,0.07509409636259079
2025-07-07,17:11:43.3,0.09816455096006393,0.3777064085006714,0.043382588773965836
2025-07-07,17:11:43.3,0.06816982477903366,0.4290742874145508,0.0399298220872879
2025-07-07,17:11:43.3,0.04499208554625511,0.4588582217693329,0.13320587575435638
2025-07-07,17:11:43.3,0.06680642813444138,0.2855318784713745,0.08531182259321213
2025-07-07,17:11:43.3,0.07635020464658737,0.3260921835899353,0.0982656255364418
2025-07-07,17:11:43.3,0.08589398115873337,0.3770066499710083,0.06832774728536606
2025-07-07,17:11:43.3,0.05453586205840111,0.42699047923088074,0.07107192277908325
2025-07-07,17:11:43.3,0.04499208554625511,0.4496542513370514,0.16157269477844238
2025-07-07,17:11:43.3,0.07635020464658737,0.29183855652809143,0.047650329768657684
2025-07-07,17:11:43.3,0.08725737780332565,0.33370494842529297,0.05337365344166756
2025-07-07,17:11:43.3,0.09816455096006393,0.37972161173820496,0.018859514966607094
2025-07-07,17:11:43.3,0.06816982477903366,0.43072742223739624,0.013154255226254463
2025-07-07,17:11:43.3,0.05998944863677025,0.46498993039131165,0.10249194502830505
2025-07-07,17:11:43.6,0.07635020464658737,0.2880307137966156,0.0669223964214325
2025-07-07,17:11:43.6,0.08725737780332565,0.3295990526676178,0.07464727014303207
2025-07-07,17:11:43.6,0.09816455096006393,0.37769967317581177,0.04344123229384422
2025-07-07,17:11:43.6,0.06816982477903366,0.4285851716995239,0.04487624019384384
2025-07-07,17:11:43.6,0.05998944863677025,0.4615708291530609,0.11692995578050613
2025-07-07,17:11:43.6,0.06680642813444138,0.28570958971977234,0.08471481502056122
2025-07-07,17:11:43.6,0.07635020464658737,0.3263844847679138,0.09729031473398209
2025-07-07,17:11:43.6,0.08589398115873337,0.3772425055503845,0.06701339036226273
2025-07-07,17:11:43.6,0.06816982477903366,0.425567090511322,0.06776263564825058
2025-07-07,17:11:43.6,0.04499208554625511,0.45219355821609497,0.15432323515415192
2025-07-07,17:11:43.6,0.07635020464658737,0.29191866517066956,0.04715722054243088
2025-07-07,17:11:43.6,0.08725737780332565,0.333816796541214,0.05266954377293587
2025-07-07,17:11:43.6,0.09816455096006393,0.37972402572631836,0.01881067082285881
2025-07-07,17:11:43.6,0.06816982477903366,0.43047815561294556,0.01968960464000702
2025-07-07,17:11:43.6,0.05998944863677025,0.46772459149360657,0.08918493241071701
2025-07-07,17:11:43.9,0.07635020464658737,0.2880657911300659,0.06677127629518509
2025-07-07,17:11:43.9,0.08725737780332565,0.3295478820800781,0.07487280666828156
2025-07-07,17:11:43.9,0.09816455096006393,0.37759971618652344,0.044301580637693405
2025-07-07,17:11:43.9,0.06816982477903366,0.4275544583797455,0.05381735786795616
2025-07-07,17:11:43.9,0.05998944863677025,0.45778265595436096,0.13097816705703735
2025-07-07,17:11:43.9,0.06680642813444138,0.2856977880001068,0.0847545638680458
2025-07-07,17:11:43.9,0.07635020464658737,0.32615357637405396,0.09806162118911743
2025-07-07,17:11:43.9,0.08589398115873337,0.37699422240257263,0.06839621067047119
2025-07-07,17:11:43.9,0.05453586205840111,0.4253104031085968,0.08051789551973343
2025-07-07,17:11:43.9,0.05998944863677025,0.44925886392593384,0.1577552706003189
2025-07-07,17:11:43.9,0.07635020464658737,0.2918769121170044,0.04741491749882698
2025-07-07,17:11:43.9,0.08725737780332565,0.333713173866272,0.05332225561141968
2025-07-07,17:11:43.9,0.09816455096006393,0.37971070408821106,0.019078277051448822
2025-07-07,17:11:43.9,0.06816982477903366,0.4299888610839844,0.028437955304980278
2025-07-07,17:11:43.9,0.05998944863677025,0.4649018347263336,0.10289078205823898
2025-07-07,17:11:44.2,0.07635020464658737,0.28798484802246094,0.0671195238828659
2025-07-07,17:11:44.2,0.08725737780332565,0.3295122981071472,0.07502922415733337
2025-07-07,17:11:44.2,0.09816455096006393,0.37716543674468994,0.04785831272602081
2025-07-07,17:11:44.2,0.06816982477903366,0.42793768644332886,0.05068019777536392
2025-07-07,17:11:44.2,0.05998944863677025,0.4591769576072693,0.12600301206111908
2025-07-07,17:11:44.2,0.06680642813444138,0.28555962443351746,0.08521891385316849
2025-07-07,17:11:44.2,0.07635020464658737,0.3260005712509155,0.09856916218996048
2025-07-07,17:11:44.2,0.08589398115873337,0.37640222907066345,0.07158257067203522
2025-07-07,17:11:44.2,0.05453586205840111,0.4253979027271271,0.08005448430776596
2025-07-07,17:11:44.2,0.04499208554625511,0.45071831345558167,0.1585802137851715
2025-07-07,17:11:44.2,0.07635020464658737,0.2918907403945923,0.04732971265912056
2025-07-07,17:11:44.2,0.08725737780332565,0.33367255330085754,0.053575798869132996
2025-07-07,17:11:44.2,0.09816455096006393,0.37945643067359924,0.023600926622748375
2025-07-07,17:11:44.2,0.06816982477903366,0.4300788938999176,0.027042118832468987
2025-07-07,17:11:44.2,0.05998944863677025,0.4662722647190094,0.09649043530225754
2025-07-07,17:11:44.6,0.07635020464658737,0.28809359669685364,0.06665121763944626
2025-07-07,17:11:44.6,0.08725737780332565,0.32966169714927673,0.07437007874250412
2025-07-07,17:11:44.6,0.09816455096006393,0.37748977541923523,0.04522881656885147
2025-07-07,17:11:44.6,0.06816982477903366,0.42733699083328247,0.05551786720752716
2025-07-07,17:11:44.6,0.04499208554625511,0.45811739563941956,0.1357318013906479
2025-07-07,17:11:44.6,0.06680642813444138,0.28587162494659424,0.08416637778282166
2025-07-07,17:11:44.6,0.07635020464658737,0.32634520530700684,0.09742200374603271
2025-07-07,17:11:44.6,0.08589398115873337,0.37685319781303406,0.06916908919811249
2025-07-07,17:11:44.6,0.05453586205840111,0.4249200224876404,0.08255336433649063
2025-07-07,17:11:44.6,0.04499208554625511,0.44847747683525085,0.1648109406232834
2025-07-07,17:11:44.6,-0.038175102323293686,0.07721730321645737,0.013928369618952274
2025-07-07,17:11:44.6,0.07635020464658737,0.29194772243499756,0.04697692394256592
2025-07-07,17:11:44.6,0.08725737780332565,0.3338514268398285,0.05244965851306915
2025-07-07,17:11:44.6,0.09816455096006393,0.3796302378177643,0.02061721682548523
2025-07-07,17:11:44.6,0.06816982477903366,0.42992931604385376,0.029324378818273544
2025-07-07,17:11:44.6,0.05998944863677025,0.4654911160469055,0.10019112378358841
2025-07-07,17:11:44.9,0.07635020464658737,0.28790754079818726,0.06745031476020813
2025-07-07,17:11:44.9,0.08725737780332565,0.3294096291065216,0.07547874748706818
2025-07-07,17:11:44.9,0.09816455096006393,0.37748584151268005,0.045261770486831665
2025-07-07,17:11:44.9,0.05453586205840111,0.4295714199542999,0.053296104073524475
2025-07-07,17:11:44.9,0.05998944863677025,0.4580511450767517,0.1300361305475235
2025-07-07,17:11:44.9,0.06680642813444138,0.2854255437850952,0.08566687256097794
2025-07-07,17:11:44.9,0.07635020464658737,0.32602107524871826,0.0985012874007225
2025-07-07,17:11:44.9,0.08589398115873337,0.37689661979675293,0.06893213838338852
2025-07-07,17:11:44.9,0.05453586205840111,0.42607370018959045,0.07637599110603333
2025-07-07,17:11:44.9,0.04499208554625511,0.44909918308258057,0.16310922801494598
2025-07-07,17:11:44.9,0.07635020464658737,0.29186198115348816,0.04750676080584526
2025-07-07,17:11:44.9,0.08725737780332565,0.33363932371139526,0.053782396018505096
2025-07-07,17:11:44.9,0.09816455096006393,0.3796292841434479,0.020634956657886505
2025-07-07,17:11:44.9,0.06816982477903366,0.43030989170074463,0.02307693473994732
2025-07-07,17:11:44.9,0.05998944863677025,0.4652941823005676,0.10110175609588623
2025-07-07,17:11:45.3,0.07635020464658737,0.28797751665115356,0.06715106964111328
2025-07-07,17:11:45.3,0.08725737780332565,0.32945188879966736,0.07529406249523163
2025-07-07,17:11:45.3,0.09816455096006393,0.377771258354187,0.042814284563064575
2025-07-07,17:11:45.3,0.05453586205840111,0.42969271540641785,0.05230916291475296
2025-07-07,17:11:45.3,0.05998944863677025,0.4586600661277771,0.12787170708179474
2025-07-07,17:11:45.3,0.06680642813444138,0.2855702042579651,0.08518344163894653
2025-07-07,17:11:45.3,0.07635020464658737,0.3260170519351959,0.09851458668708801
2025-07-07,17:11:45.3,0.09816455096006393,0.37418240308761597,0.06731794029474258
2025-07-07,17:11:45.3,0.05453586205840111,0.4260272681713104,0.0766344889998436
2025-07-07,17:11:45.3,0.04499208554625511,0.45067092776298523,0.15871481597423553
2025-07-07,17:11:45.3,-0.038175102323293686,0.07721730321645737,0.013928369618952274
2025-07-07,17:11:45.3,0.07635020464658737,0.2917623519897461,0.0481148436665535
2025-07-07,17:11:45.3,0.08725737780332565,0.3335554897785187,0.05429982766509056
2025-07-07,17:11:45.3,0.09816455096006393,0.37974071502685547,0.018470827490091324
2025-07-07,17:11:45.3,0.06816982477903366,0.43030911684036255,0.023090863600373268
2025-07-07,17:11:45.3,0.05998944863677025,0.4655255973339081,0.1000308245420456
2025-07-07,17:11:45.6,0.07635020464658737,0.2879461646080017,0.06728528439998627
2025-07-07,17:11:45.6,0.08725737780332565,0.3294462263584137,0.0753188505768776
2025-07-07,17:11:45.6,0.09816455096006393,0.3777744770050049,0.04278595745563507
2025-07-07,17:11:45.6,0.06816982477903366,0.42836251854896545,0.046954091638326645
2025-07-07,17:11:45.6,0.05998944863677025,0.4596078395843506,0.12442214041948318
2025-07-07,17:11:45.6,0.06680642813444138,0.28551343083381653,0.08537348359823227
2025-07-07,17:11:45.6,0.07635020464658737,0.32592689990997314,0.09881237894296646
2025-07-07,17:11:45.6,0.08589398115873337,0.37701231241226196,0.06829646974802017
2025-07-07,17:11:45.6,0.05453586205840111,0.42619431018829346,0.07570001482963562
2025-07-07,17:11:45.6,0.04499208554625511,0.4506072402000427,0.1588955819606781
2025-07-07,17:11:45.6,0.07635020464658737,0.2918076515197754,0.04783928766846657
2025-07-07,17:11:45.6,0.08725737780332565,0.3336106836795807,0.053959790617227554
2025-07-07,17:11:45.6,0.09816455096006393,0.3797720670700073,0.017814241349697113
2025-07-07,17:11:45.6,0.06816982477903366,0.4304177165031433,0.02096942625939846
2025-07-07,17:11:45.6,0.05998944863677025,0.46636757254600525,0.09602883458137512
2025-07-07,17:11:45.9,0.07635020464658737,0.28806811571121216,0.0667613223195076
2025-07-07,17:11:45.9,0.08725737780332565,0.3295968174934387,0.0746571347117424
2025-07-07,17:11:45.9,0.09816455096006393,0.3772336542606354,0.04731742665171623
2025-07-07,17:11:45.9,0.06816982477903366,0.4273304343223572,0.05556821823120117
2025-07-07,17:11:45.9,0.05998944863677025,0.4574642479419708,0.13208593428134918
2025-07-07,17:11:45.9,0.06680642813444138,0.28558018803596497,0.08515001833438873
2025-07-07,17:11:45.9,0.07635020464658737,0.3262454569339752,0.0977555587887764
2025-07-07,17:11:45.9,0.08589398115873337,0.37648898363113403,0.0711248368024826
2025-07-07,17:11:45.9,0.06816982477903366,0.422817587852478,0.08321309834718704
2025-07-07,17:11:45.9,0.04499208554625511,0.4491121768951416,0.1630733609199524
2025-07-07,17:11:45.9,0.07635020464658737,0.2919621169567108,0.04688730090856552
2025-07-07,17:11:45.9,0.08725737780332565,0.33376285433769226,0.053010448813438416
2025-07-07,17:11:45.9,0.09816455096006393,0.3795008659362793,0.022875314578413963
2025-07-07,17:11:45.9,0.06816982477903366,0.42991676926612854,0.029507646337151527
2025-07-07,17:11:45.9,0.05998944863677025,0.4646816849708557,0.1038806140422821
2025-07-07,17:11:46.3,0.07635020464658737,0.2882497310638428,0.06597268581390381
2025-07-07,17:11:46.3,0.08725737780332565,0.32970350980758667,0.07418451458215714
2025-07-07,17:11:46.3,0.09816455096006393,0.3772715926170349,0.04701417312026024
2025-07-07,17:11:46.3,0.06816982477903366,0.4276432394981384,0.05310729891061783
2025-07-07,17:11:46.3,0.05998944863677025,0.45743125677108765,0.13220025599002838
2025-07-07,17:11:46.3,0.06680642813444138,0.2859335243701935,0.08395585417747498
2025-07-07,17:11:46.3,0.07635020464658737,0.32637694478034973,0.09731566905975342
2025-07-07,17:11:46.3,0.08589398115873337,0.37662336230278015,0.07040970027446747
2025-07-07,17:11:46.3,0.06816982477903366,0.42384010553359985,0.07783768326044083
2025-07-07,17:11:46.3,0.04499208554625511,0.4484427273273468,0.16490547358989716
2025-07-07,17:11:46.3,-0.038175102323293686,0.07717645168304443,0.01415298879146576
2025-07-07,17:11:46.3,0.07635020464658737,0.29207292199134827,0.046192001551389694
2025-07-07,17:11:46.3,0.08725737780332565,0.3338521122932434,0.052445344626903534
2025-07-07,17:11:46.3,0.09816455096006393,0.3794838488101959,0.023155979812145233
2025-07-07,17:11:46.3,0.06816982477903366,0.43000468611717224,0.028197551146149635
2025-07-07,17:11:46.3,0.05998944863677025,0.4643385708332062,0.10540372878313065
2025-07-07,17:11:46.6,0.07635020464658737,0.2882256507873535,0.06607773900032043
2025-07-07,17:11:46.6,0.08725737780332565,0.32970309257507324,0.07418635487556458
2025-07-07,17:11:46.6,0.09816455096006393,0.37756842374801636,0.04456774517893791
2025-07-07,17:11:46.6,0.06816982477903366,0.4278903007507324,0.051078494638204575
2025-07-07,17:11:46.6,0.05998944863677025,0.4586174190044403,0.128024622797966
2025-07-07,17:11:46.6,0.06680642813444138,0.2860141694545746,0.08368073403835297
2025-07-07,17:11:46.6,0.07635020464658737,0.3264545798301697,0.09705493599176407
2025-07-07,17:11:46.6,0.08589398115873337,0.37682339549064636,0.06933118402957916
2025-07-07,17:11:46.6,0.06816982477903366,0.42405661940574646,0.07664928585290909
2025-07-07,17:11:46.6,0.05998944863677025,0.4497814178466797,0.15625910460948944
2025-07-07,17:11:46.6,0.07635020464658737,0.29203832149505615,0.04641038179397583
2025-07-07,17:11:46.6,0.08725737780332565,0.3338359594345093,0.05254801735281944
2025-07-07,17:11:46.6,0.09816455096006393,0.3796353042125702,0.02052386850118637
2025-07-07,17:11:46.6,0.06816982477903366,0.43010610342025757,0.026605917140841484
2025-07-07,17:11:46.6,0.05998944863677025,0.4646172523498535,0.10416840016841888
2025-07-07,17:11:46.9,0.07635020464658737,0.2881490886211395,0.06641089171171188
2025-07-07,17:11:46.9,0.08725737780332565,0.3297426402568817,0.07401035726070404
2025-07-07,17:11:46.9,0.09816455096006393,0.37783002853393555,0.042292576283216476
2025-07-07,17:11:46.9,0.06816982477903366,0.4283948242664337,0.04665841907262802
2025-07-07,17:11:46.9,0.05998944863677025,0.45934590697288513,0.12538570165634155
2025-07-07,17:11:46.9,0.06680642813444138,0.2858983874320984,0.08407539129257202
2025-07-07,17:11:46.9,0.07635020464658737,0.3264865279197693,0.0969473198056221
2025-07-07,17:11:46.9,0.08589398115873337,0.37729665637016296,0.06670769304037094
2025-07-07,17:11:46.9,0.05453586205840111,0.42611369490623474,0.07615251839160919
2025-07-07,17:11:46.9,0.05998944863677025,0.4500899314880371,0.15536822378635406
2025-07-07,17:11:46.9,0.07635020464658737,0.29199743270874023,0.046666957437992096
2025-07-07,17:11:46.9,0.08725737780332565,0.33394432067871094,0.05185487121343613
2025-07-07,17:11:46.9,0.09816455096006393,0.37981879711151123,0.016788432374596596
2025-07-07,17:11:46.9,0.06816982477903366,0.4304199516773224,0.02092405967414379
2025-07-07,17:11:46.9,0.05998944863677025,0.466266006231308,0.09652075916528702
2025-07-07,17:11:47.2,0.07635020464658737,0.2880680561065674,0.06676144152879715
2025-07-07,17:11:47.2,0.08725737780332565,0.32960787415504456,0.07460825145244598
2025-07-07,17:11:47.2,0.09816455096006393,0.37737447023391724,0.04618104174733162
2025-07-07,17:11:47.2,0.06816982477903366,0.4280957877635956,0.04932686313986778
2025-07-07,17:11:47.2,0.04499208554625511,0.4582284986972809,0.13535630702972412
2025-07-07,17:11:47.2,0.06680642813444138,0.28580915927886963,0.08437827974557877
2025-07-07,17:11:47.2,0.07635020464658737,0.3263186812400818,0.09751079976558685
2025-07-07,17:11:47.2,0.08589398115873337,0.376852810382843,0.0691712498664856
2025-07-07,17:11:47.2,0.05453586205840111,0.42590266466140747,0.07732414454221725
2025-07-07,17:11:47.2,0.04499208554625511,0.44937029480934143,0.1623608022928238
2025-07-07,17:11:47.2,-0.038175102323293686,0.07709526270627975,0.014588775113224983
2025-07-07,17:11:47.2,0.07635020464658737,0.29195597767829895,0.04692555591464043
2025-07-07,17:11:47.2,0.08725737780332565,0.3337574601173401,0.05304434522986412
2025-07-07,17:11:47.2,0.09816455096006393,0.3796071410179138,0.021038267761468887
2025-07-07,17:11:47.2,0.06816982477903366,0.43024078011512756,0.024331092834472656
2025-07-07,17:11:47.2,0.05998944863677025,0.4648180902004242,0.10326855629682541
2025-07-07,17:11:47.6,0.07635020464658737,0.28804871439933777,0.06684494018554688
2025-07-07,17:11:47.6,0.08725737780332565,0.32950276136398315,0.07507111877202988
2025-07-07,17:11:47.6,0.09816455096006393,0.37708935141563416,0.04845419153571129
2025-07-07,17:11:47.6,0.06816982477903366,0.42785319685935974,0.05138849839568138
2025-07-07,17:11:47.6,0.05998944863677025,0.4601020812988281,0.12258188426494598
2025-07-07,17:11:47.6,0.06680642813444138,0.2856985628604889,0.08475197851657867
2025-07-07,17:11:47.6,0.07635020464658737,0.32599955797195435,0.09857244789600372
2025-07-07,17:11:47.6,0.08589398115873337,0.3760696351528168,0.07330965250730515
2025-07-07,17:11:47.6,0.05453586205840111,0.4253055453300476,0.08054368942975998
2025-07-07,17:11:47.6,0.04499208554625511,0.45168599486351013,0.15580257773399353
2025-07-07,17:11:47.6,0.07635020464658737,0.2919197082519531,0.04715067520737648
2025-07-07,17:11:47.6,0.08725737780332565,0.33367374539375305,0.05356832966208458
2025-07-07,17:11:47.6,0.09816455096006393,0.3795416057109833,0.022188987582921982
2025-07-07,17:11:47.6,0.06816982477903366,0.4303230345249176,0.02283000387251377
2025-07-07,17:11:47.6,0.05998944863677025,0.46708422899246216,0.09248005598783493
2025-07-07,17:11:47.9,0.07635020464658737,0.2879810631275177,0.06713572889566422
2025-07-07,17:11:47.9,0.08725737780332565,0.3293989598751068,0.07552534341812134
2025-07-07,17:11:47.9,0.09816455096006393,0.3774130940437317,0.045864298939704895
2025-07-07,17:11:47.9,0.06816982477903366,0.42695704102516174,0.05836791917681694
2025-07-07,17:11:47.9,0.04499208554625511,0.45593252778053284,0.142899289727211
2025-07-07,17:11:47.9,0.06680642813444138,0.2857111692428589,0.08470943570137024
2025-07-07,17:11:47.9,0.07635020464658737,0.32602107524871826,0.0985012874007225
2025-07-07,17:11:47.9,0.09816455096006393,0.3736470341682434,0.0702287033200264
2025-07-07,17:11:47.9,0.05453586205840111,0.4243098199367523,0.08563445508480072
2025-07-07,17:11:47.9,0.04499208554625511,0.44590723514556885,0.17164331674575806
2025-07-07,17:11:47.9,-0.038175102323293686,0.07713092863559723,0.014399013482034206
2025-07-07,17:11:47.9,0.07635020464658737,0.2917719781398773,0.04805642366409302
2025-07-07,17:11:47.9,0.08725737780332565,0.33358415961265564,0.0541234165430069
2025-07-07,17:11:47.9,0.09816455096006393,0.3795543313026428,0.021970363333821297
2025-07-07,17:11:47.9,0.06816982477903366,0.42970940470695496,0.03238745033740997
2025-07-07,17:11:47.9,0.05998944863677025,0.4639240801334381,0.10721331834793091
2025-07-07,17:11:48.2,0.07635020464658737,0.2879475951194763,0.06727919727563858
2025-07-07,17:11:48.2,0.08725737780332565,0.32934898138046265,0.07574291527271271
2025-07-07,17:11:48.2,0.09816455096006393,0.3772704601287842,0.0470232330262661
2025-07-07,17:11:48.2,0.06816982477903366,0.42727887630462646,0.055963341146707535
2025-07-07,17:11:48.2,0.04499208554625511,0.45742806792259216,0.13803714513778687
2025-07-07,17:11:48.2,0.06680642813444138,0.28566184639930725,0.08487564325332642
2025-07-07,17:11:48.2,0.07635020464658737,0.3259696662425995,0.09867119789123535
2025-07-07,17:11:48.2,0.08589398115873337,0.3765103220939636,0.07101176679134369
2025-07-07,17:11:48.2,0.05453586205840111,0.4247022569179535,0.08366652578115463
2025-07-07,17:11:48.2,0.04499208554625511,0.44884371757507324,0.1638108640909195
2025-07-07,17:11:48.2,0.07635020464658737,0.2917996644973755,0.04788801446557045
2025-07-07,17:11:48.2,0.08725737780332565,0.33364617824554443,0.05373985692858696
2025-07-07,17:11:48.2,0.09816455096006393,0.37952175736427307,0.02252609096467495
2025-07-07,17:11:48.2,0.06816982477903366,0.4298500716686249,0.030463719740509987
2025-07-07,17:11:48.2,0.05998944863677025,0.46376439929008484,0.10790193825960159
2025-07-07,17:11:48.6,0.07635020464658737,0.28791698813438416,0.06740999966859818
2025-07-07,17:11:48.6,0.08725737780332565,0.3293634057044983,0.07568016648292542
2025-07-07,17:11:48.6,0.09816455096006393,0.3775426745414734,0.044785093516111374
2025-07-07,17:11:48.6,0.06816982477903366,0.4275813400745392,0.05360349640250206
2025-07-07,17:11:48.6,0.04499208554625511,0.45618635416030884,0.1420869380235672
2025-07-07,17:11:48.6,0.06680642813444138,0.2854852080345154,0.08546783030033112
2025-07-07,17:11:48.6,0.07635020464658737,0.32600435614585876,0.09855660796165466
2025-07-07,17:11:48.6,0.09816455096006393,0.3737487196922302,0.06968557089567184
2025-07-07,17:11:48.6,0.05453586205840111,0.42471927404403687,0.08358000963926315
2025-07-07,17:11:48.6,0.04499208554625511,0.44603314995765686,0.17131580412387848
2025-07-07,17:11:48.6,-0.038175102323293686,0.07715564221143723,0.014265994541347027
2025-07-07,17:11:48.6,0.07635020464658737,0.2918039560317993,0.04786195233464241
2025-07-07,17:11:48.6,0.08725737780332565,0.33361268043518066,0.05394735932350159
2025-07-07,17:11:48.6,0.09816455096006393,0.37967219948768616,0.01982969231903553
2025-07-07,17:11:48.6,0.06816982477903366,0.43000927567481995,0.028127318248152733
2025-07-07,17:11:48.6,0.05998944863677025,0.46344155073165894,0.10928021371364594
2025-07-07,17:11:48.9,0.07635020464658737,0.28791531920433044,0.06741712987422943
2025-07-07,17:11:48.9,0.08725737780332565,0.32936710119247437,0.07566405832767487
2025-07-07,17:11:48.9,0.09816455096006393,0.3775273859500885,0.04491397738456726
2025-07-07,17:11:48.9,0.05453586205840111,0.4288467466831207,0.05884350463747978
2025-07-07,17:11:48.9,0.04499208554625511,0.4561266303062439,0.1422785371541977
2025-07-07,17:11:48.9,0.06680642813444138,0.28548601269721985,0.08546516299247742
2025-07-07,17:11:48.9,0.07635020464658737,0.3258800506591797,0.0989668145775795
2025-07-07,17:11:48.9,0.09816455096006393,0.3739069998264313,0.06883127242326736
2025-07-07,17:11:48.9,0.05453586205840111,0.42453593015670776,0.08450635522603989
2025-07-07,17:11:48.9,0.04499208554625511,0.4460773766040802,0.17120063304901123
2025-07-07,17:11:48.9,-0.038175102323293686,0.07718966156244278,0.014080757275223732
2025-07-07,17:11:48.9,0.07635020464658737,0.29177626967430115,0.04803035780787468
2025-07-07,17:11:48.9,0.08725737780332565,0.33359041810035706,0.05408482998609543
2025-07-07,17:11:48.9,0.09816455096006393,0.37967225909233093,0.01982814632356167
2025-07-07,17:11:48.9,0.06816982477903366,0.4300646483898163,0.027267931029200554
2025-07-07,17:11:48.9,0.05998944863677025,0.463757187128067,0.10793287307024002
2025-07-07,17:11:49.2,0.07635020464658737,0.2878725528717041,0.06759952753782272
2025-07-07,17:11:49.2,0.08725737780332565,0.32928788661956787,0.0760081335902214
2025-07-07,17:11:49.2,0.09816455096006393,0.3774186372756958,0.04581863060593605
2025-07-07,17:11:49.2,0.05453586205840111,0.4287659823894501,0.05942913889884949
2025-07-07,17:11:49.2,0.05998944863677025,0.45619022846221924,0.13642114400863647
2025-07-07,17:11:49.2,0.06680642813444138,0.2854979634284973,0.08542528748512268
2025-07-07,17:11:49.2,0.07635020464658737,0.3257676064968109,0.09933628141880035
2025-07-07,17:11:49.2,0.08589398115873337,0.37655943632125854,0.07075086981058121
2025-07-07,17:11:49.2,0.05453586205840111,0.42425140738487244,0.08592338860034943
2025-07-07,17:11:49.2,0.04499208554625511,0.4457818865776062,0.17196857929229736
2025-07-07,17:11:49.2,0.07635020464658737,0.29172927141189575,0.048314955085515976
2025-07-07,17:11:49.2,0.08725737780332565,0.33359405398368835,0.054062534123659134
2025-07-07,17:11:49.2,0.09816455096006393,0.37965255975723267,0.020201662555336952
2025-07-07,17:11:49.2,0.06816982477903366,0.4300646483898163,0.027267931029200554
2025-07-07,17:11:49.2,0.05998944863677025,0.4641526937484741,0.10621923953294754
2025-07-07,17:11:49.7,0.07635020464658737,0.2879440188407898,0.06729446351528168
2025-07-07,17:11:49.7,0.08725737780332565,0.3295105993747711,0.07503665238618851
2025-07-07,17:11:49.7,0.09816455096006393,0.37779054045677185,0.04264373332262039
2025-07-07,17:11:49.7,0.06816982477903366,0.42874664068222046,0.0433063805103302
2025-07-07,17:11:49.7,0.04499208554625511,0.45756277441978455,0.13758990168571472
2025-07-07,17:11:49.7,0.06680642813444138,0.28555819392204285,0.08522368967533112
2025-07-07,17:11:49.7,0.07635020464658737,0.3260995149612427,0.09824132919311523
2025-07-07,17:11:49.7,0.08589398115873337,0.3773961365222931,0.06614261120557785
2025-07-07,17:11:49.7,0.05453586205840111,0.42627856135368347,0.07522423565387726
2025-07-07,17:11:49.7,0.04499208554625511,0.448518842458725,0.1646983027458191
2025-07-07,17:11:49.7,0.07635020464658737,0.2918769419193268,0.04741479083895683
2025-07-07,17:11:49.7,0.08725737780332565,0.33375614881515503,0.05305254086852074
2025-07-07,17:11:49.7,0.09816455096006393,0.3797711431980133,0.017834506928920746
2025-07-07,17:11:49.7,0.06816982477903366,0.4306136667728424,0.016461653634905815
2025-07-07,17:11:49.7,0.05998944863677025,0.46419453620910645,0.10603614151477814
2025-07-07,17:11:49.9,0.07635020464658737,0.28804004192352295,0.06688220798969269
2025-07-07,17:11:49.9,0.08725737780332565,0.32956328988075256,0.07480501383543015
2025-07-07,17:11:49.9,0.09816455096006393,0.37755855917930603,0.04465101659297943
2025-07-07,17:11:49.9,0.05453586205840111,0.4287815988063812,0.059316206723451614
2025-07-07,17:11:49.9,0.04499208554625511,0.45671021938323975,0.14039397239685059
2025-07-07,17:11:49.9,0.06680642813444138,0.28567513823509216,0.0848308801651001
2025-07-07,17:11:49.9,0.07635020464658737,0.32618725299835205,0.0979495719075203
2025-07-07,17:11:49.9,0.09816455096006393,0.3739228844642639,0.06874486058950424
2025-07-07,17:11:49.9,0.05453586205840111,0.4248315095901489,0.08300759643316269
2025-07-07,17:11:49.9,0.04499208554625511,0.44807732105255127,0.1658957600593567
2025-07-07,17:11:49.9,-0.038175102323293686,0.07712393999099731,0.014436387456953526
2025-07-07,17:11:49.9,0.07635020464658737,0.2918199896812439,0.04776386171579361
2025-07-07,17:11:49.9,0.08725737780332565,0.33370232582092285,0.05339003726840019
2025-07-07,17:11:49.9,0.09816455096006393,0.37966495752334595,0.01996752992272377
2025-07-07,17:11:49.9,0.06816982477903366,0.4299302101135254,0.02931114099919796
2025-07-07,17:11:49.9,0.05998944863677025,0.46401482820510864,0.10681980103254318
2025-07-07,17:11:50.2,0.07635020464658737,0.288009375333786,0.06701426953077316
2025-07-07,17:11:50.2,0.08725737780332565,0.32953116297721863,0.07494628429412842
2025-07-07,17:11:50.2,0.09816455096006393,0.37730443477630615,0.04674988240003586
2025-07-07,17:11:50.2,0.06816982477903366,0.4282137453556061,0.0482921227812767
2025-07-07,17:11:50.2,0.05998944863677025,0.46016910672187805,0.12233000248670578
2025-07-07,17:11:50.2,0.06680642813444138,0.28561171889305115,0.08504412323236465
2025-07-07,17:11:50.2,0.07635020464658737,0.3261547386646271,0.09805777668952942
2025-07-07,17:11:50.2,0.08589398115873337,0.3764357566833496,0.07140602171421051
2025-07-07,17:11:50.2,0.06816982477903366,0.42434340715408325,0.07504541426897049
2025-07-07,17:11:50.2,0.05998944863677025,0.45175161957740784,0.15046830475330353
2025-07-07,17:11:50.2,0.07635020464658737,0.2918921113014221,0.04732122644782066
2025-07-07,17:11:50.2,0.08725737780332565,0.3337841331958771,0.05287621542811394
2025-07-07,17:11:50.2,0.09816455096006393,0.3795486092567444,0.0220690555870533
2025-07-07,17:11:50.2,0.06816982477903366,0.4304136037826538,0.021053824573755264
2025-07-07,17:11:50.2,0.05998944863677025,0.46708160638809204,0.09249335527420044
2025-07-07,17:11:50.6,0.07635020464658737,0.2880176603794098,0.06697859615087509
2025-07-07,17:11:50.6,0.08725737780332565,0.32963088154792786,0.07450657337903976
2025-07-07,17:11:50.6,0.09816455096006393,0.37797826528549194,0.040946610271930695
2025-07-07,17:11:50.6,0.05453586205840111,0.43009841442108154,0.0488615483045578
2025-07-07,17:11:50.6,0.05998944863677025,0.45993557572364807,0.12320514768362045
2025-07-07,17:11:50.6,0.06680642813444138,0.28573429584503174,0.08463139832019806
2025-07-07,17:11:50.6,0.07635020464658737,0.32631051540374756,0.09753815829753876
2025-07-07,17:11:50.6,0.08589398115873337,0.37759485840797424,0.06499867141246796
2025-07-07,17:11:50.6,0.05453586205840111,0.42662450671195984,0.07323674857616425
2025-07-07,17:11:50.6,0.05998944863677025,0.4507143795490265,0.15354734659194946
2025-07-07,17:11:50.6,0.07635020464658737,0.29184526205062866,0.047609347850084305
2025-07-07,17:11:50.6,0.08725737780332565,0.3337815999984741,0.05289230868220329
2025-07-07,17:11:50.6,0.09816455096006393,0.37980037927627563,0.01720079779624939
2025-07-07,17:11:50.6,0.06816982477903366,0.4305233955383301,0.018674202263355255
2025-07-07,17:11:50.6,0.05998944863677025,0.46651411056518555,0.0953143760561943
2025-07-07,17:11:50.9,0.07635020464658737,0.28815388679504395,0.0663900300860405
2025-07-07,17:11:50.9,0.08725737780332565,0.329645037651062,0.07444393634796143
2025-07-07,17:11:50.9,0.09816455096006393,0.37778642773628235,0.04268025979399681
2025-07-07,17:11:50.9,0.05453586205840111,0.43031537532806396,0.04691232368350029
2025-07-07,17:11:50.9,0.04499208554625511,0.46042490005493164,0.1276855617761612
2025-07-07,17:11:50.9,0.06680642813444138,0.28588324785232544,0.08412691950798035
2025-07-07,17:11:50.9,0.07635020464658737,0.3263682425022125,0.09734480828046799
2025-07-07,17:11:50.9,0.08589398115873337,0.3772333562374115,0.06706483662128448
2025-07-07,17:11:50.9,0.05453586205840111,0.4266462028026581,0.07311021536588669
2025-07-07,17:11:50.9,0.04499208554625511,0.4515961706638336,0.1560627669095993
2025-07-07,17:11:50.9,-0.038175102323293686,0.07709526270627975,0.014588775113224983
2025-07-07,17:11:50.9,0.07635020464658737,0.2919826805591583,0.046759072691202164
2025-07-07,17:11:50.9,0.08725737780332565,0.33381226658821106,0.05269823223352432
2025-07-07,17:11:50.9,0.09816455096006393,0.379782110452652,0.017599347978830338
2025-07-07,17:11:50.9,0.06816982477903366,0.43067726492881775,0.014704528264701366
2025-07-07,17:11:50.9,0.05998944863677025,0.46772488951683044,0.08918335288763046
2025-07-07,17:11:51.3,0.07635020464658737,0.2879329323768616,0.06734185665845871
2025-07-07,17:11:51.3,0.08725737780332565,0.32942402362823486,0.0754159614443779
2025-07-07,17:11:51.3,0.09816455096006393,0.37740716338157654,0.045913152396678925
2025-07-07,17:11:51.3,0.06816982477903366,0.428148090839386,0.048870887607336044
2025-07-07,17:11:51.3,0.05998944863677025,0.45823127031326294,0.12939994037151337
2025-07-07,17:11:51.3,0.06680642813444138,0.2853633165359497,0.08587394654750824
2025-07-07,17:11:51.3,0.07635020464658737,0.3259059488773346,0.09888146072626114
2025-07-07,17:11:51.3,0.08589398115873337,0.3767361342906952,0.0698038786649704
2025-07-07,17:11:51.3,0.04499208554625511,0.45043689012527466,0.1593778282403946
2025-07-07,17:11:51.3,-0.038175102323293686,0.07711665332317352,0.014475259929895401
2025-07-07,17:11:51.3,0.07635020464658737,0.2918526530265808,0.047564003616571426
2025-07-07,17:11:51.3,0.08725737780332565,0.3336806893348694,0.053525157272815704
2025-07-07,17:11:51.3,0.09816455096006393,0.37963345646858215,0.020557861775159836
2025-07-07,17:11:51.3,0.06816982477903366,0.4303251802921295,0.022789664566516876
2025-07-07,17:11:51.3,0.05998944863677025,0.4651365578174591,0.10182439535856247
2025-07-07,17:11:51.6,0.07635020464658737,0.2881303131580353,0.06649233400821686
2025-07-07,17:11:51.6,0.08725737780332565,0.3297474980354309,0.07398870587348938
2025-07-07,17:11:51.6,0.09816455096006393,0.3777015507221222,0.04342487454414368
2025-07-07,17:11:51.6,0.05453586205840111,0.4292029142379761,0.05618675425648689
2025-07-07,17:11:51.6,0.04499208554625511,0.4576111435890198,0.13742896914482117
2025-07-07,17:11:51.6,0.06680642813444138,0.2856917381286621,0.08477490395307541
2025-07-07,17:11:51.6,0.07635020464658737,0.3264125883579254,0.09719599038362503
2025-07-07,17:11:51.6,0.09816455096006393,0.3740858733654022,0.06785240024328232
2025-07-07,17:11:51.6,0.05453586205840111,0.42519211769104004,0.08114033937454224
2025-07-07,17:11:51.6,0.05998944863677025,0.44890695810317993,0.15875385701656342
2025-07-07,17:11:51.6,0.07635020464658737,0.2919358015060425,0.047050874680280685
2025-07-07,17:11:51.6,0.08725737780332565,0.3338684141635895,0.05234137922525406
2025-07-07,17:11:51.6,0.09816455096006393,0.37967532873153687,0.019769448786973953
2025-07-07,17:11:51.6,0.06816982477903366,0.4300806224346161,0.02701472118496895
2025-07-07,17:11:51.6,0.05998944863677025,0.46482330560684204,0.10324498265981674
2025-07-07,17:11:52.0,0.07635020464658737,0.28807350993156433,0.06673792749643326
2025-07-07,17:11:52.0,0.08725737780332565,0.3296035826206207,0.07462727278470993
2025-07-07,17:11:52.0,0.09816455096006393,0.37748679518699646,0.04525388032197952
2025-07-07,17:11:52.0,0.06816982477903366,0.4277832508087158,0.051967620849609375
2025-07-07,17:11:52.0,0.05998944863677025,0.4578895568847656,0.13060401380062103
2025-07-07,17:11:52.0,0.06680642813444138,0.28557294607162476,0.08517425507307053
2025-07-07,17:11:52.0,0.07635020464658737,0.3262588083744049,0.09771096706390381
2025-07-07,17:11:52.0,0.09816455096006393,0.3738102614879608,0.06935472041368484
2025-07-07,17:11:52.0,0.05453586205840111,0.42522382736206055,0.0809740275144577
2025-07-07,17:11:52.0,0.05998944863677025,0.44867831468582153,0.1593988984823227
2025-07-07,17:11:52.0,0.07635020464658737,0.2919114828109741,0.04720165207982063
2025-07-07,17:11:52.0,0.08725737780332565,0.33374151587486267,0.053144536912441254
2025-07-07,17:11:52.0,0.09816455096006393,0.37964311242103577,0.020378615707159042
2025-07-07,17:11:52.0,0.06816982477903366,0.43015044927597046,0.025879234075546265
2025-07-07,17:11:52.0,0.05998944863677025,0.465251624584198,0.10129738599061966
2025-07-07,17:11:52.3,0.07635020464658737,0.2881027162075043,0.06661183387041092
2025-07-07,17:11:52.3,0.08725737780332565,0.3295746147632599,0.07475503534078598
2025-07-07,17:11:52.3,0.09816455096006393,0.3773990869522095,0.0459793321788311
2025-07-07,17:11:52.3,0.06816982477903366,0.4286695122718811,0.04406324401497841
2025-07-07,17:11:52.3,0.05998944863677025,0.4596310257911682,0.12433649599552155
2025-07-07,17:11:52.3,0.06680642813444138,0.2857716381549835,0.08450525999069214
2025-07-07,17:11:52.3,0.07635020464658737,0.32623520493507385,0.0977897047996521
2025-07-07,17:11:52.3,0.08589398115873337,0.3769231140613556,0.06878714263439178
2025-07-07,17:11:52.3,0.06816982477903366,0.4254307746887207,0.06861337274312973
2025-07-07,17:11:52.3,0.04499208554625511,0.4504210948944092,0.15942244231700897
2025-07-07,17:11:52.3,0.07635020464658737,0.291943222284317,0.04700487107038498
2025-07-07,17:11:52.3,0.08725737780332565,0.33370956778526306,0.053344741463661194
2025-07-07,17:11:52.3,0.09816455096006393,0.3795374929904938,0.0222593005746603
2025-07-07,17:11:52.3,0.06816982477903366,0.43055975437164307,0.01781640574336052
2025-07-07,17:11:52.3,0.05998944863677025,0.46629345417022705,0.09638810157775879
2025-07-07,17:11:52.6,0.07635020464658737,0.2881963551044464,0.0662054494023323
2025-07-07,17:11:52.6,0.08725737780332565,0.3296566903591156,0.07439228147268295
2025-07-07,17:11:52.6,0.09816455096006393,0.37754178047180176,0.044792816042900085
2025-07-07,17:11:52.6,0.06816982477903366,0.42795827984809875,0.050505924969911575
2025-07-07,17:11:52.6,0.04499208554625511,0.4594370424747467,0.1311955749988556
2025-07-07,17:11:52.6,0.06680642813444138,0.28581148386001587,0.08437033742666245
2025-07-07,17:11:52.6,0.07635020464658737,0.32631048560142517,0.09753827005624771
2025-07-07,17:11:52.6,0.08589398115873337,0.3767518103122711,0.06971926987171173
2025-07-07,17:11:52.6,0.05453586205840111,0.42555123567581177,0.07923542708158493
2025-07-07,17:11:52.6,0.04499208554625511,0.45034876465797424,0.15962666273117065
2025-07-07,17:11:52.6,0.07635020464658737,0.29198408126831055,0.046750470995903015
2025-07-07,17:11:52.6,0.08725737780332565,0.3337629735469818,0.05300973728299141
2025-07-07,17:11:52.6,0.09816455096006393,0.37965431809425354,0.020169053226709366
2025-07-07,17:11:52.6,0.06816982477903366,0.4302312731742859,0.024498721584677696
2025-07-07,17:11:52.6,0.05998944863677025,0.46588119864463806,0.09836134314537048
2025-07-07,17:11:52.9,0.07635020464658737,0.28803277015686035,0.06691361218690872
2025-07-07,17:11:52.9,0.08725737780332565,0.32957983016967773,0.07473210245370865
2025-07-07,17:11:52.9,0.09816455096006393,0.3775079548358917,0.045076895505189896
2025-07-07,17:11:52.9,0.06816982477903366,0.42795395851135254,0.05054261162877083
2025-07-07,17:11:52.9,0.05998944863677025,0.4568059742450714,0.1343449354171753
2025-07-07,17:11:52.9,0.06680642813444138,0.28557220101356506,0.08517680317163467
2025-07-07,17:11:52.9,0.07635020464658737,0.3261018395423889,0.09823354333639145
2025-07-07,17:11:52.9,0.08589398115873337,0.3767589032649994,0.06968086957931519
2025-07-07,17:11:52.9,0.05453586205840111,0.42496541142463684,0.08231943100690842
2025-07-07,17:11:52.9,0.04499208554625511,0.4472101032733917,0.16821949183940887
2025-07-07,17:11:52.9,-0.038175102323293686,0.07715782523155212,0.014254157431423664
2025-07-07,17:11:52.9,0.07635020464658737,0.2918890714645386,0.047339875251054764
2025-07-07,17:11:52.9,0.08725737780332565,0.3337794542312622,0.052905671298503876
2025-07-07,17:11:52.9,0.09816455096006393,0.37967780232429504,0.01972167380154133
2025-07-07,17:11:52.9,0.06816982477903366,0.4301670789718628,0.025601137429475784
2025-07-07,17:11:52.9,0.05998944863677025,0.4637308120727539,0.10804615914821625
2025-07-07,17:11:53.2,0.07635020464658737,0.2882142663002014,0.06612739711999893
2025-07-07,17:11:53.2,0.08725737780332565,0.32956767082214355,0.07478567957878113
2025-07-07,17:11:53.2,0.09816455096006393,0.3774874806404114,0.04524806886911392
2025-07-07,17:11:53.2,0.06816982477903366,0.4281698763370514,0.04867950826883316
2025-07-07,17:11:53.2,0.05998944863677025,0.45763662457466125,0.13148745894432068
2025-07-07,17:11:53.2,0.06680642813444138,0.28582999110221863,0.08430763334035873
2025-07-07,17:11:53.2,0.07635020464658737,0.32625794410705566,0.09771383553743362
2025-07-07,17:11:53.2,0.08589398115873337,0.3767161965370178,0.06991150230169296
2025-07-07,17:11:53.2,0.05453586205840111,0.4257294535636902,0.0782720223069191
2025-07-07,17:11:53.2,0.04499208554625511,0.4476480782032013,0.16705060005187988
2025-07-07,17:11:53.2,-0.038175102323293686,0.0770556852221489,0.014796365983784199
2025-07-07,17:11:53.2,0.07635020464658737,0.2920776307582855,0.046162430197000504
2025-07-07,17:11:53.2,0.08725737780332565,0.33384162187576294,0.05251201242208481
2025-07-07,17:11:53.2,0.09816455096006393,0.37967440485954285,0.01978689804673195
2025-07-07,17:11:53.2,0.06816982477903366,0.4304424822330475,0.02045503444969654
2025-07-07,17:11:53.2,0.05998944863677025,0.4653819501399994,0.10069699585437775
2025-07-07,17:11:53.6,0.07635020464658737,0.28803953528404236,0.06688446551561356
2025-07-07,17:11:53.6,0.08725737780332565,0.32947856187820435,0.07517734915018082
2025-07-07,17:11:53.6,0.09816455096006393,0.3773585259914398,0.046311184763908386
2025-07-07,17:11:53.6,0.06816982477903366,0.42796406149864197,0.05045704543590546
2025-07-07,17:11:53.6,0.05998944863677025,0.45781365036964417,0.1308698058128357
2025-07-07,17:11:53.6,0.06680642813444138,0.2856651246547699,0.08486464619636536
2025-07-07,17:11:53.6,0.07635020464658737,0.32620951533317566,0.09787541627883911
2025-07-07,17:11:53.6,0.08589398115873337,0.37682729959487915,0.06931006908416748
2025-07-07,17:11:53.6,0.05453586205840111,0.4253048002719879,0.08054755628108978
2025-07-07,17:11:53.6,0.04499208554625511,0.4485151767730713,0.16470825672149658
2025-07-07,17:11:53.6,0.07635020464658737,0.2918427884578705,0.0476243756711483
2025-07-07,17:11:53.6,0.08725737780332565,0.33367541432380676,0.05355798453092575
2025-07-07,17:11:53.6,0.09816455096006393,0.37954026460647583,0.022211991250514984
2025-07-07,17:11:53.6,0.06816982477903366,0.43019646406173706,0.02510242350399494
2025-07-07,17:11:53.6,0.05998944863677025,0.46540123224258423,0.10060784220695496
2025-07-07,17:11:53.9,0.07635020464658737,0.28796157240867615,0.06721934676170349
2025-07-07,17:11:53.9,0.08725737780332565,0.3294183015823364,0.07544092833995819
2025-07-07,17:11:53.9,0.09816455096006393,0.3773682713508606,0.046231579035520554
2025-07-07,17:11:53.9,0.06816982477903366,0.42845502495765686,0.04610230028629303
2025-07-07,17:11:53.9,0.05998944863677025,0.4590429961681366,0.12649014592170715
2025-07-07,17:11:53.9,0.06680642813444138,0.28566446900367737,0.08486682921648026
2025-07-07,17:11:53.9,0.07635020464658737,0.32598936557769775,0.09860613197088242
2025-07-07,17:11:53.9,0.08589398115873337,0.3768199682235718,0.06934984773397446
2025-07-07,17:11:53.9,0.06816982477903366,0.424984872341156,0.0713232159614563
2025-07-07,17:11:53.9,0.04499208554625511,0.4504237771034241,0.1594148576259613
2025-07-07,17:11:53.9,0.07635020464658737,0.29185986518859863,0.047519754618406296
2025-07-07,17:11:53.9,0.08725737780332565,0.33362382650375366,0.05387835204601288
2025-07-07,17:11:53.9,0.09816455096006393,0.37959057092666626,0.021335067227482796
2025-07-07,17:11:53.9,0.06816982477903366,0.43045154213905334,0.02026381529867649
2025-07-07,17:11:53.9,0.05998944863677025,0.4657157361507416,0.09914177656173706
2025-07-07,17:11:54.3,0.07635020464658737,0.2881757318973541,0.06629527360200882
2025-07-07,17:11:54.3,0.08725737780332565,0.32970330119132996,0.07418538630008698
2025-07-07,17:11:54.3,0.09816455096006393,0.37806621193885803,0.04012630507349968
2025-07-07,17:11:54.3,0.06816982477903366,0.42845386266708374,0.04611315578222275
2025-07-07,17:11:54.3,0.04499208554625511,0.4602408707141876,0.12834730744361877
2025-07-07,17:11:54.3,0.06680642813444138,0.286094069480896,0.08340711146593094
2025-07-07,17:11:54.3,0.07635020464658737,0.3265657424926758,0.09668014943599701
2025-07-07,17:11:54.3,0.08589398115873337,0.3776895999908447,0.0644458755850792
2025-07-07,17:11:54.3,0.05453586205840111,0.42672836780548096,0.0726291760802269
2025-07-07,17:11:54.3,0.04499208554625511,0.45255422592163086,0.1532624214887619
2025-07-07,17:11:54.3,-0.038175102323293686,0.07720357924699783,0.014004251919686794
2025-07-07,17:11:54.3,0.07635020464658737,0.29195767641067505,0.04691508412361145
2025-07-07,17:11:54.3,0.08725737780332565,0.3337863087654114,0.052862539887428284
2025-07-07,17:11:54.3,0.09816455096006393,0.37985798716545105,0.015877099707722664
2025-07-07,17:11:54.3,0.06816982477903366,0.43046873807907104,0.019894959405064583
2025-07-07,17:11:54.3,0.05998944863677025,0.4667786955833435,0.09401006996631622
2025-07-07,17:11:54.6,0.07635020464658737,0.2880149483680725,0.0669901892542839
2025-07-07,17:11:54.6,0.08725737780332565,0.3294539451599121,0.07528503984212875
2025-07-07,17:11:54.6,0.09816455096006393,0.37735849618911743,0.04631147161126137
2025-07-07,17:11:54.6,0.06816982477903366,0.4280067980289459,0.050092991441488266
2025-07-07,17:11:54.6,0.05998944863677025,0.45943182706832886,0.12507052719593048
2025-07-07,17:11:54.6,0.06680642813444138,0.2857167720794678,0.08469052612781525
2025-07-07,17:11:54.6,0.07635020464658737,0.3259965479373932,0.09858246892690659
2025-07-07,17:11:54.6,0.08589398115873337,0.37659376859664917,0.07056796550750732
2025-07-07,17:11:54.6,0.06816982477903366,0.4244150221347809,0.07463931292295456
2025-07-07,17:11:54.6,0.05998944863677025,0.4506690502166748,0.15368032455444336
2025-07-07,17:11:54.6,0.07635020464658737,0.29182660579681396,0.04772358760237694
2025-07-07,17:11:54.6,0.08725737780332565,0.3336237072944641,0.053879231214523315
2025-07-07,17:11:54.6,0.09816455096006393,0.37957459688186646,0.02161719650030136
2025-07-07,17:11:54.6,0.06816982477903366,0.43027758598327637,0.023671533912420273
2025-07-07,17:11:54.6,0.05998944863677025,0.46621572971343994,0.09676332771778107
2025-07-07,17:11:54.9,0.07635020464658737,0.288266658782959,0.06589873135089874
2025-07-07,17:11:54.9,0.08725737780332565,0.32982707023620605,0.07363320887088776
2025-07-07,17:11:54.9,0.09816455096006393,0.3777177929878235,0.04328356310725212
2025-07-07,17:11:54.9,0.06816982477903366,0.42823758721351624,0.048080071806907654
2025-07-07,17:11:54.9,0.04499208554625511,0.4582960903644562,0.13512727618217468
2025-07-07,17:11:54.9,0.06680642813444138,0.2859245538711548,0.08398639410734177
2025-07-07,17:11:54.9,0.07635020464658737,0.32643234729766846,0.09712966531515121
2025-07-07,17:11:54.9,0.08589398115873337,0.37720680236816406,0.0672139972448349
2025-07-07,17:11:54.9,0.05453586205840111,0.42598986625671387,0.07684223353862762
2025-07-07,17:11:54.9,0.04499208554625511,0.44907525181770325,0.1631750613451004
2025-07-07,17:11:54.9,-0.038175102323293686,0.07719694823026657,0.014040762558579445
2025-07-07,17:11:54.9,0.07635020464658737,0.29202648997306824,0.046484723687171936
2025-07-07,17:11:54.9,0.08725737780332565,0.3338419795036316,0.0525098480284214
2025-07-07,17:11:54.9,0.09816455096006393,0.37972837686538696,0.018723057582974434
2025-07-07,17:11:54.9,0.06816982477903366,0.4305174946784973,0.018809901550412178
2025-07-07,17:11:54.9,0.05998944863677025,0.4653826951980591,0.10069359093904495
2025-07-07,17:11:55.2,0.07635020464658737,0.28823772072792053,0.06602512300014496
2025-07-07,17:11:55.2,0.08725737780332565,0.32970643043518066,0.07417157292366028
2025-07-07,17:11:55.2,0.09816455096006393,0.37752899527549744,0.04490028694272041
2025-07-07,17:11:55.2,0.06816982477903366,0.4287657141685486,0.04311729595065117
2025-07-07,17:11:55.2,0.05998944863677025,0.46098780632019043,0.1192077100276947
2025-07-07,17:11:55.2,0.06680642813444138,0.2859814465045929,0.08379250764846802
2025-07-07,17:11:55.2,0.07635020464658737,0.3263246417045593,0.09749086946249008
2025-07-07,17:11:55.2,0.08589398115873337,0.3768531382083893,0.06916936486959457
2025-07-07,17:11:55.2,0.06816982477903366,0.4257662892341614,0.06649968028068542
2025-07-07,17:11:55.2,0.05998944863677025,0.4542901813983917,0.14262069761753082
2025-07-07,17:11:55.2,-0.038175102323293686,0.0771719217300415,0.014177651144564152
2025-07-07,17:11:55.2,0.07635020464658737,0.29204273223876953,0.04638272896409035
2025-07-07,17:11:55.2,0.08725737780332565,0.3338232934474945,0.052628517150878906
2025-07-07,17:11:55.2,0.09816455096006393,0.3796851933002472,0.019578708335757256
2025-07-07,17:11:55.2,0.06816982477903366,0.430551141500473,0.018023313954472542
2025-07-07,17:11:55.2,0.05998944863677025,0.46665799617767334,0.09460730850696564
2025-07-07,17:11:55.6,0.07635020464658737,0.2880135476589203,0.06699630618095398
2025-07-07,17:11:55.6,0.08725737780332565,0.32947617769241333,0.07518774271011353
2025-07-07,17:11:55.6,0.09816455096006393,0.37755998969078064,0.04463905096054077
2025-07-07,17:11:55.6,0.06816982477903366,0.42809849977493286,0.04930327087640762
2025-07-07,17:11:55.6,0.04499208554625511,0.4569772481918335,0.13952234387397766
2025-07-07,17:11:55.6,0.06680642813444138,0.28562626242637634,0.08499528467655182
2025-07-07,17:11:55.6,0.07635020464658737,0.32592928409576416,0.09880458563566208
2025-07-07,17:11:55.6,0.08589398115873337,0.3768227696418762,0.06933463364839554
2025-07-07,17:11:55.6,0.05453586205840111,0.42584550380706787,0.07763829827308655
2025-07-07,17:11:55.6,0.04499208554625511,0.44685760140419006,0.16915363073349
2025-07-07,17:11:55.6,-0.038175102323293686,0.07711702585220337,0.01447326224297285
2025-07-07,17:11:55.6,0.07635020464658737,0.2918073832988739,0.04784093052148819
2025-07-07,17:11:55.6,0.08725737780332565,0.33367905020713806,0.053535398095846176
2025-07-07,17:11:55.6,0.09816455096006393,0.3797071874141693,0.019147569313645363
2025-07-07,17:11:55.6,0.06816982477903366,0.4303290545940399,0.022716300562024117
2025-07-07,17:11:55.6,0.05998944863677025,0.46430450677871704,0.10555362701416016
2025-07-07,17:11:55.9,0.07635020464658737,0.2879890501499176,0.06710153073072433
2025-07-07,17:11:55.9,0.08725737780332565,0.32944828271865845,0.0753098577260971
2025-07-07,17:11:55.9,0.09816455096006393,0.3773786127567291,0.046147193759679794
2025-07-07,17:11:55.9,0.06816982477903366,0.428271621465683,0.0477759912610054
2025-07-07,17:11:55.9,0.04499208554625511,0.4574815332889557,0.1378597915172577
2025-07-07,17:11:55.9,0.06680642813444138,0.2855679988861084,0.08519082516431808
2025-07-07,17:11:55.9,0.07635020464658737,0.325926810503006,0.09881278872489929
2025-07-07,17:11:55.9,0.08589398115873337,0.3765466809272766,0.07081868499517441
2025-07-07,17:11:55.9,0.05453586205840111,0.4257051944732666,0.07840393483638763
2025-07-07,17:11:55.9,0.04499208554625511,0.44785746932029724,0.1664883941411972
2025-07-07,17:11:55.9,0.07635020464658737,0.29182660579681396,0.04772358760237694
2025-07-07,17:11:55.9,0.08725737780332565,0.33359453082084656,0.05405953899025917
2025-07-07,17:11:55.9,0.09816455096006393,0.37959662079811096,0.02122688852250576
2025-07-07,17:11:55.9,0.06816982477903366,0.4303567111492157,0.022186342626810074
2025-07-07,17:11:55.9,0.05998944863677025,0.4645899534225464,0.10429003089666367
2025-07-07,17:11:56.2,0.07635020464658737,0.28831085562705994,0.06570503115653992
2025-07-07,17:11:56.2,0.08725737780332565,0.3297520577907562,0.07396841049194336
2025-07-07,17:11:56.2,0.09816455096006393,0.3776598870754242,0.043785903602838516
2025-07-07,17:11:56.2,0.06816982477903366,0.4287414252758026,0.043358251452445984
2025-07-07,17:11:56.2,0.04499208554625511,0.45858171582221985,0.13415473699569702
2025-07-07,17:11:56.2,0.06680642813444138,0.28607049584388733,0.083487868309021
2025-07-07,17:11:56.2,0.07635020464658737,0.32642221450805664,0.09716366976499557
2025-07-07,17:11:56.2,0.08589398115873337,0.3770957291126251,0.06783433258533478
2025-07-07,17:11:56.2,0.05453586205840111,0.42696070671081543,0.07125062495470047
2025-07-07,17:11:56.2,0.05998944863677025,0.45027005672454834,0.1548454463481903
2025-07-07,17:11:56.2,0.07635020464658737,0.2920888662338257,0.046091288328170776
2025-07-07,17:11:56.2,0.08725737780332565,0.3339213728904724,0.052002448588609695
2025-07-07,17:11:56.2,0.09816455096006393,0.37976646423339844,0.017933355644345284
2025-07-07,17:11:56.2,0.06816982477903366,0.43067529797554016,0.014762068167328835
2025-07-07,17:11:56.2,0.05998944863677025,0.46577203273773193,0.09887702763080597
2025-07-07,17:11:56.6,0.07635020464658737,0.28821349143981934,0.0661308616399765
2025-07-07,17:11:56.6,0.08725737780332565,0.32951217889785767,0.07502977550029755
2025-07-07,17:11:56.6,0.09816455096006393,0.3773943781852722,0.04601815715432167
2025-07-07,17:11:56.6,0.06816982477903366,0.42817649245262146,0.048621244728565216
2025-07-07,17:11:56.6,0.04499208554625511,0.45982685685157776,0.12982279062271118
2025-07-07,17:11:56.6,0.06680642813444138,0.2859001159667969,0.08406954258680344
2025-07-07,17:11:56.6,0.07635020464658737,0.32613617181777954,0.09811956435441971
2025-07-07,17:11:56.6,0.08589398115873337,0.3767520487308502,0.06971801817417145
2025-07-07,17:11:56.6,0.05453586205840111,0.4262281656265259,0.075509212911129
2025-07-07,17:11:56.6,0.04499208554625511,0.4520507752895355,0.15474101901054382
2025-07-07,17:11:56.6,0.07635020464658737,0.2919539511203766,0.046938177198171616
2025-07-07,17:11:56.6,0.08725737780332565,0.3336649537086487,0.053623177111148834
2025-07-07,17:11:56.6,0.09816455096006393,0.3795408606529236,0.02220187336206436
2025-07-07,17:11:56.6,0.06816982477903366,0.4302600026130676,0.0239887498319149
2025-07-07,17:11:56.6,0.05998944863677025,0.4657851457595825,0.09881521016359329
2025-07-07,17:11:56.9,0.07635020464658737,0.28811880946159363,0.06654217839241028
2025-07-07,17:11:56.9,0.08725737780332565,0.3294174373149872,0.07544465363025665
2025-07-07,17:11:56.9,0.09816455096006393,0.3773244023323059,0.046588536351919174
2025-07-07,17:11:56.9,0.06816982477903366,0.42786744236946106,0.051269859075546265
2025-07-07,17:11:56.9,0.04499208554625511,0.45778465270996094,0.13684989511966705
2025-07-07,17:11:56.9,0.06680642813444138,0.2857978940010071,0.08441641926765442
2025-07-07,17:11:56.9,0.07635020464658737,0.32601284980773926,0.0985284373164177
2025-07-07,17:11:56.9,0.08589398115873337,0.37647804617881775,0.0711827352643013
2025-07-07,17:11:56.9,0.05453586205840111,0.4251249432563782,0.08149147778749466
2025-07-07,17:11:56.9,0.04499208554625511,0.4477686882019043,0.16672702133655548
2025-07-07,17:11:56.9,-0.038175102323293686,0.07724028080701828,0.013800385408103466
2025-07-07,17:11:56.9,0.07635020464658737,0.29192453622817993,0.04712076857686043
2025-07-07,17:11:56.9,0.08725737780332565,0.3336769640445709,0.05354831740260124
2025-07-07,17:11:56.9,0.09816455096006393,0.3796131908893585,0.02092842012643814
2025-07-07,17:11:56.9,0.06816982477903366,0.4303111732006073,0.02305266633629799
2025-07-07,17:11:56.9,0.05998944863677025,0.4655275344848633,0.1000218391418457
2025-07-07,17:11:57.3,0.07635020464658737,0.2881685495376587,0.06632644683122635
2025-07-07,17:11:57.3,0.08725737780332565,0.3295495808124542,0.07486531138420105
2025-07-07,17:11:57.3,0.09816455096006393,0.37742558121681213,0.04576132073998451
2025-07-07,17:11:57.3,0.06816982477903366,0.4279477298259735,0.05059527978301048
2025-07-07,17:11:57.3,0.04499208554625511,0.45681139826774597,0.14006435871124268
2025-07-07,17:11:57.3,0.06680642813444138,0.2857917249202728,0.0844372883439064
2025-07-07,17:11:57.3,0.07635020464658737,0.3262506425380707,0.09773817658424377
2025-07-07,17:11:57.3,0.08589398115873337,0.376777708530426,0.06957913190126419
2025-07-07,17:11:57.3,0.06816982477903366,0.42418935894966125,0.0759112760424614
2025-07-07,17:11:57.3,0.04499208554625511,0.44766104221343994,0.16701580584049225
2025-07-07,17:11:57.3,0.07635020464658737,0.29192230105400085,0.047134652733802795
2025-07-07,17:11:57.3,0.08725737780332565,0.3336821496486664,0.053516048938035965
2025-07-07,17:11:57.3,0.09816455096006393,0.37962526082992554,0.020708555355668068
2025-07-07,17:11:57.3,0.06816982477903366,0.4303067922592163,0.023134080693125725
2025-07-07,17:11:57.3,0.05998944863677025,0.46462514996528625,0.10413321107625961
2025-07-07,17:11:57.6,0.07635020464658737,0.2882443964481354,0.06599602103233337
2025-07-07,17:11:57.6,0.08725737780332565,0.3297591209411621,0.07393695414066315
2025-07-07,17:11:57.6,0.09816455096006393,0.3776523768901825,0.04385041072964668
2025-07-07,17:11:57.6,0.06816982477903366,0.42863956093788147,0.04435384273529053
2025-07-07,17:11:57.6,0.05998944863677025,0.45985379815101624,0.12351009249687195
2025-07-07,17:11:57.6,0.06680642813444138,0.285925954580307,0.08398162573575974
2025-07-07,17:11:57.6,0.07635020464658737,0.3264590799808502,0.09703972190618515
2025-07-07,17:11:57.6,0.08589398115873337,0.37731796503067017,0.06658703833818436
2025-07-07,17:11:57.6,0.05453586205840111,0.4268159866333008,0.07211242616176605
2025-07-07,17:11:57.6,0.04499208554625511,0.45217737555503845,0.15437066555023193
2025-07-07,17:11:57.6,0.07635020464658737,0.2919673025608063,0.0468551367521286
2025-07-07,17:11:57.6,0.08725737780332565,0.3337972164154053,0.05279355123639107
2025-07-07,17:11:57.6,0.09816455096006393,0.3796980082988739,0.019328847527503967
2025-07-07,17:11:57.6,0.06816982477903366,0.43054479360580444,0.01817443035542965
2025-07-07,17:11:57.6,0.05998944863677025,0.46683964133262634,0.09370697289705276
2025-07-07,17:11:57.9,0.07635020464658737,0.28818202018737793,0.06626781821250916
2025-07-07,17:11:57.9,0.08725737780332565,0.3297026753425598,0.074188232421875
2025-07-07,17:11:57.9,0.09816455096006393,0.3775792717933655,0.04447561502456665
2025-07-07,17:11:57.9,0.06816982477903366,0.4281963109970093,0.04844645410776138
2025-07-07,17:11:57.9,0.04499208554625511,0.45750442147254944,0.13778382539749146
2025-07-07,17:11:57.9,0.06680642813444138,0.2861559987068176,0.08319436758756638
2025-07-07,17:11:57.9,0.07635020464658737,0.3267131447792053,0.09618082642555237
2025-07-07,17:11:57.9,0.09816455096006393,0.3741339445114136,0.06758671253919601
2025-07-07,17:11:57.9,0.05453586205840111,0.4259524345397949,0.07704942673444748
2025-07-07,17:11:57.9,0.05998944863677025,0.4474496841430664,0.1628158837556839
2025-07-07,17:11:57.9,0.07635020464658737,0.29189443588256836,0.04730682447552681
2025-07-07,17:11:57.9,0.08725737780332565,0.33375927805900574,0.053032856434583664
2025-07-07,17:11:57.9,0.09816455096006393,0.37961164116859436,0.0209566131234169
2025-07-07,17:11:57.9,0.06816982477903366,0.430325448513031,0.022784553468227386
2025-07-07,17:11:57.9,0.05998944863677025,0.4648784399032593,0.10299647599458694
2025-07-07,17:11:58.2,0.07635020464658737,0.2879992723464966,0.06705757975578308
2025-07-07,17:11:58.2,0.08725737780332565,0.3294377624988556,0.07535591721534729
2025-07-07,17:11:58.2,0.09816455096006393,0.37736406922340393,0.04626601189374924
2025-07-07,17:11:58.2,0.06816982477903366,0.42794620990753174,0.0506080761551857
2025-07-07,17:11:58.2,0.05998944863677025,0.45844316482543945,0.12864723801612854
2025-07-07,17:11:58.2,0.06680642813444138,0.2857915759086609,0.0844377875328064
2025-07-07,17:11:58.2,0.07635020464658737,0.32609474658966064,0.09825708717107773
2025-07-07,17:11:58.2,0.08589398115873337,0.37659376859664917,0.07056796550750732
2025-07-07,17:11:58.2,0.05453586205840111,0.42500171065330505,0.08213186264038086
2025-07-07,17:11:58.2,0.05998944863677025,0.44895613193511963,0.15861476957798004
2025-07-07,17:11:58.2,0.07635020464658737,0.2917712926864624,0.04806050285696983
2025-07-07,17:11:58.2,0.08725737780332565,0.3336118757724762,0.05395239219069481
2025-07-07,17:11:58.2,0.09816455096006393,0.37957146763801575,0.021672256290912628
2025-07-07,17:11:58.2,0.06816982477903366,0.4302450716495514,0.024255260825157166
2025-07-07,17:11:58.2,0.05998944863677025,0.465152770280838,0.10175041109323502
2025-07-07,17:11:58.6,0.31085440516471863,0.7274834513664246,-0.24756298959255219
2025-07-07,17:11:58.6,0.2699525058269501,0.9165522456169128,0.0912884771823883
2025-07-07,17:11:58.6,0.18814870715141296,0.9834581017494202,-0.06589200347661972
2025-07-07,17:11:58.6,0.2508649528026581,0.9693251252174377,-0.06638611108064651
2025-07-07,17:11:58.9,0.40083858370780945,0.8002618551254272,0.19579669833183289
2025-07-07,17:11:58.9,0.0,1.0102055072784424,-0.2754616141319275
2025-07-07,17:11:58.9,0.032721515744924545,1.0334763526916504,-0.16507631540298462
2025-07-07,17:11:59.2,0.21950682997703552,0.9704211354255676,-0.13050326704978943
2025-07-07,17:11:59.2,0.22905060648918152,1.0191301107406616,-0.0728287547826767
2025-07-07,17:11:59.2,0.17042456567287445,1.0591275691986084,-0.1971505582332611
2025-07-07,17:11:59.2,0.07089661806821823,1.0970646142959595,-0.27957722544670105
2025-07-07,17:11:59.2,0.0368117056787014,1.161742091178894,-0.19137480854988098
2025-07-07,17:11:59.2,-0.0368117056787014,1.158524751663208,-0.20997503399848938
2025-07-07,17:11:59.2,0.18814870715141296,0.9776024222373962,-0.12579794228076935
2025-07-07,17:11:59.2,0.19632908701896667,1.0266704559326172,-0.061619214713573456
2025-07-07,17:11:59.2,0.13633964955806732,1.0787118673324585,-0.08634864538908005
2025-07-07,17:11:59.2,0.035448309034109116,1.1265244483947754,-0.12816622853279114
2025-07-07,17:11:59.6,-0.40901893377304077,0.9846308827400208,-0.22993376851081848
2025-07-07,17:11:59.6,0.553538978099823,1.1338505744934082,-0.09375125169754028
2025-07-07,17:11:59.6,0.31903478503227234,1.0877350568771362,0.042306579649448395
2025-07-07,17:11:59.6,-0.0368117056787014,1.1723079681396484,-0.10937591642141342
2025-07-07,17:11:59.6,-0.038175102323293686,1.200896978378296,-0.22068943083286285
2025-07-07,17:11:59.9,0.4349234998226166,1.0932896137237549,-0.46515730023384094
2025-07-07,17:12:00.2,0.39265820384025574,1.4049184322357178,0.5821606516838074
2025-07-07,17:12:00.2,-0.515363872051239,0.9965634346008301,-0.3590063750743866
2025-07-07,17:12:00.2,0.553538978099823,1.1242347955703735,-0.17465029656887054
2025-07-07,17:12:00.2,0.572626531124115,1.1754297018051147,-0.059834301471710205
2025-07-07,17:12:00.6,0.33812233805656433,1.275661587715149,0.2959531843662262
2025-07-07,17:12:00.9,-0.3953849971294403,1.1087507009506226,-0.4638475179672241
2025-07-07,17:12:01.3,-0.6026212573051453,1.351976990699768,0.09699860960245132
2025-07-07,17:12:01.3,-0.46355482935905457,1.408382534980774,0.044478774070739746
2025-07-07,17:12:01.6,-0.648976743221283,1.3133423328399658,0.23316024243831635
2025-07-07,17:12:01.9,0.5562657713890076,1.3731364011764526,-0.07394319027662277
2025-07-07,17:12:01.9,0.524907648563385,1.4323828220367432,-0.06703042984008789
2025-07-07,17:12:02.3,0.668064296245575,1.3727383613586426,-0.031953733414411545
2025-07-07,17:12:02.3,0.668064296245575,1.3716082572937012,0.06420698761940002
2025-07-07,17:12:02.6,0.7062394022941589,1.4293562173843384,-0.2529959976673126
2025-07-07,17:12:02.6,0.6871518492698669,1.3737716674804688,-0.32781270146369934
2025-07-07,17:12:02.9,0.648976743221283,1.3182791471481323,-0.20340080559253693
2025-07-07,17:12:02.9,0.668064296245575,1.3597787618637085,-0.19087551534175873
2025-07-07,17:12:03.3,-0.038175102323293686,0.07738197594881058,0.012982328422367573
2025-07-07,17:12:04.0,0.668064296245575,1.3678793907165527,0.11974065005779266
2025-07-07,17:12:04.3,0.648976743221283,1.3200806379318237,-0.19136083126068115
2025-07-07,17:12:04.7,-0.019087551161646843,0.03827289119362831,0.008620535023510456
2025-07-07,17:12:05.3,0.42946991324424744,1.421643614768982,-0.35528382658958435
2025-07-07,17:12:05.5,-0.4771887958049774,1.3308427333831787,0.5769662261009216
2025-07-07,17:12:06.5,-0.5399050116539001,1.372883915901184,0.5390546321868896
2025-07-07,17:12:06.7,-0.038175102323293686,0.07725410163402557,0.01372278667986393
2025-07-07,17:12:06.7,0.5099102854728699,1.3715795278549194,-0.24323596060276031
2025-07-07,17:12:06.7,0.524907648563385,1.4292054176330566,-0.1165575161576271
2025-07-07,17:12:07.1,-0.7157831788063049,1.3463153839111328,0.08264964073896408
2025-07-07,17:12:07.4,-0.15542720258235931,1.5652419328689575,0.5238896012306213
2025-07-07,17:12:07.4,-0.038175102323293686,0.07726957648992538,0.013635390438139439
2025-07-07,17:12:07.4,0.5671729445457458,1.2751078605651855,-0.03950147330760956
2025-07-07,17:12:08.1,0.620345413684845,1.3947584629058838,-0.039522528648376465
2025-07-07,17:12:08.1,0.5399050116539001,1.460253119468689,-0.20748764276504517
2025-07-07,17:12:08.3,-0.038175102323293686,0.07725601643323898,0.013712000101804733
2025-07-07,17:12:08.7,0.648976743221283,1.325803279876709,-0.14655178785324097
2025-07-07,17:12:16.4,-1.3197678327560425,4.701724529266357,-2.005141258239746
2025-07-07,17:12:18.0,-1.3197678327560425,4.65786075592041,-2.105027437210083
2025-07-07,17:12:19.8,-0.038175102323293686,0.07730994373559952,0.013404655270278454
2025-07-07,17:12:21.0,-0.019087551161646843,0.03837490454316139,0.00815441645681858
2025-07-07,17:12:30.0,-0.038175102323293686,0.07724019885063171,0.013800852932035923
2025-07-07,17:12:41.3,-0.038175102323293686,0.07735047489404678,0.013168741017580032
2025-07-07,17:12:42.6,-0.061352841556072235,0.11538839340209961,0.007246281020343304
2025-07-07,17:12:43.0,-0.019087551161646843,0.03836558014154434,0.008198186755180359
2025-07-07,17:12:47.9,-0.061352841556072235,0.11545666307210922,0.006062055006623268
2025-07-07,17:12:48.4,-0.019087551161646843,0.038301579654216766,0.008492165245115757
2025-07-07,17:12:51.3,-0.038175102323293686,0.07734233886003494,0.013216412626206875
2025-07-07,17:12:54.4,-0.038175102323293686,0.07735047489404678,0.013168741017580032
2025-07-07,17:12:55.1,-0.8112209439277649,5.103226184844971,-0.5039217472076416
2025-07-07,17:12:55.3,-0.04499208554625511,0.4446595311164856,0.17485018074512482
2025-07-07,17:12:59.2,0.6598839163780212,1.7928928136825562,-0.18759572505950928
2025-07-07,17:12:59.5,0.6598839163780212,1.7950042486190796,-0.16618211567401886
2025-07-07,17:13:02.0,-0.038175102323293686,0.07729636132717133,0.013482721522450447
2025-07-07,17:13:03.8,-0.019087551161646843,0.038301579654216766,0.008492165245115757
2025-07-07,17:13:04.0,-0.038175102323293686,0.07727973163127899,0.013577732257544994
2025-07-07,17:13:07.6,-0.038175102323293686,0.0773349478840828,0.013259600847959518
2025-07-07,17:13:12.1,-0.038175102323293686,0.0773349478840828,0.013259600847959518
2025-07-07,17:13:14.0,-0.038175102323293686,0.07734821736812592,0.013181992806494236
2025-07-07,17:13:16.0,-0.061352841556072235,0.11545997112989426,0.005998759064823389
2025-07-07,17:13:21.7,-0.8248549103736877,4.92519474029541,-1.7119176387786865
2025-07-07,17:13:23.3,-0.9980062246322632,4.87777042388916,-1.882146954536438
2025-07-07,17:13:25.7,-0.6653375029563904,5.1671833992004395,-1.0902633666992188
2025-07-07,17:13:33.5,0.21814344823360443,0.6615264415740967,-0.04563497006893158
2025-07-07,17:13:34.0,0.21814344823360443,0.6544853448867798,-0.10653056204319
