Date,Time,X,Y,Z
2025-06-23,16:21:07.555,-0.040901895612478256,0.07705800235271454,0.0017170882783830166
2025-06-23,16:21:07.555,-0.061352841556072235,0.11547813564538956,-0.005638346541672945
2025-06-23,16:21:07.555,2.519556760787964,5.0207366943359375,-1.2688446044921875
2025-06-23,16:21:07.555,-0.08180379122495651,0.15387369692325592,-0.009296376258134842
2025-06-23,16:21:07.555,2.500469207763672,5.128299236297607,-0.3369312286376953
2025-06-23,16:21:07.555,-0.020450947806239128,0.03853702172636986,-0.0003451191005297005
2025-06-23,16:21:07.555,-0.040901895612478256,0.07692870497703552,-0.0047811162658035755
2025-06-23,16:21:07.555,2.3395884037017822,5.027324676513672,-1.5550767183303833
2025-06-23,16:21:07.872,-0.040901895612478256,0.07706285268068314,0.0014840178191661835
2025-06-23,16:21:07.882,-0.061352841556072235,0.11543645709753036,-0.006435377988964319
2025-06-23,16:21:07.882,2.5522782802581787,6.309206008911133,0.04960448667407036
2025-06-23,16:21:07.882,2.568639039993286,6.344945430755615,0.24941222369670868
2025-06-23,16:21:07.882,2.79768967628479,6.904764652252197,-0.39535051584243774
2025-06-23,16:21:07.882,2.5795462131500244,7.0402960777282715,-0.30366772413253784
2025-06-23,16:21:07.882,2.764968156814575,6.214295387268066,0.2452591508626938
2025-06-23,16:21:07.882,2.7826924324035645,6.238256931304932,0.5091381669044495
2025-06-23,16:21:07.882,2.564548969268799,7.005265235900879,0.09216710180044174
2025-06-23,16:21:07.882,2.5795462131500244,7.045175552368164,0.153244286775589
2025-06-23,16:21:07.882,-0.020450947806239128,0.03853701800107956,-0.0003458263527136296
2025-06-23,16:21:07.882,2.8140504360198975,6.921739101409912,-0.6947591304779053
2025-06-23,16:21:08.225,-0.040901895612478256,0.07706327736377716,0.001461662701331079
2025-06-23,16:21:08.225,-0.061352841556072235,0.11543433368206024,-0.00647332239896059
2025-06-23,16:21:08.225,2.764968156814575,6.202242851257324,0.4580371677875519
2025-06-23,16:21:08.225,2.568639039993286,6.335475444793701,0.42695629596710205
2025-06-23,16:21:08.225,2.3695831298828125,6.4317545890808105,0.7318782210350037
2025-06-23,16:21:08.225,2.79768967628479,6.915804386138916,-0.061076533049345016
2025-06-23,16:21:08.225,2.5795462131500244,7.046817302703857,0.01866508647799492
2025-06-23,16:21:08.225,2.5522782802581787,6.245558738708496,0.8952854871749878
2025-06-23,16:21:08.225,2.568639039993286,6.287013053894043,0.8910715579986572
2025-06-23,16:21:08.225,2.79768967628479,6.905544757843018,0.381487101316452
2025-06-23,16:21:08.225,2.5795462131500244,7.029360771179199,0.49605226516723633
2025-06-23,16:21:08.225,-0.020450947806239128,0.03853688761591911,-0.00035995006328448653
2025-06-23,16:21:08.225,2.354585886001587,6.430485725402832,0.15241043269634247
2025-06-23,16:21:08.225,2.79768967628479,6.894886016845703,-0.540948212146759
2025-06-23,16:21:08.225,2.8140504360198975,6.938692569732666,-0.4976971447467804
2025-06-23,16:21:08.544,-0.040901895612478256,0.0770621970295906,0.0015173412393778563
2025-06-23,16:21:08.544,-0.061352841556072235,0.11545004695653915,-0.0061868117190897465
2025-06-23,16:21:08.544,2.764968156814575,6.218446731567383,0.09238141030073166
2025-06-23,16:21:08.544,2.7826924324035645,6.2588605880737305,-0.041682206094264984
2025-06-23,16:21:08.544,2.5849997997283936,6.386903762817383,-0.2080269157886505
2025-06-23,16:21:08.544,2.564548969268799,6.996643543243408,-0.3594682216644287
2025-06-23,16:21:08.544,2.8140504360198975,6.949352741241455,-0.31568360328674316
2025-06-23,16:21:08.544,3.0662789344787598,6.889752388000488,-0.31301775574684143
2025-06-23,16:21:08.544,2.5522782802581787,6.2658610343933105,0.7399478554725647
2025-06-23,16:21:08.544,2.568639039993286,6.333868503570557,0.4501705765724182
2025-06-23,16:21:08.544,2.5849997997283936,6.378973960876465,0.38013842701911926
2025-06-23,16:21:08.544,2.564548969268799,7.0050554275512695,0.10692194104194641
2025-06-23,16:21:08.544,2.5795462131500244,7.044842720031738,0.1678447127342224
2025-06-23,16:21:08.544,2.830411195755005,6.994211673736572,0.19623804092407227
2025-06-23,16:21:08.544,-0.020450947806239128,0.038536977022886276,-0.00034995199530385435
2025-06-23,16:21:08.544,2.8140504360198975,6.915425777435303,-0.7550101280212402
2025-06-23,16:21:08.544,2.830411195755005,6.969368934631348,-0.620804488658905
2025-06-23,16:21:08.890,-0.040901895612478256,0.0770592987537384,0.001658191322349012
2025-06-23,16:21:08.890,-0.061352841556072235,0.11546853184700012,-0.005831595975905657
2025-06-23,16:21:08.890,0.08453058451414108,1.2903281450271606,-0.39640289545059204
2025-06-23,16:21:08.890,2.764968156814575,6.214260101318359,0.2461511790752411
2025-06-23,16:21:08.890,2.7826924324035645,6.250049114227295,0.33459970355033875
2025-06-23,16:21:08.890,2.8004164695739746,6.296209335327148,0.18290477991104126
2025-06-23,16:21:08.890,2.79768967628479,6.904752254486084,-0.39557546377182007
2025-06-23,16:21:08.890,2.8140504360198975,6.9548516273498535,-0.15230263769626617
2025-06-23,16:21:08.890,2.830411195755005,6.996806621551514,0.04691262170672417
2025-06-23,16:21:08.890,2.5522782802581787,6.242962837219238,0.913213312625885
2025-06-23,16:21:08.890,2.568639039993286,6.2939372062683105,0.8407719135284424
2025-06-23,16:21:08.890,2.5849997997283936,6.337852954864502,0.8169663548469543
2025-06-23,16:21:08.890,2.8140504360198975,6.949711799621582,0.3076760172843933
2025-06-23,16:21:08.890,2.594543695449829,7.0622382164001465,0.6015564203262329
2025-06-23,16:21:08.890,-0.020450947806239128,0.03853737190365791,-0.00030341543606482446
2025-06-23,16:21:08.890,2.79768967628479,6.860302448272705,-0.8765431642532349
2025-06-23,16:21:08.890,2.8140504360198975,6.926299095153809,-0.6477187275886536
2025-06-23,16:21:08.890,2.830411195755005,6.982740879058838,-0.4459104835987091
2025-06-23,16:21:09.225,-0.040901895612478256,0.07706185430288315,0.0015347087755799294
2025-06-23,16:21:09.226,-0.061352841556072235,0.11546816676855087,-0.005838877987116575
2025-06-23,16:21:09.226,2.5522782802581787,6.304532051086426,0.24782361090183258
2025-06-23,16:21:09.226,2.7826924324035645,6.254127025604248,0.24691253900527954
2025-06-23,16:21:09.226,2.5849997997283936,6.383250713348389,0.29988041520118713
2025-06-23,16:21:09.226,2.8140504360198975,6.9547343254089355,-0.15758037567138672
2025-06-23,16:21:09.226,2.830411195755005,6.996103286743164,-0.10973304510116577
2025-06-23,16:21:09.226,2.3395884037017822,6.350715637207031,0.7193068861961365
2025-06-23,16:21:09.226,2.568639039993286,6.317612648010254,0.6389946341514587
2025-06-23,16:21:09.226,2.5849997997283936,6.359557151794434,0.6259791851043701
2025-06-23,16:21:09.226,2.5795462131500244,7.040963649749756,0.2877712845802307
2025-06-23,16:21:09.226,2.830411195755005,6.988702297210693,0.33991605043411255
2025-06-23,16:21:09.226,-0.020450947806239128,0.038536686450242996,-0.00038080831291154027
2025-06-23,16:21:09.226,2.7826924324035645,6.251494884490967,-0.3064027428627014
2025-06-23,16:21:09.226,2.8140504360198975,6.9271697998046875,-0.638340413570404
2025-06-23,16:21:09.226,2.830411195755005,6.969512939453125,-0.6191890835762024
2025-06-23,16:21:09.668,-0.040901895612478256,0.07706046849489212,0.0016028067329898477
2025-06-23,16:21:09.668,-0.061352841556072235,0.11544688791036606,-0.006245496217161417
2025-06-23,16:21:09.668,-1.04981529712677,6.611626625061035,0.5716613531112671
2025-06-23,16:21:09.668,2.5522782802581787,6.30169677734375,0.3116973340511322
2025-06-23,16:21:09.668,2.568639039993286,6.348514556884766,0.1300145387649536
2025-06-23,16:21:09.668,2.5849997997283936,6.390290260314941,0.002860775450244546
2025-06-23,16:21:09.668,2.8140504360198975,6.954930305480957,0.1486746072769165
2025-06-23,16:21:09.668,2.830411195755005,6.992241859436035,0.2570210099220276
2025-06-23,16:21:09.668,2.6095409393310547,7.127639293670654,0.12762120366096497
2025-06-23,16:21:09.668,2.3395884037017822,6.346363067626953,0.7567498087882996
2025-06-23,16:21:09.668,2.568639039993286,6.3370537757873535,0.40285104513168335
2025-06-23,16:21:09.668,2.5849997997283936,6.387038707733154,0.20384162664413452
2025-06-23,16:21:09.668,2.8140504360198975,6.920631408691406,0.7057018876075745
2025-06-23,16:21:09.668,2.594543695449829,7.048930644989014,0.7413862347602844
2025-06-23,16:21:09.668,2.6095409393310547,7.100360870361328,0.6359264254570007
2025-06-23,16:21:09.668,-0.020450947806239128,0.03853739798069,-0.0003002320881932974
2025-06-23,16:21:09.668,2.568639039993286,6.344597339630127,-0.2581215500831604
2025-06-23,16:21:09.668,2.8140504360198975,6.9438581466674805,-0.41951605677604675
2025-06-23,16:21:09.668,2.830411195755005,6.991707801818848,-0.2711549997329712
2025-06-23,16:21:09.668,2.8467719554901123,7.0258636474609375,-0.402946412563324
2025-06-23,16:21:09.892,-0.040901895612478256,0.07706407457590103,0.0014188515488058329
2025-06-23,16:21:09.892,-0.061352841556072235,0.11542958766222,-0.006557475309818983
2025-06-23,16:21:09.892,-1.259778380393982,6.574656963348389,0.573898434638977
2025-06-23,16:21:09.892,2.5522782802581787,6.274099349975586,0.6664971113204956
2025-06-23,16:21:09.892,2.568639039993286,6.328721523284912,0.5175192356109619
2025-06-23,16:21:09.892,2.5849997997283936,6.367443084716797,0.5398929715156555
2025-06-23,16:21:09.893,2.764968156814575,6.146657943725586,0.9466864466667175
2025-06-23,16:21:09.893,2.568639039993286,6.2936177253723145,0.8431591987609863
2025-06-23,16:21:09.893,2.5849997997283936,6.319793224334717,0.9465864300727844
2025-06-23,16:21:09.893,0.04908227548003197,0.15574730932712555,-0.06155569478869438
2025-06-23,16:21:09.893,-0.020450947806239128,0.03853676840662956,-0.0003724905545823276
2025-06-23,16:21:09.893,-2.4178516392292583e+24,9.991770365354503e-38,2.4641303198971457e-35
2025-06-23,16:21:10.293,-0.040901895612478256,0.07705926895141602,0.0016596083296462893
2025-06-23,16:21:10.293,-0.061352841556072235,0.11546312272548676,-0.005937791429460049
2025-06-23,16:21:10.293,2.538644313812256,4.823411464691162,-1.990059494972229
2025-06-23,16:21:10.293,2.7826924324035645,6.240517616271973,0.4806344211101532
2025-06-23,16:21:10.293,-1.4983727931976318,6.069472312927246,-2.799077272415161
2025-06-23,16:21:10.293,2.5849997997283936,6.354787349700928,0.6726749539375305
2025-06-23,16:21:10.293,-1.5079165697097778,6.450527667999268,-1.9065474271774292
2025-06-23,16:21:10.293,-1.3006802797317505,6.7659077644348145,-0.8075634837150574
2025-06-23,16:21:10.293,2.384580612182617,6.507874011993408,0.2877289950847626
2025-06-23,16:21:10.293,2.3995778560638428,6.55513334274292,0.02994970791041851
2025-06-23,16:21:10.293,-0.6544303297996521,6.9498395919799805,-0.009561974555253983
2025-06-23,16:21:10.293,2.6504428386688232,6.5467681884765625,0.2635400593280792
2025-06-23,16:21:10.293,2.519556760787964,5.1760687828063965,0.16148097813129425
2025-06-23,16:21:10.293,2.3573126792907715,5.074884414672852,-1.5358959436416626
2025-06-23,16:21:10.293,2.3695831298828125,6.378426551818848,1.1039894819259644
2025-06-23,16:21:10.293,-1.5079165697097778,6.552696228027344,-1.5186831951141357
2025-06-23,16:21:10.294,-1.3006802797317505,6.808250904083252,-0.27818727493286133
2025-06-23,16:21:10.294,2.1678004264831543,6.5739359855651855,0.45325732231140137
2025-06-23,16:21:10.294,-0.020450947806239128,0.03853739798069,-0.000300110928947106
2025-06-23,16:21:10.294,-1.0839002132415771,6.792435646057129,-0.8996760249137878
2025-06-23,16:21:10.294,2.384580612182617,6.512016773223877,-0.16984866559505463
2025-06-23,16:21:10.557,-0.040901895612478256,0.07705915719270706,0.0016647629672661424
2025-06-23,16:21:10.557,-0.061352841556072235,0.11546284705400467,-0.005943103227764368
2025-06-23,16:21:10.557,2.9967455863952637,6.159372806549072,0.00955063197761774
2025-06-23,16:21:10.557,2.5849997997283936,6.38132381439209,0.3384148180484772
2025-06-23,16:21:10.557,-1.2924998998641968,6.690093040466309,1.0440963506698608
2025-06-23,16:21:10.557,-1.5174603462219238,6.726352214813232,-0.758245050907135
2025-06-23,16:21:10.557,2.601360559463501,6.4297404289245605,0.11313696950674057
2025-06-23,16:21:10.557,2.6177213191986084,6.463843822479248,0.3080562353134155
2025-06-23,16:21:10.557,-1.5270041227340698,6.689905643463135,-1.2814301252365112
2025-06-23,16:21:10.557,2.6504428386688232,6.550673961639404,0.13527415692806244
2025-06-23,16:21:10.557,2.519556760787964,5.1616950035095215,-0.4179357886314392
2025-06-23,16:21:10.557,2.8004164695739746,6.253753662109375,0.7525144219398499
2025-06-23,16:21:10.557,-1.5174603462219238,6.763705253601074,-0.2665317952632904
2025-06-23,16:21:10.557,2.384580612182617,6.502544403076172,0.39003539085388184
2025-06-23,16:21:10.557,-0.020450947806239128,0.038537390530109406,-0.0003012306406162679
2025-06-23,16:21:10.557,-1.3006802797317505,6.778128147125244,-0.6975999474525452
2025-06-23,16:21:10.557,2.818140745162964,6.311192989349365,-0.5902218222618103
2025-06-23,16:21:10.885,-0.040901895612478256,0.07705911248922348,0.001666666241362691
2025-06-23,16:21:10.885,-0.061352841556072235,0.11546266824007034,-0.005946605000644922
2025-06-23,16:21:10.885,2.747244119644165,6.158145904541016,0.510463535785675
2025-06-23,16:21:10.885,2.354585886001587,6.430765628814697,0.14009232819080353
2025-06-23,16:21:10.885,2.3695831298828125,6.43782377243042,0.6764183044433594
2025-06-23,16:21:10.885,-0.8616666197776794,6.833133697509766,-0.28957468271255493
2025-06-23,16:21:10.885,-1.5174603462219238,6.752865314483643,0.4664326608181
2025-06-23,16:21:10.885,1.7342404127120972,6.615448474884033,1.1617599725723267
2025-06-23,16:21:10.885,-1.5270041227340698,6.7217631340026855,1.1021794080734253
2025-06-23,16:21:10.886,2.181434392929077,6.626848220825195,0.23423701524734497
2025-06-23,16:21:10.886,2.429572582244873,6.635826587677002,-0.13210846483707428
2025-06-23,16:21:10.886,2.4445700645446777,6.665179252624512,-0.4154038429260254
2025-06-23,16:21:10.886,3.0485546588897705,6.8274736404418945,0.6355764865875244
2025-06-23,16:21:10.886,2.1541664600372314,6.46919059753418,1.0134981870651245
2025-06-23,16:21:10.886,-1.0770832300186157,6.803750991821289,0.25865936279296875
2025-06-23,16:21:10.886,-0.020450947806239128,0.038537465035915375,-0.0002912900235969573
2025-06-23,16:21:10.886,3.0485546588897705,6.851220607757568,0.28130072355270386
2025-06-23,16:21:11.235,-0.040901895612478256,0.07705897837877274,0.0016730620991438627
2025-06-23,16:21:11.235,-0.061352841556072235,0.11546269804239273,-0.0059460788033902645
2025-06-23,16:21:11.235,2.8004164695739746,6.278379917144775,0.5075995326042175
2025-06-23,16:21:11.235,-1.5079165697097778,6.156698703765869,-2.7091128826141357
2025-06-23,16:21:11.235,-1.3006802797317505,6.580151081085205,-1.769543170928955
2025-06-23,16:21:11.235,2.601360559463501,6.362525939941406,0.9341402649879456
2025-06-23,16:21:11.235,2.79768967628479,6.905825138092041,0.3763767182826996
2025-06-23,16:21:11.235,2.8140504360198975,6.902186393737793,0.8677464127540588
2025-06-23,16:21:11.235,2.8004164695739746,6.216103553771973,1.017724871635437
2025-06-23,16:21:11.235,-1.5079165697097778,6.210785865783691,-2.582704782485962
2025-06-23,16:21:11.235,2.79768967628479,6.864331245422363,0.8444139361381531
2025-06-23,16:21:11.235,2.8140504360198975,6.825376033782959,1.3443962335586548
2025-06-23,16:21:11.235,-0.020450947806239128,0.038537487387657166,-0.00028864506748504937
2025-06-23,16:21:11.236,3.0308306217193604,6.8168134689331055,-0.06529505550861359
2025-06-23,16:21:11.236,3.0485546588897705,6.848466873168945,0.3418344259262085
2025-06-23,16:21:11.567,-0.040901895612478256,0.07705902308225632,0.0016709077171981335
2025-06-23,16:21:11.567,-0.061352841556072235,0.11546297371387482,-0.005940651521086693
2025-06-23,16:21:11.567,2.8004164695739746,6.287971019744873,0.3703041672706604
2025-06-23,16:21:11.567,-1.5079165697097778,6.190981864929199,2.6298229694366455
2025-06-23,16:21:11.568,-1.5174603462219238,6.643139362335205,1.2990208864212036
2025-06-23,16:21:11.568,2.601360559463501,6.3926310539245605,0.6990176439285278
2025-06-23,16:21:11.568,2.79768967628479,6.841162204742432,1.0151739120483398
2025-06-23,16:21:11.568,2.8140504360198975,6.812734127044678,1.4070571660995483
2025-06-23,16:21:11.568,2.6995251178741455,5.086727619171143,-0.0608220174908638
2025-06-23,16:21:11.568,2.79768967628479,6.774699687957764,1.3912317752838135
2025-06-23,16:21:11.568,2.8140504360198975,6.718161582946777,1.805397868156433
2025-06-23,16:21:11.568,-0.020450947806239128,0.03853753209114075,-0.00028234795900061727
2025-06-23,16:21:11.568,2.79768967628479,6.893495082855225,0.5583995580673218
2025-06-23,16:21:11.568,2.8140504360198975,6.891627311706543,0.9479593634605408
2025-06-23,16:21:11.899,-0.040901895612478256,0.07705909758806229,0.0016673966310918331
2025-06-23,16:21:11.899,-0.061352841556072235,0.11546355485916138,-0.005929391831159592
2025-06-23,16:21:11.899,2.3573126792907715,4.939305782318115,-1.9278706312179565
2025-06-23,16:21:11.899,2.568639039993286,6.298894882202148,0.8027836680412292
2025-06-23,16:21:11.899,2.3695831298828125,6.382758617401123,1.0786610841751099
2025-06-23,16:21:11.899,-1.3006802797317505,6.8048858642578125,0.35099107027053833
2025-06-23,16:21:11.899,2.1678004264831543,6.261406421661377,2.0535004138946533
2025-06-23,16:21:11.899,3.0485546588897705,6.771678924560547,1.0782922506332397
2025-06-23,16:21:11.899,2.830411195755005,6.995074272155762,0.1626133918762207
2025-06-23,16:21:11.899,2.6995251178741455,5.078559875488281,-0.2944951355457306
2025-06-23,16:21:11.899,2.8140504360198975,6.801149845123291,1.4620254039764404
2025-06-23,16:21:11.899,2.594543695449829,7.055529594421387,0.6757087111473083
2025-06-23,16:21:11.899,-0.020450947806239128,0.03853750601410866,-0.00028607426793314517
2025-06-23,16:21:11.899,2.519556760787964,5.119943141937256,-0.7771404981613159
2025-06-23,16:21:11.899,2.8140504360198975,6.928276062011719,0.626218318939209
2025-06-23,16:21:11.899,2.830411195755005,6.992443084716797,-0.25148311257362366
2025-06-23,16:21:12.225,-0.040901895612478256,0.07705873996019363,0.001684038550592959
2025-06-23,16:21:12.225,-0.061352841556072235,0.11546497046947479,-0.005901696626096964
2025-06-23,16:21:12.225,0.2863132655620575,1.1559491157531738,-0.5430677533149719
2025-06-23,16:21:12.225,2.538644313812256,5.040606498718262,-1.3483020067214966
2025-06-23,16:21:12.225,2.354585886001587,6.432107448577881,0.048663634806871414
2025-06-23,16:21:12.225,-1.284319519996643,6.379408359527588,2.138252019882202
2025-06-23,16:21:12.226,2.8004164695739746,6.298848628997803,-0.014783480204641819
2025-06-23,16:21:12.226,-1.2924998998641968,6.683701038360596,-1.0842630863189697
2025-06-23,16:21:12.226,-1.3006802797317505,6.796903610229492,-0.4814259111881256
2025-06-23,16:21:12.226,2.601360559463501,6.346117973327637,1.0397824048995972
2025-06-23,16:21:12.226,2.6504428386688232,6.545787811279297,0.2868666350841522
2025-06-23,16:21:12.226,2.8140504360198975,6.943447113037109,0.4262588918209076
2025-06-23,16:21:12.226,2.830411195755005,6.981141567230225,0.47028598189353943
2025-06-23,16:21:12.226,2.519556760787964,5.175267696380615,-0.18539437651634216
2025-06-23,16:21:12.226,2.3573126792907715,5.257219314575195,-0.6892520189285278
2025-06-23,16:21:12.226,2.5849997997283936,6.377647399902344,0.4017846882343292
2025-06-23,16:21:12.226,-1.5079165697097778,6.633100986480713,-1.1163333654403687
2025-06-23,16:21:12.226,2.5795462131500244,6.9935383796691895,0.8651043772697449
2025-06-23,16:21:12.226,2.830411195755005,6.941542625427246,0.8789142966270447
2025-06-23,16:21:12.226,-0.020450947806239128,0.038537539541721344,-0.00028126343386247754
2025-06-23,16:21:12.226,2.3573126792907715,4.994714736938477,-1.7793958187103271
2025-06-23,16:21:12.226,2.8140504360198975,6.956477642059326,-0.0239674411714077
2025-06-23,16:21:12.226,3.0662789344787598,6.896827697753906,-0.02074504643678665
2025-06-23,16:21:12.631,-0.040901895612478256,0.07705900818109512,0.001671425299718976
2025-06-23,16:21:12.631,-0.061352841556072235,0.11546182632446289,-0.005962965544313192
2025-06-23,16:21:12.631,2.679074287414551,5.044267177581787,-0.20797152817249298
2025-06-23,16:21:12.631,2.538644313812256,5.059991359710693,-1.273625373840332
2025-06-23,16:21:12.631,2.557731866836548,5.145416259765625,-1.0776234865188599
2025-06-23,16:21:12.631,2.5359175205230713,6.268685817718506,0.05816296488046646
2025-06-23,16:21:12.631,-1.4792852401733398,6.031651973724365,2.676111936569214
2025-06-23,16:21:12.631,2.5522782802581787,6.305060386657715,-0.2340010404586792
2025-06-23,16:21:12.631,-1.7015188932418823,5.965470314025879,2.8001179695129395
2025-06-23,16:21:12.631,2.5849997997283936,6.381440162658691,0.33620965480804443
2025-06-23,16:21:12.631,-1.7233332395553589,6.390384674072266,-1.9264336824417114
2025-06-23,16:21:12.632,-1.3006802797317505,6.81390380859375,0.0196111798286438
2025-06-23,16:21:12.632,2.1678004264831543,6.587895393371582,-0.14734484255313873
2025-06-23,16:21:12.632,2.564548969268799,7.0024309158325195,-0.2195451557636261
2025-06-23,16:21:12.632,2.8140504360198975,6.955318450927734,0.12925280630588531
2025-06-23,16:21:12.632,2.830411195755005,6.981328010559082,0.46750810742378235
2025-06-23,16:21:12.632,2.679074287414551,5.045772552490234,0.1675170361995697
2025-06-23,16:21:12.632,2.538644313812256,5.165295600891113,-0.7384821772575378
2025-06-23,16:21:12.632,2.564548969268799,7.00112247467041,0.25791609287261963
2025-06-23,16:21:12.632,2.5795462131500244,7.019365310668945,0.6216850280761719
2025-06-23,16:21:12.632,2.830411195755005,6.929628372192383,0.9683783650398254
2025-06-23,16:21:12.632,-0.020450947806239128,0.03853750601410866,-0.00028607426793314517
2025-06-23,16:21:12.632,2.538644313812256,4.860930442810059,-1.8965721130371094
2025-06-23,16:21:12.632,2.564548969268799,6.973020553588867,-0.6776608824729919
2025-06-23,16:21:12.632,2.8140504360198975,6.9472479820251465,-0.3590357005596161
2025-06-23,16:21:12.632,3.0662789344787598,6.89600944519043,-0.10827184468507767
2025-06-23,16:21:12.886,-0.040901895612478256,0.07705903053283691,0.0016706192400306463
2025-06-23,16:21:12.886,-0.061352841556072235,0.11546200513839722,-0.005959464702755213
2025-06-23,16:21:12.886,2.538644313812256,5.095536231994629,-1.1230069398880005
2025-06-23,16:21:12.886,2.3750367164611816,5.308152675628662,-0.6010708808898926
2025-06-23,16:21:12.886,2.5359175205230713,6.261510372161865,0.3054410219192505
2025-06-23,16:21:12.886,2.5522782802581787,6.308988094329834,0.07218797504901886
2025-06-23,16:21:12.886,2.5849997997283936,6.3798909187316895,0.36442831158638
2025-06-23,16:21:12.886,-1.5079165697097778,6.530236721038818,-1.612525463104248
2025-06-23,16:21:12.886,2.3314080238342285,7.03289794921875,-0.8729457855224609
2025-06-23,16:21:12.886,2.3450419902801514,7.099055767059326,-0.645155668258667
2025-06-23,16:21:12.886,2.358675956726074,7.166909217834473,-0.2019718885421753
2025-06-23,16:21:12.886,2.679074287414551,5.046915531158447,0.12855079770088196
2025-06-23,16:21:12.886,2.519556760787964,5.123284816741943,-0.7547968626022339
2025-06-23,16:21:12.886,2.538644313812256,5.153789043426514,-0.814918577671051
2025-06-23,16:21:12.886,2.3314080238342285,7.075662612915039,-0.39835748076438904
2025-06-23,16:21:12.886,2.1105377674102783,7.198862552642822,-0.1845117062330246
2025-06-23,16:21:12.886,2.358675956726074,7.163506507873535,0.299255907535553
2025-06-23,16:21:12.886,-0.020450947806239128,0.03853745758533478,-0.00029233150416985154
2025-06-23,16:21:12.886,2.538644313812256,5.016281604766846,-1.4361594915390015
2025-06-23,16:21:12.886,2.3314080238342285,6.953469753265381,-1.3685563802719116
2025-06-23,16:21:12.886,2.3450419902801514,7.036652565002441,-1.1394448280334473
2025-06-23,16:21:12.886,2.358675956726074,7.1351447105407715,-0.7036259770393372
2025-06-23,16:21:13.226,-0.040901895612478256,0.07705888152122498,0.0016773509560152888
2025-06-23,16:21:13.226,-0.061352841556072235,0.11546152085065842,-0.005968805402517319
2025-06-23,16:21:13.226,2.538644313812256,5.131545066833496,-0.9449214935302734
2025-06-23,16:21:13.226,2.557731866836548,5.250548839569092,-0.2613781690597534
2025-06-23,16:21:13.226,2.5359175205230713,6.264129638671875,0.24593856930732727
2025-06-23,16:21:13.226,2.5522782802581787,6.304844856262207,0.23973235487937927
2025-06-23,16:21:13.226,2.5849997997283936,6.390031814575195,0.05751308426260948
2025-06-23,16:21:13.226,-1.7233332395553589,6.451498985290527,-1.710650086402893
2025-06-23,16:21:13.226,2.3314080238342285,7.06119966506958,-0.602616548538208
2025-06-23,16:21:13.226,2.3450419902801514,7.09578275680542,-0.6802079677581787
2025-06-23,16:21:13.226,2.358675956726074,7.137368679046631,-0.6806973814964294
2025-06-23,16:21:13.226,2.679074287414551,5.047636032104492,0.0962001234292984
2025-06-23,16:21:13.226,2.538644313812256,5.165494441986084,-0.7370911240577698
2025-06-23,16:21:13.226,2.3314080238342285,7.0854268074035645,-0.14287254214286804
2025-06-23,16:21:13.226,2.3450419902801514,7.125144004821777,-0.2124628722667694
2025-06-23,16:21:13.226,2.1228084564208984,7.242741107940674,-0.07153353095054626
2025-06-23,16:21:13.226,-0.020450947806239128,0.03853771090507507,-0.00025690035545267165
2025-06-23,16:21:13.226,2.658623218536377,5.009893894195557,0.03466860204935074
2025-06-23,16:21:13.226,2.538644313812256,5.067615032196045,-1.2429453134536743
2025-06-23,16:21:13.226,2.3314080238342285,7.014888286590576,-1.0074843168258667
2025-06-23,16:21:13.226,2.3450419902801514,7.042169094085693,-1.104838490486145
2025-06-23,16:21:13.226,2.1228084564208984,7.1798529624938965,-0.9550548791885376
2025-06-23,16:21:13.550,-0.040901895612478256,0.07705910503864288,0.0016668534372001886
2025-06-23,16:21:13.550,-0.061352841556072235,0.11546152085065842,-0.005968908779323101
2025-06-23,16:21:13.550,2.538644313812256,5.1192169189453125,-1.0095791816711426
2025-06-23,16:21:13.550,2.3750367164611816,5.341881275177002,-0.045553822070360184
2025-06-23,16:21:13.550,2.5522782802581787,6.293917179107666,0.44175007939338684
2025-06-23,16:21:13.550,-1.2924998998641968,6.705300331115723,-0.9415064454078674
2025-06-23,16:21:13.550,2.5849997997283936,6.369675636291504,0.5128830075263977
2025-06-23,16:21:13.550,2.549551486968994,6.961987495422363,-0.20144332945346832
2025-06-23,16:21:13.550,2.564548969268799,7.001967430114746,-0.23385107517242432
2025-06-23,16:21:13.550,2.3450419902801514,7.126814842224121,-0.14603044092655182
2025-06-23,16:21:13.550,2.358675956726074,7.169600963592529,-0.04692547023296356
2025-06-23,16:21:13.550,1.9414767026901245,7.4394211769104,1.0931540727615356
2025-06-23,16:21:13.550,2.679074287414551,5.045894622802734,0.1637948453426361
2025-06-23,16:21:13.550,2.519556760787964,5.13606071472168,-0.6623002290725708
2025-06-23,16:21:13.550,2.3573126792907715,5.271148681640625,-0.5730789303779602
2025-06-23,16:21:13.550,2.549551486968994,6.962798595428467,0.1711413413286209
2025-06-23,16:21:13.550,2.3314080238342285,7.082801342010498,0.24001622200012207
2025-06-23,16:21:13.550,2.3450419902801514,7.121108531951904,0.3203544318675995
2025-06-23,16:21:13.550,2.358675956726074,7.157088279724121,0.42599111795425415
2025-06-23,16:21:13.550,1.9414767026901245,7.369829177856445,1.4918413162231445
2025-06-23,16:21:13.550,-0.020450947806239128,0.038537509739398956,-0.0002853962650988251
2025-06-23,16:21:13.550,2.658623218536377,5.007071018218994,0.1717035472393036
2025-06-23,16:21:13.550,2.538644313812256,5.024471759796143,-1.4072370529174805
2025-06-23,16:21:13.550,2.549551486968994,6.929791450500488,-0.6984567642211914
2025-06-23,16:21:13.550,2.564548969268799,6.970791816711426,-0.7002127766609192
2025-06-23,16:21:13.550,2.3450419902801514,7.101587295532227,-0.6166636943817139
2025-06-23,16:21:13.550,2.594543695449829,7.063917636871338,-0.5815046429634094
2025-06-23,16:21:13.550,1.9414767026901245,7.482534885406494,0.7427292466163635
2025-06-23,16:21:13.896,-0.040901895612478256,0.07705918699502945,0.0016633449122309685
2025-06-23,16:21:13.896,-0.061352841556072235,0.115462526679039,-0.005949370097368956
2025-06-23,16:21:13.896,2.538644313812256,5.104821681976318,-1.0800141096115112
2025-06-23,16:21:13.896,2.5359175205230713,6.23613166809082,0.6406785249710083
2025-06-23,16:21:13.896,2.764968156814575,6.162947654724121,0.8340808153152466
2025-06-23,16:21:13.896,-1.5079165697097778,6.725446701049805,-0.11221127957105637
2025-06-23,16:21:13.896,2.3695831298828125,6.403093338012695,-0.9505307078361511
2025-06-23,16:21:13.896,2.549551486968994,6.963907718658447,-0.11765281856060028
2025-06-23,16:21:13.896,2.564548969268799,7.004512786865234,-0.13797320425510406
2025-06-23,16:21:13.896,2.3450419902801514,7.1270623207092285,-0.13341768085956573
2025-06-23,16:21:13.896,2.358675956726074,7.168557643890381,-0.13101032376289368
2025-06-23,16:21:13.896,2.679074287414551,5.047421455383301,0.1068696603178978
2025-06-23,16:21:13.896,2.519556760787964,5.140029430389404,-0.6307637095451355
2025-06-23,16:21:13.896,2.3573126792907715,5.252737045288086,-0.7226211428642273
2025-06-23,16:21:13.896,2.3177740573883057,7.03515100479126,0.3803204298019409
2025-06-23,16:21:13.898,2.3314080238342285,7.08051061630249,0.30009686946868896
2025-06-23,16:21:13.898,2.3450419902801514,7.119433403015137,0.3556445240974426
2025-06-23,16:21:13.898,2.358675956726074,7.162521839141846,0.3219717741012573
2025-06-23,16:21:13.898,-0.020450947806239128,0.038537465035915375,-0.0002913330099545419
2025-06-23,16:21:13.898,2.538644313812256,5.015209674835205,-1.4398982524871826
2025-06-23,16:21:13.898,-1.5079165697097778,6.689661979675293,-0.7018883228302002
2025-06-23,16:21:13.898,2.3695831298828125,6.277369499206543,-1.5804256200790405
2025-06-23,16:21:13.898,2.549551486968994,6.940850257873535,-0.5783172845840454
2025-06-23,16:21:13.898,2.564548969268799,6.978111267089844,-0.6230558156967163
2025-06-23,16:21:13.898,2.5795462131500244,7.02341890335083,-0.5740809440612793
2025-06-23,16:21:13.898,2.358675956726074,7.146623611450195,-0.575459361076355
2025-06-23,16:21:14.350,-0.040901895612478256,0.07705974578857422,0.0016371009405702353
2025-06-23,16:21:14.350,-0.061352841556072235,0.11546093225479126,-0.005980256013572216
2025-06-23,16:21:14.350,2.679074287414551,5.047027587890625,0.12407658249139786
2025-06-23,16:21:14.350,2.3573126792907715,5.261594772338867,-0.6550176739692688
2025-06-23,16:21:14.350,2.3245911598205566,6.300583362579346,0.7934807538986206
2025-06-23,16:21:14.350,2.568639039993286,6.257420063018799,1.0794602632522583
2025-06-23,16:21:14.350,-1.4983727931976318,6.526892185211182,-1.4397932291030884
2025-06-23,16:21:14.350,2.5849997997283936,6.304386615753174,1.0442829132080078
2025-06-23,16:21:14.350,-1.2924998998641968,6.708762168884277,-0.9165105819702148
2025-06-23,16:21:14.350,2.384580612182617,6.459519386291504,0.8425071835517883
2025-06-23,16:21:14.350,2.818140745162964,6.197309970855713,1.3314906358718872
2025-06-23,16:21:14.350,2.7813289165496826,6.86657190322876,0.3527976870536804
2025-06-23,16:21:14.350,2.0982673168182373,7.125030040740967,-0.700265645980835
2025-06-23,16:21:14.351,2.8140504360198975,6.3154191970825195,2.9169564247131348
2025-06-23,16:21:14.351,3.3021464347839355,6.608993053436279,1.544594168663025
2025-06-23,16:21:14.351,2.519556760787964,5.172914028167725,-0.24232785403728485
2025-06-23,16:21:14.351,2.3573126792907715,5.300048828125,-0.15136432647705078
2025-06-23,16:21:14.351,2.568639039993286,6.1366167068481445,1.6317100524902344
2025-06-23,16:21:14.351,-1.4983727931976318,6.584444046020508,-1.148226022720337
2025-06-23,16:21:14.351,2.3695831298828125,6.331682205200195,1.3464452028274536
2025-06-23,16:21:14.351,-1.5079165697097778,6.700763702392578,-0.5865097045898438
2025-06-23,16:21:14.351,2.7813289165496826,6.806632041931152,0.971614420413971
2025-06-23,16:21:14.351,2.0982673168182373,7.154130935668945,-0.2735650837421417
2025-06-23,16:21:14.351,3.0662789344787598,6.529180526733398,2.2218165397644043
2025-06-23,16:21:14.351,-0.020450947806239128,0.03853734955191612,-0.0003064600459765643
2025-06-23,16:21:14.351,2.679074287414551,5.048460483551025,-0.030441174283623695
2025-06-23,16:21:14.351,2.3573126792907715,5.247464179992676,-0.7599650621414185
2025-06-23,16:21:14.351,2.568639039993286,6.29736328125,0.8147140145301819
2025-06-23,16:21:14.351,-1.4983727931976318,6.440500736236572,-1.7869744300842285
2025-06-23,16:21:14.351,2.5849997997283936,6.367298126220703,0.541599452495575
2025-06-23,16:21:14.351,-1.5079165697097778,6.563926696777344,-1.469386339187622
2025-06-23,16:21:14.351,3.013106346130371,6.775079727172852,-0.17191338539123535
2025-06-23,16:21:14.351,2.3314080238342285,6.967165946960449,-1.2970291376113892
2025-06-23,16:21:14.351,2.5795462131500244,6.41191291809082,2.923243999481201
2025-06-23,16:21:14.351,3.3021464347839355,6.691856384277344,1.1329669952392578
2025-06-23,16:21:14.574,-0.040901895612478256,0.07705985754728317,0.001631912891753018
2025-06-23,16:21:14.574,-0.061352841556072235,0.11546065658330917,-0.00598558085039258
2025-06-23,16:21:14.574,2.538644313812256,5.088409900665283,-1.1548664569854736
2025-06-23,16:21:14.574,2.5359175205230713,6.236695289611816,0.635171115398407
2025-06-23,16:21:14.574,2.354585886001587,6.354424476623535,0.9978305697441101
2025-06-23,16:21:14.574,-1.4983727931976318,6.455112934112549,-1.7334482669830322
2025-06-23,16:21:14.574,2.5849997997283936,6.325000286102295,0.9111471176147461
2025-06-23,16:21:14.574,2.564548969268799,6.945296764373779,0.9192871451377869
2025-06-23,16:21:14.574,2.8140504360198975,6.881787300109863,1.0169390439987183
2025-06-23,16:21:14.574,3.0662789344787598,6.824609756469727,0.9956749081611633
2025-06-23,16:21:14.574,2.519556760787964,5.16838264465332,-0.3249371647834778
2025-06-23,16:21:14.574,2.538644313812256,5.160948276519775,-0.7682734131813049
2025-06-23,16:21:14.574,2.3695831298828125,6.374922275543213,1.1240458488464355
2025-06-23,16:21:14.574,2.564548969268799,6.861250877380371,1.416146993637085
2025-06-23,16:21:14.574,2.5795462131500244,6.885506629943848,1.4992597103118896
2025-06-23,16:21:14.574,3.0662789344787598,6.757072925567627,1.3815333843231201
2025-06-23,16:21:14.574,-0.020450947806239128,0.03853730857372284,-0.0003115956496912986
2025-06-23,16:21:14.574,2.538644313812256,4.954075336456299,-1.637917160987854
2025-06-23,16:21:14.574,2.568639039993286,6.308053970336914,0.7273234128952026
2025-06-23,16:21:14.574,-1.284319519996643,6.508843898773193,-1.7040914297103882
2025-06-23,16:21:14.574,2.5849997997283936,6.36431360244751,0.5756098031997681
2025-06-23,16:21:14.574,-1.5079165697097778,6.471089839935303,-1.8355445861816406
2025-06-23,16:21:14.574,2.564548969268799,6.99142599105835,0.4496667981147766
2025-06-23,16:21:14.574,2.8140504360198975,6.932487487792969,0.5777323842048645
2025-06-23,16:21:14.574,3.3021464347839355,6.767091751098633,0.5206074714660645
2025-06-23,16:21:14.910,-0.040901895612478256,0.07705970853567123,0.0016389733646064997
2025-06-23,16:21:14.910,-0.061352841556072235,0.11546093225479126,-0.005980256013572216
2025-06-23,16:21:14.910,2.538644313812256,5.0271220207214355,-1.3977396488189697
2025-06-23,16:21:14.910,2.557731866836548,4.942350387573242,-1.7915788888931274
2025-06-23,16:21:14.910,2.747244119644165,6.116709232330322,0.8770426511764526
2025-06-23,16:21:14.910,2.568639039993286,6.295541286468506,0.8286722302436829
2025-06-23,16:21:14.910,-1.284319519996643,6.543262481689453,-1.5667445659637451
2025-06-23,16:21:14.910,2.5849997997283936,6.343843936920166,0.7690653204917908
2025-06-23,16:21:14.910,-1.5079165697097778,6.3676981925964355,-2.167175054550171
2025-06-23,16:21:14.910,2.601360559463501,6.368624210357666,0.8916191458702087
2025-06-23,16:21:14.910,-1.5174603462219238,6.435991287231445,-2.0968472957611084
2025-06-23,16:21:14.910,2.679074287414551,5.038806915283203,0.3135420083999634
2025-06-23,16:21:14.910,2.519556760787964,5.173552989959717,-0.22828198969364166
2025-06-23,16:21:14.910,2.538644313812256,5.167159080505371,-0.7253269553184509
2025-06-23,16:21:14.910,2.3695831298828125,6.375021457672119,1.1234827041625977
2025-06-23,16:21:14.910,-1.5079165697097778,6.3705573081970215,-2.158756732940674
2025-06-23,16:21:14.911,-0.020450947806239128,0.03853732347488403,-0.00030945666367188096
2025-06-23,16:21:14.911,2.3573126792907715,4.853477478027344,-2.134756088256836
2025-06-23,16:21:14.911,2.568639039993286,6.333890914916992,0.44985389709472656
2025-06-23,16:21:14.911,-1.7124260663986206,6.274885654449463,-2.147522449493408
2025-06-23,16:21:14.911,2.8004164695739746,6.290886402130127,0.3169504404067993
2025-06-23,16:21:14.911,-1.5079165697097778,6.334217548370361,-2.263164520263672
2025-06-23,16:21:15.235,-0.040901895612478256,0.07705985754728317,0.001631912891753018
2025-06-23,16:21:15.235,-0.061352841556072235,0.11546105146408081,-0.005977838300168514
2025-06-23,16:21:15.235,2.3573126792907715,5.118875980377197,-1.38222074508667
2025-06-23,16:21:15.236,2.557731866836548,5.016262054443359,-1.5727989673614502
2025-06-23,16:21:15.236,2.5359175205230713,6.226129055023193,0.7315230965614319
2025-06-23,16:21:15.236,2.568639039993286,6.275304794311523,0.9701005816459656
2025-06-23,16:21:15.236,-1.284319519996643,6.5110883712768555,-1.6954947710037231
2025-06-23,16:21:15.236,2.5849997997283936,6.324164867401123,0.9169273376464844
2025-06-23,16:21:15.236,-1.5079165697097778,6.271479606628418,-2.4316186904907227
2025-06-23,16:21:15.236,2.384580612182617,6.45925235748291,0.8445532321929932
2025-06-23,16:21:15.236,2.7813289165496826,6.860385417938232,0.45758840441703796
2025-06-23,16:21:15.236,2.79768967628479,6.902368068695068,0.43519577383995056
2025-06-23,16:21:15.236,3.0485546588897705,6.856691360473633,0.06431175023317337
2025-06-23,16:21:15.236,2.3573126792907715,5.187378406524658,-1.0975112915039062
2025-06-23,16:21:15.236,2.7826924324035645,6.098153114318848,1.409821629524231
2025-06-23,16:21:15.236,-1.284319519996643,6.539218902587891,-1.5835365056991577
2025-06-23,16:21:15.236,2.5849997997283936,6.242096900939941,1.3682268857955933
2025-06-23,16:21:15.236,2.7813289165496826,6.798243045806885,1.0286740064620972
2025-06-23,16:21:15.236,2.79768967628479,6.857517719268799,0.8980704545974731
2025-06-23,16:21:15.236,2.8140504360198975,6.928247451782227,0.6265329718589783
2025-06-23,16:21:15.236,-0.020450947806239128,0.038537316024303436,-0.0003105365321971476
2025-06-23,16:21:15.236,2.538644313812256,4.9188232421875,-1.7409220933914185
2025-06-23,16:21:15.236,2.568639039993286,6.321288108825684,0.6015453338623047
2025-06-23,16:21:15.236,-1.4983727931976318,6.437788009643555,-1.796723484992981
2025-06-23,16:21:15.236,2.5849997997283936,6.374250411987305,0.45249441266059875
2025-06-23,16:21:15.236,-1.5079165697097778,6.268703937530518,-2.43876576423645
2025-06-23,16:21:15.236,2.7813289165496826,6.875397205352783,-0.056499287486076355
2025-06-23,16:21:15.236,3.0308306217193604,6.81630277633667,-0.10597383975982666
2025-06-23,16:21:15.236,2.8140504360198975,6.949339389801025,-0.31597402691841125
2025-06-23,16:21:15.708,-0.040901895612478256,0.07705982774496078,0.001633253414183855
2025-06-23,16:21:15.708,-0.061352841556072235,0.11546021699905396,-0.005993936210870743
2025-06-23,16:21:15.708,2.6995251178741455,5.083993911743164,-0.1774851232767105
2025-06-23,16:21:15.708,2.538644313812256,5.217474460601807,-0.05992557853460312
2025-06-23,16:21:15.708,2.3750367164611816,5.331643104553223,0.3336988687515259
2025-06-23,16:21:15.708,2.5359175205230713,6.202315330505371,0.9116435647010803
2025-06-23,16:21:15.708,2.5522782802581787,6.183518409729004,1.2540487051010132
2025-06-23,16:21:15.708,2.7826924324035645,6.175994873046875,1.015952229499817
2025-06-23,16:21:15.708,2.8004164695739746,6.260349750518799,0.6955076456069946
2025-06-23,16:21:15.709,2.549551486968994,6.933913230895996,0.6562767028808594
2025-06-23,16:21:15.709,2.564548969268799,6.988023281097412,0.4997693598270416
2025-06-23,16:21:15.709,2.5795462131500244,7.018244743347168,0.6342135071754456
2025-06-23,16:21:15.709,2.830411195755005,6.96843957901001,0.6311525106430054
2025-06-23,16:21:15.709,2.6995251178741455,5.08496618270874,0.14702275395393372
2025-06-23,16:21:15.709,2.538644313812256,5.213554859161377,0.21089597046375275
2025-06-23,16:21:15.709,2.5359175205230713,6.10345458984375,1.4309628009796143
2025-06-23,16:21:15.709,2.764968156814575,6.006992816925049,1.6104822158813477
2025-06-23,16:21:15.709,2.7826924324035645,6.09852933883667,1.4081953763961792
2025-06-23,16:21:15.709,2.549551486968994,6.875070095062256,1.1150169372558594
2025-06-23,16:21:15.709,2.564548969268799,6.942197799682617,0.9424071311950684
2025-06-23,16:21:15.709,2.5795462131500244,6.964851379394531,1.0718326568603516
2025-06-23,16:21:15.709,2.594543695449829,6.979025840759277,1.2370437383651733
2025-06-23,16:21:15.709,-0.020450947806239128,0.03853728622198105,-0.00031426583882421255
2025-06-23,16:21:15.709,2.5522782802581787,6.2481279373168945,0.8771741986274719
2025-06-23,16:21:15.709,2.568639039993286,6.284511566162109,0.9085478782653809
2025-06-23,16:21:15.709,2.7813289165496826,6.871804714202881,0.2293003499507904
2025-06-23,16:21:15.709,2.564548969268799,7.005700588226318,0.04896768555045128
2025-06-23,16:21:15.709,2.5795462131500244,7.044747352600098,0.1717974692583084
2025-06-23,16:21:15.709,2.358675956726074,7.156814098358154,0.4305759072303772
2025-06-23,16:21:15.908,-0.040901895612478256,0.07705981284379959,0.001633869600482285
2025-06-23,16:21:15.908,-0.061352841556072235,0.11546076834201813,-0.005983317270874977
2025-06-23,16:21:15.908,2.6995251178741455,5.084157943725586,-0.1727246344089508
2025-06-23,16:21:15.908,2.538644313812256,5.216353893280029,-0.12362630665302277
2025-06-23,16:21:15.908,2.3750367164611816,5.340886116027832,0.11273062974214554
2025-06-23,16:21:15.908,2.747244119644165,6.108503341674805,0.9324826598167419
2025-06-23,16:21:15.908,2.764968156814575,6.152815818786621,0.90580153465271
2025-06-23,16:21:15.908,2.7826924324035645,6.201869010925293,0.8437370657920837
2025-06-23,16:21:15.908,2.8004164695739746,6.276989936828613,0.5245051980018616
2025-06-23,16:21:15.909,2.6995251178741455,5.087064266204834,-0.016497008502483368
2025-06-23,16:21:15.909,2.538644313812256,5.216652870178223,0.11029177904129028
2025-06-23,16:21:15.909,2.5359175205230713,6.146116733551025,1.2349326610565186
2025-06-23,16:21:15.909,2.5522782802581787,6.189812660217285,1.2226026058197021
2025-06-23,16:21:15.909,2.7826924324035645,6.1534295082092285,1.1447169780731201
2025-06-23,16:21:15.909,2.8004164695739746,6.244542121887207,0.8254707455635071
2025-06-23,16:21:15.909,-0.020450947806239128,0.038537364453077316,-0.0003046252822969109
2025-06-23,16:21:15.909,2.538644313812256,5.1967453956604,-0.46847930550575256
2025-06-23,16:21:15.909,2.747244119644165,6.1378326416015625,0.714383602142334
2025-06-23,16:21:15.909,2.5522782802581787,6.261515140533447,0.7758668065071106
2025-06-23,16:21:15.909,2.7826924324035645,6.233157634735107,0.568168580532074
2025-06-23,16:21:15.909,2.8004164695739746,6.286864757537842,0.3886420428752899
2025-06-23,16:21:16.239,-0.040901895612478256,0.07705982774496078,0.001633253414183855
2025-06-23,16:21:16.239,-0.061352841556072235,0.11546021699905396,-0.005993936210870743
2025-06-23,16:21:16.239,2.519556760787964,5.177913665771484,-0.08350952714681625
2025-06-23,16:21:16.239,2.3573126792907715,5.301861763000488,0.06071760505437851
2025-06-23,16:21:16.239,2.3750367164611816,5.326703071594238,0.40497827529907227
2025-06-23,16:21:16.239,2.5359175205230713,6.2436699867248535,0.5624886155128479
2025-06-23,16:21:16.239,2.764968156814575,6.181051731109619,0.6871820092201233
2025-06-23,16:21:16.239,-1.4888290166854858,6.295495510101318,-2.1148970127105713
2025-06-23,16:21:16.239,2.7826924324035645,6.209566116333008,0.7850865721702576
2025-06-23,16:21:16.239,-1.284319519996643,6.4926066398620605,-1.7649458646774292
2025-06-23,16:21:16.239,2.5849997997283936,6.368612766265869,0.5259160995483398
2025-06-23,16:21:16.239,2.384580612182617,6.508333206176758,-0.2771497070789337
2025-06-23,16:21:16.239,2.7813289165496826,6.875419616699219,0.0536935031414032
2025-06-23,16:21:16.239,2.564548969268799,6.993693828582764,-0.4128999412059784
2025-06-23,16:21:16.239,2.3450419902801514,7.094359874725342,-0.6948886513710022
2025-06-23,16:21:16.239,2.48138165473938,4.963274002075195,1.173530101776123
2025-06-23,16:21:16.239,2.3573126792907715,5.286039352416992,0.41377928853034973
2025-06-23,16:21:16.239,2.5359175205230713,6.189002513885498,0.9980263710021973
2025-06-23,16:21:16.239,2.5522782802581787,6.224073886871338,1.034140706062317
2025-06-23,16:21:16.239,-1.4888290166854858,6.121249675750732,-2.576112747192383
2025-06-23,16:21:16.239,2.7826924324035645,6.152482509613037,1.1497952938079834
2025-06-23,16:21:16.239,-1.284319519996643,6.4373297691345215,-1.9569767713546753
2025-06-23,16:21:16.239,2.5849997997283936,6.306800842285156,1.0296010971069336
2025-06-23,16:21:16.239,2.549551486968994,6.947500228881836,0.492029070854187
2025-06-23,16:21:16.239,2.564548969268799,7.005861759185791,0.011915168724954128
2025-06-23,16:21:16.239,2.1105377674102783,7.194398403167725,-0.3135370910167694
2025-06-23,16:21:16.239,-0.020450947806239128,0.0385374054312706,-0.0002994872920680791
2025-06-23,16:21:16.239,2.538644313812256,5.1976752281188965,-0.45804327726364136
2025-06-23,16:21:16.239,2.764968156814575,6.2186713218688965,0.07577004283666611
2025-06-23,16:21:16.239,-1.2761391401290894,6.424026012420654,-1.8509516716003418
2025-06-23,16:21:16.239,2.7826924324035645,6.249643802642822,0.3420855700969696
2025-06-23,16:21:16.239,-1.284319519996643,6.379408359527588,-2.138252019882202
2025-06-23,16:21:16.239,2.5849997997283936,6.389437675476074,0.10440760850906372
2025-06-23,16:21:16.239,2.7813289165496826,6.866345405578613,-0.35717493295669556
2025-06-23,16:21:16.239,2.564548969268799,6.952392101287842,-0.8639929294586182
2025-06-23,16:21:16.239,2.3450419902801514,7.038717746734619,-1.1266188621520996
2025-06-23,16:21:16.580,-0.040901895612478256,0.077059805393219,0.0016343597089871764
2025-06-23,16:21:16.580,-0.061352841556072235,0.11546021699905396,-0.005993936210870743
2025-06-23,16:21:16.580,2.6995251178741455,5.084208965301514,-0.17121097445487976
2025-06-23,16:21:16.580,2.538644313812256,5.217700958251953,-0.03508492559194565
2025-06-23,16:21:16.580,2.557731866836548,5.256400108337402,0.08269839733839035
2025-06-23,16:21:16.580,2.5359175205230713,6.246131896972656,0.5344573855400085
2025-06-23,16:21:16.580,-1.4792852401733398,6.585116863250732,0.422652930021286
2025-06-23,16:21:16.580,2.764968156814575,6.18389368057251,0.6611149311065674
2025-06-23,16:21:16.580,-1.4888290166854858,6.634410858154297,-0.3010808229446411
2025-06-23,16:21:16.580,2.9967455863952637,6.134494304656982,0.5531252026557922
2025-06-23,16:21:16.580,-1.284319519996643,6.719635963439941,-0.33980488777160645
2025-06-23,16:21:16.580,2.8004164695739746,6.2877678871154785,0.37374764680862427
2025-06-23,16:21:16.580,2.601360559463501,6.424391746520996,-0.28556427359580994
2025-06-23,16:21:16.580,2.549551486968994,6.964615345001221,0.06314677745103836
2025-06-23,16:21:16.580,2.564548969268799,7.004886150360107,-0.11749468743801117
2025-06-23,16:21:16.580,2.5795462131500244,7.04571533203125,-0.1259964406490326
2025-06-23,16:21:16.580,2.830411195755005,6.996653079986572,0.0659567266702652
2025-06-23,16:21:16.580,1.7846859693527222,7.882750988006592,1.113243579864502
2025-06-23,16:21:16.580,2.519556760787964,5.169406414031982,0.30822309851646423
2025-06-23,16:21:16.580,2.3573126792907715,5.29651403427124,0.24569138884544373
2025-06-23,16:21:16.580,2.5359175205230713,6.163738250732422,1.1437392234802246
2025-06-23,16:21:16.580,-1.4792852401733398,6.379015922546387,1.6883600950241089
2025-06-23,16:21:16.580,2.5522782802581787,6.199258327484131,1.1737689971923828
2025-06-23,16:21:16.580,-1.4888290166854858,6.641063213348389,-0.04835367575287819
2025-06-23,16:21:16.580,2.7826924324035645,6.157931327819824,1.120248556137085
2025-06-23,16:21:16.580,-1.4983727931976318,6.517441272735596,-1.4819878339767456
2025-06-23,16:21:16.580,2.5849997997283936,6.316011428833008,0.9715003967285156
2025-06-23,16:21:16.580,2.601360559463501,6.426496505737305,0.2334555834531784
2025-06-23,16:21:16.580,2.549551486968994,6.943871974945068,0.5408274531364441
2025-06-23,16:21:16.580,2.564548969268799,6.995848178863525,0.374629408121109
2025-06-23,16:21:16.580,2.5795462131500244,7.037259578704834,0.36736342310905457
2025-06-23,16:21:16.580,2.830411195755005,6.97202730178833,0.5902062654495239
2025-06-23,16:21:16.580,-0.020450947806239128,0.03853743523359299,-0.0002957270189654082
2025-06-23,16:21:16.580,2.679074287414551,5.048544406890869,-0.009136616252362728
2025-06-23,16:21:16.580,2.764968156814575,6.215773582458496,0.20438773930072784
2025-06-23,16:21:16.580,-1.2761391401290894,6.6324591636657715,-0.8394169211387634
2025-06-23,16:21:16.580,2.9967455863952637,6.158750534057617,0.08806425333023071
2025-06-23,16:21:16.580,-1.284319519996643,6.629125595092773,-1.150506615638733
2025-06-23,16:21:16.580,2.8004164695739746,6.290866374969482,-0.3173481822013855
2025-06-23,16:21:16.580,2.7813289165496826,6.865260601043701,-0.3774568736553192
2025-06-23,16:21:16.580,2.564548969268799,6.980952262878418,-0.5903785228729248
2025-06-23,16:21:16.580,2.5795462131500244,7.018544673919678,-0.6308819651603699
2025-06-23,16:21:16.580,2.0396411418914795,7.881298542022705,0.5358861684799194
2025-06-23,16:21:16.919,-0.040901895612478256,0.07705999165773392,0.0016255173832178116
2025-06-23,16:21:16.919,-0.061352841556072235,0.11545902490615845,-0.00601695291697979
2025-06-23,16:21:16.919,2.6995251178741455,5.08490514755249,-0.14912186563014984
2025-06-23,16:21:16.919,2.538644313812256,5.146528244018555,-0.8595826029777527
2025-06-23,16:21:16.919,2.747244119644165,6.138134479522705,0.7117870450019836
2025-06-23,16:21:16.919,2.5522782802581787,6.266302585601807,0.7362018823623657
2025-06-23,16:21:16.919,-1.2761391401290894,6.505976676940918,1.538311243057251
2025-06-23,16:21:16.919,2.8004164695739746,6.29234504699707,0.28653526306152344
2025-06-23,16:21:16.919,-1.5079165697097778,6.1242756843566895,-2.7816321849823
2025-06-23,16:21:16.919,2.7813289165496826,6.8727617263793945,0.1985487937927246
2025-06-23,16:21:16.919,2.79768967628479,6.913573741912842,0.1859557032585144
2025-06-23,16:21:16.919,2.3450419902801514,7.128299713134766,-0.012721838429570198
2025-06-23,16:21:16.919,1.919662356376648,7.389266490936279,0.8217645883560181
2025-06-23,16:21:16.919,1.9305695295333862,7.4212799072265625,0.9116374850273132
2025-06-23,16:21:16.919,2.519556760787964,5.175503730773926,0.17866991460323334
2025-06-23,16:21:16.919,2.3573126792907715,5.28270149230957,-0.454414963722229
2025-06-23,16:21:16.919,2.5359175205230713,6.19819450378418,0.9392527341842651
2025-06-23,16:21:16.919,2.549551486968994,6.936565399169922,0.6276276111602783
2025-06-23,16:21:16.919,2.564548969268799,6.9779953956604,0.6243537068367004
2025-06-23,16:21:16.919,2.3450419902801514,7.112849235534668,0.4692467749118805
2025-06-23,16:21:16.919,1.919662356376648,7.344290256500244,1.1566989421844482
2025-06-23,16:21:16.919,1.6892483234405518,7.403660297393799,1.4020823240280151
2025-06-23,16:21:16.919,-0.020450947806239128,0.03853730857372284,-0.0003116385778412223
2025-06-23,16:21:16.919,2.679074287414551,5.043197154998779,0.23247142136096954
2025-06-23,16:21:16.919,2.3573126792907715,5.205430030822754,-1.008426308631897
2025-06-23,16:21:16.919,2.747244119644165,6.166049957275391,0.4039355516433716
2025-06-23,16:21:16.919,2.764968156814575,6.2109503746032715,0.31891921162605286
2025-06-23,16:21:16.919,-1.4888290166854858,6.529353618621826,1.213918685913086
2025-06-23,16:21:16.919,2.7813289165496826,6.869119167327881,-0.29912590980529785
2025-06-23,16:21:16.919,2.564548969268799,6.997128963470459,-0.34988903999328613
2025-06-23,16:21:16.919,2.3450419902801514,7.113454818725586,-0.4599768817424774
2025-06-23,16:21:16.919,1.919662356376648,7.4230427742004395,0.4183197021484375
2025-06-23,16:21:16.919,1.9305695295333862,7.4609599113464355,0.49046364426612854
2025-06-23,16:21:17.265,-0.040901895612478256,0.07705999165773392,0.0016254682559520006
2025-06-23,16:21:17.265,-0.061352841556072235,0.115458644926548,-0.0060242172330617905
2025-06-23,16:21:17.265,2.6995251178741455,5.079075336456299,-0.28546378016471863
2025-06-23,16:21:17.265,2.538644313812256,4.993168354034424,-1.5145630836486816
2025-06-23,16:21:17.265,2.557731866836548,5.178847789764404,-0.9033925533294678
2025-06-23,16:21:17.265,2.57681941986084,5.250515460968018,0.6947629451751709
2025-06-23,16:21:17.265,2.747244119644165,6.1227006912231445,0.8341877460479736
2025-06-23,16:21:17.265,2.5522782802581787,6.238646030426025,0.9422506093978882
2025-06-23,16:21:17.265,2.354585886001587,6.392885684967041,0.710904598236084
2025-06-23,16:21:17.265,-1.0702662467956543,6.760046005249023,0.2734154164791107
2025-06-23,16:21:17.265,2.5849997997283936,6.365601539611816,0.5611876249313354
2025-06-23,16:21:17.265,2.601360559463501,6.36741304397583,0.9002265334129333
2025-06-23,16:21:17.265,2.79768967628479,6.842907905578613,1.0033408403396606
2025-06-23,16:21:17.265,2.5795462131500244,6.965427398681641,1.0680842399597168
2025-06-23,16:21:17.265,2.6995251178741455,5.0870866775512695,0.006719436030834913
2025-06-23,16:21:17.265,2.538644313812256,5.102715015411377,-1.0899224281311035
2025-06-23,16:21:17.265,2.5359175205230713,6.144716739654541,1.2418791055679321
2025-06-23,16:21:17.265,2.564548969268799,6.822737693786621,1.5913795232772827
2025-06-23,16:21:17.265,2.3450419902801514,6.961966514587402,1.5309607982635498
2025-06-23,16:21:17.265,-0.020450947806239128,0.03853747621178627,-0.0002898667298723012
2025-06-23,16:21:17.265,2.538644313812256,4.813307285308838,-2.0143744945526123
2025-06-23,16:21:17.265,2.5359175205230713,6.25954532623291,0.3433675765991211
2025-06-23,16:21:17.265,2.5522782802581787,6.307208061218262,0.1663217842578888
2025-06-23,16:21:17.265,2.5849997997283936,6.376931190490723,0.41299864649772644
2025-06-23,16:21:17.265,2.601360559463501,6.4084343910217285,0.5350967049598694
2025-06-23,16:21:17.265,2.564548969268799,6.972240924835205,0.6856364011764526
2025-06-23,16:21:17.265,2.5795462131500244,7.015786647796631,0.6608452200889587
2025-06-23,16:21:17.557,-0.040901895612478256,0.07705971598625183,0.0016384839545935392
2025-06-23,16:21:17.557,-0.061352841556072235,0.11546044051647186,-0.005989653058350086
2025-06-23,16:21:17.557,2.519556760787964,5.16526985168457,-0.37114912271499634
2025-06-23,16:21:17.557,2.747244119644165,6.128132343292236,0.7933028936386108
2025-06-23,16:21:17.557,2.5522782802581787,6.232278823852539,0.9834834337234497
2025-06-23,16:21:17.557,2.9967455863952637,6.149515151977539,-0.34846600890159607
2025-06-23,16:21:17.557,-1.284319519996643,6.521838188171387,1.6536623239517212
2025-06-23,16:21:17.557,2.8004164695739746,6.258880615234375,0.7086037993431091
2025-06-23,16:21:17.557,2.818140745162964,6.293998718261719,0.7517311573028564
2025-06-23,16:21:17.557,2.549551486968994,6.93269681930542,0.6690086722373962
2025-06-23,16:21:17.557,2.564548969268799,6.984790325164795,0.5430847406387329
2025-06-23,16:21:17.557,2.8140504360198975,6.932817459106445,0.5737577080726624
2025-06-23,16:21:17.557,2.519556760787964,5.172911167144775,0.2423953413963318
2025-06-23,16:21:17.557,2.3573126792907715,5.009737491607666,-1.7366513013839722
2025-06-23,16:21:17.557,2.549551486968994,6.855931758880615,1.227213740348816
2025-06-23,16:21:17.557,2.564548969268799,6.934804439544678,0.9953510761260986
2025-06-23,16:21:17.557,2.5795462131500244,6.957083702087402,1.121144413948059
2025-06-23,16:21:17.557,-0.020450947806239128,0.038537509739398956,-0.00028575051692314446
2025-06-23,16:21:17.557,2.5359175205230713,6.257959842681885,0.3711392283439636
2025-06-23,16:21:17.557,2.5849997997283936,6.368806838989258,0.5235604047775269
2025-06-23,16:21:17.567,2.7813289165496826,6.872689247131348,0.20104986429214478
2025-06-23,16:21:17.567,2.564548969268799,7.005382061004639,0.08285211026668549
2025-06-23,16:21:17.567,2.5795462131500244,7.03977108001709,0.31559690833091736
2025-06-23,16:21:17.909,-0.040901895612478256,0.07706006616353989,0.001622157171368599
2025-06-23,16:21:17.909,-0.061352841556072235,0.1154596358537674,-0.006005133967846632
2025-06-23,16:21:17.909,2.6995251178741455,5.085246562957764,0.13698208332061768
2025-06-23,16:21:17.909,2.3573126792907715,5.284022331237793,0.4387865364551544
2025-06-23,16:21:17.909,2.3750367164611816,5.331809043884277,0.33103877305984497
2025-06-23,16:21:17.909,2.5359175205230713,6.239688873291016,0.6050564646720886
2025-06-23,16:21:17.909,2.764968156814575,6.217777252197266,0.12987150251865387
2025-06-23,16:21:17.909,-1.4888290166854858,6.4854912757873535,1.4298449754714966
2025-06-23,16:21:17.909,2.9967455863952637,6.136054992675781,0.5355338454246521
2025-06-23,16:21:17.909,-1.4983727931976318,6.496413707733154,-1.5716044902801514
2025-06-23,16:21:17.909,2.8004164695739746,6.270107269287109,0.60122150182724
2025-06-23,16:21:17.909,-1.5079165697097778,6.271479606628418,-2.4316186904907227
2025-06-23,16:21:17.909,2.601360559463501,6.406589508056641,0.5567465424537659
2025-06-23,16:21:17.909,2.7813289165496826,6.861027717590332,0.44785887002944946
2025-06-23,16:21:17.909,2.564548969268799,6.9994730949401855,0.29934871196746826
2025-06-23,16:21:17.909,2.5795462131500244,7.044429779052734,0.184361532330513
2025-06-23,16:21:17.911,2.594543695449829,7.08737325668335,-0.07884259521961212
2025-06-23,16:21:17.911,2.028733968734741,7.807456016540527,0.8832032084465027
2025-06-23,16:21:17.911,1.7846859693527222,7.885303974151611,1.0950148105621338
2025-06-23,16:21:17.911,2.519556760787964,5.14553165435791,0.5841808319091797
2025-06-23,16:21:17.911,2.3573126792907715,5.234240531921387,0.8462572693824768
2025-06-23,16:21:17.911,2.549551486968994,6.9054975509643555,0.9077193140983582
2025-06-23,16:21:17.911,2.564548969268799,6.965214729309082,0.7536705732345581
2025-06-23,16:21:17.911,2.5795462131500244,7.018702507019043,0.6291259527206421
2025-06-23,16:21:17.911,2.594543695449829,7.077919960021973,0.37433189153671265
2025-06-23,16:21:17.911,1.7846859693527222,7.795974254608154,1.6124083995819092
2025-06-23,16:21:17.911,-0.020450947806239128,0.038537316024303436,-0.0003105365321971476
2025-06-23,16:21:17.911,2.6995251178741455,5.082543849945068,-0.21503980457782745
2025-06-23,16:21:17.911,2.538644313812256,5.217719554901123,0.03219051659107208
2025-06-23,16:21:17.911,2.5359175205230713,6.265623092651367,0.20438864827156067
2025-06-23,16:21:17.911,2.8004164695739746,6.298406600952148,0.07603637874126434
2025-06-23,16:21:17.911,-1.5079165697097778,6.138025283813477,-2.7511587142944336
2025-06-23,16:21:17.911,2.818140745162964,6.338239669799805,0.07896856963634491
2025-06-23,16:21:17.911,2.7813289165496826,6.875622749328613,-0.009324734099209309
2025-06-23,16:21:17.911,2.564548969268799,7.004238605499268,-0.15126706659793854
2025-06-23,16:21:17.911,2.5795462131500244,7.041810989379883,-0.26622626185417175
2025-06-23,16:21:17.911,2.594543695449829,7.069624900817871,-0.507426917552948
2025-06-23,16:21:17.911,1.7751421928405762,7.899477481842041,0.5470919013023376
2025-06-23,16:21:17.911,2.0396411418914795,7.884419918060303,0.48781585693359375
2025-06-23,16:21:18.249,-0.040901895612478256,0.07706005126237869,0.0016229235334321856
2025-06-23,16:21:18.249,-0.061352841556072235,0.11546032130718231,-0.005992061458528042
2025-06-23,16:21:18.249,0.23723098635673523,1.1409976482391357,-0.4926030933856964
2025-06-23,16:21:18.249,2.6995251178741455,5.087024688720703,0.026036405935883522
2025-06-23,16:21:18.249,2.538644313812256,5.092833042144775,-1.1352027654647827
2025-06-23,16:21:18.249,2.5359175205230713,6.238251686096191,0.6196990013122559
2025-06-23,16:21:18.249,2.7826924324035645,6.221158027648926,0.6872175335884094
2025-06-23,16:21:18.249,-1.4983727931976318,6.5830464363098145,-1.1562124490737915
2025-06-23,16:21:18.249,2.8004164695739746,6.276406764984131,0.53143709897995
2025-06-23,16:21:18.249,2.601360559463501,6.399927616119385,0.6287142634391785
2025-06-23,16:21:18.249,2.7813289165496826,6.870869159698486,0.25580039620399475
2025-06-23,16:21:18.249,2.564548969268799,7.003689289093018,0.1748492270708084
2025-06-23,16:21:18.249,2.5795462131500244,7.043422222137451,0.21950483322143555
2025-06-23,16:21:18.249,2.594543695449829,7.072355270385742,0.46783262491226196
2025-06-23,16:21:18.249,2.6995251178741455,5.080567836761475,0.25754204392433167
2025-06-23,16:21:18.249,2.3573126792907715,5.235848426818848,-0.8362538814544678
2025-06-23,16:21:18.249,2.5849997997283936,6.3087897300720215,1.0173430442810059
2025-06-23,16:21:18.249,2.384580612182617,6.395650863647461,1.2372795343399048
2025-06-23,16:21:18.249,2.549551486968994,6.924325942993164,0.7507079243659973
2025-06-23,16:21:18.249,2.564548969268799,6.975723743438721,0.6492416262626648
2025-06-23,16:21:18.249,2.5795462131500244,7.013082981109619,0.68895024061203
2025-06-23,16:21:18.249,2.594543695449829,7.02810525894165,0.9180486798286438
2025-06-23,16:21:18.249,-0.020450947806239128,0.03853719308972359,-0.00032531667966395617
2025-06-23,16:21:18.249,2.538644313812256,4.952645778656006,-1.6422349214553833
2025-06-23,16:21:18.249,2.5849997997283936,6.389242172241211,0.11577098816633224
2025-06-23,16:21:18.249,2.818140745162964,6.33730411529541,0.13452845811843872
2025-06-23,16:21:18.249,2.7813289165496826,6.8717756271362305,-0.2301618605852127
2025-06-23,16:21:18.251,2.564548969268799,6.999966621398926,-0.28758329153060913
2025-06-23,16:21:18.251,2.5795462131500244,7.042501926422119,-0.2472749501466751
2025-06-23,16:21:18.251,2.594543695449829,7.087801456451416,0.012077679857611656
2025-06-23,16:21:18.565,-0.040901895612478256,0.07706017792224884,0.001616675523109734
2025-06-23,16:21:18.565,-0.061352841556072235,0.11545960605144501,-0.006005741190165281
2025-06-23,16:21:18.565,2.6995251178741455,5.086868762969971,0.04755938798189163
2025-06-23,16:21:18.565,2.538644313812256,5.178088188171387,-0.6426793336868286
2025-06-23,16:21:18.565,2.557731866836548,5.0627522468566895,-1.416023850440979
2025-06-23,16:21:18.565,2.747244119644165,6.1731157302856445,0.2756388783454895
2025-06-23,16:21:18.565,-1.2679587602615356,6.139388561248779,2.5359175205230713
2025-06-23,16:21:18.565,2.9967455863952637,6.122289180755615,0.6749377846717834
2025-06-23,16:21:18.565,-1.4983727931976318,6.502613544464111,-1.5457496643066406
2025-06-23,16:21:18.565,2.8004164695739746,6.241293430328369,0.8496848940849304
2025-06-23,16:21:18.565,2.601360559463501,6.35959529876709,0.9538916945457458
2025-06-23,16:21:18.565,2.6177213191986084,6.404415607452393,0.9271643757820129
2025-06-23,16:21:18.565,2.8713130950927734,6.445901870727539,0.40047648549079895
2025-06-23,16:21:18.565,2.564548969268799,7.005824089050293,-0.02576105110347271
2025-06-23,16:21:18.565,2.5795462131500244,7.046380043029785,0.08068343251943588
2025-06-23,16:21:18.565,2.830411195755005,6.9701337814331055,0.6121619343757629
2025-06-23,16:21:18.565,1.9305695295333862,7.412473201751709,0.9806724190711975
2025-06-23,16:21:18.565,2.538644313812256,5.207908630371094,-0.32143887877464294
2025-06-23,16:21:18.565,2.8004164695739746,6.162303924560547,1.3044990301132202
2025-06-23,16:21:18.576,2.601360559463501,6.298135757446289,1.2991702556610107
2025-06-23,16:21:18.576,2.3314080238342285,7.0736918449401855,0.4319392740726471
2025-06-23,16:21:18.576,2.3450419902801514,7.109696865081787,0.5148106217384338
2025-06-23,16:21:18.576,2.594543695449829,7.006121635437012,1.0730020999908447
2025-06-23,16:21:18.576,1.9305695295333862,7.329030513763428,1.480468988418579
2025-06-23,16:21:18.576,-0.020450947806239128,0.03853733465075493,-0.00030837758095003664
2025-06-23,16:21:18.576,2.679074287414551,5.046665191650391,0.13803158700466156
2025-06-23,16:21:18.576,2.6995251178741455,5.084773063659668,-0.15356029570102692
2025-06-23,16:21:18.576,2.538644313812256,5.112884044647217,-1.0411765575408936
2025-06-23,16:21:18.576,3.0158331394195557,6.186206340789795,0.391971230506897
2025-06-23,16:21:18.576,2.818140745162964,6.323886871337891,0.4335601031780243
2025-06-23,16:21:18.576,2.564548969268799,6.989516258239746,-0.4784314036369324
2025-06-23,16:21:18.576,2.5795462131500244,7.036757946014404,-0.3768572211265564
2025-06-23,16:21:18.576,2.830411195755005,6.993823528289795,0.20961438119411469
2025-06-23,16:21:18.576,1.9305695295333862,7.460599422454834,0.49591633677482605
2025-06-23,16:21:18.911,-0.040901895612478256,0.07706017792224884,0.001616675523109734
2025-06-23,16:21:18.911,-0.061352841556072235,0.11545859277248383,-0.006025294307619333
2025-06-23,16:21:18.911,2.6995251178741455,5.085476875305176,0.12814125418663025
2025-06-23,16:21:18.911,2.538644313812256,5.2162370681762695,0.12846799194812775
2025-06-23,16:21:18.911,2.5359175205230713,6.131838321685791,1.3039807081222534
2025-06-23,16:21:18.911,-1.690611720085144,6.449230194091797,-1.1313472986221313
2025-06-23,16:21:18.911,2.5849997997283936,6.271980285644531,1.223961591720581
2025-06-23,16:21:18.913,2.601360559463501,6.367930889129639,0.8965576887130737
2025-06-23,16:21:18.913,2.6177213191986084,6.400388717651367,0.9545679688453674
2025-06-23,16:21:18.913,2.8535890579223633,6.380072593688965,0.7009676694869995
2025-06-23,16:21:18.913,2.8713130950927734,6.4479289054870605,0.3663948178291321
2025-06-23,16:21:18.913,1.9305695295333862,7.409914970397949,0.9998210072517395
2025-06-23,16:21:18.913,2.519556760787964,5.14790153503418,0.5629174709320068
2025-06-23,16:21:18.913,2.538644313812256,5.1956048011779785,0.48096033930778503
2025-06-23,16:21:18.913,2.384580612182617,6.401921272277832,1.20441472530365
2025-06-23,16:21:18.913,2.6177213191986084,6.356980323791504,1.2103618383407593
2025-06-23,16:21:18.913,2.6504428386688232,6.492968559265137,0.878058135509491
2025-06-23,16:21:18.913,-0.020450947806239128,0.03853726014494896,-0.00031728294561617076
2025-06-23,16:21:18.913,2.6995251178741455,5.083545207977295,-0.18990112841129303
2025-06-23,16:21:18.913,2.8004164695739746,6.248805046081543,0.7925546765327454
2025-06-23,16:21:18.913,2.601360559463501,6.406744956970215,0.5549577474594116
2025-06-23,16:21:18.913,1.9305695295333862,7.456595420837402,0.5528658628463745
2025-06-23,16:21:19.370,-0.040901895612478256,0.07706020027399063,0.001615563640370965
2025-06-23,16:21:19.370,-0.061352841556072235,0.11545904725790024,-0.006016477011144161
2025-06-23,16:21:19.370,2.3573126792907715,5.3021626472473145,0.02224954031407833
2025-06-23,16:21:19.370,-1.4697414636611938,6.542099952697754,-0.4281379282474518
2025-06-23,16:21:19.370,2.309593677520752,6.139636993408203,1.453669548034668
2025-06-23,16:21:19.370,2.747244119644165,6.108503341674805,0.9324826598167419
2025-06-23,16:21:19.370,2.764968156814575,6.166938781738281,0.8040406107902527
2025-06-23,16:21:19.370,-1.4983727931976318,6.58982515335083,-1.116931676864624
2025-06-23,16:21:19.370,2.7826924324035645,6.107513904571533,1.3687018156051636
2025-06-23,16:21:19.370,2.7813289165496826,6.873836517333984,0.1570042073726654
2025-06-23,16:21:19.370,2.564548969268799,7.005435943603516,0.07814810425043106
2025-06-23,16:21:19.370,2.5795462131500244,7.045906066894531,0.11484145373106003
2025-06-23,16:21:19.370,1.9305695295333862,7.402122497558594,1.0559654235839844
2025-06-23,16:21:19.370,2.6995251178741455,5.08697509765625,-0.034377604722976685
2025-06-23,16:21:19.370,2.3573126792907715,5.287086009979248,0.4001826345920563
2025-06-23,16:21:19.370,2.747244119644165,6.069212436676025,1.1610304117202759
2025-06-23,16:21:19.370,2.5522782802581787,6.190744400024414,1.2178761959075928
2025-06-23,16:21:19.370,-1.2761391401290894,6.1112380027771,-2.7105164527893066
2025-06-23,16:21:19.370,2.549551486968994,6.9390177726745605,0.599905252456665
2025-06-23,16:21:19.370,2.564548969268799,6.984654903411865,0.5448231101036072
2025-06-23,16:21:19.370,2.5795462131500244,7.022689342498779,0.5829391479492188
2025-06-23,16:21:19.370,1.9305695295333862,7.3330912590026855,1.4602231979370117
2025-06-23,16:21:19.370,-0.020450947806239128,0.03853725269436836,-0.0003183470107614994
2025-06-23,16:21:19.370,2.3573126792907715,5.288818836212158,-0.3765929639339447
2025-06-23,16:21:19.370,2.9585704803466797,6.039924144744873,0.704886257648468
2025-06-23,16:21:19.370,2.9776580333709717,6.1017255783081055,0.4745110273361206
2025-06-23,16:21:19.370,2.7813289165496826,6.870143890380859,-0.27459415793418884
2025-06-23,16:21:19.370,2.79768967628479,6.906910419464111,-0.35590383410453796
2025-06-23,16:21:19.370,2.5795462131500244,7.04067850112915,-0.2946634292602539
2025-06-23,16:21:19.370,1.9305695295333862,7.452808380126953,0.6017729043960571
2025-06-23,16:21:19.575,-0.040901895612478256,0.07706010341644287,0.001620182185433805
2025-06-23,16:21:19.575,-0.061352841556072235,0.11545947939157486,-0.006008198019117117
2025-06-23,16:21:19.575,0.19769249856472015,1.159769058227539,-0.4654731750488281
2025-06-23,16:21:19.575,2.679074287414551,5.047985076904297,0.07568982988595963
2025-06-23,16:21:19.575,2.6995251178741455,5.0816521644592285,-0.23517917096614838
2025-06-23,16:21:19.575,2.3573126792907715,5.301001071929932,0.11318515241146088
2025-06-23,16:21:19.575,-1.259778380393982,6.5720343589782715,0.6031934022903442
2025-06-23,16:21:19.575,2.747244119644165,6.118752956390381,0.862667441368103
2025-06-23,16:21:19.575,2.764968156814575,6.141409873962402,0.9801535606384277
2025-06-23,16:21:19.575,2.7826924324035645,6.0686492919921875,1.5318506956100464
2025-06-23,16:21:19.575,-1.0702662467956543,6.69659423828125,0.9636403918266296
2025-06-23,16:21:19.575,2.7813289165496826,6.87562894821167,0.001901076058857143
2025-06-23,16:21:19.575,2.564548969268799,7.005359172821045,0.08473359793424606
2025-06-23,16:21:19.575,2.5795462131500244,7.043253421783447,0.22486138343811035
2025-06-23,16:21:19.575,2.830411195755005,6.9815673828125,0.4639187753200531
2025-06-23,16:21:19.575,2.519556760787964,5.175095081329346,0.1901402771472931
2025-06-23,16:21:19.575,2.3573126792907715,5.278221607208252,0.503787636756897
2025-06-23,16:21:19.575,2.5359175205230713,6.126955509185791,1.3267349004745483
2025-06-23,16:21:19.575,2.5522782802581787,6.114669322967529,1.5554289817810059
2025-06-23,16:21:19.575,2.7813289165496826,6.855867862701416,0.5209183096885681
2025-06-23,16:21:19.575,2.564548969268799,6.980439186096191,0.5964114665985107
2025-06-23,16:21:19.575,2.5795462131500244,7.009439945220947,0.7250756025314331
2025-06-23,16:21:19.575,2.830411195755005,6.913238048553467,1.0791863203048706
2025-06-23,16:21:19.575,-0.020450947806239128,0.03853724151849747,-0.000319440383464098
2025-06-23,16:21:19.575,2.679074287414551,5.040102958679199,-0.29196563363075256
2025-06-23,16:21:19.575,2.538644313812256,5.2133684158325195,-0.2154647409915924
2025-06-23,16:21:19.575,2.747244119644165,6.174459457397461,0.2436869740486145
2025-06-23,16:21:19.575,2.764968156814575,6.195021152496338,0.5471137166023254
2025-06-23,16:21:19.575,3.013106346130371,6.757542610168457,-0.5166011452674866
2025-06-23,16:21:19.575,2.79768967628479,6.904952049255371,-0.39207470417022705
2025-06-23,16:21:19.575,2.5795462131500244,7.041428565979004,-0.2761631906032562
2025-06-23,16:21:19.575,2.830411195755005,6.996260643005371,-0.099211186170578
2025-06-23,16:21:19.912,-0.040901895612478256,0.07705997675657272,0.0016263312427327037
2025-06-23,16:21:19.912,-0.061352841556072235,0.11546044051647186,-0.00598972849547863
2025-06-23,16:21:19.912,2.679074287414551,5.045980453491211,0.16113045811653137
2025-06-23,16:21:19.912,2.538644313812256,5.21039342880249,-0.2782691419124603
2025-06-23,16:21:19.912,2.1923415660858154,5.414670467376709,-0.23141437768936157
2025-06-23,16:21:19.912,2.5359175205230713,6.229589939117432,0.7014379501342773
2025-06-23,16:21:19.912,2.764968156814575,6.159427642822266,0.8596890568733215
2025-06-23,16:21:19.912,2.354585886001587,6.217372417449951,1.648834466934204
2025-06-23,16:21:19.912,-0.8562130331993103,6.795738220214844,0.057363830506801605
2025-06-23,16:21:19.912,2.7813289165496826,6.85420036315918,-0.5424137711524963
2025-06-23,16:21:19.912,2.79768967628479,6.916069507598877,-0.00814488623291254
2025-06-23,16:21:19.912,3.0485546588897705,6.788938045501709,0.9636770486831665
2025-06-23,16:21:19.912,1.919662356376648,7.387060642242432,0.8413587212562561
2025-06-23,16:21:19.912,1.9305695295333862,7.402706623077393,1.0518620014190674
2025-06-23,16:21:19.912,1.9414767026901245,7.418141841888428,1.2292864322662354
2025-06-23,16:21:19.912,2.6995251178741455,5.087019443511963,0.027027470991015434
2025-06-23,16:21:19.912,2.3573126792907715,5.299062252044678,0.18265995383262634
2025-06-23,16:21:19.912,2.5359175205230713,6.175341606140137,1.0793342590332031
2025-06-23,16:21:19.912,2.764968156814575,6.089472770690918,1.2633050680160522
2025-06-23,16:21:19.912,2.568639039993286,5.91805362701416,2.301560878753662
2025-06-23,16:21:19.912,-1.0702662467956543,6.753815174102783,0.3986944854259491
2025-06-23,16:21:19.912,2.564548969268799,6.9920878410339355,0.4392576515674591
2025-06-23,16:21:19.912,2.8140504360198975,6.8350419998168945,1.2943576574325562
2025-06-23,16:21:19.912,1.919662356376648,7.331202030181885,1.2369433641433716
2025-06-23,16:21:19.912,1.9305695295333862,7.328388690948486,1.483643651008606
2025-06-23,16:21:19.914,-0.020450947806239128,0.03853732347488403,-0.00030947814229875803
2025-06-23,16:21:19.914,2.747244119644165,6.170787811279297,0.3235921561717987
2025-06-23,16:21:19.914,2.764968156814575,6.203214645385742,0.44468796253204346
2025-06-23,16:21:19.914,2.7813289165496826,6.7984514236450195,-1.027294397354126
2025-06-23,16:21:19.914,2.79768967628479,6.8978190422058105,-0.5021659731864929
2025-06-23,16:21:19.914,3.2830588817596436,6.7221879959106445,0.588003396987915
2025-06-23,16:21:19.914,2.1596200466156006,7.364100933074951,0.2602173984050751
2025-06-23,16:21:19.914,2.1718907356262207,7.393389701843262,0.5042445063591003
2025-06-23,16:21:20.255,-0.040901895612478256,0.07706005126237869,0.0016228253953158855
2025-06-23,16:21:20.255,-0.061352841556072235,0.11545787751674652,-0.006038915831595659
2025-06-23,16:21:20.255,0.19769249856472015,1.1411349773406982,-0.5094512701034546
2025-06-23,16:21:20.255,2.6995251178741455,5.086836338043213,-0.05089195445179939
2025-06-23,16:21:20.255,2.538644313812256,5.217653751373291,-0.04150095954537392
2025-06-23,16:21:20.255,2.747244119644165,6.132521629333496,0.7586246132850647
2025-06-23,16:21:20.255,2.764968156814575,6.144011497497559,0.9637131094932556
2025-06-23,16:21:20.255,2.568639039993286,6.205617427825928,1.3456799983978271
2025-06-23,16:21:20.255,-1.0702662467956543,6.760397911071777,-0.2645741403102875
2025-06-23,16:21:20.255,2.5795462131500244,6.904870510101318,1.4073889255523682
2025-06-23,16:21:20.255,2.594543695449829,6.936575412750244,1.4563653469085693
2025-06-23,16:21:20.255,2.175980806350708,5.357337474822998,0.4841431677341461
2025-06-23,16:21:20.255,2.5359175205230713,6.1916704177856445,0.981340229511261
2025-06-23,16:21:20.255,2.5522782802581787,6.175409317016602,1.2933900356292725
2025-06-23,16:21:20.255,2.7826924324035645,5.993226051330566,1.8045262098312378
2025-06-23,16:21:20.255,-1.284319519996643,6.7240309715271,0.23744861781597137
2025-06-23,16:21:20.255,2.3450419902801514,6.860758304595947,1.9346339702606201
2025-06-23,16:21:20.255,2.594543695449829,6.793961048126221,2.019695997238159
2025-06-23,16:21:20.255,-0.020450947806239128,0.038537368178367615,-0.00030429643811658025
2025-06-23,16:21:20.255,2.679074287414551,5.048270225524902,-0.05339178070425987
2025-06-23,16:21:20.255,2.3573126792907715,5.3002610206604,-0.1437320113182068
2025-06-23,16:21:20.255,2.747244119644165,6.149909496307373,0.6016188859939575
2025-06-23,16:21:20.255,2.764968156814575,6.196555137634277,0.5294554233551025
2025-06-23,16:21:20.255,2.7826924324035645,6.177196025848389,1.008623480796814
2025-06-23,16:21:20.255,-1.284319519996643,6.700061321258545,-0.6149439215660095
2025-06-23,16:21:20.255,2.5795462131500244,6.976045608520508,0.9963774085044861
2025-06-23,16:21:20.255,2.594543695449829,7.03145170211792,0.892055094242096
2025-06-23,16:21:20.674,-0.040901895612478256,0.07705967873334885,0.001640461734496057
2025-06-23,16:21:20.674,-0.061352841556072235,0.11546105146408081,-0.005977917928248644
2025-06-23,16:21:20.674,0.25359174609184265,1.318648338317871,-0.16150912642478943
2025-06-23,16:21:20.674,2.557731866836548,4.945032596588135,-1.784162163734436
2025-06-23,16:21:20.674,2.747244119644165,6.151414394378662,0.5860307812690735
2025-06-23,16:21:20.674,-1.4792852401733398,6.0846099853515625,-2.5534136295318604
2025-06-23,16:21:20.674,2.5522782802581787,6.261200904846191,0.7783985733985901
2025-06-23,16:21:20.674,-1.2761391401290894,6.525044918060303,-1.4553078413009644
2025-06-23,16:21:20.674,2.5849997997283936,6.311931133270264,0.9976673722267151
2025-06-23,16:21:20.674,2.818140745162964,6.281698703765869,0.8484010100364685
2025-06-23,16:21:20.674,2.3314080238342285,7.035335540771484,-0.853074312210083
2025-06-23,16:21:20.674,2.1105377674102783,7.112493515014648,-1.1269885301589966
2025-06-23,16:21:20.674,1.7751421928405762,7.891831398010254,0.648106575012207
2025-06-23,16:21:20.674,1.7846859693527222,7.931035041809082,0.6897510886192322
2025-06-23,16:21:20.674,2.747244119644165,6.101691722869873,0.9760586023330688
2025-06-23,16:21:20.674,2.3314080238342285,7.078138828277588,-0.35161787271499634
2025-06-23,16:21:20.674,2.1105377674102783,7.1785783767700195,-0.5706848502159119
2025-06-23,16:21:20.674,1.7751421928405762,7.844756603240967,1.077423334121704
2025-06-23,16:21:20.674,1.7846859693527222,7.883117198944092,1.110647439956665
2025-06-23,16:21:20.674,-0.020450947806239128,0.03853738680481911,-0.00030161908944137394
2025-06-23,16:21:20.674,2.747244119644165,6.179047584533691,0.052002955228090286
2025-06-23,16:21:20.674,-1.2679587602615356,6.462031841278076,-1.537891149520874
2025-06-23,16:21:20.674,2.764968156814575,6.202890396118164,0.4491858184337616
2025-06-23,16:21:20.674,-1.2761391401290894,6.552467346191406,-1.3263882398605347
2025-06-23,16:21:20.674,2.5849997997283936,6.356086730957031,0.6602839827537537
2025-06-23,16:21:20.674,2.3314080238342285,6.956408500671387,-1.353538155555725
2025-06-23,16:21:20.674,2.1105377674102783,7.005536079406738,-1.6673740148544312
2025-06-23,16:21:20.674,2.0396411418914795,7.898526191711426,0.12379314005374908
2025-06-23,16:21:20.926,-0.040901895612478256,0.07705959677696228,0.0016441602492704988
2025-06-23,16:21:20.926,-0.061352841556072235,0.11546166241168976,-0.005966118071228266
2025-06-23,16:21:20.926,2.557731866836548,5.126167297363281,-1.1657575368881226
2025-06-23,16:21:20.926,-1.4697414636611938,6.541743755340576,0.4335480034351349
2025-06-23,16:21:20.926,2.729519844055176,6.138689041137695,0.09346017241477966
2025-06-23,16:21:20.926,2.9585704803466797,6.044775009155273,0.6619957089424133
2025-06-23,16:21:20.926,-1.2679587602615356,6.429964542388916,-1.6668897867202759
2025-06-23,16:21:20.926,2.5522782802581787,6.247518539428711,0.881504237651825
2025-06-23,16:21:20.926,-1.2761391401290894,6.597093105316162,-1.0828185081481934
2025-06-23,16:21:20.926,-1.284319519996643,6.594856262207031,1.332983136177063
2025-06-23,16:21:20.926,2.1405324935913086,6.341233253479004,1.4578520059585571
2025-06-23,16:21:20.926,2.8004164695739746,6.270583629608154,0.5962314009666443
2025-06-23,16:21:20.926,2.601360559463501,6.3844075202941895,0.7705181837081909
2025-06-23,16:21:20.926,2.3314080238342285,7.086376667022705,0.08337182551622391
2025-06-23,16:21:20.926,2.8140504360198975,6.943117618560791,0.4315974712371826
2025-06-23,16:21:20.926,2.830411195755005,6.939182758331299,0.8973532319068909
2025-06-23,16:21:20.926,2.028733968734741,7.814595699310303,0.8176239132881165
2025-06-23,16:21:20.926,1.7846859693527222,7.911667823791504,0.8846374154090881
2025-06-23,16:21:20.926,2.747244119644165,6.028336048126221,1.3573871850967407
2025-06-23,16:21:20.926,2.564548969268799,6.986039638519287,0.526771605014801
2025-06-23,16:21:20.926,2.5795462131500244,6.994636058807373,0.8561847805976868
2025-06-23,16:21:20.926,2.594543695449829,6.963685512542725,1.320666790008545
2025-06-23,16:21:20.926,1.7751421928405762,7.794815540313721,1.3935214281082153
2025-06-23,16:21:20.926,1.7846859693527222,7.846625804901123,1.3444480895996094
2025-06-23,16:21:20.926,-0.020450947806239128,0.038537368178367615,-0.0003042677999474108
2025-06-23,16:21:20.926,2.658623218536377,5.0015645027160645,0.29084494709968567
2025-06-23,16:21:20.926,2.557731866836548,5.012981414794922,-1.583223581314087
2025-06-23,16:21:20.926,2.747244119644165,6.172613620758057,0.28666287660598755
2025-06-23,16:21:20.926,-1.2679587602615356,6.427054405212402,-1.6780766248703003
2025-06-23,16:21:20.926,2.8004164695739746,6.296603679656982,0.16878044605255127
2025-06-23,16:21:20.926,2.818140745162964,6.328347206115723,0.362682044506073
2025-06-23,16:21:20.926,2.564548969268799,6.9961771965026855,-0.36843153834342957
2025-06-23,16:21:20.926,2.5795462131500244,7.046649932861328,-0.052057184278964996
2025-06-23,16:21:20.926,3.0662789344787598,6.881440162658691,0.46091875433921814
2025-06-23,16:21:21.252,-0.040901895612478256,0.07705961912870407,0.0016430115792900324
2025-06-23,16:21:21.252,-0.061352841556072235,0.1154610812664032,-0.005977378226816654
2025-06-23,16:21:21.252,2.557731866836548,5.184633255004883,-0.8695734739303589
2025-06-23,16:21:21.252,-1.2515980005264282,6.553843975067139,-0.19693349301815033
2025-06-23,16:21:21.252,-1.4697414636611938,6.527827739715576,0.6081445217132568
2025-06-23,16:21:21.252,1.8896676301956177,6.051425933837891,2.225289821624756
2025-06-23,16:21:21.252,2.747244119644165,6.148172378540039,0.6191189289093018
2025-06-23,16:21:21.253,-1.4888290166854858,6.610752105712891,-0.6356192827224731
2025-06-23,16:21:21.253,2.764968156814575,6.218677520751953,-0.07526461035013199
2025-06-23,16:21:21.253,2.568639039993286,6.292057514190674,0.8547235131263733
2025-06-23,16:21:21.253,2.5849997997283936,6.361629962921143,0.6045507788658142
2025-06-23,16:21:21.253,2.601360559463501,6.39260721206665,0.699235737323761
2025-06-23,16:21:21.253,2.564548969268799,6.965865135192871,0.7476351261138916
2025-06-23,16:21:21.253,2.8140504360198975,6.862792491912842,1.138086199760437
2025-06-23,16:21:21.253,1.7846859693527222,7.913261413574219,0.8702689409255981
2025-06-23,16:21:21.253,2.6995251178741455,5.081967830657959,-0.22825853526592255
2025-06-23,16:21:21.253,2.538644313812256,5.198201656341553,-0.4520309269428253
2025-06-23,16:21:21.253,2.3750367164611816,5.32496452331543,-0.4272296130657196
2025-06-23,16:21:21.253,2.5359175205230713,6.16264533996582,1.1496151685714722
2025-06-23,16:21:21.253,2.3314080238342285,6.979489803314209,1.2289856672286987
2025-06-23,16:21:21.253,2.5795462131500244,6.837399482727051,1.7052704095840454
2025-06-23,16:21:21.253,1.7846859693527222,7.836191654205322,1.4039857387542725
2025-06-23,16:21:21.253,-0.020450947806239128,0.038537442684173584,-0.0002946487220469862
2025-06-23,16:21:21.253,2.557731866836548,5.112033367156982,-1.2262535095214844
2025-06-23,16:21:21.253,2.5359175205230713,6.259685039520264,0.3408084511756897
2025-06-23,16:21:21.253,2.8004164695739746,6.29425573348999,0.24094301462173462
2025-06-23,16:21:21.253,2.564548969268799,7.0011138916015625,0.2581494450569153
2025-06-23,16:21:21.253,2.8140504360198975,6.919370651245117,0.717958390712738
2025-06-23,16:21:21.588,-0.040901895612478256,0.07705962657928467,0.0016428643139079213
2025-06-23,16:21:21.588,-0.061352841556072235,0.11546049267053604,-0.005988644901663065
2025-06-23,16:21:21.588,2.557731866836548,5.245348930358887,-0.3505655825138092
2025-06-23,16:21:21.588,2.57681941986084,5.296203136444092,0.028965776786208153
2025-06-23,16:21:21.588,-1.259778380393982,6.5669121742248535,-0.6566128730773926
2025-06-23,16:21:21.588,2.519556760787964,6.134210109710693,1.0797299146652222
2025-06-23,16:21:21.588,2.5359175205230713,6.201898574829102,0.9144740104675293
2025-06-23,16:21:21.588,2.7826924324035645,6.258090019226074,0.1066940575838089
2025-06-23,16:21:21.588,-1.284319519996643,6.513594150543213,-1.6858420372009277
2025-06-23,16:21:21.589,2.8004164695739746,6.290132522583008,0.331574410200119
2025-06-23,16:21:21.589,2.7813289165496826,6.763875961303711,1.2346076965332031
2025-06-23,16:21:21.589,2.79768967628479,6.738140106201172,1.5587007999420166
2025-06-23,16:21:21.589,1.7751421928405762,7.874953746795654,0.8283432722091675
2025-06-23,16:21:21.589,2.0396411418914795,7.851294994354248,0.871326744556427
2025-06-23,16:21:21.589,2.6995251178741455,5.084371089935303,-0.16632935404777527
2025-06-23,16:21:21.589,2.557731866836548,5.256453514099121,0.07922950387001038
2025-06-23,16:21:21.589,2.5359175205230713,6.152561187744141,1.202415108680725
2025-06-23,16:21:21.589,2.7813289165496826,6.662624835968018,1.6981477737426758
2025-06-23,16:21:21.589,2.79768967628479,6.611763954162598,2.0289554595947266
2025-06-23,16:21:21.589,1.7751421928405762,7.826422214508057,1.2033976316452026
2025-06-23,16:21:21.589,1.7846859693527222,7.844732284545898,1.3554524183273315
2025-06-23,16:21:21.589,-0.020450947806239128,0.038537535816431046,-0.000282051507383585
2025-06-23,16:21:21.589,2.658623218536377,5.007553577423096,0.15699192881584167
2025-06-23,16:21:21.589,2.557731866836548,5.2080302238464355,-0.7162424325942993
2025-06-23,16:21:21.589,3.013106346130371,6.727980613708496,0.8158023953437805
2025-06-23,16:21:21.589,3.0308306217193604,6.7252068519592285,1.115707278251648
2025-06-23,16:21:21.589,1.7846859693527222,7.94550085067749,0.49607354402542114
2025-06-23,16:21:21.914,-0.040901895612478256,0.07705968618392944,0.0016398413572460413
2025-06-23,16:21:21.914,-0.061352841556072235,0.11546120792627335,-0.005974851083010435
2025-06-23,16:21:21.914,0.23723098635673523,1.13828444480896,-0.49884042143821716
2025-06-23,16:21:21.914,2.4641303198971457e-35,6.457253388531973e-40,-2.776616855121052e-40
2025-06-23,16:21:21.914,6.020385005288801e-36,0.0004882814246229827,4.424992579966504e-24
2025-06-23,16:21:21.914,0.0,2.350988701644575e-38,-0.0
2025-06-23,16:21:21.914,-1.251718945042365e-21,4.5208089431980625e-05,5.402978081106411e-39
2025-06-23,16:21:21.914,4.581385027677031e+26,-6.434864425742689e-19,1.7243690864435215e-38
2025-06-23,16:21:21.914,-2.6039008754097645e-18,-789615.125,5.8136005701075124e-39
2025-06-23,16:21:21.914,7.157700565585401e-07,-9.966481298336747e-24,5.826456082219228e-39
2025-06-23,16:21:21.914,-1.7070404063814631e-13,5.8013015568880765e-34,5.7534456296309766e-39
2025-06-23,16:21:21.914,-3.991839979847596e+36,207000223744.0,5.793116389156012e-39
2025-06-23,16:21:21.914,-2.1640306108032614e+17,1.0958684480699699e-11,5.805737884424186e-39
2025-06-23,16:21:21.914,9.70045846227152e-27,2.806622045881113e-09,5.755495729284284e-39
2025-06-23,16:21:21.914,-9.51436784852773e+29,-4.00586019548612e+36,5.740095459161354e-39
2025-06-23,16:21:21.915,4.370201769909876e-11,0.0007357351132668555,5.7555671955059644e-39
2025-06-23,16:21:21.915,-3.624743705309761e+24,-12647586.0,5.8326386110438293e-39
2025-06-23,16:21:21.915,50376148.0,-2.2208813707903264e+20,-0.0029012286104261875
2025-06-23,16:21:21.915,-4.473467640764284e-08,-192.7712860107422,-0.0029228772036731243
2025-06-23,16:21:21.915,-9.288655064131634e+26,-192.78311157226562,-0.0029240751173347235
2025-06-23,16:21:21.915,-1.0669249026471796e-14,-1.0205475708898659e-20,-0.002922563347965479
2025-06-23,16:21:21.915,-1.4518468418038937e+25,1.0701974144388966e-14,-0.0029236101545393467
2025-06-23,16:21:21.915,-1.6665260740665052e-16,-1.357162420895744e+16,-0.002919483231380582
2025-06-23,16:21:21.915,-5.782036765681534e-34,-1.4922668641135113e+28,-0.0029179230332374573
2025-06-23,16:21:21.915,0.046910371631383896,-790012.375,-0.0029200720600783825
2025-06-23,16:21:21.915,1.9590994936769187e+36,-1.7200053881172295e-10,-0.005663802847266197
2025-06-23,16:21:21.915,-3.7892415868248126e-29,5.428823200261734e+16,-0.005787731148302555
2025-06-23,16:21:22.252,-0.040901895612478256,0.07705988734960556,0.0016306017059832811
2025-06-23,16:21:22.252,-0.061352841556072235,0.11546046286821365,-0.00598932197317481
2025-06-23,16:21:22.252,2.5359175205230713,6.185268402099609,1.0209121704101562
2025-06-23,16:21:22.252,2.5522782802581787,6.197873115539551,1.1810625791549683
2025-06-23,16:21:22.252,2.8004164695739746,6.264782428741455,0.6543772220611572
2025-06-23,16:21:22.252,2.818140745162964,6.282806873321533,0.84015291929245
2025-06-23,16:21:22.252,2.549551486968994,6.95224142074585,0.41975411772727966
2025-06-23,16:21:22.252,2.564548969268799,7.001126766204834,0.257805734872818
2025-06-23,16:21:22.252,2.8140504360198975,6.948322772979736,0.3375895023345947
2025-06-23,16:21:22.252,2.830411195755005,6.971621513366699,0.5949767827987671
2025-06-23,16:21:22.252,1.7846859693527222,7.902785301208496,0.9607599973678589
2025-06-23,16:21:22.252,2.679074287414551,5.048243045806885,0.055915385484695435
2025-06-23,16:21:22.252,2.3245911598205566,6.198983192443848,1.3782495260238647
2025-06-23,16:21:22.252,2.8004164695739746,6.201718330383301,1.1019976139068604
2025-06-23,16:21:22.252,2.818140745162964,6.244427680969238,1.089331030845642
2025-06-23,16:21:22.252,2.549551486968994,6.908838272094727,0.8819327354431152
2025-06-23,16:21:22.252,2.564548969268799,6.968509674072266,0.7225726246833801
2025-06-23,16:21:22.252,2.5795462131500244,6.994592666625977,0.8565358519554138
2025-06-23,16:21:22.252,2.830411195755005,6.919624328613281,1.0374510288238525
2025-06-23,16:21:22.253,1.7846859693527222,7.8299784660339355,1.4382331371307373
2025-06-23,16:21:22.253,-0.020450947806239128,0.03853744640946388,-0.0002939503756351769
2025-06-23,16:21:22.253,2.549551486968994,6.964895725250244,0.009183130227029324
2025-06-23,16:21:22.253,2.564548969268799,7.002429008483887,-0.21959881484508514
2025-06-23,16:21:22.253,2.8140504360198975,6.9556684494018555,-0.10878925770521164
2025-06-23,16:21:22.253,2.830411195755005,6.995639801025391,0.13612106442451477
2025-06-23,16:21:22.253,2.0396411418914795,7.888734817504883,0.4121943712234497
2025-06-23,16:21:22.590,-0.040901895612478256,0.07705984264612198,0.0016325784381479025
2025-06-23,16:21:22.590,-0.061352841556072235,0.11546061933040619,-0.005986309144645929
2025-06-23,16:21:22.590,2.658623218536377,5.003188610076904,0.2614249587059021
2025-06-23,16:21:22.590,2.5359175205230713,6.197712421417236,0.9424276947975159
2025-06-23,16:21:22.590,2.764968156814575,6.162701606750488,0.8358975648880005
2025-06-23,16:21:22.590,2.5849997997283936,6.368552207946777,0.5266447067260742
2025-06-23,16:21:22.590,2.601360559463501,6.416006565093994,0.43499377369880676
2025-06-23,16:21:22.590,2.549551486968994,6.945832252502441,0.5150400996208191
2025-06-23,16:21:22.590,2.564548969268799,7.001039028167725,0.26016998291015625
2025-06-23,16:21:22.590,2.5795462131500244,7.03713846206665,0.3696810007095337
2025-06-23,16:21:22.590,2.830411195755005,6.963436603546143,0.684145450592041
2025-06-23,16:21:22.590,2.6095409393310547,7.076801300048828,0.8593088388442993
2025-06-23,16:21:22.590,2.679074287414551,5.048357009887695,0.044417303055524826
2025-06-23,16:21:22.590,2.5359175205230713,6.116095066070557,1.3759323358535767
2025-06-23,16:21:22.590,2.5522782802581787,6.12603235244751,1.5100557804107666
2025-06-23,16:21:22.590,2.601360559463501,6.368284225463867,0.8940429091453552
2025-06-23,16:21:22.590,2.549551486968994,6.893015384674072,0.9980939626693726
2025-06-23,16:21:22.590,2.3314080238342285,7.052018165588379,0.701944887638092
2025-06-23,16:21:22.590,2.5795462131500244,6.99819803237915,0.8265648484230042
2025-06-23,16:21:22.590,2.830411195755005,6.911446571350098,1.0906014442443848
2025-06-23,16:21:22.590,2.6095409393310547,7.0179877281188965,1.2519493103027344
2025-06-23,16:21:22.590,1.7846859693527222,7.8240485191345215,1.4701495170593262
2025-06-23,16:21:22.590,-0.020450947806239128,0.038537442684173584,-0.0002946773893199861
2025-06-23,16:21:22.590,2.658623218536377,5.008227825164795,-0.13376940786838531
2025-06-23,16:21:22.590,2.549551486968994,6.964747428894043,0.04636089876294136
2025-06-23,16:21:22.590,2.564548969268799,7.003448963165283,-0.18422386050224304
2025-06-23,16:21:22.590,2.8140504360198975,6.956247806549072,-0.06141749769449234
2025-06-23,16:21:22.590,2.830411195755005,6.993951320648193,0.2053089588880539
2025-06-23,16:21:22.590,2.8467719554901123,7.025824546813965,0.40362274646759033
2025-06-23,16:21:22.917,-0.040901895612478256,0.07705999910831451,0.001625369768589735
2025-06-23,16:21:22.917,-0.061352841556072235,0.11545975506305695,-0.006002862937748432
2025-06-23,16:21:22.917,2.747244119644165,6.123676776885986,0.8269922733306885
2025-06-23,16:21:22.917,2.5522782802581787,6.265471458435059,0.7432394027709961
2025-06-23,16:21:22.917,2.8004164695739746,6.2689409255981445,0.6132631301879883
2025-06-23,16:21:22.917,2.818140745162964,6.302596569061279,0.675868034362793
2025-06-23,16:21:22.917,2.549551486968994,6.952046871185303,0.4229636490345001
2025-06-23,16:21:22.917,2.3314080238342285,7.0861430168151855,0.10130525380373001
2025-06-23,16:21:22.918,2.5795462131500244,7.0425567626953125,0.24571914970874786
2025-06-23,16:21:22.918,2.830411195755005,6.970621109008789,0.6065816879272461
2025-06-23,16:21:22.918,2.8467719554901123,6.9845805168151855,0.8606723546981812
2025-06-23,16:21:22.918,2.679074287414551,5.047168254852295,0.11820870637893677
2025-06-23,16:21:22.918,2.538644313812256,4.853174686431885,-1.9163326025009155
2025-06-23,16:21:22.918,2.747244119644165,6.08617639541626,1.0685477256774902
2025-06-23,16:21:22.918,2.5522782802581787,6.251471996307373,0.8530174493789673
2025-06-23,16:21:22.918,2.601360559463501,6.319449424743652,1.191182017326355
2025-06-23,16:21:22.918,2.549551486968994,6.9077067375183105,0.8907514810562134
2025-06-23,16:21:22.918,2.3314080238342285,7.064908981323242,0.5574488043785095
2025-06-23,16:21:22.918,2.5795462131500244,7.010545253753662,0.7143062353134155
2025-06-23,16:21:22.918,2.594543695449829,7.001293182373047,1.1040682792663574
2025-06-23,16:21:22.918,2.6095409393310547,6.9909892082214355,1.39484703540802
2025-06-23,16:21:22.918,-0.020450947806239128,0.038537316024303436,-0.0003105365321971476
2025-06-23,16:21:22.918,2.658623218536377,5.007739067077637,-0.15096832811832428
2025-06-23,16:21:22.918,2.549551486968994,6.964714527130127,-0.05104557052254677
2025-06-23,16:21:22.918,2.564548969268799,6.997906684875488,-0.33397701382637024
2025-06-23,16:21:22.918,2.5795462131500244,7.044027328491211,-0.19914114475250244
2025-06-23,16:21:22.918,2.830411195755005,6.996185302734375,0.10439198464155197
2025-06-23,16:21:22.918,2.8467719554901123,7.027777671813965,0.36805227398872375
2025-06-23,16:21:23.250,-0.040901895612478256,0.07706005126237869,0.0016227252781391144
2025-06-23,16:21:23.250,-0.061352841556072235,0.1154596284031868,-0.006005317438393831
2025-06-23,16:21:23.250,2.679074287414551,5.043634414672852,-0.22279317677021027
2025-06-23,16:21:23.250,2.747244119644165,6.130075454711914,0.778144359588623
2025-06-23,16:21:23.250,2.764968156814575,6.185912132263184,0.6419579386711121
2025-06-23,16:21:23.250,2.5849997997283936,6.364974021911621,0.5682610273361206
2025-06-23,16:21:23.250,2.818140745162964,6.307976245880127,0.6236618161201477
2025-06-23,16:21:23.250,2.549551486968994,6.954394340515137,0.38242998719215393
2025-06-23,16:21:23.250,2.564548969268799,7.004053115844727,0.1596103459596634
2025-06-23,16:21:23.250,2.5795462131500244,7.042436122894287,0.24915532767772675
2025-06-23,16:21:23.250,2.830411195755005,6.973032474517822,0.5782057642936707
2025-06-23,16:21:23.250,2.6095409393310547,7.05849552154541,0.9985852837562561
2025-06-23,16:21:23.250,1.7846859693527222,7.884929180145264,1.097707986831665
2025-06-23,16:21:23.250,2.679074287414551,5.044793605804443,0.19477808475494385
2025-06-23,16:21:23.250,2.538644313812256,5.029284477233887,-1.3899390697479248
2025-06-23,16:21:23.250,2.5359175205230713,6.189002513885498,0.9980263710021973
2025-06-23,16:21:23.250,2.5522782802581787,6.234444618225098,0.9696593880653381
2025-06-23,16:21:23.250,2.3177740573883057,7.005451202392578,0.7494304180145264
2025-06-23,16:21:23.250,2.3314080238342285,7.062442779541016,0.5878646969795227
2025-06-23,16:21:23.250,2.5795462131500244,7.011281490325928,0.7070486545562744
2025-06-23,16:21:23.250,2.594543695449829,7.013312816619873,1.0249475240707397
2025-06-23,16:21:23.250,2.6095409393310547,7.003305912017822,1.3316301107406616
2025-06-23,16:21:23.250,1.7846859693527222,7.780235290527344,1.68671715259552
2025-06-23,16:21:23.250,-0.020450947806239128,0.03853735327720642,-0.0003057250287383795
2025-06-23,16:21:23.250,2.549551486968994,6.964469909667969,-0.0775291919708252
2025-06-23,16:21:23.250,2.564548969268799,6.999186038970947,-0.3059943914413452
2025-06-23,16:21:23.250,2.5795462131500244,7.044914245605469,-0.1648143082857132
2025-06-23,16:21:23.251,2.830411195755005,6.994463920593262,0.18702073395252228
2025-06-23,16:21:23.251,2.6095409393310547,7.098057746887207,0.6611406207084656
2025-06-23,16:21:23.598,-0.040901895612478256,0.0770600289106369,0.0016236882656812668
2025-06-23,16:21:23.598,-0.061352841556072235,0.11545916646718979,-0.006014195270836353
2025-06-23,16:21:23.598,2.5359175205230713,6.202267169952393,0.9119701385498047
2025-06-23,16:21:23.598,2.5522782802581787,6.263545036315918,0.7593045234680176
2025-06-23,16:21:23.598,2.8004164695739746,6.250225067138672,0.7812771201133728
2025-06-23,16:21:23.598,2.818140745162964,6.3153557777404785,0.5438734292984009
2025-06-23,16:21:23.598,2.549551486968994,6.951659679412842,0.42927873134613037
2025-06-23,16:21:23.598,2.564548969268799,7.001585960388184,0.24501654505729675
2025-06-23,16:21:23.598,2.5795462131500244,7.036807537078857,0.37592342495918274
2025-06-23,16:21:23.598,2.830411195755005,6.960514068603516,0.7132687568664551
2025-06-23,16:21:23.598,2.0396411418914795,7.837264060974121,0.9896120429039001
2025-06-23,16:21:23.598,2.679074287414551,5.043132305145264,0.23387537896633148
2025-06-23,16:21:23.598,2.747244119644165,6.0465521812438965,1.273790717124939
2025-06-23,16:21:23.598,2.764968156814575,6.12396240234375,1.0838371515274048
2025-06-23,16:21:23.598,2.3177740573883057,6.994643688201904,0.8443613648414612
2025-06-23,16:21:23.598,2.564548969268799,6.971731185913086,0.6907997131347656
2025-06-23,16:21:23.598,2.5795462131500244,6.99916934967041,0.8182968497276306
2025-06-23,16:21:23.598,2.594543695449829,6.98488187789917,1.2035374641418457
2025-06-23,16:21:23.598,1.7846859693527222,7.815542221069336,1.5147197246551514
2025-06-23,16:21:23.598,-0.020450947806239128,0.03853737190365791,-0.0003035692498087883
2025-06-23,16:21:23.598,2.5359175205230713,6.2583794593811035,0.36399948596954346
2025-06-23,16:21:23.598,2.764968156814575,6.218335151672363,0.0996088758111
2025-06-23,16:21:23.598,2.79768967628479,6.9129319190979,-0.20845186710357666
2025-06-23,16:21:23.599,2.8140504360198975,6.9561896324157715,-0.06769362837076187
2025-06-23,16:21:23.599,2.830411195755005,6.989246845245361,0.32853129506111145
2025-06-23,16:21:23.599,1.7846859693527222,7.934994697570801,0.642599880695343
2025-06-23,16:21:23.918,-0.040901895612478256,0.07706045359373093,0.0016033590072765946
2025-06-23,16:21:23.918,-0.061352841556072235,0.11545733362436295,-0.006049355957657099
2025-06-23,16:21:23.918,2.679074287414551,5.04005241394043,-0.29283836483955383
2025-06-23,16:21:23.918,2.538644313812256,4.968714714050293,-1.5929564237594604
2025-06-23,16:21:23.918,2.747244119644165,6.130494594573975,0.774837076663971
2025-06-23,16:21:23.918,2.764968156814575,6.17421293258667,0.7461333274841309
2025-06-23,16:21:23.918,2.8004164695739746,6.270292282104492,0.5992873907089233
2025-06-23,16:21:23.918,2.818140745162964,6.301548957824707,0.6855630874633789
2025-06-23,16:21:23.918,2.564548969268799,6.989192962646484,0.4831354022026062
2025-06-23,16:21:23.918,2.5795462131500244,7.0126447677612305,0.6933918595314026
2025-06-23,16:21:23.918,2.830411195755005,6.6203436851501465,2.264631748199463
2025-06-23,16:21:23.918,2.679074287414551,5.048548221588135,-0.0065268250182271
2025-06-23,16:21:23.918,2.519556760787964,5.123628616333008,-0.7524592876434326
2025-06-23,16:21:23.918,2.3573126792907715,5.164608001708984,-1.2001032829284668
2025-06-23,16:21:23.918,2.747244119644165,6.060410022735596,1.2061371803283691
2025-06-23,16:21:23.918,2.764968156814575,6.113183975219727,1.1430655717849731
2025-06-23,16:21:23.918,2.564548969268799,6.944553375244141,0.9248859882354736
2025-06-23,16:21:23.918,2.8140504360198975,6.8759331703186035,1.055795431137085
2025-06-23,16:21:23.918,3.0662789344787598,6.330209732055664,2.737719774246216
2025-06-23,16:21:23.918,-0.020450947806239128,0.03853722661733627,-0.0003217121702618897
2025-06-23,16:21:23.918,2.538644313812256,4.8424224853515625,-1.9433417320251465
2025-06-23,16:21:23.918,2.564548969268799,7.005823612213135,0.02588760480284691
2025-06-23,16:21:23.918,2.8140504360198975,6.954262733459473,0.17716538906097412
2025-06-23,16:21:23.918,3.0662789344787598,6.702898025512695,1.6241375207901
2025-06-23,16:21:24.343,-0.040901895612478256,0.07705989480018616,0.0016300319693982601
2025-06-23,16:21:24.343,-0.061352841556072235,0.11546003073453903,-0.005997531581670046
2025-06-23,16:21:24.343,2.747244119644165,6.16040563583374,0.48243069648742676
2025-06-23,16:21:24.343,2.764968156814575,6.2050371170043945,0.41848573088645935
2025-06-23,16:21:24.343,2.7826924324035645,6.212225437164307,0.763756513595581
2025-06-23,16:21:24.343,2.7813289165496826,6.858815670013428,0.4805448055267334
2025-06-23,16:21:24.343,2.564548969268799,6.989965915679932,0.4718174636363983
2025-06-23,16:21:24.343,2.679074287414551,5.046947479248047,-0.12729871273040771
2025-06-23,16:21:24.343,2.764968156814575,6.163599491119385,0.8292521238327026
2025-06-23,16:21:24.343,-1.2761391401290894,6.17899751663208,-2.5522782802581787
2025-06-23,16:21:24.343,2.568639039993286,6.271084308624268,0.9970169067382812
2025-06-23,16:21:24.343,2.549551486968994,6.886258602142334,1.043692708015442
2025-06-23,16:21:24.343,2.564548969268799,6.946752548217773,0.9082194566726685
2025-06-23,16:21:24.343,-0.020450947806239128,0.03853738680481911,-0.00030167633667588234
2025-06-23,16:21:24.343,2.747244119644165,6.178944110870361,0.0631505697965622
2025-06-23,16:21:24.343,2.9776580333709717,6.120147228240967,0.00453227711841464
2025-06-23,16:21:24.343,2.7826924324035645,6.246910095214844,0.38882556557655334
2025-06-23,16:21:24.343,2.7813289165496826,6.875627517700195,-0.0048264204524457455
2025-06-23,16:21:24.343,2.79768967628479,6.915816307067871,-0.05970342084765434
2025-06-23,16:21:24.571,-0.040901895612478256,0.07705996930599213,0.0016266257734969258
2025-06-23,16:21:24.571,-0.061352841556072235,0.11546006053686142,-0.005996990017592907
2025-06-23,16:21:24.571,2.175980806350708,5.252962589263916,-1.158379316329956
2025-06-23,16:21:24.571,2.557731866836548,5.206009864807129,0.7307805418968201
2025-06-23,16:21:24.571,2.309593677520752,6.267107963562012,0.7291465401649475
2025-06-23,16:21:24.571,2.5359175205230713,6.248763084411621,0.5027590394020081
2025-06-23,16:21:24.571,-1.2679587602615356,6.381621360778809,1.8433321714401245
2025-06-23,16:21:24.571,2.5522782802581787,6.293394088745117,0.4491482973098755
2025-06-23,16:21:24.571,-1.2761391401290894,6.290566921234131,-2.263382911682129
2025-06-23,16:21:24.571,2.568639039993286,6.305760860443115,0.7469388842582703
2025-06-23,16:21:24.571,3.0485546588897705,6.6914567947387695,1.4975831508636475
2025-06-23,16:21:24.571,2.679074287414551,5.048389434814453,0.040604688227176666
2025-06-23,16:21:24.571,2.519556760787964,5.119257926940918,-0.7816413640975952
2025-06-23,16:21:24.571,2.5359175205230713,6.218933582305908,0.7903614044189453
2025-06-23,16:21:24.571,-1.4792852401733398,6.595840930938721,-0.19308815896511078
2025-06-23,16:21:24.571,2.5522782802581787,6.252028942108154,0.8489273190498352
2025-06-23,16:21:24.571,-1.4888290166854858,6.469750881195068,-1.4994593858718872
2025-06-23,16:21:24.571,2.568639039993286,6.237398147583008,1.1897072792053223
2025-06-23,16:21:24.571,3.0485546588897705,6.562456130981445,1.9880950450897217
2025-06-23,16:21:24.571,-0.020450947806239128,0.038537316024303436,-0.0003105365321971476
2025-06-23,16:21:24.571,2.5359175205230713,6.267641544342041,0.12835830450057983
2025-06-23,16:21:24.571,2.764968156814575,6.21879768371582,-0.06459257006645203
2025-06-23,16:21:24.571,-1.2761391401290894,6.2835211753845215,-2.2828705310821533
2025-06-23,16:21:24.571,2.568639039993286,6.334225177764893,0.44511890411376953
2025-06-23,16:21:24.571,3.2830588817596436,6.680327892303467,0.952251672744751
2025-06-23,16:21:24.919,-0.040901895612478256,0.07705967128276825,0.0016406982904300094
2025-06-23,16:21:24.919,-0.061352841556072235,0.11546023935079575,-0.0059935604222118855
2025-06-23,16:21:24.919,2.538644313812256,4.9979472160339355,-1.498718500137329
2025-06-23,16:21:24.919,2.747244119644165,6.160982131958008,0.4750094711780548
2025-06-23,16:21:24.919,2.5522782802581787,6.290762901306152,0.48460865020751953
2025-06-23,16:21:24.919,-1.4888290166854858,6.377507209777832,-1.8529585599899292
2025-06-23,16:21:24.919,2.568639039993286,6.289236545562744,0.8752406239509583
2025-06-23,16:21:24.919,2.8004164695739746,6.249118328094482,0.790080726146698
2025-06-23,16:21:24.919,2.7813289165496826,6.870743274688721,-0.259151816368103
2025-06-23,16:21:24.919,2.564548969268799,6.99816370010376,-0.32854244112968445
2025-06-23,16:21:24.919,2.5795462131500244,7.034251689910889,-0.42105600237846375
2025-06-23,16:21:24.919,2.679074287414551,5.048529624938965,0.015225190669298172
2025-06-23,16:21:24.919,2.5359175205230713,6.225400924682617,0.7376921772956848
2025-06-23,16:21:24.919,2.7826924324035645,6.150448799133301,1.1606262922286987
2025-06-23,16:21:24.919,2.7813289165496826,6.873391151428223,0.17542587220668793
2025-06-23,16:21:24.919,2.564548969268799,7.005152225494385,0.10041660070419312
2025-06-23,16:21:24.919,2.5795462131500244,7.046839237213135,-0.0065013337880373
2025-06-23,16:21:24.919,-0.020450947806239128,0.038537364453077316,-0.0003046467900276184
2025-06-23,16:21:24.919,2.747244119644165,6.1779046058654785,0.1297266036272049
2025-06-23,16:21:24.919,2.764968156814575,6.211702346801758,0.3039211630821228
2025-06-23,16:21:24.919,-1.2761391401290894,6.388477325439453,-1.9701491594314575
2025-06-23,16:21:24.919,2.7826924324035645,6.248539924621582,0.3616904616355896
2025-06-23,16:21:24.919,2.7813289165496826,6.840025901794434,-0.6987985968589783
2025-06-23,16:21:24.919,2.564548969268799,6.962305545806885,-0.7800873517990112
2025-06-23,16:21:24.919,2.5795462131500244,7.004436016082764,-0.7719200849533081
2025-06-23,16:21:25.266,-0.040901895612478256,0.07705974578857422,0.001637339242734015
2025-06-23,16:21:25.266,-0.061352841556072235,0.11546122282743454,-0.005974567029625177
2025-06-23,16:21:25.266,2.538644313812256,5.075708389282227,-1.2094699144363403
2025-06-23,16:21:25.266,2.3750367164611816,5.316362380981445,0.5235095024108887
2025-06-23,16:21:25.266,2.519556760787964,6.1985907554626465,0.6097716689109802
2025-06-23,16:21:25.266,2.5359175205230713,6.243472099304199,0.5646804571151733
2025-06-23,16:21:25.266,-1.2679587602615356,6.638719081878662,0.22444574534893036
2025-06-23,16:21:25.266,-1.2761391401290894,6.626217842102051,-0.8873375058174133
2025-06-23,16:21:25.266,2.764968156814575,6.198230266571045,0.5094711184501648
2025-06-23,16:21:25.266,2.7826924324035645,6.173911094665527,1.0285378694534302
2025-06-23,16:21:25.266,2.8004164695739746,6.217695713043213,1.007952332496643
2025-06-23,16:21:25.266,2.7813289165496826,6.875380992889404,-0.058418065309524536
2025-06-23,16:21:25.266,2.564548969268799,7.005237102508545,0.09430353343486786
2025-06-23,16:21:25.266,2.8140504360198975,6.938899993896484,0.4947992265224457
2025-06-23,16:21:25.266,2.830411195755005,6.937287330627441,0.9118949174880981
2025-06-23,16:21:25.266,2.679074287414551,5.046264171600342,-0.15198999643325806
2025-06-23,16:21:25.266,2.175980806350708,5.342913627624512,-0.6234825253486633
2025-06-23,16:21:25.266,2.747244119644165,6.088555812835693,1.0549020767211914
2025-06-23,16:21:25.266,-1.2679587602615356,6.537961959838867,1.1738917827606201
2025-06-23,16:21:25.266,2.7826924324035645,6.102696895599365,1.3900227546691895
2025-06-23,16:21:25.266,2.549551486968994,6.952047824859619,0.42294374108314514
2025-06-23,16:21:25.266,2.564548969268799,6.986615180969238,0.5190842151641846
2025-06-23,16:21:25.266,2.8140504360198975,6.900455951690674,0.8814000487327576
2025-06-23,16:21:25.266,2.594543695449829,6.950948238372803,1.3861441612243652
2025-06-23,16:21:25.266,-0.020450947806239128,0.03853751718997955,-0.0002847437863238156
2025-06-23,16:21:25.266,2.5359175205230713,6.26475715637207,0.22940075397491455
2025-06-23,16:21:25.266,-1.4792852401733398,6.453324794769287,-1.3773164749145508
2025-06-23,16:21:25.266,2.7826924324035645,6.227506637573242,0.6270831823348999
2025-06-23,16:21:25.266,2.5849997997283936,6.36098575592041,0.6112920641899109
2025-06-23,16:21:25.266,2.7813289165496826,6.85809850692749,-0.49067801237106323
2025-06-23,16:21:25.266,2.79768967628479,6.905869007110596,-0.3755705952644348
2025-06-23,16:21:25.266,3.0485546588897705,6.856770992279053,0.05518684163689613
2025-06-23,16:21:25.266,3.0662789344787598,6.8817596435546875,0.4561253786087036
2025-06-23,16:21:25.574,-0.040901895612478256,0.07706008106470108,0.0016214412171393633
2025-06-23,16:21:25.574,-0.061352841556072235,0.11545909941196442,-0.006015503779053688
2025-06-23,16:21:25.574,2.538644313812256,5.009350776672363,-1.460149884223938
2025-06-23,16:21:25.574,-0.03125,128.03945922851562,128.26953125
2025-06-23,16:21:25.574,2052.375,2.0042724609375,2.260014163263065e-41
2025-06-23,16:21:25.574,-2251799813685248.0,9.404233945232394e-38,2.4641303198971457e-35
2025-06-23,16:21:25.574,-2.776616855121052e-40,128.00006103515625,1.137218574517873e-13
2025-06-23,16:21:25.574,2.2260444632708344e-23,6.018531076210112e-36,0.0
2025-06-23,16:21:25.574,-2.524354896707238e-29,-0.5000000596046448,-0.023090139031410217
2025-06-23,16:21:25.574,5.402449791585361e-39,6.776263578034403e-21,-24253.650390625
2025-06-23,16:21:25.574,1.7243968321531152e-38,-5.902958103587057e+20,5.9215302227757375e-31
2025-06-23,16:21:25.574,5.700824069698651e-39,1.5474250491067253e+26,0.00018322933465242386
2025-06-23,16:21:25.574,1.759222742367594e-38,1.9073486328125e-06,2.482696335593874e-24
2025-06-23,16:21:25.574,1.7599934565229728e-38,-2.6469779601696886e-23,5.669606791054631e+22
2025-06-23,16:21:25.574,1.7540791362244434e-38,4.153837486827862e+34,-1.3520226335326208e+16
2025-06-23,16:21:25.574,5.80761842696331e-39,-9.62964972193618e-35,6.989941958579493e-10
2025-06-23,16:21:25.574,5.827267434030072e-39,-9007199254740992.0,0.000183236479642801
2025-06-23,16:21:25.574,5.623765265846965e-39,2251799813685248.0,0.00018329564773011953
2025-06-23,16:21:25.574,5.6832938259099476e-39,524288.0,6.3575408543561e-22
2025-06-23,16:21:25.574,5.6951361992319567e-39,-9.860761315262648e-32,-4.067656784820392e-20
2025-06-23,16:21:25.574,1.7432231368914727e-38,-4.056481920730334e+31,-0.0007330694352276623
2025-06-23,16:21:25.574,-0.005724916234612465,3039.579345703125,1.4794530923107392e-31
2025-06-23,16:21:25.574,-0.005840620491653681,-1.3368211336593408e+16,-50367660.0
2025-06-23,16:21:25.574,-0.002915250137448311,-5.994513285356145e-28,-2.258608111594349e-36
2025-06-23,16:21:25.574,-0.002915342804044485,778132.3125,-1.3845497918187897e+19
2025-06-23,16:21:25.930,-0.040901895612478256,0.0770600438117981,0.0016232177149504423
2025-06-23,16:21:25.930,-0.061352841556072235,0.11546046286821365,-0.00598932197317481
2025-06-23,16:21:25.930,2.658623218536377,5.007430076599121,0.16088230907917023
2025-06-23,16:21:25.930,2.519556760787964,4.994917392730713,-1.3669551610946655
2025-06-23,16:21:25.930,2.5522782802581787,6.211430549621582,1.1075512170791626
2025-06-23,16:21:25.930,2.549551486968994,6.963237285614014,-0.15224513411521912
2025-06-23,16:21:25.930,2.564548969268799,7.003467559814453,-0.18352046608924866
2025-06-23,16:21:25.930,2.5795462131500244,7.0459723472595215,-0.11071279644966125
2025-06-23,16:21:25.930,2.1228084564208984,7.2070417404174805,-0.7217801213264465
2025-06-23,16:21:25.930,2.679074287414551,5.048331260681152,-0.047254111617803574
2025-06-23,16:21:25.930,2.538644313812256,4.86131477355957,-1.8955870866775513
2025-06-23,16:21:25.930,2.3177740573883057,7.040223121643066,0.27064621448516846
2025-06-23,16:21:25.930,2.3314080238342285,7.083028316497803,0.2332303375005722
2025-06-23,16:21:25.930,2.5795462131500244,7.0335283279418945,0.432966023683548
2025-06-23,16:21:25.930,2.1228084564208984,7.242286205291748,-0.1082039624452591
2025-06-23,16:21:25.930,-0.020450947806239128,0.03853724151849747,-0.000319440383464098
2025-06-23,16:21:25.930,2.549551486968994,6.9347028732299805,-0.6478772163391113
2025-06-23,16:21:25.930,2.564548969268799,6.974649429321289,-0.6606842875480652
2025-06-23,16:21:25.930,2.8140504360198975,6.937653064727783,-0.5119842886924744
2025-06-23,16:21:25.930,2.358675956726074,7.091571807861328,-1.055928349494934
2025-06-23,16:21:26.255,-0.040901895612478256,0.07705998420715332,0.001625863485969603
2025-06-23,16:21:26.255,-0.061352841556072235,0.11546079069375992,-0.00598294148221612
2025-06-23,16:21:26.256,2.658623218536377,5.006972312927246,0.1745578944683075
2025-06-23,16:21:26.256,2.519556760787964,4.958354473114014,-1.4941511154174805
2025-06-23,16:21:26.256,2.764968156814575,6.1528639793396,0.9054737687110901
2025-06-23,16:21:26.256,2.564548969268799,6.987207889556885,-0.5110428333282471
2025-06-23,16:21:26.256,1.6415294408798218,7.0195417404174805,-2.084094762802124
2025-06-23,16:21:26.256,1.6987920999526978,7.492556095123291,1.1335852146148682
2025-06-23,16:21:26.256,2.679074287414551,5.047580718994141,-0.0990629568696022
2025-06-23,16:21:26.256,2.519556760787964,5.082971096038818,-0.9905398488044739
2025-06-23,16:21:26.256,2.564548969268799,7.005807876586914,0.029942480847239494
2025-06-23,16:21:26.256,1.9414767026901245,7.365602970123291,1.512569785118103
2025-06-23,16:21:26.256,-0.020450947806239128,0.03853733092546463,-0.00030872959177941084
2025-06-23,16:21:26.256,2.564548969268799,6.933748722076416,-1.0026777982711792
2025-06-23,16:21:26.256,1.6415294408798218,6.830453395843506,-2.6386220455169678
2025-06-23,16:21:26.256,1.9414767026901245,7.493734836578369,0.6196078062057495
2025-06-23,16:21:26.592,-0.040901895612478256,0.07706007361412048,0.0016215431969612837
2025-06-23,16:21:26.592,-0.061352841556072235,0.11545934528112411,-0.006010809447616339
2025-06-23,16:21:26.592,2.519556760787964,4.909096717834473,-1.648797631263733
2025-06-23,16:21:26.592,2.5359175205230713,6.217288017272949,0.8032053112983704
2025-06-23,16:21:26.592,2.764968156814575,6.142292499542236,0.9746080040931702
2025-06-23,16:21:26.592,2.500469207763672,5.1389851570129395,-0.061724431812763214
2025-06-23,16:21:26.592,2.519556760787964,5.0426506996154785,-1.1787437200546265
2025-06-23,16:21:26.592,-0.020450947806239128,0.03853733092546463,-0.00030874391086399555
2025-06-23,16:21:26.918,-0.040901895612478256,0.07706035673618317,0.0016080373898148537
2025-06-23,16:21:26.918,-0.061352841556072235,0.11545832455158234,-0.006030354183167219
2025-06-23,16:21:26.918,2.519556760787964,4.879237651824951,-1.7351672649383545
2025-06-23,16:21:26.918,2.5359175205230713,6.227102756500244,0.7231883406639099
2025-06-23,16:21:26.918,2.5522782802581787,6.273623943328857,0.6709532141685486
2025-06-23,16:21:26.918,2.3314080238342285,7.083354949951172,-0.22308072447776794
2025-06-23,16:21:26.918,2.1105377674102783,7.16998815536499,-0.6700289845466614
2025-06-23,16:21:26.918,2.1228084564208984,7.230885028839111,-0.42037472128868103
2025-06-23,16:21:26.918,2.500469207763672,5.139307498931885,-0.022181639447808266
2025-06-23,16:21:26.918,2.3395884037017822,5.11884069442749,-1.2205442190170288
2025-06-23,16:21:26.918,2.564548969268799,7.00211763381958,0.22931291162967682
2025-06-23,16:21:26.918,2.1105377674102783,7.199257850646973,-0.16840451955795288
2025-06-23,16:21:26.918,2.1228084564208984,7.243025779724121,-0.0314578041434288
2025-06-23,16:21:26.918,-0.020450947806239128,0.03853728994727135,-0.0003135529696010053
2025-06-23,16:21:26.918,2.564548969268799,6.962273597717285,-0.7803722023963928
2025-06-23,16:21:26.918,2.3450419902801514,7.032125473022461,-1.167059302330017
2025-06-23,16:21:27.256,-0.040901895612478256,0.07706046104431152,0.0016032601706683636
2025-06-23,16:21:27.256,-0.061352841556072235,0.11545835435390472,-0.006029838230460882
2025-06-23,16:21:27.256,2.5359175205230713,6.190951347351074,0.9858651757240295
2025-06-23,16:21:27.256,-1.2679587602615356,6.298141956329346,-2.111013174057007
2025-06-23,16:21:27.256,2.5522782802581787,6.261111736297607,0.7791146039962769
2025-06-23,16:21:27.256,2.5849997997283936,6.355099201202393,0.6697254776954651
2025-06-23,16:21:27.256,2.564548969268799,6.9937849044799805,-0.4113485515117645
2025-06-23,16:21:27.256,2.5795462131500244,6.983262538909912,-0.9444706439971924
2025-06-23,16:21:27.256,2.1228084564208984,7.22641134262085,-0.4913160800933838
2025-06-23,16:21:27.256,2.519556760787964,5.005898475646973,-1.326177716255188
2025-06-23,16:21:27.256,2.564548969268799,7.005552768707275,0.06683642417192459
2025-06-23,16:21:27.256,2.3450419902801514,7.117108345031738,-0.39947789907455444
2025-06-23,16:21:27.256,1.886940836906433,7.307754993438721,0.0699944868683815
2025-06-23,16:21:27.257,-0.020450947806239128,0.038537200540304184,-0.00032459278008900583
2025-06-23,16:21:27.257,2.500469207763672,5.076035976409912,-0.8042604923248291
2025-06-23,16:21:27.257,2.564548969268799,6.950099945068359,-0.8822402358055115
2025-06-23,16:21:27.591,-0.040901895612478256,0.07706046104431152,0.0016032103449106216
2025-06-23,16:21:27.591,-0.061352841556072235,0.11545835435390472,-0.006029838230460882
2025-06-23,16:21:27.591,2.48138165473938,5.0886101722717285,0.3425089120864868
2025-06-23,16:21:27.591,2.679074287414551,5.041069984436035,-0.2747662663459778
2025-06-23,16:21:27.591,2.1268985271453857,6.407566070556641,0.8614314794540405
2025-06-23,16:21:27.591,2.0982673168182373,7.025414943695068,-1.378394365310669
2025-06-23,16:21:27.591,2.1105377674102783,7.184065341949463,-0.4968651533126831
2025-06-23,16:21:27.591,2.358675956726074,7.168669700622559,0.12472792714834213
2025-06-23,16:21:27.591,2.679074287414551,5.044018268585205,0.21392379701137543
2025-06-23,16:21:27.591,2.519556760787964,5.074283599853516,-1.0341238975524902
2025-06-23,16:21:27.591,2.0982673168182373,7.086172103881836,-1.0210723876953125
2025-06-23,16:21:27.591,2.1105377674102783,7.201193809509277,-0.02188817411661148
2025-06-23,16:21:27.591,2.358675956726074,7.148201942443848,0.5555068850517273
2025-06-23,16:21:27.591,-0.020450947806239128,0.038537126034498215,-0.0003334775392431766
2025-06-23,16:21:27.591,2.3450419902801514,7.074718952178955,-0.87245112657547
2025-06-23,16:21:27.591,2.594543695449829,7.0857768058776855,-0.16982945799827576
2025-06-23,16:21:27.924,-0.040901895612478256,0.07706046104431152,0.0016032601706683636
2025-06-23,16:21:27.924,-0.061352841556072235,0.11545711010694504,-0.006053589750081301
2025-06-23,16:21:27.924,2.679074287414551,5.047316074371338,-0.11172578483819962
2025-06-23,16:21:27.924,2.3245911598205566,6.293754577636719,0.8459396958351135
2025-06-23,16:21:27.924,2.5522782802581787,6.2462639808654785,0.8903505802154541
2025-06-23,16:21:27.924,2.5849997997283936,6.351172924041748,0.705990195274353
2025-06-23,16:21:27.924,2.564548969268799,7.0047149658203125,0.12729105353355408
2025-06-23,16:21:27.924,2.8140504360198975,6.936626434326172,0.5257119536399841
2025-06-23,16:21:27.924,2.830411195755005,6.921299934387207,1.02621328830719
2025-06-23,16:21:27.924,2.564548969268799,6.986442565917969,0.5214001536369324
2025-06-23,16:21:27.924,2.8140504360198975,6.891182899475098,0.951187789440155
2025-06-23,16:21:27.924,3.0662789344787598,6.763806343078613,1.3481794595718384
2025-06-23,16:21:27.924,-0.020450947806239128,0.03853730857372284,-0.0003114001592621207
2025-06-23,16:21:27.924,2.79768967628479,6.908571243286133,-0.32206323742866516
2025-06-23,16:21:27.924,2.8140504360198975,6.956090450286865,0.07724811881780624
2025-06-23,16:21:27.924,3.0662789344787598,6.880364418029785,0.47670498490333557
2025-06-23,16:21:28.382,-0.040901895612478256,0.07705987244844437,0.0016313643427565694
2025-06-23,16:21:28.382,-0.061352841556072235,0.11545984447002411,-0.006001071538776159
2025-06-23,16:21:28.382,2.679074287414551,5.047674655914307,0.09414295107126236
2025-06-23,16:21:28.382,2.538644313812256,5.127487659454346,-0.9666963219642639
2025-06-23,16:21:28.382,2.557731866836548,5.116865158081055,-1.2059326171875
2025-06-23,16:21:28.382,2.5359175205230713,6.252038478851318,0.4602430462837219
2025-06-23,16:21:28.382,-1.2679587602615356,6.456910133361816,-1.559255838394165
2025-06-23,16:21:28.382,2.5522782802581787,6.293821811676025,0.44311437010765076
2025-06-23,16:21:28.382,2.8140504360198975,6.875727653503418,1.057132363319397
2025-06-23,16:21:28.382,2.519556760787964,5.170713424682617,-0.28545740246772766
2025-06-23,16:21:28.382,2.3573126792907715,5.262907028198242,-0.644387423992157
2025-06-23,16:21:28.382,2.5795462131500244,6.8738017082214355,1.552039623260498
2025-06-23,16:21:28.382,-0.020450947806239128,0.0385374017059803,-0.00029985758010298014
2025-06-23,16:21:28.382,2.679074287414551,5.044483661651611,-0.20264630019664764
2025-06-23,16:21:28.382,2.538644313812256,5.055049896240234,-1.2930995225906372
2025-06-23,16:21:28.382,2.5795462131500244,7.013835906982422,0.6812377572059631
2025-06-23,16:21:28.592,-0.040901895612478256,0.07706015557050705,0.0016178891528397799
2025-06-23,16:21:28.592,-0.061352841556072235,0.11545755714178085,-0.006044989917427301
2025-06-23,16:21:28.592,2.679074287414551,5.048422336578369,0.036212485283613205
2025-06-23,16:21:28.592,2.519556760787964,5.115786552429199,-0.8040488362312317
2025-06-23,16:21:28.592,2.538644313812256,5.161612033843994,-0.7638014554977417
2025-06-23,16:21:28.592,2.557731866836548,5.252927780151367,-0.2081647366285324
2025-06-23,16:21:28.592,-1.04981529712677,6.636285781860352,0.01062396913766861
2025-06-23,16:21:28.592,1.8896676301956177,6.390282154083252,0.8578842878341675
2025-06-23,16:21:28.592,2.5359175205230713,6.2305803298950195,0.6925853490829468
2025-06-23,16:21:28.592,2.3395884037017822,6.348812103271484,0.7359192967414856
2025-06-23,16:21:28.592,2.384580612182617,6.441951751708984,0.967712938785553
2025-06-23,16:21:28.592,2.519556760787964,5.148902893066406,-0.5536808967590332
2025-06-23,16:21:28.592,2.3395884037017822,6.310395240783691,1.013855218887329
2025-06-23,16:21:28.592,-0.020450947806239128,0.03853730112314224,-0.0003124761860817671
2025-06-23,16:21:28.592,2.658623218536377,5.00489616394043,0.226394921541214
2025-06-23,16:21:28.592,2.679074287414551,5.042639255523682,-0.2442779541015625
2025-06-23,16:21:28.592,2.519556760787964,5.076136112213135,-1.024991750717163
2025-06-23,16:21:28.926,-0.040901895612478256,0.07706017792224884,0.0016169250011444092
2025-06-23,16:21:28.926,-0.061352841556072235,0.11545927077531815,-0.006012291647493839
2025-06-23,16:21:28.926,2.679074287414551,5.047297477722168,0.11257459968328476
2025-06-23,16:21:28.926,2.519556760787964,5.141842842102051,-0.6158042550086975
2025-06-23,16:21:28.926,2.538644313812256,5.132719039916992,-0.9385237097740173
2025-06-23,16:21:28.926,2.3245911598205566,6.295553207397461,0.8324506282806396
2025-06-23,16:21:28.926,2.3395884037017822,6.351548194885254,0.7119152545928955
2025-06-23,16:21:28.926,2.568639039993286,6.339507579803467,0.36219522356987
2025-06-23,16:21:28.926,2.601360559463501,6.410160064697266,0.5140114426612854
2025-06-23,16:21:28.926,2.48138165473938,4.980350017547607,1.09880793094635
2025-06-23,16:21:28.926,2.500469207763672,5.119061470031738,0.45627284049987793
2025-06-23,16:21:28.926,2.3395884037017822,5.257895469665527,-0.21631817519664764
2025-06-23,16:21:28.926,2.538644313812256,5.1974310874938965,-0.4608074724674225
2025-06-23,16:21:28.926,2.113264560699463,6.274967670440674,1.3746213912963867
2025-06-23,16:21:28.926,-0.845305860042572,6.70193338394165,0.31659406423568726
2025-06-23,16:21:28.928,2.3395884037017822,6.294227600097656,1.109817385673523
2025-06-23,16:21:28.928,-0.020450947806239128,0.03853728994727135,-0.0003135529696010053
2025-06-23,16:21:28.928,2.658623218536377,5.0024919509887695,0.2744351923465729
2025-06-23,16:21:28.928,2.679074287414551,5.040863037109375,-0.27853432297706604
2025-06-23,16:21:28.928,2.538644313812256,5.0651445388793945,-1.252973198890686
2025-06-23,16:21:28.928,2.5522782802581787,6.301907539367676,0.3074116110801697
2025-06-23,16:21:29.251,-0.040901895612478256,0.07706015557050705,0.0016178891528397799
2025-06-23,16:21:29.251,-0.061352841556072235,0.11545784026384354,-0.0060396394692361355
2025-06-23,16:21:29.251,2.679074287414551,5.048049449920654,0.07127327471971512
2025-06-23,16:21:29.251,2.519556760787964,5.104594707489014,-0.8722832202911377
2025-06-23,16:21:29.251,2.538644313812256,4.986246109008789,-1.537199854850769
2025-06-23,16:21:29.251,2.5359175205230713,6.246131896972656,0.5344573855400085
2025-06-23,16:21:29.251,-1.2679587602615356,6.642224311828613,0.06182160973548889
2025-06-23,16:21:29.251,2.5522782802581787,6.29108190536499,0.4804496765136719
2025-06-23,16:21:29.251,2.568639039993286,6.328217029571533,0.5236517190933228
2025-06-23,16:21:29.251,2.384580612182617,6.5003862380981445,0.42448434233665466
2025-06-23,16:21:29.251,2.48138165473938,5.063716888427734,0.6083059310913086
2025-06-23,16:21:29.251,2.519556760787964,5.152499675750732,-0.5191442370414734
2025-06-23,16:21:29.251,2.5359175205230713,6.213294506072998,0.8335345983505249
2025-06-23,16:21:29.251,2.5522782802581787,6.240326881408691,0.9310546517372131
2025-06-23,16:21:29.251,-0.020450947806239128,0.03853730112314224,-0.0003124618961010128
2025-06-23,16:21:29.251,2.5359175205230713,6.268252849578857,0.09390106797218323
2025-06-23,16:21:29.251,2.5522782802581787,6.309295654296875,0.03645109757781029
2025-06-23,16:21:29.588,-0.040901895612478256,0.07706011831760406,0.001619516289792955
2025-06-23,16:21:29.588,-0.061352841556072235,0.11545740067958832,-0.006047914735972881
2025-06-23,16:21:29.588,2.679074287414551,5.048102378845215,0.06743335723876953
2025-06-23,16:21:29.588,2.3245911598205566,6.323930263519287,0.5786799788475037
2025-06-23,16:21:29.588,2.3395884037017822,6.373165607452393,0.4814031720161438
2025-06-23,16:21:29.588,2.568639039993286,6.339603900909424,0.3605090081691742
2025-06-23,16:21:29.588,2.384580612182617,6.496667385101318,0.47804197669029236
2025-06-23,16:21:29.588,2.564548969268799,7.005563259124756,0.06570228934288025
2025-06-23,16:21:29.588,2.5795462131500244,7.041806221008301,0.2663656771183014
2025-06-23,16:21:29.588,2.594543695449829,7.08289909362793,0.26385343074798584
2025-06-23,16:21:29.588,2.519556760787964,5.151638984680176,-0.5276190042495728
2025-06-23,16:21:29.588,2.3395884037017822,6.311535835266113,1.006731390953064
2025-06-23,16:21:29.588,2.354585886001587,6.383253574371338,0.7927462458610535
2025-06-23,16:21:29.588,2.5795462131500244,7.01110315322876,0.7088128328323364
2025-06-23,16:21:29.588,2.594543695449829,7.04838228225708,0.7465829849243164
2025-06-23,16:21:29.588,-0.020450947806239128,0.03853735327720642,-0.00030622159829363227
2025-06-23,16:21:29.588,2.3395884037017822,6.389418125152588,-0.1559719443321228
2025-06-23,16:21:29.588,2.568639039993286,6.3479533195495605,-0.15501391887664795
2025-06-23,16:21:29.588,2.564548969268799,6.9956254959106445,-0.37876516580581665
2025-06-23,16:21:29.588,2.8140504360198975,6.9550395011901855,-0.14346417784690857
2025-06-23,16:21:29.588,2.830411195755005,6.994604587554932,-0.1816963106393814
2025-06-23,16:21:29.915,-0.040901895612478256,0.07706019282341003,0.0016160106752067804
2025-06-23,16:21:29.915,2.4641303198971457e-35,6.457253388531973e-40,-2.776616855121052e-40
2025-06-23,16:21:29.915,137481289728.0,1.0384597430889773e+34,6.977990621711864e-24
2025-06-23,16:21:29.915,0.0,2.350988701644575e-38,-2.524354896707238e-29
2025-06-23,16:21:29.915,7.639886139174591e-26,3.829274123130654e-26,5.405176718396937e-39
2025-06-23,16:21:29.915,1.1453462569192578e+26,9.144492346625112e-33,1.7243693667032144e-38
2025-06-23,16:21:29.915,2.3133644335526153e-33,-6.405891794807885e+37,5.7777035073469035e-39
2025-06-23,16:21:29.915,-6.509890741277014e-19,-9.7333171382387e-27,5.726815353614948e-39
2025-06-23,16:21:29.915,-0.00018324103439226747,-1.6722043711866612e-16,5.7696796723401796e-39
2025-06-23,16:21:29.915,-844831274303488.0,-5.951474326012431e-39,5.793580218947704e-39
2025-06-23,16:21:29.915,2.8631259283429245e-06,197503.71875,5.7554424799426395e-39
2025-06-23,16:21:29.915,-3223656192.0,5.958239794998191e-39,5.765613104196709e-39
2025-06-23,16:21:29.915,-9.499921940561973e+29,-0.000736008572857827,5.8240584605467685e-39
2025-06-23,16:21:29.915,-767.9047241210938,207166537728.0,5.819816730095257e-39
2025-06-23,16:21:29.915,0.046907875686883926,-6.223746214910921e-25,-0.005855155643075705
2025-06-23,16:21:29.915,-1.5152825597918818e-28,1.0959223979700727e-11,-0.002913632895797491
2025-06-23,16:21:29.915,1.1318591599415532e+23,2.5621768129499695e+38,-0.005864945240318775
2025-06-23,16:21:29.915,-6.824359328506946e-13,-5.966792692519247e+28,-0.002919307444244623
2025-06-23,16:21:29.915,-1.5580016374203678e+34,8.891738219294281e+20,-0.0029220811557024717
2025-06-23,16:21:29.915,2.796021414397387e-09,5.957394812024203e-39,-0.002918702783063054
2025-06-23,16:21:30.262,-0.040901895612478256,0.07705900073051453,0.0016717326361685991
2025-06-23,16:21:30.262,-0.061352841556072235,0.11545974016189575,-0.006003090646117926
2025-06-23,16:21:30.262,0.21814344823360443,1.3762067556381226,0.08725737780332565
2025-06-23,16:21:30.262,-1.2515980005264282,6.540002346038818,0.4690682590007782
2025-06-23,16:21:30.262,2.747244119644165,6.126384258270264,0.8066911101341248
2025-06-23,16:21:30.262,2.764968156814575,6.201742172241211,0.4647652208805084
2025-06-23,16:21:30.262,2.7826924324035645,6.217570781707764,0.7189471125602722
2025-06-23,16:21:30.262,2.5849997997283936,6.2981133460998535,1.081472396850586
2025-06-23,16:21:30.262,1.9414767026901245,7.47143030166626,0.8471747040748596
2025-06-23,16:21:30.262,1.9523838758468628,7.493257999420166,1.0139652490615845
2025-06-23,16:21:30.262,2.5522782802581787,6.2481279373168945,0.8771741986274719
2025-06-23,16:21:30.262,2.568639039993286,6.242004871368408,1.1652978658676147
2025-06-23,16:21:30.263,2.8004164695739746,6.106821060180664,1.543516993522644
2025-06-23,16:21:30.263,1.9414767026901245,7.417347431182861,1.2340714931488037
2025-06-23,16:21:30.263,1.9523838758468628,7.427568435668945,1.4171361923217773
2025-06-23,16:21:30.263,-0.020450947806239128,0.03853752464056015,-0.00028353388188406825
2025-06-23,16:21:30.263,2.7826924324035645,6.2447943687438965,0.42143887281417847
2025-06-23,16:21:30.592,-0.040901895612478256,0.07705849409103394,0.0016951223369687796
2025-06-23,16:21:30.592,-0.061352841556072235,0.11546076834201813,-0.005983342416584492
2025-06-23,16:21:30.592,-1.0429983139038086,6.589148998260498,0.23115000128746033
2025-06-23,16:21:30.592,2.5359175205230713,6.126169204711914,1.3303605318069458
2025-06-23,16:21:30.592,2.764968156814575,6.110647201538086,1.1565477848052979
2025-06-23,16:21:30.592,2.7826924324035645,6.201323986053467,0.8477320671081543
2025-06-23,16:21:30.592,2.8004164695739746,6.229457378387451,0.9325087070465088
2025-06-23,16:21:30.592,2.747244119644165,5.955887317657471,1.6464325189590454
2025-06-23,16:21:30.592,2.764968156814575,6.002419471740723,1.6274453401565552
2025-06-23,16:21:30.592,2.7826924324035645,6.141734600067139,1.2058887481689453
2025-06-23,16:21:30.592,2.5849997997283936,6.249575614929199,1.333648920059204
2025-06-23,16:21:30.592,-0.020450947806239128,0.038537755608558655,-0.0002499428519513458
2025-06-23,16:21:30.592,2.5522782802581787,6.229619026184082,1.0001921653747559
2025-06-23,16:21:30.592,-0.8507594466209412,6.587252140045166,1.4855927228927612
2025-06-23,16:21:30.592,2.7826924324035645,6.235243797302246,0.5447982549667358
2025-06-23,16:21:30.936,-0.040901895612478256,0.07705792039632797,0.0017210267251357436
2025-06-23,16:21:30.936,-0.061352841556072235,0.11546200513839722,-0.005959545727819204
2025-06-23,16:21:30.936,-0.8343986868858337,6.619944095611572,0.1956428736448288
2025-06-23,16:21:30.936,-1.04981529712677,6.631994724273682,-0.23884963989257812
2025-06-23,16:21:30.936,2.747244119644165,6.098893165588379,0.9933962821960449
2025-06-23,16:21:30.936,2.764968156814575,6.079830169677734,1.3089231252670288
2025-06-23,16:21:30.936,2.7826924324035645,6.126925468444824,1.279005527496338
2025-06-23,16:21:30.936,2.8004164695739746,6.201569080352783,1.1028367280960083
2025-06-23,16:21:30.936,2.196431875228882,7.400467872619629,1.1822031736373901
2025-06-23,16:21:30.936,2.747244119644165,6.021902561187744,1.3856498003005981
2025-06-23,16:21:30.936,2.764968156814575,6.026871681213379,1.534416913986206
2025-06-23,16:21:30.936,2.9967455863952637,5.949094772338867,1.5956928730010986
2025-06-23,16:21:30.936,-0.020450947806239128,0.038537755608558655,-0.0002499428519513458
2025-06-23,16:21:30.936,2.747244119644165,6.143946647644043,0.659736692905426
2025-06-23,16:21:30.936,2.764968156814575,6.125283241271973,1.0763458013534546
2025-06-23,16:21:31.259,-0.040901895612478256,0.0770578607916832,0.0017234785482287407
2025-06-23,16:21:31.259,-0.061352841556072235,0.11545787006616592,-0.006039121653884649
2025-06-23,16:21:31.259,-1.0429983139038086,6.593200206756592,0.004570379853248596
2025-06-23,16:21:31.259,-1.04981529712677,6.633604526519775,-0.188925102353096
2025-06-23,16:21:31.259,2.5359175205230713,6.150158405303955,1.2146438360214233
2025-06-23,16:21:31.259,-0.422652930021286,6.744161128997803,0.2614213526248932
2025-06-23,16:21:31.259,2.5522782802581787,6.092018127441406,1.6419072151184082
2025-06-23,16:21:31.259,2.7826924324035645,6.100689888000488,1.3988041877746582
2025-06-23,16:21:31.259,2.8004164695739746,6.133728504180908,1.432859182357788
2025-06-23,16:21:31.259,2.196431875228882,7.398044586181641,1.197274923324585
2025-06-23,16:21:31.259,2.3191373348236084,7.849849224090576,0.9975172877311707
2025-06-23,16:21:31.259,2.5359175205230713,6.053883075714111,1.6279771327972412
2025-06-23,16:21:31.259,2.764968156814575,5.969698429107666,1.7436503171920776
2025-06-23,16:21:31.259,2.7826924324035645,6.031416893005371,1.672448992729187
2025-06-23,16:21:31.259,2.196431875228882,7.306180000305176,1.6686114072799683
2025-06-23,16:21:31.259,2.3191373348236084,7.764942646026611,1.523432731628418
2025-06-23,16:21:31.259,-0.020450947806239128,0.038537949323654175,-0.00021839726832695305
2025-06-23,16:21:31.259,2.764968156814575,6.072113990783691,1.3442658185958862
2025-06-23,16:21:31.259,-0.6380695700645447,6.765476226806641,0.37929219007492065
2025-06-23,16:21:31.259,2.061455488204956,7.959527492523193,0.6244155168533325
2025-06-23,16:21:31.601,-0.040901895612478256,0.07705358415842056,0.001905319862999022
2025-06-23,16:21:31.601,-0.061352841556072235,0.11548541486263275,-0.0054871030151844025
2025-06-23,16:21:31.601,-1.0429983139038086,6.561873435974121,0.6419732570648193
2025-06-23,16:21:31.601,-1.04981529712677,6.634803771972656,0.14066071808338165
2025-06-23,16:21:31.601,2.747244119644165,6.100606441497803,0.9828207492828369
2025-06-23,16:21:31.601,-0.845305860042572,6.65403938293457,-0.860175609588623
2025-06-23,16:21:31.601,2.764968156814575,6.120326995849609,1.1041786670684814
2025-06-23,16:21:31.601,2.9967455863952637,6.058281898498535,1.1113886833190918
2025-06-23,16:21:31.601,2.8004164695739746,6.155125141143799,1.3379634618759155
2025-06-23,16:21:31.601,2.196431875228882,7.377642631530762,1.3171643018722534
2025-06-23,16:21:31.601,2.3191373348236084,7.833750247955322,1.1169297695159912
2025-06-23,16:21:31.601,2.747244119644165,5.990091800689697,1.5172789096832275
2025-06-23,16:21:31.601,2.764968156814575,6.013076305389404,1.5876182317733765
2025-06-23,16:21:31.601,2.9967455863952637,5.977175712585449,1.4870566129684448
2025-06-23,16:21:31.601,2.8004164695739746,6.008723735809326,1.8896955251693726
2025-06-23,16:21:31.601,2.196431875228882,7.297985553741455,1.704094409942627
2025-06-23,16:21:31.601,2.3191373348236084,7.763232231140137,1.5321238040924072
2025-06-23,16:21:31.601,-0.020450947806239128,0.0385381244122982,-0.0001851589186117053
2025-06-23,16:21:31.601,-0.040901895612478256,0.0769268274307251,-0.004811196122318506
2025-06-23,16:21:31.601,-0.8343986868858337,6.621443271636963,0.1357436329126358
2025-06-23,16:21:31.601,-0.845305860042572,6.634763717651367,-0.9980263710021973
2025-06-23,16:21:31.601,2.5359175205230713,6.257375240325928,0.38086867332458496
2025-06-23,16:21:31.601,2.9776580333709717,6.088795185089111,0.618700385093689
2025-06-23,16:21:31.601,-0.6380695700645447,6.775402545928955,-0.09725333005189896
2025-06-23,16:21:31.601,2.7826924324035645,6.219817638397217,0.6992412805557251
2025-06-23,16:21:31.601,2.3191373348236084,7.884119510650635,0.6751577258110046
2025-06-23,16:21:31.967,-0.040901895612478256,0.07706142961978912,0.0015560907777398825
2025-06-23,16:21:31.968,-0.061352841556072235,0.1154545396566391,-0.006102352403104305
2025-06-23,16:21:31.968,-0.020450947806239128,0.03853724151849747,-0.0003199187631253153
2025-06-23,16:21:32.254,-0.040901895612478256,0.07705989480018616,0.0016301210271194577
2025-06-23,16:21:32.255,-0.061352841556072235,0.11546286195516586,-0.005942887160927057
2025-06-23,16:21:32.255,-0.020450947806239128,0.038537416607141495,-0.000297586404485628
2025-06-23,16:21:32.611,-0.040901895612478256,0.07705841958522797,0.0016984563553705812
2025-06-23,16:21:32.611,-0.061352841556072235,0.11547395586967468,-0.005723128095269203
2025-06-23,16:21:32.611,-0.020450947806239128,0.038537461310625076,-0.0002919988473877311
2025-06-23,16:21:32.929,-0.040901895612478256,0.07705658674240112,0.0017796977190300822
2025-06-23,16:21:32.929,-0.061352841556072235,0.11548673361539841,-0.005459352396428585
2025-06-23,16:21:32.929,-0.020450947806239128,0.03853771835565567,-0.00025584959075786173
2025-06-23,16:21:33.252,-0.040901895612478256,0.07705779373645782,0.0017266912618651986
2025-06-23,16:21:33.252,-0.061352841556072235,0.11546177417039871,-0.005964011885225773
2025-06-23,16:21:33.252,-0.020450947806239128,0.038537777960300446,-0.00024693526211194694
2025-06-23,16:21:33.597,-0.040901895612478256,0.07705743610858917,0.0017423913814127445
2025-06-23,16:21:33.597,-0.061352841556072235,0.11547120660543442,-0.005778491031378508
2025-06-23,16:21:33.597,-0.020450947806239128,0.03853772208094597,-0.0002555475803092122
2025-06-23,16:21:33.921,-0.040901895612478256,0.07705986499786377,0.0016315215034410357
2025-06-23,16:21:33.921,-0.061352841556072235,0.11545388400554657,-0.0061148167587816715
2025-06-23,16:21:33.921,-0.020450947806239128,0.038537442684173584,-0.000294477358693257
2025-06-23,16:21:34.262,-0.040901895612478256,0.07706254720687866,0.0014997777761891484
2025-06-23,16:21:34.262,-0.061352841556072235,0.11544544994831085,-0.00627204030752182
2025-06-23,16:21:34.262,-0.020450947806239128,0.03853690251708031,-0.00035837572067976
2025-06-23,16:21:34.596,-0.040901895612478256,0.07706277072429657,0.0014879099326208234
2025-06-23,16:21:34.596,-0.061352841556072235,0.1154438927769661,-0.006300506182014942
2025-06-23,16:21:34.596,-0.020450947806239128,0.03853689134120941,-0.00035944636329077184
2025-06-23,16:21:34.930,-0.040901895612478256,0.0770631805062294,0.0014665317721664906
2025-06-23,16:21:34.930,-0.061352841556072235,0.11544442176818848,-0.006290852092206478
2025-06-23,16:21:34.930,-0.020450947806239128,0.038536712527275085,-0.0003782286075875163
2025-06-23,16:21:35.308,-0.040901895612478256,0.07706067711114883,0.0015927550848573446
2025-06-23,16:21:35.308,-0.061352841556072235,0.11545319855213165,-0.006127622909843922
2025-06-23,16:21:35.308,-0.020450947806239128,0.038537222892045975,-0.00032207462936639786
2025-06-23,16:21:35.587,-0.040901895612478256,0.0770605280995369,0.0015997799346223474
2025-06-23,16:21:35.587,-0.061352841556072235,0.1154564619064331,-0.0060659716837108135
2025-06-23,16:21:35.587,-0.020450947806239128,0.038537297397851944,-0.00031316367676481605
2025-06-23,16:21:35.922,-0.040901895612478256,0.07706023752689362,0.0016138599021360278
2025-06-23,16:21:35.922,-0.061352841556072235,0.11545933037996292,-0.006011100485920906
2025-06-23,16:21:35.922,-0.020450947806239128,0.038537222892045975,-0.00032207462936639786
2025-06-23,16:21:36.291,-0.040901895612478256,0.07705989480018616,0.0016303927404806018
2025-06-23,16:21:36.291,-0.061352841556072235,0.11546541005373001,-0.005893145687878132
2025-06-23,16:21:36.291,-0.020450947806239128,0.038537345826625824,-0.00030691243591718376
2025-06-23,16:21:36.597,-0.040901895612478256,0.07706000655889511,0.0016251106280833483
2025-06-23,16:21:36.597,-0.061352841556072235,0.11546214669942856,-0.005956750363111496
2025-06-23,16:21:36.597,-0.020450947806239128,0.03853738307952881,-0.0003021071897819638
2025-06-23,16:21:36.939,-0.040901895612478256,0.07705994695425034,0.0016276268288493156
2025-06-23,16:21:36.939,-0.061352841556072235,0.11545734107494354,-0.0060492148622870445
2025-06-23,16:21:36.939,-0.020450947806239128,0.03853742405772209,-0.00029693593387492
2025-06-23,16:21:37.257,-0.040901895612478256,0.0770602896809578,0.0016113158781081438
2025-06-23,16:21:37.257,-0.061352841556072235,0.11545675992965698,-0.006060142070055008
2025-06-23,16:21:37.257,-0.020450947806239128,0.03853733837604523,-0.00030802260152995586
2025-06-23,16:21:37.599,-0.040901895612478256,0.0770607590675354,0.001588674494996667
2025-06-23,16:21:37.599,-0.061352841556072235,0.11545217037200928,-0.006147047970443964
2025-06-23,16:21:37.599,-0.020450947806239128,0.038537297397851944,-0.0003127713571302593
2025-06-23,16:21:37.924,-0.040901895612478256,0.07706070691347122,0.001591512467712164
2025-06-23,16:21:37.924,-0.061352841556072235,0.11544915288686752,-0.0062034279108047485
2025-06-23,16:21:37.924,-0.020450947806239128,0.03853735700249672,-0.0003054602420888841
2025-06-23,16:21:38.294,-0.040901895612478256,0.0770614892244339,0.001552892499603331
2025-06-23,16:21:38.294,-0.061352841556072235,0.11543993651866913,-0.006372588220983744
2025-06-23,16:21:38.294,-0.020450947806239128,0.038537196815013885,-0.00032508361618965864
2025-06-23,16:21:38.587,-0.040901895612478256,0.0770614743232727,0.0015537275467067957
2025-06-23,16:21:38.587,-0.061352841556072235,0.11543889343738556,-0.006391587667167187
2025-06-23,16:21:38.587,-0.020450947806239128,0.03853726014494896,-0.00031726862653158605
2025-06-23,16:21:38.942,-0.040901895612478256,0.07706168293952942,0.0015434370143339038
2025-06-23,16:21:38.942,-0.061352841556072235,0.11543863266706467,-0.00639627268537879
2025-06-23,16:21:38.942,-0.020450947806239128,0.03853717818856239,-0.00032723089680075645
2025-06-23,16:21:39.258,-0.040901895612478256,0.07706163078546524,0.001546021900139749
2025-06-23,16:21:39.258,-0.061352841556072235,0.11543899029493332,-0.006389802787452936
2025-06-23,16:21:39.258,-0.020450947806239128,0.03853724151849747,-0.00031991698779165745
2025-06-23,16:21:39.594,-0.040901895612478256,0.07706162333488464,0.001546362997032702
2025-06-23,16:21:39.594,-0.061352841556072235,0.11543852835893631,-0.006398085970431566
2025-06-23,16:21:39.594,-0.020450947806239128,0.03853718191385269,-0.0003268798755016178
2025-06-23,16:21:39.933,-0.040901895612478256,0.07706160843372345,0.0015469976933673024
2025-06-23,16:21:39.933,-0.061352841556072235,0.11543850600719452,-0.006398605182766914
2025-06-23,16:21:39.933,-0.020450947806239128,0.03853711485862732,-0.0003346885205246508
2025-06-23,16:21:40.253,-0.040901895612478256,0.07706200331449509,0.0015272763557732105
2025-06-23,16:21:40.253,-0.061352841556072235,0.11543970555067062,-0.006376784760504961
2025-06-23,16:21:40.253,-0.020450947806239128,0.03853702172636986,-0.00034502247581258416
2025-06-23,16:21:40.602,-0.040901895612478256,0.07706188410520554,0.0015333149349316955
2025-06-23,16:21:40.602,-0.061352841556072235,0.11544110625982285,-0.00635138526558876
2025-06-23,16:21:40.602,-0.020450947806239128,0.03853696957230568,-0.00035089661832898855
2025-06-23,16:21:40.938,-0.040901895612478256,0.07706166058778763,0.0015445633325725794
2025-06-23,16:21:40.938,-0.061352841556072235,0.11544094234704971,-0.006354403216391802
2025-06-23,16:21:40.938,-0.020450947806239128,0.03853705897927284,-0.00034093434805981815
2025-06-23,16:21:41.303,-0.040901895612478256,0.077061727643013,0.0015409605111926794
2025-06-23,16:21:41.303,-0.061352841556072235,0.11544208228588104,-0.006333712488412857
2025-06-23,16:21:41.303,-0.020450947806239128,0.0385371632874012,-0.0003288016014266759
2025-06-23,16:21:41.613,-0.040901895612478256,0.07706163823604584,0.0015454438980668783
2025-06-23,16:21:41.614,-0.061352841556072235,0.11544129997491837,-0.006347850896418095
2025-06-23,16:21:41.614,-0.020450947806239128,0.038537271320819855,-0.00031619102810509503
2025-06-23,16:21:41.935,-0.040901895612478256,0.07706170529127121,0.001542281243018806
2025-06-23,16:21:41.935,-0.061352841556072235,0.1154421865940094,-0.006331752520054579
2025-06-23,16:21:41.935,-0.020450947806239128,0.03853718936443329,-0.00032579913386143744
2025-06-23,16:21:42.265,-0.040901895612478256,0.07706156373023987,0.0015493480022996664
2025-06-23,16:21:42.266,-0.061352841556072235,0.11544371396303177,-0.006303926929831505
2025-06-23,16:21:42.266,-0.020450947806239128,0.038537271320819855,-0.00031621960806660354
2025-06-23,16:21:42.624,-0.040901895612478256,0.07706162333488464,0.001546336687169969
2025-06-23,16:21:42.624,-0.061352841556072235,0.1154424250125885,-0.006327473558485508
2025-06-23,16:21:42.624,-0.020450947806239128,0.038537148386240005,-0.00033060205169022083
2025-06-23,16:21:42.930,-0.040901895612478256,0.07706166058778763,0.0015445246826857328
2025-06-23,16:21:42.930,-0.061352841556072235,0.11544335633516312,-0.006310350261628628
2025-06-23,16:21:42.930,-0.020450947806239128,0.03853710740804672,-0.0003357685636729002
2025-06-23,16:21:43.267,-0.040901895612478256,0.07706165313720703,0.001544668455608189
2025-06-23,16:21:43.267,-0.061352841556072235,0.11544396728277206,-0.006299191620200872
2025-06-23,16:21:43.267,-0.020450947806239128,0.03853710740804672,-0.0003357685636729002
2025-06-23,16:21:43.595,-0.040901895612478256,0.07706136256456375,0.0015593020943924785
2025-06-23,16:21:43.595,-0.061352841556072235,0.11544356495141983,-0.006306564901024103
2025-06-23,16:21:43.595,-0.020450947806239128,0.03853723034262657,-0.0003209954302292317
2025-06-23,16:21:43.933,-0.040901895612478256,0.07706140726804733,0.0015570538816973567
2025-06-23,16:21:43.933,-0.061352841556072235,0.11544490605592728,-0.006281931884586811
2025-06-23,16:21:43.933,-0.020450947806239128,0.03853728994727135,-0.000314023724058643
2025-06-23,16:21:44.312,-0.040901895612478256,0.07706096768379211,0.0015786305302754045
2025-06-23,16:21:44.312,-0.061352841556072235,0.11545328795909882,-0.006126004736870527
2025-06-23,16:21:44.312,2.568639039993286,6.295164108276367,0.8315364718437195
2025-06-23,16:21:44.312,-0.020450947806239128,0.03853732347488403,-0.0003099261084571481
2025-06-23,16:21:44.312,2.7826924324035645,6.252599716186523,0.2829660475254059
2025-06-23,16:21:44.589,-0.040901895612478256,0.07706062495708466,0.0015952987596392632
2025-06-23,16:21:44.589,-0.061352841556072235,0.11545430123806,-0.0061069754883646965
2025-06-23,16:21:44.589,2.764968156814575,6.19711971282959,0.5228038430213928
2025-06-23,16:21:44.589,2.7826924324035645,6.197826862335205,0.8729327917098999
2025-06-23,16:21:44.589,-0.020450947806239128,0.03853735327720642,-0.00030622159829363227
2025-06-23,16:21:44.589,2.7826924324035645,6.239858627319336,0.4891175925731659
2025-06-23,16:21:44.928,-0.040901895612478256,0.07706089317798615,0.0015823397552594543
2025-06-23,16:21:44.928,-0.061352841556072235,0.11545253545045853,-0.006140193436294794
2025-06-23,16:21:44.928,2.764968156814575,6.19515323638916,0.5456139445304871
2025-06-23,16:21:44.928,2.7826924324035645,6.206632137298584,0.8079541325569153
2025-06-23,16:21:44.928,2.601360559463501,6.404266834259033,0.582859218120575
2025-06-23,16:21:44.928,2.6177213191986084,6.464357376098633,0.2970813512802124
2025-06-23,16:21:44.928,-0.020450947806239128,0.03853728994727135,-0.00031364892493002117
2025-06-23,16:21:44.928,2.9967455863952637,6.1582794189453125,0.11644364893436432
2025-06-23,16:21:45.256,-0.040901895612478256,0.07706096768379211,0.0015786305302754045
2025-06-23,16:21:45.256,-0.061352841556072235,0.11545310169458389,-0.006129563320428133
2025-06-23,16:21:45.256,2.5522782802581787,6.264127731323242,0.754483699798584
2025-06-23,16:21:45.256,2.568639039993286,6.304147720336914,0.7604354023933411
2025-06-23,16:21:45.256,2.818140745162964,6.3060712814331055,0.6426411271095276
2025-06-23,16:21:45.256,2.835864782333374,6.34613561630249,0.6427088379859924
2025-06-23,16:21:45.256,-0.020450947806239128,0.03853735327720642,-0.0003061785828322172
2025-06-23,16:21:45.256,2.764968156814575,6.206358432769775,0.3984129726886749
2025-06-23,16:21:45.256,2.7826924324035645,6.253954887390137,0.2512330412864685
2025-06-23,16:21:45.256,2.818140745162964,6.330881118774414,0.315381795167923
2025-06-23,16:21:45.591,-0.040901895612478256,0.07706063985824585,0.0015945368213579059
2025-06-23,16:21:45.591,-0.061352841556072235,0.11545427143573761,-0.006107490509748459
2025-06-23,16:21:45.591,2.764968156814575,6.2095112800598145,0.345808744430542
2025-06-23,16:21:45.591,2.7826924324035645,6.226247787475586,0.6394622921943665
2025-06-23,16:21:45.591,2.8004164695739746,6.226770877838135,0.9502806663513184
2025-06-23,16:21:45.591,2.818140745162964,6.2656450271606445,0.9597974419593811
2025-06-23,16:21:45.591,2.6177213191986084,6.426641464233398,0.7579277157783508
2025-06-23,16:21:45.591,-0.020450947806239128,0.038537394255399704,-0.0003010279906447977
2025-06-23,16:21:45.591,2.764968156814575,6.21678352355957,0.17094115912914276
2025-06-23,16:21:45.591,2.7826924324035645,6.2436137199401855,0.43858879804611206
2025-06-23,16:21:45.591,2.818140745162964,6.323280334472656,0.44232237339019775
2025-06-23,16:21:45.928,-0.040901895612478256,0.07706069201231003,0.0015919406432658434
2025-06-23,16:21:45.928,-0.061352841556072235,0.1154550164937973,-0.006093371659517288
2025-06-23,16:21:45.928,2.764968156814575,6.183745861053467,0.6624987721443176
2025-06-23,16:21:45.928,2.7826924324035645,6.198589324951172,0.8675032258033752
2025-06-23,16:21:45.928,2.8004164695739746,6.245944499969482,0.8147933483123779
2025-06-23,16:21:45.928,2.818140745162964,6.327387809753418,0.3790501058101654
2025-06-23,16:21:45.928,2.835864782333374,6.37081241607666,0.3150556683540344
2025-06-23,16:21:45.928,-0.020450947806239128,0.03853742033243179,-0.000297301186947152
2025-06-23,16:21:45.928,2.5522782802581787,6.291787147521973,0.47112008929252625
2025-06-23,16:21:45.928,2.7826924324035645,6.232433795928955,0.5760566592216492
2025-06-23,16:21:45.928,3.0158331394195557,6.1907477378845215,0.3121403753757477
2025-06-23,16:21:45.928,3.0349206924438477,6.234291076660156,-0.21050719916820526
2025-06-23,16:21:46.268,-0.040901895612478256,0.07706107199192047,0.0015732942847535014
2025-06-23,16:21:46.268,-0.061352841556072235,0.11545222252607346,-0.006146123632788658
2025-06-23,16:21:46.268,2.764968156814575,6.204080581665039,0.4324365258216858
2025-06-23,16:21:46.268,2.7826924324035645,6.252654552459717,0.28175002336502075
2025-06-23,16:21:46.268,2.8004164695739746,6.275434494018555,0.5427964925765991
2025-06-23,16:21:46.268,2.818140745162964,6.329320430755615,0.34528303146362305
2025-06-23,16:21:46.268,-0.020450947806239128,0.03853730484843254,-0.00031208372092805803
2025-06-23,16:21:46.268,2.818140745162964,6.338178634643555,0.08374246954917908
2025-06-23,16:21:46.597,-0.040901895612478256,0.07706113159656525,0.001570698688738048
2025-06-23,16:21:46.597,2.4641303198971457e-35,6.457253388531973e-40,-2.047241687774658
2025-06-23,16:21:46.597,-4.1551170216524675e+34,7.629397259734105e-06,1.2110568395615542e-36
2025-06-23,16:21:46.597,0.0,2.350988701644575e-38,4.656612873077393e-10
2025-06-23,16:21:46.597,-3.281306111291857e-16,1.4327015425905428e+25,5.402816931783014e-39
2025-06-23,16:21:46.597,0.0014456302160397172,-8.553401943777608e+17,1.724377354104461e-38
2025-06-23,16:21:46.597,1.8245535843790683e+27,2.3973376187813816e+32,-0.005664265714585781
2025-06-23,16:21:46.597,9.860761315262648e-32,0.001953125,1.8138704463264857e-15
2025-06-23,16:21:46.597,9.593940610293916e-38,0.0,1.6615353908719574e+35
2025-06-23,16:21:46.598,1.6970310033627745e-36,-1.634178799615565e+20,-9195020.0
2025-06-23,16:21:47.013,-0.040901895612478256,0.07705995440483093,0.0016272255452349782
2025-06-23,16:21:47.013,-0.061352841556072235,0.11546163260936737,-0.0059666140004992485
2025-06-23,16:21:47.013,-0.020450947806239128,0.038537461310625076,-0.00029216648545116186
2025-06-23,16:21:47.262,-0.040901895612478256,0.07706008106470108,0.0016211264301091433
2025-06-23,16:21:47.262,-0.061352841556072235,0.11545967310667038,-0.006004467606544495
2025-06-23,16:21:47.262,-0.020450947806239128,0.03853747621178627,-0.0002900088729802519
2025-06-23,16:21:47.604,-0.040901895612478256,0.07706013321876526,0.0016189743764698505
2025-06-23,16:21:47.604,-0.061352841556072235,0.11545933783054352,-0.006010863464325666
2025-06-23,16:21:47.604,-0.020450947806239128,0.03853747621178627,-0.00028997304616495967
2025-06-23,16:21:47.942,-0.040901895612478256,0.07706008851528168,0.0016210407484322786
2025-06-23,16:21:47.942,-0.061352841556072235,0.11545982211828232,-0.006001591682434082
2025-06-23,16:21:47.942,-0.020450947806239128,0.0385374091565609,-0.00029856720357201993
2025-06-23,16:21:48.266,-0.040901895612478256,0.07705995440483093,0.0016272255452349782
2025-06-23,16:21:48.266,-0.061352841556072235,0.11546030640602112,-0.005992250517010689
2025-06-23,16:21:48.266,-0.020450947806239128,0.03853756934404373,-0.000277348211966455
2025-06-23,16:21:48.606,-0.040901895612478256,0.07705990225076675,0.0016298817936331034
2025-06-23,16:21:48.606,-0.061352841556072235,0.1154608353972435,-0.0059820376336574554
2025-06-23,16:21:48.606,-0.020450947806239128,0.03853750601410866,-0.00028583567473106086
2025-06-23,16:21:48.944,-0.040901895612478256,0.07706023007631302,0.0016141253290697932
2025-06-23,16:21:48.944,-0.061352841556072235,0.11546240001916885,-0.0059518031775951385
2025-06-23,16:21:48.944,-0.020450947806239128,0.03853746876120567,-0.00029105148860253394
2025-06-23,16:21:49.277,-0.040901895612478256,0.07706065475940704,0.0015939928125590086
2025-06-23,16:21:49.277,-0.061352841556072235,0.11546116322278976,-0.005975647829473019
2025-06-23,16:21:49.277,-0.020450947806239128,0.03853739798069,-0.0003003411693498492
2025-06-23,16:21:49.691,-0.040901895612478256,0.07706018537282944,0.001616295543499291
2025-06-23,16:21:49.691,-0.061352841556072235,0.11545594781637192,-0.006075706798583269
2025-06-23,16:21:49.691,-0.020450947806239128,0.03853730857372284,-0.00031138298800215125
2025-06-23,16:21:49.942,-0.040901895612478256,0.07705987244844437,0.0016311797080561519
2025-06-23,16:21:49.942,-0.061352841556072235,0.1154569685459137,-0.006056186277419329
2025-06-23,16:21:49.942,2.830411195755005,6.988210678100586,0.3498762249946594
2025-06-23,16:21:49.942,-0.020450947806239128,0.038537491112947464,-0.000288083974737674
2025-06-23,16:21:49.942,2.830411195755005,6.996948719024658,-0.014502003788948059
2025-06-23,16:21:50.264,-0.040901895612478256,0.07705941051244736,0.0016527302796021104
2025-06-23,16:21:50.264,-0.061352841556072235,0.11545784026384354,-0.006039612926542759
2025-06-23,16:21:50.264,2.372309923171997,7.199502468109131,-0.41054391860961914
2025-06-23,16:21:50.264,-0.020450947806239128,0.038537535816431046,-0.0002822401002049446
2025-06-23,16:21:50.609,-0.040901895612478256,0.0770600438117981,0.0016229677712544799
2025-06-23,16:21:50.609,-0.061352841556072235,0.11545492708683014,-0.006095153279602528
2025-06-23,16:21:50.609,1.690611720085144,6.527429580688477,0.5149588584899902
2025-06-23,16:21:50.609,-0.020450947806239128,0.038537491112947464,-0.0002880409883800894
2025-06-23,16:21:50.936,-0.040901895612478256,0.07705976814031601,0.0016359786968678236
2025-06-23,16:21:50.936,-0.061352841556072235,0.11545615643262863,-0.006071680225431919
2025-06-23,16:21:50.936,1.9019381999969482,6.488419055938721,0.11721190065145493
2025-06-23,16:21:50.936,-0.020450947806239128,0.038537491112947464,-0.0002881268737837672
2025-06-23,16:21:51.280,-0.040901895612478256,0.07705970108509064,0.0016392865218222141
2025-06-23,16:21:51.280,-0.061352841556072235,0.11545715481042862,-0.006052676122635603
2025-06-23,16:21:51.280,1.690611720085144,6.543950080871582,0.2218886911869049
2025-06-23,16:21:51.280,-0.020450947806239128,0.038537368178367615,-0.0003039431758224964
2025-06-23,16:21:51.610,-0.040901895612478256,0.07705968618392944,0.001640057540498674
2025-06-23,16:21:51.610,-0.061352841556072235,0.11545830219984055,-0.006030763033777475
2025-06-23,16:21:51.610,1.690611720085144,6.546620845794678,0.11946351826190948
2025-06-23,16:21:51.610,1.7015188932418823,6.588087558746338,-0.15683378279209137
2025-06-23,16:21:51.610,1.7124260663986206,6.5961833000183105,-0.6902250051498413
2025-06-23,16:21:51.610,1.7233332395553589,6.672938823699951,-0.14158329367637634
2025-06-23,16:21:51.610,-0.020450947806239128,0.038537416607141495,-0.00029773826827295125
2025-06-23,16:21:51.935,-0.040901895612478256,0.07705987244844437,0.0016310809878632426
2025-06-23,16:21:51.935,-0.061352841556072235,0.11545832455158234,-0.006030275486409664
2025-06-23,16:21:51.935,1.7233332395553589,6.671264171600342,-0.2059078961610794
2025-06-23,16:21:51.935,-0.020450947806239128,0.03853738680481911,-0.0003017762501258403
2025-06-23,16:21:52.272,-0.040901895612478256,0.07705986499786377,0.0016316609689965844
2025-06-23,16:21:52.272,-0.061352841556072235,0.1154576763510704,-0.006042802706360817
2025-06-23,16:21:52.272,-0.020450947806239128,0.03853733837604523,-0.0003077004221267998
2025-06-23,16:21:52.636,-0.040901895612478256,0.07706047594547272,0.0016023492207750678
2025-06-23,16:21:52.636,-0.061352841556072235,0.11545256525278091,-0.006139680277556181
2025-06-23,16:21:52.636,-0.020450947806239128,0.03853738680481911,-0.0003017762501258403
2025-06-23,16:21:52.933,-0.040901895612478256,0.07706054300069809,0.0015992311527952552
2025-06-23,16:21:52.933,-0.061352841556072235,0.11545183509588242,-0.006153352092951536
2025-06-23,16:21:52.933,-0.020450947806239128,0.038537297397851944,-0.0003128286625724286
2025-06-23,16:21:53.276,-0.040901895612478256,0.07706066966056824,0.0015930266818031669
2025-06-23,16:21:53.276,-0.061352841556072235,0.11545000970363617,-0.006187477149069309
2025-06-23,16:21:53.276,-0.020450947806239128,0.03853722661733627,-0.0003217364428564906
2025-06-23,16:21:53.598,-0.040901895612478256,0.07706056535243988,0.0015983243938535452
2025-06-23,16:21:53.598,-0.061352841556072235,0.11545175313949585,-0.006154852919280529
2025-06-23,16:21:53.598,-0.020450947806239128,0.03853713348507881,-0.0003324079734738916
2025-06-23,16:21:53.932,-0.040901895612478256,0.07706066220998764,0.0015935658011585474
2025-06-23,16:21:53.932,-0.061352841556072235,0.11545045673847198,-0.006179170683026314
2025-06-23,16:21:53.932,-0.020450947806239128,0.038537319749593735,-0.00031029750243760645
2025-06-23,16:21:54.270,-0.040901895612478256,0.0770605131983757,0.0016004452481865883
2025-06-23,16:21:54.270,-0.061352841556072235,0.1154526099562645,-0.006138825789093971
2025-06-23,16:21:54.270,-0.020450947806239128,0.03853735700249672,-0.0003054602420888841
2025-06-23,16:21:54.614,-0.040901895612478256,0.07706046104431152,0.0016031964914873242
2025-06-23,16:21:54.614,-0.061352841556072235,0.11545229703187943,-0.006144649814814329
2025-06-23,16:21:54.614,-0.020450947806239128,0.038537248969078064,-0.00031874803244136274
2025-06-23,16:21:54.950,-0.040901895612478256,0.07706058770418167,0.0015972196124494076
2025-06-23,16:21:54.950,-0.061352841556072235,0.11545131355524063,-0.006163138896226883
2025-06-23,16:21:54.950,-0.020450947806239128,0.0385374054312706,-0.0002991712826769799
2025-06-23,16:21:55.271,-0.040901895612478256,0.07706069201231003,0.0015922065358608961
2025-06-23,16:21:55.271,-0.061352841556072235,0.11545086652040482,-0.0061714379116892815
2025-06-23,16:21:55.271,-0.020450947806239128,0.03853730484843254,-0.0003117741725873202
2025-06-23,16:21:55.651,-0.040901895612478256,0.07706039398908615,0.0016063362127169967
2025-06-23,16:21:55.651,-0.061352841556072235,0.11545787751674652,-0.006038969848304987
2025-06-23,16:21:55.651,-0.020450947806239128,0.038537319749593735,-0.0003102616756223142
2025-06-23,16:21:55.946,-0.040901895612478256,0.07706031948328018,0.0016100247157737613
2025-06-23,16:21:55.946,-0.061352841556072235,0.11545774340629578,-0.006041404791176319
2025-06-23,16:21:55.946,-0.020450947806239128,0.038537368178367615,-0.00030399957904592156
2025-06-23,16:21:56.273,-0.040901895612478256,0.07706034183502197,0.001608784543350339
2025-06-23,16:21:56.273,-0.061352841556072235,0.115458182990551,-0.006033073645085096
2025-06-23,16:21:56.273,-0.020450947806239128,0.038537438958883286,-0.0002951095229946077
2025-06-23,16:21:56.601,-0.040901895612478256,0.07706059515476227,0.0015967326471582055
2025-06-23,16:21:56.602,-0.061352841556072235,0.11545718461275101,-0.006052092183381319
2025-06-23,16:21:56.602,-0.020450947806239128,0.03853735327720642,-0.000306129950331524
2025-06-23,16:21:56.931,-0.040901895612478256,0.07706046849489212,0.001602730480954051
2025-06-23,16:21:56.931,-0.061352841556072235,0.11545728892087936,-0.006050192750990391
2025-06-23,16:21:56.931,-0.020450947806239128,0.03853742778301239,-0.0002962467260658741
2025-06-23,16:21:57.274,-0.040901895612478256,0.07706041634082794,0.0016051374841481447
2025-06-23,16:21:57.274,-0.061352841556072235,0.11545774340629578,-0.006041404791176319
2025-06-23,16:21:57.274,-0.020450947806239128,0.03853736072778702,-0.00030512886587530375
2025-06-23,16:21:57.606,-0.040901895612478256,0.07706046849489212,0.001602730480954051
2025-06-23,16:21:57.606,-0.061352841556072235,0.11545616388320923,-0.006071585230529308
2025-06-23,16:21:57.606,-0.020450947806239128,0.038537438958883286,-0.0002951596397906542
2025-06-23,16:21:57.938,-0.040901895612478256,0.0770602896809578,0.0016114157624542713
2025-06-23,16:21:57.938,-0.061352841556072235,0.11545687913894653,-0.006057945545762777
2025-06-23,16:21:57.938,-0.020450947806239128,0.03853746876120567,-0.00029107904992997646
2025-06-23,16:21:58.268,-0.040901895612478256,0.07706039398908615,0.0016064891824498773
2025-06-23,16:21:58.269,-0.061352841556072235,0.1154569536447525,-0.006056544370949268
2025-06-23,16:21:58.269,-0.020450947806239128,0.03853735327720642,-0.00030579883605241776
2025-06-23,16:21:58.679,-0.040901895612478256,0.07706001400947571,0.0016244967700913548
2025-06-23,16:21:58.680,-0.061352841556072235,0.1154567301273346,-0.006060774438083172
2025-06-23,16:21:58.680,-0.020450947806239128,0.038537539541721344,-0.00028141800430603325
2025-06-23,16:21:58.953,-0.040901895612478256,0.07705982774496078,0.0016332493396475911
2025-06-23,16:21:58.953,-0.061352841556072235,0.11545678973197937,-0.006059698760509491
2025-06-23,16:21:58.953,-0.020450947806239128,0.03853755071759224,-0.00027995690470561385
2025-06-23,16:21:59.270,-0.040901895612478256,0.0770597979426384,0.0016347088385373354
2025-06-23,16:21:59.270,-0.061352841556072235,0.11545760184526443,-0.006044098176062107
2025-06-23,16:21:59.270,-0.020450947806239128,0.038537584245204926,-0.000275092403171584
2025-06-23,16:21:59.618,-0.040901895612478256,0.07705996185541153,0.0016270960913971066
2025-06-23,16:21:59.618,-0.061352841556072235,0.11545673757791519,-0.006060713902115822
2025-06-23,16:21:59.618,-0.020450947806239128,0.0385374017059803,-0.00029990944312885404
2025-06-23,16:21:59.948,-0.040901895612478256,0.0770600363612175,0.001623454038053751
2025-06-23,16:21:59.948,-0.061352841556072235,0.1154569610953331,-0.006056349724531174
2025-06-23,16:21:59.948,-0.020450947806239128,0.038537438958883286,-0.0002951095229946077
2025-06-23,16:22:00.278,-0.040901895612478256,0.0770600214600563,0.0016243576537817717
2025-06-23,16:22:00.278,-0.061352841556072235,0.11545593291521072,-0.006075919605791569
2025-06-23,16:22:00.278,-0.020450947806239128,0.038537513464689255,-0.0002851331955753267
2025-06-23,16:22:00.621,-0.040901895612478256,0.07706006616353989,0.0016219491371884942
2025-06-23,16:22:00.621,-0.061352841556072235,0.11545591056346893,-0.0060764336958527565
2025-06-23,16:22:00.621,-0.020450947806239128,0.038537539541721344,-0.00028141800430603325
2025-06-23,16:22:00.957,-0.040901895612478256,0.07706016302108765,0.0016174883348867297
2025-06-23,16:22:00.957,-0.061352841556072235,0.11545635014772415,-0.006068100221455097
2025-06-23,16:22:00.957,-0.020450947806239128,0.038537364453077316,-0.0003046584315598011
2025-06-23,16:22:01.278,-0.040901895612478256,0.07705998420715332,0.0016260541742667556
2025-06-23,16:22:01.278,-0.061352841556072235,0.11545693874359131,-0.0060568624176084995
2025-06-23,16:22:01.278,-0.020450947806239128,0.03853750601410866,-0.0002861628890968859
2025-06-23,16:22:01.611,-0.040901895612478256,0.07706072926521301,0.0015903416788205504
2025-06-23,16:22:01.611,-0.061352841556072235,0.11544962972402573,-0.006194508634507656
2025-06-23,16:22:01.611,-0.020450947806239128,0.038537345826625824,-0.0003069410740863532
2025-06-23,16:22:01.611,3.5693719387054443,6.981418609619141,2.254230499267578
2025-06-23,16:22:01.945,-0.040901895612478256,0.0770617201924324,0.0015415422385558486
2025-06-23,16:22:01.945,-0.061352841556072235,0.11545650660991669,-0.00606500543653965
2025-06-23,16:22:01.945,1.398844838142395,6.796668529510498,-2.7400147914886475
2025-06-23,16:22:01.945,1.398844838142395,7.071254730224609,-1.923470139503479
2025-06-23,16:22:01.945,3.5693719387054443,6.853569507598877,2.617316722869873
2025-06-23,16:22:01.945,-0.020450947806239128,0.03853698819875717,-0.00034874046104960144
2025-06-23,16:22:01.945,3.5502843856811523,7.161796569824219,1.398688793182373
2025-06-23,16:22:01.945,3.5693719387054443,7.08771276473999,1.8936975002288818
2025-06-23,16:22:02.274,-0.040901895612478256,0.07706160843372345,0.001546906540170312
2025-06-23,16:22:02.274,-0.061352841556072235,0.11545614153146744,-0.006072000600397587
2025-06-23,16:22:02.274,3.5693719387054443,6.750675678253174,2.8723058700561523
2025-06-23,16:22:02.274,-0.020450947806239128,0.03853713348507881,-0.0003325378929730505
2025-06-23,16:22:02.609,-0.040901895612478256,0.0770612582564354,0.001564241130836308
2025-06-23,16:22:02.609,-0.061352841556072235,0.11545757204294205,-0.006044822745025158
2025-06-23,16:22:02.609,1.398844838142395,6.8729681968688965,2.542574882507324
2025-06-23,16:22:02.609,1.398844838142395,6.669682025909424,3.036069631576538
2025-06-23,16:22:02.609,-0.020450947806239128,0.03853717818856239,-0.0003273594775237143
2025-06-23,16:22:02.938,-0.040901895612478256,0.07706090062856674,0.0015820985427126288
2025-06-23,16:22:02.938,-0.061352841556072235,0.11546265333890915,-0.005946938879787922
2025-06-23,16:22:02.938,0.42810651659965515,6.835857391357422,0.07892286777496338
2025-06-23,16:22:02.938,-0.020450947806239128,0.03853718563914299,-0.0003262801328673959
2025-06-23,16:22:03.275,-0.040901895612478256,0.07706096023321152,0.0015791435725986958
2025-06-23,16:22:03.275,-0.061352841556072235,0.1154593899846077,-0.006009859032928944
2025-06-23,16:22:03.276,-0.020450947806239128,0.038537219166755676,-0.00032218752312473953
2025-06-23,16:22:03.613,-0.040901895612478256,0.07706135511398315,0.001559563330374658
2025-06-23,16:22:03.613,-0.061352841556072235,0.11545776575803757,-0.006041024811565876
2025-06-23,16:22:03.613,0.41992613673210144,6.691798686981201,0.43128618597984314
2025-06-23,16:22:03.613,0.4253797233104706,6.753373146057129,0.7305251955986023
2025-06-23,16:22:03.613,0.42810651659965515,6.727994918823242,1.2121304273605347
2025-06-23,16:22:03.613,3.5502843856811523,6.975852966308594,2.141293525695801
2025-06-23,16:22:03.613,-0.020450947806239128,0.0385371670126915,-0.0003284538979642093
2025-06-23,16:22:03.948,-0.040901895612478256,0.07706195116043091,0.0015296709025278687
2025-06-23,16:22:03.948,-0.061352841556072235,0.11545397341251373,-0.00611303374171257
2025-06-23,16:22:03.948,0.20996306836605072,6.6714348793029785,0.7683714628219604
2025-06-23,16:22:03.948,0.422652930021286,6.716009616851807,0.6687804460525513
2025-06-23,16:22:03.948,0.4253797233104706,6.775455951690674,0.484681099653244
2025-06-23,16:22:03.948,0.42810651659965515,6.818285942077637,0.4961346387863159
2025-06-23,16:22:03.948,-0.020450947806239128,0.03853696584701538,-0.0003513990086503327
2025-06-23,16:22:04.276,-0.040901895612478256,0.07706204801797867,0.0015251615550369024
2025-06-23,16:22:04.276,-0.061352841556072235,0.11545126885175705,-0.006164015270769596
2025-06-23,16:22:04.276,0.20996306836605072,6.70773983001709,0.3235103189945221
2025-06-23,16:22:04.276,0.211326465010643,6.7422943115234375,0.47696453332901
2025-06-23,16:22:04.276,0.4253797233104706,6.764132976531982,0.623073935508728
2025-06-23,16:22:04.276,0.6421597599983215,6.809824466705322,0.36383360624313354
2025-06-23,16:22:04.276,3.5693719387054443,6.951275825500488,2.345534086227417
2025-06-23,16:22:04.276,3.3144168853759766,6.83922004699707,2.9667983055114746
2025-06-23,16:22:04.276,-0.020450947806239128,0.03853685408830643,-0.0003635033208411187
2025-06-23,16:22:04.276,3.5693719387054443,7.106896877288818,1.8203781843185425
2025-06-23,16:22:04.644,-0.040901895612478256,0.07706067711114883,0.001592898741364479
2025-06-23,16:22:04.645,-0.061352841556072235,0.11545276641845703,-0.006135741248726845
2025-06-23,16:22:04.645,0.0,6.692909240722656,0.589479386806488
2025-06-23,16:22:04.645,-0.211326465010643,6.728209972381592,0.6459237337112427
2025-06-23,16:22:04.645,3.2966926097869873,7.315091609954834,1.2138488292694092
2025-06-23,16:22:04.645,3.3144168853759766,7.339520454406738,1.3070045709609985
2025-06-23,16:22:04.645,3.2966926097869873,7.227035999298096,1.6595028638839722
2025-06-23,16:22:04.645,3.3144168853759766,7.272190093994141,1.6407527923583984
2025-06-23,16:22:04.645,-0.020450947806239128,0.038537342101335526,-0.00030730379512533545
2025-06-23,16:22:04.645,3.2966926097869873,7.375782489776611,0.7627761363983154
2025-06-23,16:22:04.645,3.3144168853759766,7.408445358276367,0.83172208070755
2025-06-23,16:22:04.948,-0.040901895612478256,0.07706057280302048,0.0015977701405063272
2025-06-23,16:22:04.948,-0.061352841556072235,0.11545220762491226,-0.006146307568997145
2025-06-23,16:22:04.948,0.0,6.705542087554932,0.4221632182598114
2025-06-23,16:22:04.948,3.3144168853759766,7.22826623916626,1.824552297592163
2025-06-23,16:22:04.948,1.1657040119171143,6.96036434173584,-2.419424057006836
2025-06-23,16:22:04.948,-0.020450947806239128,0.03853733092546463,-0.0003087549121119082
2025-06-23,16:22:05.298,-0.040901895612478256,0.07706036418676376,0.001607743906788528
2025-06-23,16:22:05.298,-0.061352841556072235,0.11545219272375107,-0.006146592553704977
2025-06-23,16:22:05.298,0.0,6.703606128692627,0.45186498761177063
2025-06-23,16:22:05.298,3.3594090938568115,6.730918884277344,1.5397284030914307
2025-06-23,16:22:05.298,3.3784966468811035,6.682857036590576,1.886467456817627
2025-06-23,16:22:05.298,3.1371755599975586,6.579296588897705,2.5504050254821777
2025-06-23,16:22:05.298,-0.020450947806239128,0.0385374017059803,-0.000299959589028731
2025-06-23,16:22:05.626,-0.040901895612478256,0.077059805393219,0.0016343394527211785
2025-06-23,16:22:05.626,-0.061352841556072235,0.11545571684837341,-0.006080033723264933
2025-06-23,16:22:05.626,3.2966926097869873,7.292142391204834,1.3448638916015625
2025-06-23,16:22:05.626,3.3144168853759766,7.288407802581787,1.5671402215957642
2025-06-23,16:22:05.626,3.2966926097869873,7.192768096923828,1.8022429943084717
2025-06-23,16:22:05.626,3.0594615936279297,7.287588119506836,2.0231003761291504
2025-06-23,16:22:05.626,-0.020450947806239128,0.03853742033243179,-0.00029733453993685544
2025-06-23,16:22:05.626,3.2966926097869873,7.373570919036865,0.7838692665100098
2025-06-23,16:22:05.626,3.3144168853759766,7.381440162658691,1.044586181640625
2025-06-23,16:22:05.949,-0.040901895612478256,0.0770595371723175,0.0016470298869535327
2025-06-23,16:22:05.949,-0.061352841556072235,0.11546012759208679,-0.005995776038616896
2025-06-23,16:22:05.949,3.2966926097869873,7.181677341461182,1.8459430932998657
2025-06-23,16:22:05.949,3.3144168853759766,7.169547080993652,2.043137550354004
2025-06-23,16:22:05.949,3.2966926097869873,7.040424346923828,2.3273215293884277
2025-06-23,16:22:05.950,3.3144168853759766,7.0015058517456055,2.560417413711548
2025-06-23,16:22:05.950,-0.020450947806239128,0.03853747248649597,-0.00029040902154520154
2025-06-23,16:22:05.950,3.5502843856811523,7.190313816070557,1.2438055276870728
2025-06-23,16:22:05.950,3.5693719387054443,7.167662143707275,1.5640904903411865
2025-06-23,16:22:06.277,-0.040901895612478256,0.0770597904920578,0.0016350132646039128
2025-06-23,16:22:06.277,-0.061352841556072235,0.11545850336551666,-0.006026994902640581
2025-06-23,16:22:06.277,0.47446197271347046,1.0970406532287598,-0.41496962308883667
2025-06-23,16:22:06.277,3.5502843856811523,7.186243534088135,1.2671096324920654
2025-06-23,16:22:06.277,3.5693719387054443,7.197361469268799,1.421179175376892
2025-06-23,16:22:06.277,3.2966926097869873,7.1544342041015625,1.948862910270691
2025-06-23,16:22:06.277,3.3144168853759766,7.140139102935791,2.1436495780944824
2025-06-23,16:22:06.277,-0.020450947806239128,0.03853745013475418,-0.000293667777441442
2025-06-23,16:22:06.277,3.5502843856811523,7.257277011871338,0.7613098621368408
2025-06-23,16:22:06.277,3.3144168853759766,7.374710559844971,1.0910835266113281
2025-06-23,16:22:06.608,-0.040901895612478256,0.07705982774496078,0.0016333297826349735
2025-06-23,16:22:06.608,-0.061352841556072235,0.11545798182487488,-0.006036853417754173
2025-06-23,16:22:06.608,0.0,6.755230903625488,0.31231817603111267
2025-06-23,16:22:06.608,3.2639713287353516,6.576906681060791,-1.3228533267974854
2025-06-23,16:22:06.608,3.2639713287353516,6.441208839416504,-1.8752233982086182
2025-06-23,16:22:06.608,3.2830588817596436,6.673529148101807,-0.9987835884094238
2025-06-23,16:22:06.608,-0.020450947806239128,0.038537342101335526,-0.00030730379512533545
2025-06-23,16:22:06.944,-0.040901895612478256,0.07705996185541153,0.0016270942287519574
2025-06-23,16:22:06.944,-0.061352841556072235,0.11545716226100922,-0.006052561104297638
2025-06-23,16:22:06.944,0.0,6.718813419342041,-0.008070399984717369
2025-06-23,16:22:06.944,-0.41992613673210144,6.705654621124268,0.019420547410845757
2025-06-23,16:22:06.944,0.0,6.76204252243042,0.07394181936979294
2025-06-23,16:22:06.944,3.2830588817596436,6.667329788208008,-1.0393608808517456
2025-06-23,16:22:06.944,3.2830588817596436,6.741401672363281,-0.2950725257396698
2025-06-23,16:22:06.944,-0.020450947806239128,0.03853733092546463,-0.00030884091393090785
2025-06-23,16:22:07.272,-0.040901895612478256,0.0770602598786354,0.001612796331755817
2025-06-23,16:22:07.272,-0.061352841556072235,0.11545860022306442,-0.0060250600799918175
2025-06-23,16:22:07.272,-0.020450947806239128,0.03853728249669075,-0.000314727978548035
2025-06-23,16:22:07.715,-0.040901895612478256,0.0770600214600563,0.0016243078280240297
2025-06-23,16:22:07.715,-0.061352841556072235,0.1154550090432167,-0.006093511823564768
2025-06-23,16:22:07.715,0.4349234998226166,1.1851780414581299,-0.08370593935251236
2025-06-23,16:22:07.715,0.40901896357536316,1.1882182359695435,-0.3660014867782593
2025-06-23,16:22:07.715,2.729519844055176,5.987887859344482,1.355520486831665
2025-06-23,16:22:07.715,-2.09963059425354,6.1943535804748535,1.5375488996505737
2025-06-23,16:22:07.715,2.747244119644165,6.018160820007324,1.4018115997314453
2025-06-23,16:22:07.715,-1.4888290166854858,6.564755916595459,1.0050053596496582
2025-06-23,16:22:07.715,2.7826924324035645,6.168367862701416,1.0612781047821045
2025-06-23,16:22:07.715,-1.4983727931976318,6.232331275939941,2.4148237705230713
2025-06-23,16:22:07.715,2.5849997997283936,6.2004218101501465,1.5461527109146118
2025-06-23,16:22:07.715,2.5345542430877686,6.905311584472656,0.5074489116668701
2025-06-23,16:22:07.715,2.549551486968994,6.933228969573975,0.6634663343429565
2025-06-23,16:22:07.715,2.564548969268799,6.976114749908447,0.6450245976448059
2025-06-23,16:22:07.715,2.3450419902801514,7.128035068511963,-0.06271851807832718
2025-06-23,16:22:07.716,2.5359175205230713,5.991584777832031,1.8441048860549927
2025-06-23,16:22:07.716,2.568639039993286,6.16867733001709,1.5059750080108643
2025-06-23,16:22:07.716,-1.7124260663986206,6.029112815856934,2.763303518295288
2025-06-23,16:22:07.716,2.5849997997283936,6.1384806632995605,1.776195764541626
2025-06-23,16:22:07.716,2.304140090942383,6.936413288116455,0.9705169796943665
2025-06-23,16:22:07.716,2.549551486968994,6.875046730041504,1.115160346031189
2025-06-23,16:22:07.716,2.3314080238342285,6.994359970092773,1.1413211822509766
2025-06-23,16:22:07.716,2.3450419902801514,7.115475654602051,0.42757946252822876
2025-06-23,16:22:07.716,1.7751421928405762,7.5430073738098145,2.4091684818267822
2025-06-23,16:22:07.716,2.549551486968994,6.961270809173584,-0.22486338019371033
2025-06-23,16:22:07.716,2.564548969268799,7.001736640930176,-0.24066294729709625
2025-06-23,16:22:07.716,-0.020450947806239128,0.03853750601410866,-0.0002858462685253471
2025-06-23,16:22:07.716,2.729519844055176,6.082091331481934,0.8369026184082031
2025-06-23,16:22:07.716,-1.8896676301956177,6.349634647369385,1.1197384595870972
2025-06-23,16:22:07.716,2.747244119644165,6.102133274078369,0.9732946157455444
2025-06-23,16:22:07.716,-1.4888290166854858,6.610969066619873,0.6333587169647217
2025-06-23,16:22:07.716,2.7826924324035645,6.229830265045166,0.6035597324371338
2025-06-23,16:22:07.716,-1.4983727931976318,6.3236308097839355,2.1644914150238037
2025-06-23,16:22:07.716,2.8004164695739746,6.213572025299072,1.0330697298049927
2025-06-23,16:22:07.716,2.5345542430877686,6.9237260818481445,0.053346678614616394
2025-06-23,16:22:07.716,2.549551486968994,6.961965560913086,0.20220938324928284
2025-06-23,16:22:07.716,2.564548969268799,7.003721237182617,0.17357702553272247
2025-06-23,16:22:07.716,2.5795462131500244,7.031481742858887,-0.46502071619033813
2025-06-23,16:22:07.954,-0.040901895612478256,0.07705985009670258,0.0016322588780894876
2025-06-23,16:22:07.954,-0.061352841556072235,0.11545538902282715,-0.006086254958063364
2025-06-23,16:22:07.954,2.519556760787964,6.1917853355407715,0.6753870844841003
2025-06-23,16:22:07.954,-1.6797045469284058,6.063977241516113,2.3556931018829346
2025-06-23,16:22:07.954,2.5359175205230713,6.193605422973633,0.9690514802932739
2025-06-23,16:22:07.954,-1.4888290166854858,6.542766571044922,1.1394128799438477
2025-06-23,16:22:07.954,-1.4983727931976318,6.386987686157227,1.9697002172470093
2025-06-23,16:22:07.954,2.568639039993286,6.291802883148193,0.8565959930419922
2025-06-23,16:22:07.954,2.5849997997283936,6.288232803344727,1.1375170946121216
2025-06-23,16:22:07.954,-1.5079165697097778,6.164330005645752,2.6917026042938232
2025-06-23,16:22:07.954,2.5345542430877686,6.901027202606201,0.5627191066741943
2025-06-23,16:22:07.954,2.549551486968994,6.928427696228027,0.7118603587150574
2025-06-23,16:22:07.954,2.564548969268799,6.961658954620361,0.7858380675315857
2025-06-23,16:22:07.954,2.8140504360198975,6.868403434753418,1.1037178039550781
2025-06-23,16:22:07.954,1.7751421928405762,7.765493869781494,1.5485973358154297
2025-06-23,16:22:07.954,2.6995251178741455,5.085688591003418,-0.11945284903049469
2025-06-23,16:22:07.954,2.538644313812256,4.81398868560791,-2.0127460956573486
2025-06-23,16:22:07.954,-1.7124260663986206,6.089727878570557,2.6270246505737305
2025-06-23,16:22:07.954,2.7826924324035645,6.106367588043213,1.3738065958023071
2025-06-23,16:22:07.954,2.5345542430877686,6.846762180328369,1.0308606624603271
2025-06-23,16:22:07.954,2.549551486968994,6.866019248962402,1.1694581508636475
2025-06-23,16:22:07.954,2.564548969268799,6.895783424377441,1.2370964288711548
2025-06-23,16:22:07.954,2.8140504360198975,6.7711920738220215,1.5950292348861694
2025-06-23,16:22:07.954,1.7751421928405762,7.6091461181640625,2.1913349628448486
2025-06-23,16:22:07.954,2.549551486968994,6.964258193969727,-0.09466928988695145
2025-06-23,16:22:07.954,2.564548969268799,7.0056538581848145,-0.05521940439939499
2025-06-23,16:22:07.954,-0.020450947806239128,0.038537558168172836,-0.00027893343940377235
2025-06-23,16:22:07.954,2.519556760787964,6.214705467224121,0.41447022557258606
2025-06-23,16:22:07.954,-1.4697414636611938,6.244269847869873,1.9978663921356201
2025-06-23,16:22:07.954,2.747244119644165,6.133896350860596,0.747427761554718
2025-06-23,16:22:07.955,-1.4888290166854858,6.5916948318481445,0.8097025156021118
2025-06-23,16:22:07.955,2.7826924324035645,6.24650764465332,0.3952397406101227
2025-06-23,16:22:07.955,-1.4983727931976318,6.49407434463501,1.5812420845031738
2025-06-23,16:22:07.955,2.8004164695739746,6.244701862335205,0.8242638111114502
2025-06-23,16:22:07.955,-1.5079165697097778,6.598520755767822,1.3052775859832764
2025-06-23,16:22:07.955,2.5345542430877686,6.9227776527404785,0.12640564143657684
2025-06-23,16:22:07.955,2.549551486968994,6.959680080413818,0.2696473002433777
2025-06-23,16:22:07.955,2.564548969268799,6.997544288635254,0.3414839804172516
2025-06-23,16:22:07.955,2.8140504360198975,6.928044319152832,0.6287793517112732
2025-06-23,16:22:08.278,-0.040901895612478256,0.07706024497747421,0.0016134008765220642
2025-06-23,16:22:08.279,-0.061352841556072235,0.11545518785715103,-0.006090077571570873
2025-06-23,16:22:08.279,-0.040901895612478256,1.2945157289505005,-0.1888708472251892
2025-06-23,16:22:08.279,2.729519844055176,6.035848140716553,1.1228435039520264
2025-06-23,16:22:08.279,-1.6797045469284058,6.339876651763916,1.4584499597549438
2025-06-23,16:22:08.279,2.747244119644165,6.0352783203125,1.3261778354644775
2025-06-23,16:22:08.279,-1.4888290166854858,6.569031715393066,0.9766671061515808
2025-06-23,16:22:08.279,2.7826924324035645,6.214083671569824,0.7484888434410095
2025-06-23,16:22:08.279,-1.4983727931976318,6.075412273406982,2.786160945892334
2025-06-23,16:22:08.279,2.5849997997283936,6.256112098693848,1.302641749382019
2025-06-23,16:22:08.279,2.5345542430877686,6.90666389465332,0.4886961579322815
2025-06-23,16:22:08.279,2.549551486968994,6.937302112579346,0.6194280385971069
2025-06-23,16:22:08.279,2.564548969268799,6.96574592590332,0.7487456202507019
2025-06-23,16:22:08.279,2.3450419902801514,7.045106410980225,1.085954189300537
2025-06-23,16:22:08.279,2.1228084564208984,7.088658809661865,1.487726092338562
2025-06-23,16:22:08.279,2.5359175205230713,6.045009136199951,1.6606245040893555
2025-06-23,16:22:08.279,2.7826924324035645,6.151885032653809,1.152988314628601
2025-06-23,16:22:08.279,2.8004164695739746,6.057799816131592,1.725911259651184
2025-06-23,16:22:08.279,2.5345542430877686,6.862086296081543,0.9233658909797668
2025-06-23,16:22:08.279,2.549551486968994,6.882665157318115,1.0671333074569702
2025-06-23,16:22:08.279,2.3314080238342285,6.976603031158447,1.2452679872512817
2025-06-23,16:22:08.279,2.3450419902801514,6.962192058563232,1.529934287071228
2025-06-23,16:22:08.279,1.886940836906433,7.020423412322998,2.0302317142486572
2025-06-23,16:22:08.279,-0.020450947806239128,0.03853752836585045,-0.00028296132222749293
2025-06-23,16:22:08.279,2.729519844055176,6.1250224113464355,0.41992613673210144
2025-06-23,16:22:08.279,-2.09963059425354,6.336658954620361,0.7621168494224548
2025-06-23,16:22:08.279,2.5359175205230713,6.222039699554443,0.7655253410339355
2025-06-23,16:22:08.279,2.9967455863952637,6.153719902038574,0.26399970054626465
2025-06-23,16:22:08.279,-1.7124260663986206,6.0852813720703125,2.6373090744018555
2025-06-23,16:22:08.279,2.5849997997283936,6.315093040466309,0.9774525165557861
2025-06-23,16:22:08.279,2.764968156814575,6.835134983062744,-0.02599703148007393
2025-06-23,16:22:08.279,2.7813289165496826,6.8746256828308105,0.11748092621564865
2025-06-23,16:22:08.279,2.564548969268799,6.999981880187988,0.28721776604652405
2025-06-23,16:22:08.279,2.5795462131500244,7.023885726928711,0.5683432221412659
2025-06-23,16:22:08.279,2.1228084564208984,7.153263568878174,1.1372051239013672
2025-06-23,16:22:08.615,-0.040901895612478256,0.0770602896809578,0.0016114033060148358
2025-06-23,16:22:08.615,-0.061352841556072235,0.1154542937874794,-0.00610704068094492
2025-06-23,16:22:08.615,2.760878086090088,5.19856595993042,0.20753374695777893
2025-06-23,16:22:08.615,2.519556760787964,6.178811550140381,0.7852622866630554
2025-06-23,16:22:08.615,-1.259778380393982,6.560508728027344,0.7177755236625671
2025-06-23,16:22:08.615,2.5359175205230713,6.180235862731934,1.0509474277496338
2025-06-23,16:22:08.615,-1.4888290166854858,6.638317108154297,0.1969767063856125
2025-06-23,16:22:08.615,2.7826924324035645,6.0632476806640625,1.5530930757522583
2025-06-23,16:22:08.615,-1.284319519996643,6.709904670715332,-0.4961346387863159
2025-06-23,16:22:08.615,2.5849997997283936,6.075647830963135,1.9804848432540894
2025-06-23,16:22:08.615,2.764968156814575,6.819453716278076,0.4634628891944885
2025-06-23,16:22:08.615,2.7813289165496826,6.858386993408203,0.48662716150283813
2025-06-23,16:22:08.615,2.564548969268799,6.985828876495361,0.5295559763908386
2025-06-23,16:22:08.615,2.3450419902801514,7.042238712310791,1.1043965816497803
2025-06-23,16:22:08.615,2.1228084564208984,7.206109523773193,0.7310269474983215
2025-06-23,16:22:08.615,2.1350789070129395,7.272143840789795,0.4319658577442169
2025-06-23,16:22:08.615,1.9087551832199097,7.298962593078613,1.17274808883667
2025-06-23,16:22:08.615,2.4641303198971457e-35,6.457253388531973e-40,-1.1098119427440876e-19
2025-06-23,16:22:08.615,-563123362725888.0,5.764610271813304e+17,5.992196518980145e-15
2025-06-23,16:22:08.615,0.0,2.350988701644575e-38,1.5845632502852868e+29
2025-06-23,16:22:08.616,-1.703751541355184e+18,-1.502296452723421e+31,5.401893476095024e-39
2025-06-23,16:22:08.616,1.17283456708532e+29,-0.18547232449054718,1.7244115457869906e-38
2025-06-23,16:22:08.616,1.3296994256541128e-15,-4.2815709609461336e-14,5.691620341384966e-39
2025-06-23,16:22:08.616,-1.0668264774187086e-14,-6.530923359314823e-19,5.823792213838547e-39
2025-06-23,16:22:08.616,1.552472591537195e-25,-2.170250067045253e+17,5.842154828915059e-39
2025-06-23,16:22:08.616,5.321844056611251e-15,-6.850331933649922e-13,1.7562134539154566e-38
2025-06-23,16:22:08.616,48.04780960083008,9.50372474854502e-30,5.8483037265765165e-39
2025-06-23,16:22:08.616,7.381629623446233e-32,-2.8058544376818872e-09,5.850419687257647e-39
2025-06-23,16:22:08.616,1.3853013080163746e+19,-202088960.0,5.878079917644955e-39
2025-06-23,16:22:08.616,-1.8534491545919373e+27,-2.5031414989398875e+35,5.813435216888722e-39
2025-06-23,16:22:08.616,-1.597183345835859e+37,6.405857821771799e+37,5.807666071111097e-39
2025-06-23,16:22:08.616,1.9912868854362888e+36,-197468.8125,1.7450015247725473e-38
2025-06-23,16:22:08.616,1.3525191317520384e+16,-1.0700983115840678e-14,5.85151270005982e-39
2025-06-23,16:22:08.616,-1.017147002311092e-20,-1.672807617463784e-16,5.799971541243489e-39
2025-06-23,16:22:08.616,-8.653098099041894e+17,-3.5424040450991354e-38,5.79924286604204e-39
2025-06-23,16:22:08.616,-0.0029327303636819124,-1.3897028729646875e+19,5.804309961289039e-39
2025-06-23,16:22:08.616,-825255985152.0,-2.740901472800261e-12,5.821419815538445e-39
2025-06-23,16:22:08.616,-2.3212242733572345e+26,6.262131572949473e+34,5.849101065402717e-39
2025-06-23,16:22:08.616,9.694022774769356e-27,-2.2781930692294602e+23,5.852607114160458e-39
2025-06-23,16:22:08.616,3.8056053928587423e+30,1.7951794006876298e-07,-0.002927031135186553
2025-06-23,16:22:08.616,1.079398210029486e+17,-1.0208019450840973e-20,-0.005815987940877676
2025-06-23,16:22:08.616,806127040.0,-1.0201466629425904e-20,-0.0029327061492949724
2025-06-23,16:22:08.616,-1.9361718857570916e-26,-3.7136249857272355e-32,-0.002923400839790702
2025-06-23,16:22:08.616,-12898627584.0,-0.0007353142718784511,-0.0029284642077982426
2025-06-23,16:22:08.616,2.1632324340809728e+17,-7.01599278674081e-10,-0.0029229535721242428
2025-06-23,16:22:08.980,-0.040901895612478256,0.0770605057477951,0.0016011102125048637
2025-06-23,16:22:08.980,-0.061352841556072235,0.1154572069644928,-0.006051615811884403
2025-06-23,16:22:08.980,2.9394829273223877,5.901508808135986,1.2938902378082275
2025-06-23,16:22:08.980,-1.4697414636611938,6.5473809242248535,-0.3379053473472595
2025-06-23,16:22:08.980,2.747244119644165,6.006065368652344,1.4527610540390015
2025-06-23,16:22:08.980,2.764968156814575,5.9530792236328125,1.7995734214782715
2025-06-23,16:22:08.980,-1.4888290166854858,6.611801624298096,-0.6246082782745361
2025-06-23,16:22:08.980,-1.4983727931976318,6.506302356719971,1.530150055885315
2025-06-23,16:22:08.980,2.7826924324035645,5.920373439788818,2.030824661254883
2025-06-23,16:22:08.980,2.818140745162964,6.210822582244873,1.2669661045074463
2025-06-23,16:22:08.980,2.764968156814575,6.7805562019348145,0.8624392747879028
2025-06-23,16:22:08.980,2.7813289165496826,6.803708076477051,0.991883397102356
2025-06-23,16:22:08.980,3.0308306217193604,6.663037300109863,1.4412307739257812
2025-06-23,16:22:08.980,2.1105377674102783,7.2012248039245605,-0.005675136111676693
2025-06-23,16:22:08.980,2.1228084564208984,7.240317344665527,0.2005496472120285
2025-06-23,16:22:08.980,2.747244119644165,5.9375152587890625,1.7115050554275513
2025-06-23,16:22:08.980,-1.4792852401733398,6.444908618927002,-1.4161760807037354
2025-06-23,16:22:08.980,-1.4888290166854858,6.60454797744751,-0.6971380710601807
2025-06-23,16:22:08.980,2.764968156814575,5.73561954498291,2.4042227268218994
2025-06-23,16:22:08.980,2.818140745162964,6.122653007507324,1.6409263610839844
2025-06-23,16:22:08.980,2.764968156814575,6.706743240356445,1.3188401460647583
2025-06-23,16:22:08.980,2.7813289165496826,6.724382400512695,1.4342093467712402
2025-06-23,16:22:08.980,3.0308306217193604,6.558616638183594,1.859506607055664
2025-06-23,16:22:08.980,2.1105377674102783,7.183827877044678,0.500290036201477
2025-06-23,16:22:08.980,2.1228084564208984,7.213428020477295,0.654883086681366
2025-06-23,16:22:08.981,-0.020450947806239128,0.038537394255399704,-0.00030062251607887447
2025-06-23,16:22:08.981,2.747244119644165,6.083681106567383,1.0826642513275146
2025-06-23,16:22:08.981,2.764968156814575,6.825248718261719,0.36841052770614624
2025-06-23,16:22:08.981,3.013106346130371,6.764682769775391,0.41270601749420166
2025-06-23,16:22:08.981,3.0308306217193604,6.741634368896484,1.0117213726043701
2025-06-23,16:22:08.981,2.1105377674102783,7.169675827026367,-0.6733630299568176
2025-06-23,16:22:08.981,2.358675956726074,7.151474475860596,-0.5116568803787231
2025-06-23,16:22:09.286,-0.040901895612478256,0.07706045359373093,0.001603528275154531
2025-06-23,16:22:09.286,-0.061352841556072235,0.1154554933309555,-0.006084322463721037
2025-06-23,16:22:09.286,2.5359175205230713,6.176365375518799,1.073460578918457
2025-06-23,16:22:09.286,2.5522782802581787,6.142301559448242,1.4424519538879395
2025-06-23,16:22:09.286,-1.4888290166854858,6.405241012573242,1.7546923160552979
2025-06-23,16:22:09.286,-1.4983727931976318,6.649731636047363,0.6740898489952087
2025-06-23,16:22:09.286,2.8004164695739746,6.201262950897217,1.104557991027832
2025-06-23,16:22:09.286,-1.7233332395553589,6.663654804229736,0.3792935311794281
2025-06-23,16:22:09.286,2.818140745162964,6.19072961807251,1.361758828163147
2025-06-23,16:22:09.286,2.549551486968994,6.9581685066223145,0.3061743378639221
2025-06-23,16:22:09.286,2.79768967628479,6.901436805725098,0.4497188329696655
2025-06-23,16:22:09.286,2.8140504360198975,6.9256205558776855,0.6549320816993713
2025-06-23,16:22:09.286,2.3450419902801514,7.092328071594238,0.7153310775756836
2025-06-23,16:22:09.286,2.594543695449829,7.020352840423584,0.9755614995956421
2025-06-23,16:22:09.286,2.5359175205230713,6.157032489776611,1.1793056726455688
2025-06-23,16:22:09.286,-1.4983727931976318,6.571789264678955,1.2185721397399902
2025-06-23,16:22:09.286,2.384580612182617,6.203665733337402,1.9873967170715332
2025-06-23,16:22:09.286,2.7813289165496826,6.8180131912231445,0.8882411122322083
2025-06-23,16:22:09.287,2.564548969268799,6.954462051391602,0.847168505191803
2025-06-23,16:22:09.287,2.5795462131500244,6.961982250213623,1.0903148651123047
2025-06-23,16:22:09.287,2.594543695449829,6.968686580657959,1.2940176725387573
2025-06-23,16:22:09.287,-0.020450947806239128,0.03853749483823776,-0.00028770070639438927
2025-06-23,16:22:09.287,2.549551486968994,6.96262264251709,-0.17815841734409332
2025-06-23,16:22:09.287,3.013106346130371,6.77694034576416,0.06589557975530624
2025-06-23,16:22:09.287,2.564548969268799,7.005685329437256,-0.05109063908457756
2025-06-23,16:22:09.287,2.5795462131500244,7.041988372802734,0.2615017890930176
2025-06-23,16:22:09.287,2.830411195755005,6.975071430206299,0.553065299987793
2025-06-23,16:22:09.616,-0.040901895612478256,0.07706015557050705,0.0016177817014977336
2025-06-23,16:22:09.616,-0.061352841556072235,0.11545626074075699,-0.006069753784686327
2025-06-23,16:22:09.616,2.9585704803466797,6.021877288818359,0.845305860042572
2025-06-23,16:22:09.616,2.764968156814575,6.025832176208496,1.5384939908981323
2025-06-23,16:22:09.616,-1.4888290166854858,6.612009048461914,-0.6224086284637451
2025-06-23,16:22:09.616,-1.4983727931976318,6.675120830535889,-0.3407200872898102
2025-06-23,16:22:09.616,2.7826924324035645,5.993364334106445,1.8040668964385986
2025-06-23,16:22:09.616,2.8004164695739746,6.249768257141113,0.7849251627922058
2025-06-23,16:22:09.616,-1.5079165697097778,6.62962007522583,1.1368235349655151
2025-06-23,16:22:09.616,2.818140745162964,6.156819820404053,1.507675290107727
2025-06-23,16:22:09.616,2.549551486968994,6.953891754150391,0.3914591073989868
2025-06-23,16:22:09.616,2.3314080238342285,7.0832366943359375,0.22681722044944763
2025-06-23,16:22:09.616,2.1105377674102783,7.200160980224609,-0.12389638274908066
2025-06-23,16:22:09.616,2.594543695449829,6.91073751449585,1.5744155645370483
2025-06-23,16:22:09.616,2.028733968734741,7.746414661407471,1.3150978088378906
2025-06-23,16:22:09.616,1.7846859693527222,7.841716766357422,1.3727898597717285
2025-06-23,16:22:09.616,-1.7124260663986206,6.632087707519531,0.03824745491147041
2025-06-23,16:22:09.616,2.568639039993286,5.999122619628906,2.081122398376465
2025-06-23,16:22:09.616,2.3177740573883057,6.995982646942139,0.8331966996192932
2025-06-23,16:22:09.616,2.3314080238342285,7.053151607513428,0.6904661059379578
2025-06-23,16:22:09.616,2.1105377674102783,7.1914448738098145,0.3752221465110779
2025-06-23,16:22:09.616,2.594543695449829,6.7967915534973145,2.010148763656616
2025-06-23,16:22:09.616,1.7751421928405762,7.707253932952881,1.8163949251174927
2025-06-23,16:22:09.616,1.7846859693527222,7.7452616691589355,1.8406519889831543
2025-06-23,16:22:09.616,-0.020450947806239128,0.03853745758533478,-0.0002925541193690151
2025-06-23,16:22:09.616,2.549551486968994,6.964527130126953,-0.07221531122922897
2025-06-23,16:22:09.616,2.3314080238342285,7.08242130279541,-0.2509845197200775
2025-06-23,16:22:09.616,2.1105377674102783,7.174503326416016,-0.6198180913925171
2025-06-23,16:22:09.616,2.830411195755005,6.894927978515625,1.1905766725540161
2025-06-23,16:22:09.616,2.0396411418914795,7.850105285644531,0.8819834589958191
2025-06-23,16:22:09.945,-0.040901895612478256,0.07705975323915482,0.001636709552258253
2025-06-23,16:22:09.945,-0.061352841556072235,0.11545440554618835,-0.0061048720963299274
2025-06-23,16:22:09.945,2.5522782802581787,6.169111728668213,1.3231018781661987
2025-06-23,16:22:09.945,-1.284319519996643,6.65414571762085,0.9956495761871338
2025-06-23,16:22:09.945,2.7826924324035645,6.177196025848389,1.008623480796814
2025-06-23,16:22:09.945,2.549551486968994,6.957185745239258,0.3277542293071747
2025-06-23,16:22:09.945,2.564548969268799,6.996644020080566,0.35945945978164673
2025-06-23,16:22:09.945,2.5795462131500244,7.0128173828125,0.6916467547416687
2025-06-23,16:22:09.945,2.028733968734741,7.747100353240967,1.3110522031784058
2025-06-23,16:22:09.945,1.7846859693527222,7.842313289642334,1.3693773746490479
2025-06-23,16:22:09.945,1.7942297458648682,7.9047770500183105,1.253481388092041
2025-06-23,16:22:09.945,2.549551486968994,6.92028284072876,0.787108302116394
2025-06-23,16:22:09.945,2.564548969268799,6.958318710327148,0.8148852586746216
2025-06-23,16:22:09.945,2.5795462131500244,6.962047100067139,1.0899008512496948
2025-06-23,16:22:09.945,1.7751421928405762,7.697408199310303,1.8576743602752686
2025-06-23,16:22:09.945,1.7846859693527222,7.728089809417725,1.9114664793014526
2025-06-23,16:22:09.945,2.0505483150482178,7.70758581161499,1.9142500162124634
2025-06-23,16:22:09.945,-0.020450947806239128,0.03853762894868851,-0.0002688928507268429
2025-06-23,16:22:09.945,2.549551486968994,6.964084625244141,-0.10666266828775406
2025-06-23,16:22:09.945,2.564548969268799,7.005735397338867,-0.04369994252920151
2025-06-23,16:22:09.945,2.5795462131500244,7.034310340881348,0.42007389664649963
2025-06-23,16:22:09.945,2.028733968734741,7.817753791809082,0.7868571877479553
2025-06-23,16:22:09.946,2.0396411418914795,7.866396903991699,0.7223858833312988
2025-06-23,16:22:10.277,-0.040901895612478256,0.07705952227115631,0.0016476457240059972
2025-06-23,16:22:10.277,-0.061352841556072235,0.11545444279909134,-0.006104226689785719
2025-06-23,16:22:10.277,2.538644313812256,5.2135210037231445,-0.21173714101314545
2025-06-23,16:22:10.277,2.557731866836548,5.252176284790039,-0.22633269429206848
2025-06-23,16:22:10.277,2.5522782802581787,6.193930625915527,1.2015665769577026
2025-06-23,16:22:10.277,-1.284319519996643,6.656184673309326,0.9819270968437195
2025-06-23,16:22:10.277,2.7826924324035645,6.03381872177124,1.6637624502182007
2025-06-23,16:22:10.277,-1.2924998998641968,6.742990493774414,0.6160850524902344
2025-06-23,16:22:10.277,2.818140745162964,6.152449607849121,1.5254117250442505
2025-06-23,16:22:10.277,-1.3006802797317505,6.808770179748535,0.26516950130462646
2025-06-23,16:22:10.277,2.5345542430877686,6.904406547546387,0.5196154117584229
2025-06-23,16:22:10.277,2.549551486968994,6.958271026611328,0.3038410544395447
2025-06-23,16:22:10.277,2.564548969268799,7.0052313804626465,0.094695083796978
2025-06-23,16:22:10.277,3.0485546588897705,6.834027290344238,0.5607388615608215
2025-06-23,16:22:10.277,1.7751421928405762,7.797184467315674,1.380204677581787
2025-06-23,16:22:10.278,2.0396411418914795,7.787960052490234,1.3227707147598267
2025-06-23,16:22:10.278,2.0505483150482178,7.820847034454346,1.3804281949996948
2025-06-23,16:22:10.278,2.3750367164611816,5.337920188903809,0.2106713205575943
2025-06-23,16:22:10.278,-1.4983727931976318,6.553534030914307,1.3132108449935913
2025-06-23,16:22:10.278,2.568639039993286,5.8003644943237305,2.583855628967285
2025-06-23,16:22:10.278,2.5345542430877686,6.851033687591553,1.0020819902420044
2025-06-23,16:22:10.278,2.549551486968994,6.9224772453308105,0.7675691843032837
2025-06-23,16:22:10.278,2.3314080238342285,7.067806243896484,0.5194219350814819
2025-06-23,16:22:10.278,146498781184.0,-2.6939146858415374e+30,1.1053604986920378e+34
2025-06-23,16:22:10.278,-1.1430937828918413e-22,-37295792128.0,-2.0661414055211935e-06
2025-06-23,16:22:10.278,-1.960655813051937e-12,-7.327173943930389e-21,1.067966131580022e+28
2025-06-23,16:22:10.278,3.97452021554217e+16,37383880704.0,-1.0252077508339303e+22
2025-06-23,16:22:10.278,-1.0593530404229088e-31,1.7045387486757764e+29,-6.683478214573381e+26
2025-06-23,16:22:10.278,2.0845352537435247e-06,-7.12805874620522e+35,-2.7924126056404575e-26
2025-06-23,16:22:10.278,-1.807570522651906e+35,-1.693423744562952e-30,6.204594280757985e+17
2025-06-23,16:22:10.278,-2351094300672.0,3.2297094776367885e-08,6.669480909445124e-33
2025-06-23,16:22:10.278,0.008528481237590313,-0.008433829061686993,-3.865446944079872e+16
2025-06-23,16:22:10.278,4.0017904369372496e+19,3.2928808650467545e-05,9.9642251706735e+18
2025-06-23,16:22:10.278,-1.2231894371082103e-13,-4.247686009927796e+28,-0.033465415239334106
2025-06-23,16:22:10.278,7.75580381168206e-12,-8.510749816894531,-1.7405947602618652e+32
2025-06-23,16:22:10.278,1.2227731034739758e-13,607979061641216.0,-7.51086117334682e-18
2025-06-23,16:22:10.671,-0.040901895612478256,0.07706112414598465,0.001570979249663651
2025-06-23,16:22:10.671,-0.061352841556072235,0.1154579445719719,-0.006037645507603884
2025-06-23,16:22:10.671,2.6381723880767822,4.963009357452393,-0.2900055944919586
2025-06-23,16:22:10.671,2.658623218536377,5.009967803955078,-0.021556565538048744
2025-06-23,16:22:10.671,2.679074287414551,5.047513008117676,-0.10244438797235489
2025-06-23,16:22:10.671,2.309593677520752,6.266051292419434,0.7381703853607178
2025-06-23,16:22:10.671,2.5522782802581787,6.24400520324707,0.9060583710670471
2025-06-23,16:22:10.671,-1.4888290166854858,6.4707159996032715,-1.4952905178070068
2025-06-23,16:22:10.671,2.568639039993286,6.296479225158691,0.8215188980102539
2025-06-23,16:22:10.671,-1.284319519996643,6.55314826965332,-1.524868130683899
2025-06-23,16:22:10.671,2.5849997997283936,6.340540409088135,0.7958395481109619
2025-06-23,16:22:10.672,-1.2924998998641968,6.427427768707275,-2.1297085285186768
2025-06-23,16:22:10.672,2.549551486968994,6.962368965148926,0.18780922889709473
2025-06-23,16:22:10.672,2.564548969268799,7.00095272064209,0.26247963309288025
2025-06-23,16:22:10.672,2.5795462131500244,6.986612319946289,0.9193642139434814
2025-06-23,16:22:10.672,3.0485546588897705,6.807435035705566,0.822909414768219
2025-06-23,16:22:10.672,2.830411195755005,6.66756534576416,2.121574878692627
2025-06-23,16:22:10.672,2.679074287414551,5.039251327514648,0.30631229281425476
2025-06-23,16:22:10.672,2.519556760787964,5.173684120178223,-0.22529087960720062
2025-06-23,16:22:10.672,2.549551486968994,6.930845260620117,0.6879253387451172
2025-06-23,16:22:10.672,2.3314080238342285,7.058435440063477,0.6341747641563416
2025-06-23,16:22:10.672,2.8140504360198975,6.8437066078186035,1.2477322816848755
2025-06-23,16:22:10.672,-0.020450947806239128,0.03853725641965866,-0.0003181267238687724
2025-06-23,16:22:10.672,2.764968156814575,6.209716796875,0.34209612011909485
2025-06-23,16:22:10.672,-1.2761391401290894,6.492581367492676,-1.5939006805419922
2025-06-23,16:22:10.672,2.7826924324035645,6.257402420043945,0.1413678526878357
2025-06-23,16:22:10.672,-1.4983727931976318,6.215153694152832,-2.4586970806121826
2025-06-23,16:22:10.672,2.549551486968994,6.959440231323242,-0.27576693892478943
2025-06-23,16:22:10.672,2.79768967628479,6.914933681488037,-0.1255786120891571
2025-06-23,16:22:10.672,2.8140504360198975,6.9369730949401855,0.5211181044578552
2025-06-23,16:22:10.672,2.830411195755005,6.793124198913574,1.676593542098999
2025-06-23,16:22:10.956,-0.040901895612478256,0.07706078886985779,0.001587535603903234
2025-06-23,16:22:10.956,-0.061352841556072235,0.11545953899621964,-0.006007032468914986
2025-06-23,16:22:10.956,2.658623218536377,5.007539749145508,-0.1574339121580124
2025-06-23,16:22:10.956,2.3750367164611816,4.904106616973877,2.1183745861053467
2025-06-23,16:22:10.956,2.519556760787964,6.19581937789917,0.6373159885406494
2025-06-23,16:22:10.956,-1.4697414636611938,6.33667516708374,-1.6819416284561157
2025-06-23,16:22:10.956,-1.4792852401733398,6.544589996337891,-0.8430542349815369
2025-06-23,16:22:10.956,2.3245911598205566,6.3339643478393555,0.45590993762016296
2025-06-23,16:22:10.956,-1.4888290166854858,6.560283660888672,1.033798098564148
2025-06-23,16:22:10.956,2.5522782802581787,6.299787998199463,0.348152756690979
2025-06-23,16:22:10.956,2.568639039993286,6.334785461425781,0.4370771646499634
2025-06-23,16:22:10.956,-1.4983727931976318,6.580333709716797,1.1715526580810547
2025-06-23,16:22:10.956,1.8651264905929565,7.16499662399292,-0.9183017611503601
2025-06-23,16:22:10.956,2.5795462131500244,7.0437912940979,0.2073230892419815
2025-06-23,16:22:10.956,2.658623218536377,5.0046563148498535,0.2316354662179947
2025-06-23,16:22:10.956,2.500469207763672,5.139332294464111,0.015517731197178364
2025-06-23,16:22:10.956,-1.7015188932418823,6.374691009521484,1.6705719232559204
2025-06-23,16:22:10.956,2.3395884037017822,6.3616743087768555,0.6148912310600281
2025-06-23,16:22:10.956,2.568639039993286,6.288994789123535,0.8769751787185669
2025-06-23,16:22:10.956,-1.4983727931976318,6.346499443054199,2.0964913368225098
2025-06-23,16:22:10.956,1.8651264905929565,7.209262371063232,-0.45495909452438354
2025-06-23,16:22:10.957,2.5795462131500244,7.027283668518066,0.5246608257293701
2025-06-23,16:22:10.957,-0.020450947806239128,0.03853738307952881,-0.00030228454852476716
2025-06-23,16:22:10.957,2.354585886001587,6.421224594116211,0.37716221809387207
2025-06-23,16:22:10.957,-1.7124260663986206,6.554702281951904,1.0109041929244995
2025-06-23,16:22:10.957,2.8140504360198975,6.955307960510254,-0.1298089176416397
2025-06-23,16:22:11.284,-0.040901895612478256,0.07706062495708466,0.0015950605738908052
2025-06-23,16:22:11.284,-0.061352841556072235,0.11545997112989426,-0.00599869666621089
2025-06-23,16:22:11.284,2.500469207763672,5.103603363037109,-0.6051517128944397
2025-06-23,16:22:11.284,2.519556760787964,4.964672088623047,-1.4730218648910522
2025-06-23,16:22:11.284,2.309593677520752,6.30539608001709,0.22421427071094513
2025-06-23,16:22:11.284,2.5359175205230713,6.216693878173828,0.8077905774116516
2025-06-23,16:22:11.284,-1.690611720085144,6.480302333831787,0.9371213316917419
2025-06-23,16:22:11.284,-1.2761391401290894,6.6714653968811035,-0.4309065341949463
2025-06-23,16:22:11.284,2.5522782802581787,6.109631538391113,1.5751006603240967
2025-06-23,16:22:11.284,-1.284319519996643,6.701788902282715,-0.5958186984062195
2025-06-23,16:22:11.284,2.568639039993286,6.226374626159668,1.2461130619049072
2025-06-23,16:22:11.284,2.3177740573883057,7.042990207672119,-0.18513107299804688
2025-06-23,16:22:11.284,1.8651264905929565,7.204883575439453,-0.5197134017944336
2025-06-23,16:22:11.284,2.8140504360198975,6.868014812469482,1.1061352491378784
2025-06-23,16:22:11.284,2.48138165473938,5.100016117095947,-0.033156417310237885
2025-06-23,16:22:11.284,2.500469207763672,5.137327671051025,-0.1443609595298767
2025-06-23,16:22:11.284,2.519556760787964,5.052535533905029,-1.1356279850006104
2025-06-23,16:22:11.284,2.3177740573883057,7.037234783172607,0.3395850658416748
2025-06-23,16:22:11.284,1.8651264905929565,7.223597526550293,-0.009614331647753716
2025-06-23,16:22:11.284,1.7846859693527222,7.894522666931152,1.0264456272125244
2025-06-23,16:22:11.284,-0.020450947806239128,0.03853737562894821,-0.00030333048198372126
2025-06-23,16:22:11.284,2.519556760787964,4.8006157875061035,-1.9421262741088867
2025-06-23,16:22:11.284,2.8140504360198975,6.923286437988281,0.6791664958000183
2025-06-23,16:22:11.644,-0.040901895612478256,0.07706039398908615,0.001606477191671729
2025-06-23,16:22:11.644,-0.061352841556072235,0.11546076089143753,-0.005983533337712288
2025-06-23,16:22:11.644,0.46491822600364685,1.1457023620605469,-0.5481281876564026
2025-06-23,16:22:11.644,2.500469207763672,5.083955764770508,-0.7525759339332581
2025-06-23,16:22:11.644,2.3395884037017822,4.981191635131836,-1.6970521211624146
2025-06-23,16:22:11.645,2.175980806350708,5.016216278076172,-1.9424294233322144
2025-06-23,16:22:11.645,2.309593677520752,6.307906150817871,-0.1364426463842392
2025-06-23,16:22:11.645,-1.2761391401290894,6.672951698303223,0.40724897384643555
2025-06-23,16:22:11.645,-1.284319519996643,6.727075576782227,-0.12419898808002472
2025-06-23,16:22:11.645,1.9264793395996094,6.562748908996582,0.37074267864227295
2025-06-23,16:22:11.645,2.208702325820923,6.713766574859619,0.0380210354924202
2025-06-23,16:22:11.645,2.549551486968994,6.964817047119141,0.0342949703335762
2025-06-23,16:22:11.645,2.564548969268799,6.994185447692871,0.4044870436191559
2025-06-23,16:22:11.645,2.644989252090454,7.949354648590088,1.204365611076355
2025-06-23,16:22:11.645,2.48138165473938,5.094480037689209,-0.2398681640625
2025-06-23,16:22:11.645,2.500469207763672,5.128689765930176,-0.3309297561645508
2025-06-23,16:22:11.645,2.1596200466156006,5.177420139312744,-1.302417278289795
2025-06-23,16:22:11.645,2.549551486968994,6.949081897735596,0.4691660404205322
2025-06-23,16:22:11.645,2.564548969268799,6.955654621124268,0.8373199701309204
2025-06-23,16:22:11.645,2.644989252090454,7.851536273956299,1.7309298515319824
2025-06-23,16:22:11.645,-0.020450947806239128,0.03853732720017433,-0.0003092485130764544
2025-06-23,16:22:11.645,2.500469207763672,5.0061540603637695,-1.1624951362609863
2025-06-23,16:22:11.645,2.549551486968994,6.954549312591553,-0.37960687279701233
2025-06-23,16:22:11.645,2.79768967628479,6.915641784667969,-0.07732684165239334
2025-06-23,16:22:11.645,2.9094882011413574,7.923953056335449,0.6201218366622925
2025-06-23,16:22:11.955,-0.040901895612478256,0.07706055045127869,0.0015987057704478502
2025-06-23,16:22:11.955,-0.061352841556072235,0.11546046286821365,-0.005989316385239363
2025-06-23,16:22:11.955,2.500469207763672,5.090473651885986,-0.7071464657783508
2025-06-23,16:22:11.955,2.3395884037017822,4.9011993408203125,-1.915855050086975
2025-06-23,16:22:11.955,-1.4983727931976318,6.681849479675293,0.16191208362579346
2025-06-23,16:22:11.955,2.568639039993286,5.662112236022949,-2.8742005825042725
2025-06-23,16:22:11.955,2.4145753383636475,6.58955717086792,0.29532375931739807
2025-06-23,16:22:11.955,2.208702325820923,6.707891941070557,0.2833552360534668
2025-06-23,16:22:11.955,2.549551486968994,6.96472692489624,-0.049339793622493744
2025-06-23,16:22:11.955,2.564548969268799,6.996637344360352,-0.3595891296863556
2025-06-23,16:22:11.955,2.658623218536377,5.007699012756348,-0.15228411555290222
2025-06-23,16:22:11.955,2.500469207763672,5.1299824714660645,-0.31024983525276184
2025-06-23,16:22:11.955,2.3395884037017822,5.0534539222717285,-1.4679443836212158
2025-06-23,16:22:11.955,2.3573126792907715,4.936825275421143,-1.9342130422592163
2025-06-23,16:22:11.955,2.208702325820923,6.679483890533447,0.6786757707595825
2025-06-23,16:22:11.955,2.3177740573883057,7.029802322387695,0.46890273690223694
2025-06-23,16:22:11.955,2.3314080238342285,7.0852861404418945,0.1496877670288086
2025-06-23,16:22:11.955,-0.020450947806239128,0.0385374091565609,-0.0002988716878462583
2025-06-23,16:22:11.955,2.500469207763672,5.026171684265137,-1.0726488828659058
2025-06-23,16:22:11.955,2.3395884037017822,4.688442707061768,-2.3897204399108887
2025-06-23,16:22:11.955,2.549551486968994,6.9472126960754395,-0.49607524275779724
2025-06-23,16:22:11.955,2.4641303198971457e-35,6.457253388531973e-40,2.776616855121052e-40
2025-06-23,16:22:12.317,-0.040901895612478256,0.07706167548894882,0.0015436419053003192
2025-06-23,16:22:12.317,-0.061352841556072235,0.11545147001743317,-0.006160261109471321
2025-06-23,16:22:12.317,2.3245911598205566,6.350308418273926,-0.023317476734519005
2025-06-23,16:22:12.317,2.3395884037017822,6.388974666595459,0.17319336533546448
2025-06-23,16:22:12.317,2.1405324935913086,6.49726676940918,0.34942495822906494
2025-06-23,16:22:12.317,2.5849997997283936,6.3528032302856445,0.6911646723747253
2025-06-23,16:22:12.317,2.384580612182617,6.498510837554932,0.45229223370552063
2025-06-23,16:22:12.317,2.3995778560638428,6.5467143058776855,0.33346766233444214
2025-06-23,16:22:12.317,2.500469207763672,5.0558552742004395,0.9226607084274292
2025-06-23,16:22:12.317,2.3395884037017822,6.378413200378418,0.4060034155845642
2025-06-23,16:22:12.317,2.354585886001587,6.405051231384277,0.5913479328155518
2025-06-23,16:22:12.317,2.1541664600372314,6.440014839172363,1.1848251819610596
2025-06-23,16:22:12.317,2.384580612182617,6.462989330291748,0.8154636025428772
2025-06-23,16:22:12.317,-0.020450947806239128,0.038537003099918365,-0.00034729839535430074
2025-06-23,16:22:12.317,2.462294101715088,5.036210536956787,0.4992113411426544
2025-06-23,16:22:12.317,2.679074287414551,5.040352821350098,0.2876235544681549
2025-06-23,16:22:12.317,2.3395884037017822,6.388979911804199,-0.17300783097743988
2025-06-23,16:22:12.317,2.354585886001587,6.431804656982422,-0.0791359692811966
2025-06-23,16:22:12.317,2.384580612182617,6.51413106918335,0.03617367893457413
2025-06-23,16:22:12.640,-0.040901895612478256,0.07706232368946075,0.0015110219828784466
2025-06-23,16:22:12.640,-0.061352841556072235,0.11544576287269592,-0.006266196258366108
2025-06-23,16:22:12.640,2.462294101715088,4.939880847930908,1.1000919342041016
2025-06-23,16:22:12.640,2.113264560699463,6.3869733810424805,0.6865665316581726
2025-06-23,16:22:12.640,2.3395884037017822,6.378053188323975,0.41161465644836426
2025-06-23,16:22:12.640,2.354585886001587,6.432119846343994,-0.04701054096221924
2025-06-23,16:22:12.640,2.3695831298828125,6.470119953155518,-0.20165596902370453
2025-06-23,16:22:12.640,2.1678004264831543,6.574642181396484,0.44290030002593994
2025-06-23,16:22:12.640,2.3995778560638428,6.48885440826416,0.9302887916564941
2025-06-23,16:22:12.640,2.3314080238342285,7.076504230499268,0.3831099569797516
2025-06-23,16:22:12.640,2.5795462131500244,7.02719259262085,0.5258752703666687
2025-06-23,16:22:12.640,2.594543695449829,7.02650260925293,0.9302322268486023
2025-06-23,16:22:12.640,2.372309923171997,7.191410064697266,0.5338537693023682
2025-06-23,16:22:12.640,1.8978480100631714,7.350208282470703,0.042959749698638916
2025-06-23,16:22:12.640,2.2864160537719727,4.9348554611206055,1.4474202394485474
2025-06-23,16:22:12.640,2.48138165473938,4.867388725280762,1.5230849981307983
2025-06-23,16:22:12.640,2.500469207763672,4.808823585510254,1.813336968421936
2025-06-23,16:22:12.640,2.1678004264831543,6.5569586753845215,0.6544970870018005
2025-06-23,16:22:12.641,2.0982673168182373,7.109761714935303,0.8412577509880066
2025-06-23,16:22:12.641,2.3450419902801514,7.059277057647705,0.9896587133407593
2025-06-23,16:22:12.641,2.594543695449829,6.94374418258667,1.421791911125183
2025-06-23,16:22:12.641,-0.020450947806239128,0.03853685408830643,-0.0003634747408796102
2025-06-23,16:22:12.641,2.462294101715088,4.986178398132324,0.8664030432701111
2025-06-23,16:22:12.641,2.48138165473938,5.0337815284729,0.8199441432952881
2025-06-23,16:22:12.641,2.113264560699463,6.421487808227539,0.1711573600769043
2025-06-23,16:22:12.641,2.3395884037017822,6.39127254486084,-0.024983255192637444
2025-06-23,16:22:12.641,2.1405324935913086,6.491198539733887,-0.44823336601257324
2025-06-23,16:22:12.641,2.3695831298828125,6.4596967697143555,-0.41884317994117737
2025-06-23,16:22:12.641,2.1678004264831543,6.589321613311768,0.05403316766023636
2025-06-23,16:22:12.641,2.3314080238342285,7.08648157119751,-0.07390795648097992
2025-06-23,16:22:12.641,2.8140504360198975,6.955967426300049,0.08760704100131989
2025-06-23,16:22:12.641,2.830411195755005,6.978956699371338,0.5016631484031677
2025-06-23,16:22:12.953,-0.040901895612478256,0.07706191390752792,0.0015316731296479702
2025-06-23,16:22:12.953,-0.061352841556072235,0.11545147746801376,-0.0061601004563272
2025-06-23,16:22:12.953,2.48138165473938,4.916954040527344,1.3545572757720947
2025-06-23,16:22:12.953,2.3245911598205566,6.329989433288574,0.5081280469894409
2025-06-23,16:22:12.953,2.1268985271453857,6.463433265686035,0.15165619552135468
2025-06-23,16:22:12.953,2.568639039993286,6.330745697021484,-0.4921363592147827
2025-06-23,16:22:12.953,-1.7124260663986206,6.40731143951416,1.7124260663986206
2025-06-23,16:22:12.953,2.3695831298828125,6.461360931396484,-0.3923422396183014
2025-06-23,16:22:12.953,2.384580612182617,6.513478755950928,-0.09901738166809082
2025-06-23,16:22:12.953,2.0982673168182373,7.158107757568359,-0.13385893404483795
2025-06-23,16:22:12.953,1.8760336637496948,7.254167556762695,-0.4118122160434723
2025-06-23,16:22:12.953,2.1228084564208984,7.2383551597595215,-0.26197612285614014
2025-06-23,16:22:12.953,2.0982673168182373,7.154331207275391,0.2682753801345825
2025-06-23,16:22:12.953,1.8760336637496948,7.265725135803223,0.04216717556118965
2025-06-23,16:22:12.953,1.886940836906433,7.306519985198975,0.15150032937526703
2025-06-23,16:22:12.953,-0.020450947806239128,0.03853694722056389,-0.0003535338619258255
2025-06-23,16:22:12.953,2.3245911598205566,6.34776496887207,0.18121758103370667
2025-06-23,16:22:12.953,2.1268985271453857,6.460093975067139,-0.2572018802165985
2025-06-23,16:22:12.953,2.354585886001587,6.387273788452148,-0.7596765756607056
2025-06-23,16:22:12.953,2.3695831298828125,6.432854175567627,-0.7221481800079346
2025-06-23,16:22:12.953,2.384580612182617,6.500720024108887,-0.41934502124786377
2025-06-23,16:22:12.953,2.0982673168182373,7.13443660736084,-0.5968572497367859
2025-06-23,16:22:12.953,1.8760336637496948,7.207573890686035,-0.9183772802352905
2025-06-23,16:22:12.953,2.1228084564208984,7.209736347198486,-0.6943475008010864
2025-06-23,16:22:13.290,-0.040901895612478256,0.07706175744533539,0.0015397549141198397
2025-06-23,16:22:13.290,-0.061352841556072235,0.11545490473508835,-0.0060953968204557896
2025-06-23,16:22:13.290,2.462294101715088,4.894268989562988,1.2879271507263184
2025-06-23,16:22:13.290,2.500469207763672,4.7178568840026855,2.038332462310791
2025-06-23,16:22:13.290,2.113264560699463,6.419143199920654,0.24371787905693054
2025-06-23,16:22:13.290,2.1268985271453857,6.445837497711182,-0.5001481771469116
2025-06-23,16:22:13.290,2.3695831298828125,6.432148456573486,-0.7284098267555237
2025-06-23,16:22:13.290,2.384580612182617,6.4999918937683105,-0.43048474192619324
2025-06-23,16:22:13.290,2.564548969268799,6.8083696365356445,1.6517690420150757
2025-06-23,16:22:13.290,2.5795462131500244,6.961498260498047,1.0934010744094849
2025-06-23,16:22:13.290,2.594543695449829,7.057164669036865,0.658407986164093
2025-06-23,16:22:13.290,2.462294101715088,4.749758243560791,1.7471182346343994
2025-06-23,16:22:13.290,2.48138165473938,4.807995796203613,1.7013044357299805
2025-06-23,16:22:13.290,2.564548969268799,6.609411239624023,2.32334303855896
2025-06-23,16:22:13.290,2.5795462131500244,6.856242656707764,1.6278573274612427
2025-06-23,16:22:13.290,2.594543695449829,6.991929531097412,1.1618932485580444
2025-06-23,16:22:13.290,-0.020450947806239128,0.03853704407811165,-0.00034250019234605134
2025-06-23,16:22:13.290,2.462294101715088,4.959873199462891,1.0061249732971191
2025-06-23,16:22:13.290,2.113264560699463,6.411155700683594,-0.40234678983688354
2025-06-23,16:22:13.290,2.3695831298828125,6.356605052947998,-1.223392367362976
2025-06-23,16:22:13.290,2.384580612182617,6.483145713806152,-0.6356364488601685
2025-06-23,16:22:13.290,2.564548969268799,6.9198150634765625,1.0947116613388062
2025-06-23,16:22:13.290,2.5795462131500244,7.021991729736328,0.5912837982177734
2025-06-23,16:22:13.290,2.594543695449829,7.08597993850708,0.16112704575061798
2025-06-23,16:22:13.632,-0.040901895612478256,0.07706137746572495,0.0015583434142172337
2025-06-23,16:22:13.632,-0.061352841556072235,0.11545972526073456,-0.006003541871905327
2025-06-23,16:22:13.632,2.462294101715088,4.889207363128662,1.3070104122161865
2025-06-23,16:22:13.632,2.500469207763672,4.748737335205078,1.965316653251648
2025-06-23,16:22:13.632,2.3573126792907715,5.173464298248291,1.1613335609436035
2025-06-23,16:22:13.632,2.09963059425354,6.36662483215332,0.4473908543586731
2025-06-23,16:22:13.632,2.113264560699463,6.422583103179932,0.12338145077228546
2025-06-23,16:22:13.632,2.1405324935913086,6.3201212882995605,1.546815276145935
2025-06-23,16:22:13.632,-1.7124260663986206,6.431212902069092,-1.6203542947769165
2025-06-23,16:22:13.632,2.1541664600372314,6.491740703582764,0.8572694063186646
2025-06-23,16:22:13.632,2.1678004264831543,6.576088905334473,0.4208715856075287
2025-06-23,16:22:13.632,2.830411195755005,6.996737957000732,0.05623619630932808
2025-06-23,16:22:13.632,2.462294101715088,4.796820640563965,1.6134244203567505
2025-06-23,16:22:13.632,2.48138165473938,4.797281742095947,1.7312860488891602
2025-06-23,16:22:13.632,-0.020450947806239128,0.03853707015514374,-0.0003398559056222439
2025-06-23,16:22:13.632,2.462294101715088,4.950929164886475,1.0492496490478516
2025-06-23,16:22:13.632,2.113264560699463,6.4214348793029785,-0.17312325537204742
2025-06-23,16:22:13.632,2.1541664600372314,6.547799110412598,0.06269913911819458
2025-06-23,16:22:13.632,2.1678004264831543,6.585519790649414,-0.23023788630962372
2025-06-23,16:22:13.632,3.5175631046295166,6.628633499145508,0.002498562913388014
2025-06-23,16:22:13.632,3.0662789344787598,6.896822929382324,0.022272611036896706
2025-06-23,16:22:13.632,2.9612972736358643,7.31732177734375,0.21646706759929657
2025-06-23,16:22:14.084,-0.040901895612478256,0.07706106454133987,0.0015740098897367716
2025-06-23,16:22:14.084,-0.061352841556072235,0.11545094847679138,-0.0061699580401182175
2025-06-23,16:22:14.084,1.934659719467163,5.276785850524902,0.2968885600566864
2025-06-23,16:22:14.084,1.9496570825576782,5.322610378265381,0.19280868768692017
2025-06-23,16:22:14.084,1.786049485206604,5.426629543304443,0.16444756090641022
2025-06-23,16:22:14.085,1.7996834516525269,5.470554828643799,0.010058044455945492
2025-06-23,16:22:14.085,1.8133174180984497,5.434029579162598,-0.9238783121109009
2025-06-23,16:22:14.085,-2.8004164695739746,6.2525811195373535,-0.7621936202049255
2025-06-23,16:22:14.085,-2.601360559463501,6.412582874298096,-0.48284363746643066
2025-06-23,16:22:14.085,1.7587815523147583,5.306310653686523,0.6521317958831787
2025-06-23,16:22:14.085,1.7724155187606812,5.360535144805908,0.540114164352417
2025-06-23,16:22:14.085,1.9646544456481934,5.343569755554199,0.5017123818397522
2025-06-23,16:22:14.085,1.9796518087387085,5.39564847946167,0.36590448021888733
2025-06-23,16:22:14.085,1.6319856643676758,5.525557994842529,-0.6893346905708313
2025-06-23,16:22:14.085,-0.020450947806239128,0.03853710740804672,-0.0003354328218847513
2025-06-23,16:22:14.085,1.934659719467163,5.2846999168396,-0.06751295924186707
2025-06-23,16:22:14.085,1.9496570825576782,5.323811054229736,-0.15617389976978302
2025-06-23,16:22:14.085,1.9646544456481934,5.3633341789245605,-0.20025181770324707
2025-06-23,16:22:14.085,1.9796518087387085,5.395754814147949,-0.3643379807472229
2025-06-23,16:22:14.291,-0.040901895612478256,0.07706110924482346,0.001571576576679945
2025-06-23,16:22:14.291,-0.061352841556072235,0.11545246094465256,-0.006141606718301773
2025-06-23,16:22:14.291,1.934659719467163,5.275448799133301,0.3197633922100067
2025-06-23,16:22:14.291,1.9496570825576782,5.322453498840332,0.1970914751291275
2025-06-23,16:22:14.291,1.9646544456481934,5.364811897277832,0.155710831284523
2025-06-23,16:22:14.291,1.9796518087387085,5.4072370529174805,0.09325838834047318
2025-06-23,16:22:14.291,1.6319856643676758,5.558227062225342,0.33627912402153015
2025-06-23,16:22:14.291,-2.8004164695739746,6.282982349395752,-0.447038471698761
2025-06-23,16:22:14.291,1.2924998998641968,6.309926509857178,-2.4560768604278564
2025-06-23,16:22:14.291,-2.818140745162964,6.3202900886535645,-0.48317205905914307
2025-06-23,16:22:14.291,1.934659719467163,5.237122535705566,0.7107439637184143
2025-06-23,16:22:14.291,1.7724155187606812,5.356329441070557,0.5803423523902893
2025-06-23,16:22:14.291,1.786049485206604,5.399754047393799,0.5639201998710632
2025-06-23,16:22:14.291,1.7996834516525269,5.4393157958984375,0.5838763117790222
2025-06-23,16:22:14.291,1.4506539106369019,5.552709102630615,0.8563709855079651
2025-06-23,16:22:14.291,-2.8004164695739746,6.298371315002441,-0.07893494516611099
2025-06-23,16:22:14.291,-2.818140745162964,6.338631629943848,-0.0356016606092453
2025-06-23,16:22:14.291,-0.020450947806239128,0.038537148386240005,-0.00033064489252865314
2025-06-23,16:22:14.291,1.934659719467163,5.285068511962891,-0.02570870704948902
2025-06-23,16:22:14.291,1.9496570825576782,5.323780059814453,-0.15722239017486572
2025-06-23,16:22:14.291,1.9646544456481934,5.363377571105957,-0.19909009337425232
2025-06-23,16:22:14.291,1.9796518087387085,5.398098945617676,-0.3277795910835266
2025-06-23,16:22:14.291,1.6319856643676758,5.564453125,-0.20936712622642517
2025-06-23,16:22:14.616,-0.040901895612478256,0.07706116884946823,0.0015688545536249876
2025-06-23,16:22:14.616,-0.061352841556072235,0.11545243114233017,-0.006142158526927233
2025-06-23,16:22:14.616,1.7587815523147583,5.3367109298706055,0.31894418597221375
2025-06-23,16:22:14.616,1.9496570825576782,5.321924209594727,0.21090249717235565
2025-06-23,16:22:14.616,1.9646544456481934,5.364895820617676,0.15279816091060638
2025-06-23,16:22:14.616,2.1596200466156006,5.335032939910889,0.19848796725273132
2025-06-23,16:22:14.616,2.3573126792907715,5.213034629821777,0.9683476686477661
2025-06-23,16:22:14.616,1.6442562341690063,5.543817043304443,0.8608632683753967
2025-06-23,16:22:14.616,-2.8004164695739746,6.202041149139404,-1.1001802682876587
2025-06-23,16:22:14.616,-2.818140745162964,6.240872383117676,-1.1095198392868042
2025-06-23,16:22:14.616,1.934659719467163,5.243677139282227,0.660650908946991
2025-06-23,16:22:14.616,1.9496570825576782,5.297728061676025,0.5490294694900513
2025-06-23,16:22:14.616,1.9646544456481934,5.344417572021484,0.4926001727581024
2025-06-23,16:22:14.616,1.9796518087387085,5.378918647766113,0.560483455657959
2025-06-23,16:22:14.616,-2.818140745162964,6.312600135803223,-0.574978768825531
2025-06-23,16:22:14.616,-0.020450947806239128,0.038537029176950455,-0.000344311905791983
2025-06-23,16:22:14.616,1.934659719467163,5.285097122192383,-0.018983248621225357
2025-06-23,16:22:14.616,2.1268985271453857,5.255377769470215,-0.16070084273815155
2025-06-23,16:22:14.616,2.143259286880493,5.293300151824951,-0.22963890433311462
2025-06-23,16:22:14.616,1.9796518087387085,5.407805442810059,-0.05050884187221527
2025-06-23,16:22:14.970,-0.040901895612478256,0.07706134021282196,0.00156033702660352
2025-06-23,16:22:14.970,-0.061352841556072235,0.11545166373252869,-0.006156614515930414
2025-06-23,16:22:14.970,1.934659719467163,5.266679286956787,0.4412483274936676
2025-06-23,16:22:14.970,1.9496570825576782,5.3184027671813965,0.2862612307071686
2025-06-23,16:22:14.970,1.9646544456481934,5.3631062507629395,0.20625893771648407
2025-06-23,16:22:14.970,1.9796518087387085,5.396944999694824,0.34625813364982605
2025-06-23,16:22:14.970,2.3573126792907715,5.191627025604248,1.0772345066070557
2025-06-23,16:22:14.970,-2.8004164695739746,6.24021577835083,-0.8575646877288818
2025-06-23,16:22:14.970,1.5079165697097778,6.411990165710449,-2.032390832901001
2025-06-23,16:22:14.970,-2.818140745162964,6.264543533325195,-0.9669621586799622
2025-06-23,16:22:14.970,1.934659719467163,5.205728054046631,0.9126918911933899
2025-06-23,16:22:14.970,1.9496570825576782,5.28509521484375,0.6596394777297974
2025-06-23,16:22:14.970,1.9646544456481934,5.33337926864624,0.6004320383071899
2025-06-23,16:22:14.972,1.9796518087387085,5.364841938018799,0.6821882128715515
2025-06-23,16:22:14.972,2.175980806350708,5.173711776733398,1.4724681377410889
2025-06-23,16:22:14.972,-3.0349206924438477,6.2373738288879395,-0.07656405121088028
2025-06-23,16:22:14.972,-0.020450947806239128,0.038537073880434036,-0.0003394970262888819
2025-06-23,16:22:14.972,1.934659719467163,5.283856391906738,0.1160784512758255
2025-06-23,16:22:14.972,1.9496570825576782,5.3252105712890625,-0.09738939255475998
2025-06-23,16:22:14.972,1.9646544456481934,5.365419387817383,-0.1331591010093689
2025-06-23,16:22:14.972,2.1596200466156006,5.336868762969971,-0.14073382318019867
2025-06-23,16:22:14.972,2.3573126792907715,5.259280204772949,0.6733464002609253
2025-06-23,16:22:15.289,-0.040901895612478256,0.07706134766340256,0.0015601913910359144
2025-06-23,16:22:15.289,-0.061352841556072235,0.11545061320066452,-0.006176150869578123
2025-06-23,16:22:15.289,1.7587815523147583,5.332587242126465,0.3817289471626282
2025-06-23,16:22:15.292,1.9496570825576782,5.319894313812256,0.2570596933364868
2025-06-23,16:22:15.292,1.9646544456481934,5.364173889160156,0.17632757127285004
2025-06-23,16:22:15.292,2.1596200466156006,5.328657627105713,0.3276928961277008
2025-06-23,16:22:15.292,2.175980806350708,5.209545135498047,1.340185284614563
2025-06-23,16:22:15.292,-2.601360559463501,6.29787540435791,-1.3004323244094849
2025-06-23,16:22:15.292,1.7587815523147583,5.296849250793457,0.7249780893325806
2025-06-23,16:22:15.292,1.9496570825576782,5.2939677238464355,0.5841746926307678
2025-06-23,16:22:15.292,1.786049485206604,5.401761531829834,0.5443522334098816
2025-06-23,16:22:15.292,1.9796518087387085,5.360896587371826,0.7125280499458313
2025-06-23,16:22:15.292,2.175980806350708,5.122735023498535,1.641048789024353
2025-06-23,16:22:15.292,-0.020450947806239128,0.03853706270456314,-0.00034058577148243785
2025-06-23,16:22:15.292,1.934659719467163,5.284950256347656,0.04372529685497284
2025-06-23,16:22:15.292,1.7724155187606812,5.386427879333496,-0.11601364612579346
2025-06-23,16:22:15.292,2.143259286880493,5.294378757476807,-0.2032598853111267
2025-06-23,16:22:15.292,1.9796518087387085,5.407501220703125,0.07641052454710007
2025-06-23,16:22:15.292,2.3573126792907715,5.227200508117676,0.8887056708335876
2025-06-23,16:22:15.720,-0.040901895612478256,0.07706162333488464,0.0015463082818314433
2025-06-23,16:22:15.720,-0.061352841556072235,0.11544932425022125,-0.006200230680406094
2025-06-23,16:22:15.720,1.7587815523147583,5.345918655395508,-0.05799233540892601
2025-06-23,16:22:15.720,1.7724155187606812,5.383539199829102,-0.21111086010932922
2025-06-23,16:22:15.720,1.786049485206604,5.423834800720215,-0.23951461911201477
2025-06-23,16:22:15.720,1.7996834516525269,5.470562934875488,0.0036735041067004204
2025-06-23,16:22:15.720,-2.9967455863952637,6.149178981781006,-0.35434669256210327
2025-06-23,16:22:15.720,1.1657040119171143,7.214660167694092,-1.4996545314788818
2025-06-23,16:22:15.720,0.9380168318748474,7.317841053009033,-1.3716274499893188
2025-06-23,16:22:15.720,0.7076027989387512,7.423713207244873,-1.164695143699646
2025-06-23,16:22:15.720,1.7587815523147583,5.3366875648498535,0.31933048367500305
2025-06-23,16:22:15.720,1.7724155187606812,5.386168479919434,0.1274724304676056
2025-06-23,16:22:15.720,1.786049485206604,5.4281392097473145,0.10320902615785599
2025-06-23,16:22:15.722,1.7996834516525269,5.4554338455200195,0.4065861999988556
2025-06-23,16:22:15.722,1.1657040119171143,7.284952640533447,-1.108937382698059
2025-06-23,16:22:15.722,0.9380168318748474,7.376497745513916,-1.0096766948699951
2025-06-23,16:22:15.722,-0.020450947806239128,0.03853721544146538,-0.0003227980632800609
2025-06-23,16:22:15.722,1.934659719467163,5.26345157623291,-0.47821614146232605
2025-06-23,16:22:15.722,1.9496570825576782,5.291855335235596,-0.6030134558677673
2025-06-23,16:22:15.722,1.9646544456481934,5.334568977355957,-0.5897672772407532
2025-06-23,16:22:15.722,1.7996834516525269,5.463796615600586,-0.27202868461608887
2025-06-23,16:22:15.722,1.398844838142395,7.066285133361816,-1.941646933555603
2025-06-23,16:22:15.722,1.1725209951400757,7.185916423797607,-1.8165459632873535
2025-06-23,16:22:15.949,-0.040901895612478256,0.07706189900636673,0.001532442052848637
2025-06-23,16:22:15.949,-0.061352841556072235,0.1154467985033989,-0.006247058045119047
2025-06-23,16:22:15.949,1.934659719467163,5.28489351272583,-0.05011137202382088
2025-06-23,16:22:15.949,1.7724155187606812,5.384166717529297,-0.1944500356912613
2025-06-23,16:22:15.949,1.786049485206604,5.423191070556641,-0.2536647617816925
2025-06-23,16:22:15.949,1.7996834516525269,5.470408916473389,-0.04122460260987282
2025-06-23,16:22:15.949,-2.9967455863952637,6.156582832336426,-0.185615673661232
2025-06-23,16:22:15.949,1.1657040119171143,7.228785991668701,-1.4300119876861572
2025-06-23,16:22:15.949,0.9380168318748474,7.329545974731445,-1.3076382875442505
2025-06-23,16:22:15.949,0.7076027989387512,7.467292785644531,-0.841169536113739
2025-06-23,16:22:15.949,1.7587815523147583,5.334665775299072,0.3514925539493561
2025-06-23,16:22:15.949,1.9496570825576782,5.324260234832764,0.1400291472673416
2025-06-23,16:22:15.949,1.786049485206604,5.42794942855835,0.11276145279407501
2025-06-23,16:22:15.949,1.7996834516525269,5.45628023147583,0.3950670063495636
2025-06-23,16:22:15.949,0.9325632452964783,7.340301036834717,-0.9536545872688293
2025-06-23,16:22:15.949,0.9380168318748474,7.399077892303467,-0.8281353712081909
2025-06-23,16:22:15.949,-0.020450947806239128,0.038537200540304184,-0.00032435162574984133
2025-06-23,16:22:15.949,1.934659719467163,5.273077011108398,-0.35674649477005005
2025-06-23,16:22:15.949,1.9496570825576782,5.29525089263916,-0.5724256634712219
2025-06-23,16:22:15.949,1.9646544456481934,5.325587749481201,-0.6660085320472717
2025-06-23,16:22:15.949,1.9796518087387085,5.3885498046875,-0.4587387442588806
2025-06-23,16:22:15.949,1.1657040119171143,7.108345031738281,-1.9420892000198364
2025-06-23,16:22:15.949,0.9380168318748474,7.236264228820801,-1.7517540454864502
2025-06-23,16:22:16.285,-0.040901895612478256,0.07706154137849808,0.001550505287013948
2025-06-23,16:22:16.285,-0.061352841556072235,0.11545060575008392,-0.006176354363560677
2025-06-23,16:22:16.285,1.7587815523147583,5.3462233543396,0.010042302310466766
2025-06-23,16:22:16.285,1.7724155187606812,5.384732723236084,-0.17808163166046143
2025-06-23,16:22:16.285,1.786049485206604,5.4257121086120605,-0.19235140085220337
2025-06-23,16:22:16.285,1.7996834516525269,5.469069957733154,0.12784749269485474
2025-06-23,16:22:16.285,1.656526803970337,5.6199822425842285,-0.6019313335418701
2025-06-23,16:22:16.285,1.1588870286941528,7.282102108001709,-0.7987737059593201
2025-06-23,16:22:16.285,1.1657040119171143,7.281672477722168,-1.1302787065505981
2025-06-23,16:22:16.285,1.1725209951400757,7.304966926574707,-1.2548670768737793
2025-06-23,16:22:16.285,1.7587815523147583,5.334286689758301,0.35720112919807434
2025-06-23,16:22:16.285,1.7724155187606812,5.385509014129639,0.15281768143177032
2025-06-23,16:22:16.285,1.786049485206604,5.427666664123535,0.12563586235046387
2025-06-23,16:22:16.285,1.7996834516525269,5.449089527130127,0.48424291610717773
2025-06-23,16:22:16.286,0.9271096587181091,7.351832389831543,-0.31795188784599304
2025-06-23,16:22:16.286,0.9325632452964783,7.372444152832031,-0.6607118844985962
2025-06-23,16:22:16.286,1.1725209951400757,7.352767467498779,-0.9349029660224915
2025-06-23,16:22:16.286,-0.020450947806239128,0.038537152111530304,-0.00033023624564521015
2025-06-23,16:22:16.286,1.7587815523147583,5.336358070373535,-0.3247945010662079
2025-06-23,16:22:16.286,1.9496570825576782,5.296982765197754,-0.5561736226081848
2025-06-23,16:22:16.286,1.9646544456481934,5.336834907531738,-0.5688997507095337
2025-06-23,16:22:16.286,1.9796518087387085,5.400780200958252,-0.28014642000198364
2025-06-23,16:22:16.286,1.1588870286941528,7.189534664154053,-1.4062861204147339
2025-06-23,16:22:16.286,1.1657040119171143,7.20201301574707,-1.5592589378356934
2025-06-23,16:22:16.286,1.1725209951400757,7.239326477050781,-1.5904057025909424
2025-06-23,16:22:16.613,-0.040901895612478256,0.07706129550933838,0.0015624758088961244
2025-06-23,16:22:16.613,-0.061352841556072235,0.11545117944478989,-0.006165612954646349
2025-06-23,16:22:16.613,1.934659719467163,5.28403902053833,-0.10744059830904007
2025-06-23,16:22:16.613,1.7724155187606812,5.383017539978027,-0.22402282059192657
2025-06-23,16:22:16.613,1.786049485206604,5.425045967102051,-0.21030142903327942
2025-06-23,16:22:16.613,1.7996834516525269,5.466552734375,0.20945505797863007
2025-06-23,16:22:16.613,1.6442562341690063,5.52381706237793,-0.981039822101593
2025-06-23,16:22:16.613,1.398844838142395,7.212833404541016,-1.2951503992080688
2025-06-23,16:22:16.613,1.1725209951400757,7.305868148803711,-1.2496100664138794
2025-06-23,16:22:16.613,1.7587815523147583,5.341817855834961,0.21723008155822754
2025-06-23,16:22:16.613,1.7724155187606812,5.387004375457764,0.08512391149997711
2025-06-23,16:22:16.614,1.786049485206604,5.427233695983887,0.14312580227851868
2025-06-23,16:22:16.614,1.7996834516525269,5.432871341705322,0.6410771012306213
2025-06-23,16:22:16.614,1.1657040119171143,7.320931911468506,-0.8391883373260498
2025-06-23,16:22:16.614,1.1725209951400757,7.35623025894165,-0.9072564840316772
2025-06-23,16:22:16.614,-0.020450947806239128,0.038537364453077316,-0.00030441288254223764
2025-06-23,16:22:16.614,1.7587815523147583,5.3342366218566895,-0.3579510450363159
2025-06-23,16:22:16.614,1.7724155187606812,5.360314846038818,-0.5422948002815247
2025-06-23,16:22:16.614,1.9646544456481934,5.331965446472168,-0.6128623485565186
2025-06-23,16:22:16.614,1.9796518087387085,5.40476131439209,-0.18832160532474518
2025-06-23,16:22:16.614,1.1657040119171143,7.1785759925842285,-1.6638286113739014
2025-06-23,16:22:16.614,1.1725209951400757,7.221457004547119,-1.6696676015853882
2025-06-23,16:22:16.971,-0.040901895612478256,0.07706154137849808,0.0015502263559028506
2025-06-23,16:22:16.971,-0.061352841556072235,0.11545060575008392,-0.006176354363560677
2025-06-23,16:22:16.971,1.934659719467163,5.284905910491943,-0.04879807308316231
2025-06-23,16:22:16.971,1.7724155187606812,5.384093761444092,-0.19645294547080994
2025-06-23,16:22:16.971,1.786049485206604,5.425043106079102,-0.21036666631698608
2025-06-23,16:22:16.971,1.7996834516525269,5.469478607177734,0.10896328836679459
2025-06-23,16:22:16.971,1.4506539106369019,5.596794605255127,-0.4917755126953125
2025-06-23,16:22:16.971,1.7587815523147583,5.336748123168945,0.318317711353302
2025-06-23,16:22:16.971,1.7724155187606812,5.385207653045654,0.163099467754364
2025-06-23,16:22:16.971,1.786049485206604,5.427076816558838,0.1489500105381012
2025-06-23,16:22:16.972,1.7996834516525269,5.4507036209106445,0.46572697162628174
2025-06-23,16:22:16.972,-0.020450947806239128,0.03853728622198105,-0.0003143535868730396
2025-06-23,16:22:16.972,1.934659719467163,5.273529052734375,-0.3500039577484131
2025-06-23,16:22:16.972,1.7724155187606812,5.362370014190674,-0.5215829014778137
2025-06-23,16:22:16.972,1.9646544456481934,5.336014270782471,-0.576546311378479
2025-06-23,16:22:16.972,1.9796518087387085,5.402065277099609,-0.25416871905326843
2025-06-23,16:22:17.385,-0.040901895612478256,0.07706150412559509,0.0015521864406764507
2025-06-23,16:22:17.385,-0.061352841556072235,0.11544971913099289,-0.006192891392856836
2025-06-23,16:22:17.385,1.7587815523147583,5.344749450683594,-0.12594620883464813
2025-06-23,16:22:17.385,1.7724155187606812,5.379298210144043,-0.30035239458084106
2025-06-23,16:22:17.385,1.786049485206604,5.413820266723633,-0.40730947256088257
2025-06-23,16:22:17.385,1.7996834516525269,5.470476150512695,-0.030977224931120872
2025-06-23,16:22:17.385,-2.9967455863952637,6.117201805114746,-0.7195872068405151
2025-06-23,16:22:17.385,1.7587815523147583,5.341492176055908,0.22509759664535522
2025-06-23,16:22:17.385,1.7724155187606812,5.3876543045043945,0.015537524595856667
2025-06-23,16:22:17.385,1.786049485206604,5.428521633148193,-0.08064320683479309
2025-06-23,16:22:17.385,1.7996834516525269,5.458327770233154,0.365689218044281
2025-06-23,16:22:17.385,0.47446200251579285,7.5765275955200195,0.018707148730754852
2025-06-23,16:22:17.385,0.0,7.634527683258057,-0.08675964921712875
2025-06-23,16:22:17.385,-0.020450947806239128,0.03853727877140045,-0.0003150981792714447
2025-06-23,16:22:17.385,1.7587815523147583,5.332339286804199,-0.38518226146698
2025-06-23,16:22:17.385,1.9496570825576782,5.28201150894165,-0.6838917136192322
2025-06-23,16:22:17.385,1.786049485206604,5.379276752471924,-0.7339809536933899
2025-06-23,16:22:17.385,1.7996834516525269,5.4611663818359375,-0.3205176591873169
2025-06-23,16:22:17.621,-0.040901895612478256,0.07706151902675629,0.0015512764221057296
2025-06-23,16:22:17.621,-0.061352841556072235,0.11544930189847946,-0.0062006572261452675
2025-06-23,16:22:17.621,1.7587815523147583,5.345260143280029,-0.10198792070150375
2025-06-23,16:22:17.621,1.9496570825576782,5.317111492156982,-0.3093205988407135
2025-06-23,16:22:17.621,1.9646544456481934,5.349668979644775,-0.43185317516326904
2025-06-23,16:22:17.621,1.7996834516525269,5.467416763305664,-0.1855429708957672
2025-06-23,16:22:17.621,2.3750367164611816,5.276355266571045,0.8353729248046875
2025-06-23,16:22:17.621,-2.9967455863952637,6.139956474304199,-0.48877283930778503
2025-06-23,16:22:17.621,1.0702662467956543,6.352694034576416,-2.327285051345825
2025-06-23,16:22:17.621,0.47446200251579285,7.530630111694336,-0.832906186580658
2025-06-23,16:22:17.621,0.2385943979024887,7.618519306182861,-0.4413377046585083
2025-06-23,16:22:17.621,1.7587815523147583,5.342498302459717,0.199790820479393
2025-06-23,16:22:17.621,1.7724155187606812,5.387357711791992,0.05866365134716034
2025-06-23,16:22:17.621,1.786049485206604,5.428837299346924,-0.055446311831474304
2025-06-23,16:22:17.621,1.7996834516525269,5.4704670906066895,0.032590631395578384
2025-06-23,16:22:17.621,-0.020450947806239128,0.038537200540304184,-0.0003246972628403455
2025-06-23,16:22:17.621,1.934659719467163,5.269344806671143,-0.4081873893737793
2025-06-23,16:22:17.621,1.9496570825576782,5.293195724487305,-0.591129720211029
2025-06-23,16:22:17.621,1.786049485206604,5.396063804626465,-0.5982012152671814
2025-06-23,16:22:17.621,1.7996834516525269,5.458836078643799,-0.3580191731452942
2025-06-23,16:22:17.967,-0.040901895612478256,0.077061727643013,0.0015410474734380841
2025-06-23,16:22:17.967,-0.061352841556072235,0.11544767022132874,-0.006230935454368591
2025-06-23,16:22:17.967,1.7587815523147583,5.345561981201172,-0.08468959480524063
2025-06-23,16:22:17.967,1.7724155187606812,5.379653453826904,-0.2939213812351227
2025-06-23,16:22:17.967,1.786049485206604,5.410279273986816,-0.4519173800945282
2025-06-23,16:22:17.967,1.7996834516525269,5.441656112670898,-0.5616494417190552
2025-06-23,16:22:17.967,2.3750367164611816,5.308730125427246,0.5959489345550537
2025-06-23,16:22:17.967,1.1657040119171143,7.3233561515808105,-0.817762553691864
2025-06-23,16:22:17.967,1.4070252180099487,7.262073516845703,-1.2627761363983154
2025-06-23,16:22:17.967,1.179337978363037,7.343385696411133,-1.2855268716812134
2025-06-23,16:22:17.967,1.7587815523147583,5.338253498077393,0.29198402166366577
2025-06-23,16:22:17.967,1.7724155187606812,5.387590408325195,0.030532602220773697
2025-06-23,16:22:17.967,1.786049485206604,5.428271770477295,-0.09599974751472473
2025-06-23,16:22:17.967,1.7996834516525269,5.46901798248291,-0.13005875051021576
2025-06-23,16:22:17.967,2.1923415660858154,5.337187767028809,0.9416151642799377
2025-06-23,16:22:17.967,1.1657040119171143,7.35892391204834,-0.38278457522392273
2025-06-23,16:22:17.967,1.4070252180099487,7.326642036437988,-0.8078563809394836
2025-06-23,16:22:17.968,1.179337978363037,7.381532192230225,-1.0444505214691162
2025-06-23,16:22:17.968,-0.020450947806239128,0.038537077605724335,-0.000338748941430822
2025-06-23,16:22:17.968,1.7587815523147583,5.332030296325684,-0.3894369900226593
2025-06-23,16:22:17.968,1.9496570825576782,5.281632423400879,-0.6868162751197815
2025-06-23,16:22:17.968,1.9646544456481934,5.298206806182861,-0.8570061326026917
2025-06-23,16:22:17.968,1.7996834516525269,5.372648239135742,-1.0303981304168701
2025-06-23,16:22:17.968,2.3750367164611816,5.338550567626953,0.19404293596744537
2025-06-23,16:22:17.968,1.398844838142395,7.2174506187438965,-1.269168734550476
2025-06-23,16:22:17.968,1.4070252180099487,7.186666488647461,-1.63833487033844
2025-06-23,16:22:18.283,-0.040901895612478256,0.07706177234649658,0.0015387358143925667
2025-06-23,16:22:18.283,-0.061352841556072235,0.11544635146856308,-0.0062553295865654945
2025-06-23,16:22:18.283,1.7587815523147583,5.344789981842041,-0.12420270591974258
2025-06-23,16:22:18.283,1.7724155187606812,5.378819942474365,-0.3087972104549408
2025-06-23,16:22:18.283,1.786049485206604,5.414120674133301,-0.40329238772392273
2025-06-23,16:22:18.283,1.7996834516525269,5.460895538330078,-0.32509851455688477
2025-06-23,16:22:18.283,1.7587815523147583,5.3417816162109375,0.21811671555042267
2025-06-23,16:22:18.283,1.9496570825576782,5.325974941253662,-0.03667977452278137
2025-06-23,16:22:18.283,1.786049485206604,5.428316116333008,-0.09345240890979767
2025-06-23,16:22:18.283,1.7996834516525269,5.470386981964111,0.044001247733831406
2025-06-23,16:22:18.283,-0.020450947806239128,0.038537077605724335,-0.000338748941430822
2025-06-23,16:22:18.283,1.7587815523147583,5.329466342926025,-0.42307689785957336
2025-06-23,16:22:18.283,1.9496570825576782,5.279424667358398,-0.7035847902297974
2025-06-23,16:22:18.283,1.9646544456481934,5.310609817504883,-0.7764515280723572
2025-06-23,16:22:18.283,1.7996834516525269,5.4257588386535645,-0.6987226605415344
2025-06-23,16:22:18.626,-0.040901895612478256,0.07706184685230255,0.0015349537134170532
2025-06-23,16:22:18.626,-0.061352841556072235,0.11544738709926605,-0.006236308254301548
2025-06-23,16:22:18.626,1.7587815523147583,5.344893932342529,-0.11965172737836838
2025-06-23,16:22:18.626,1.7724155187606812,5.379265785217285,-0.3009342551231384
2025-06-23,16:22:18.626,1.786049485206604,5.408742427825928,-0.46995070576667786
2025-06-23,16:22:18.626,1.7996834516525269,5.450881481170654,-0.4636424779891968
2025-06-23,16:22:18.626,2.557731866836548,5.250647068023682,0.25939300656318665
2025-06-23,16:22:18.626,-2.7826924324035645,6.1101179122924805,-1.3570306301116943
2025-06-23,16:22:18.626,1.0702662467956543,6.6859540939331055,1.034891128540039
2025-06-23,16:22:18.626,1.1725209951400757,7.390747547149658,-0.560430645942688
2025-06-23,16:22:18.626,1.7587815523147583,5.3412251472473145,0.2313431352376938
2025-06-23,16:22:18.626,1.7724155187606812,5.38749361038208,0.044449564069509506
2025-06-23,16:22:18.626,1.786049485206604,5.427799224853516,-0.11978296935558319
2025-06-23,16:22:18.628,1.6197150945663452,5.5264739990234375,-0.023232152685523033
2025-06-23,16:22:18.628,-0.020450947806239128,0.0385371632874012,-0.00032915148767642677
2025-06-23,16:22:18.628,1.7587815523147583,5.33063268661499,-0.40812137722969055
2025-06-23,16:22:18.628,1.7724155187606812,5.350823402404785,-0.6290872097015381
2025-06-23,16:22:18.628,1.786049485206604,5.3684515953063965,-0.8093691468238831
2025-06-23,16:22:18.628,1.7996834516525269,5.402149200439453,-0.8624695539474487
2025-06-23,16:22:18.628,1.1725209951400757,7.3501996994018555,-0.9548797011375427
2025-06-23,16:22:18.956,-0.040901895612478256,0.07706184685230255,0.0015350147150456905
2025-06-23,16:22:18.956,-0.061352841556072235,0.11544875055551529,-0.006210907828062773
2025-06-23,16:22:18.956,1.7587815523147583,5.3444013595581055,-0.13992202281951904
2025-06-23,16:22:18.956,1.9496570825576782,5.315610408782959,-0.33412766456604004
2025-06-23,16:22:18.956,1.9646544456481934,5.349902153015137,-0.4289516806602478
2025-06-23,16:22:18.956,1.7996834516525269,5.458836078643799,-0.3580191731452942
2025-06-23,16:22:18.956,2.557731866836548,5.1956963539123535,0.8008238673210144
2025-06-23,16:22:18.956,-2.9967455863952637,6.041568279266357,-1.198923945426941
2025-06-23,16:22:18.956,-3.0158331394195557,6.059553623199463,-1.3056039810180664
2025-06-23,16:22:18.956,1.1657040119171143,7.268971920013428,-1.2092684507369995
2025-06-23,16:22:18.956,0.9380168318748474,7.360179901123047,-1.1224592924118042
2025-06-23,16:22:18.956,1.7587815523147583,5.343954563140869,0.15607307851314545
2025-06-23,16:22:18.956,1.7724155187606812,5.387598514556885,0.029036322608590126
2025-06-23,16:22:18.956,1.786049485206604,5.4289937019348145,-0.03712612763047218
2025-06-23,16:22:18.956,1.7996834516525269,5.469972133636475,-0.08045514672994614
2025-06-23,16:22:18.956,0.9325632452964783,7.354198932647705,-0.8397803902626038
2025-06-23,16:22:18.956,0.9380168318748474,7.400926113128662,-0.8114514350891113
2025-06-23,16:22:18.956,-0.020450947806239128,0.038537077605724335,-0.000338748941430822
2025-06-23,16:22:18.956,1.934659719467163,5.267419815063477,-0.4323185384273529
2025-06-23,16:22:18.956,1.7724155187606812,5.353826522827148,-0.6029940247535706
2025-06-23,16:22:18.956,1.786049485206604,5.3862481117248535,-0.6809403300285339
2025-06-23,16:22:18.956,1.9796518087387085,5.37333345413208,-0.6117181181907654
2025-06-23,16:22:18.956,2.557731866836548,5.2434306144714355,0.3781735897064209
2025-06-23,16:22:18.956,1.1657040119171143,7.202125072479248,-1.5587424039840698
2025-06-23,16:22:18.956,1.1725209951400757,7.2228546142578125,-1.6636124849319458
2025-06-23,16:22:19.425,-0.040901895612478256,0.07706179469823837,0.0015375363873317838
2025-06-23,16:22:19.425,-0.061352841556072235,0.11544882506132126,-0.006209534127265215
2025-06-23,16:22:19.425,1.7587815523147583,5.344390392303467,-0.14034514129161835
2025-06-23,16:22:19.425,1.7724155187606812,5.384409427642822,-0.18760444223880768
2025-06-23,16:22:19.425,1.786049485206604,5.426052570343018,-0.1824968010187149
2025-06-23,16:22:19.425,1.7996834516525269,5.457247734069824,-0.3814640939235687
2025-06-23,16:22:19.425,2.009646415710449,5.480560302734375,-0.32148295640945435
2025-06-23,16:22:19.425,-2.9967455863952637,6.141350746154785,-0.47092968225479126
2025-06-23,16:22:19.425,1.0702662467956543,6.426834583282471,-2.113948345184326
2025-06-23,16:22:19.425,1.0770832300186157,6.618796348571777,-1.596705436706543
2025-06-23,16:22:19.425,1.4070252180099487,7.193123817443848,-1.6097475290298462
2025-06-23,16:22:19.425,0.0,7.582616329193115,0.36491575837135315
2025-06-23,16:22:19.425,-2.8467719554901123,6.616821765899658,-2.3964121341705322
2025-06-23,16:22:19.425,1.7587815523147583,5.341933250427246,0.21436730027198792
2025-06-23,16:22:19.425,1.9496570825576782,5.325377941131592,0.08779343962669373
2025-06-23,16:22:19.425,1.786049485206604,5.427619934082031,0.12763932347297668
2025-06-23,16:22:19.425,1.7996834516525269,5.4702324867248535,-0.060235604643821716
2025-06-23,16:22:19.426,-0.020450947806239128,0.038537170737981796,-0.0003280889359302819
2025-06-23,16:22:19.426,1.7587815523147583,5.326033592224121,-0.46429795026779175
2025-06-23,16:22:19.426,1.7724155187606812,5.3622212409973145,-0.5231137871742249
2025-06-23,16:22:19.426,1.786049485206604,5.406123638153076,-0.4991745948791504
2025-06-23,16:22:19.426,1.7996834516525269,5.423098564147949,-0.7190794348716736
2025-06-23,16:22:19.426,2.1923415660858154,5.38643741607666,-0.5987511873245239
2025-06-23,16:22:19.632,-0.040901895612478256,0.07706177234649658,0.001538949436508119
2025-06-23,16:22:19.632,-0.061352841556072235,0.11544929444789886,-0.006200757808983326
2025-06-23,16:22:19.632,1.7587815523147583,5.3445305824279785,-0.13491348922252655
2025-06-23,16:22:19.632,1.9496570825576782,5.319277763366699,-0.2695145308971405
2025-06-23,16:22:19.632,1.786049485206604,5.424100399017334,-0.23341792821884155
2025-06-23,16:22:19.632,1.7996834516525269,5.465546607971191,-0.23424942791461945
2025-06-23,16:22:19.632,2.1923415660858154,5.4094343185424805,-0.33200719952583313
2025-06-23,16:22:19.632,-2.7826924324035645,6.258205890655518,-0.09967073798179626
2025-06-23,16:22:19.632,1.1588870286941528,7.2492218017578125,-1.0563284158706665
2025-06-23,16:22:19.632,1.1657040119171143,7.277458190917969,-1.1571011543273926
2025-06-23,16:22:19.632,0.2385943979024887,7.612154483795166,-0.5401104688644409
2025-06-23,16:22:19.632,1.7587815523147583,5.343472957611084,0.1717565655708313
2025-06-23,16:22:19.632,1.7724155187606812,5.386956691741943,0.08808109164237976
2025-06-23,16:22:19.632,1.786049485206604,5.428247451782227,0.09736007452011108
2025-06-23,16:22:19.632,1.7996834516525269,5.469398498535156,0.11292708665132523
2025-06-23,16:22:19.632,1.1588870286941528,7.2984232902526855,-0.6325093507766724
2025-06-23,16:22:19.632,1.1657040119171143,7.334457874298096,-0.7113451957702637
2025-06-23,16:22:19.632,-0.020450947806239128,0.038537170737981796,-0.00032806748640723526
2025-06-23,16:22:19.632,1.934659719467163,5.2536301612854,-0.576176643371582
2025-06-23,16:22:19.632,1.9496570825576782,5.288567066192627,-0.6312000155448914
2025-06-23,16:22:19.632,1.786049485206604,5.397302627563477,-0.5869179964065552
2025-06-23,16:22:19.633,1.7996834516525269,5.435916900634766,-0.6147192716598511
2025-06-23,16:22:19.633,1.1588870286941528,7.173790454864502,-1.4845130443572998
2025-06-23,16:22:19.633,1.1657040119171143,7.1918182373046875,-1.6056240797042847
2025-06-23,16:22:19.957,-0.040901895612478256,0.07706178724765778,0.0015380390686914325
2025-06-23,16:22:19.957,-0.061352841556072235,0.11544929444789886,-0.006200749892741442
2025-06-23,16:22:19.957,1.934659719467163,5.2836127281188965,-0.1266777366399765
2025-06-23,16:22:19.957,1.9496570825576782,5.319581508636475,-0.26345133781433105
2025-06-23,16:22:19.957,1.9646544456481934,5.359115123748779,-0.29212796688079834
2025-06-23,16:22:19.957,1.7996834516525269,5.457851409912109,-0.37273108959198
2025-06-23,16:22:19.957,1.1657040119171143,7.246731281280518,-1.336099624633789
2025-06-23,16:22:19.957,1.1725209951400757,7.221138954162598,-1.6710431575775146
2025-06-23,16:22:19.957,0.7076027989387512,7.143424987792969,-2.332275629043579
2025-06-23,16:22:19.957,-2.358675956726074,6.949700355529785,-1.7626818418502808
2025-06-23,16:22:19.957,1.7587815523147583,5.34301233291626,0.18553735315799713
2025-06-23,16:22:19.957,1.7724155187606812,5.386694431304932,0.10287901014089584
2025-06-23,16:22:19.957,1.786049485206604,5.428679466247559,0.06921970099210739
2025-06-23,16:22:19.957,1.7996834516525269,5.4701385498046875,-0.06822515279054642
2025-06-23,16:22:19.957,1.398844838142395,7.2868475914001465,-0.7773233652114868
2025-06-23,16:22:19.957,1.1725209951400757,7.31229829788208,-1.2114163637161255
2025-06-23,16:22:19.957,0.9434704184532166,7.227806568145752,-1.9589295387268066
2025-06-23,16:22:19.957,-0.020450947806239128,0.038537099957466125,-0.00033614542917348444
2025-06-23,16:22:19.957,1.934659719467163,5.269018650054932,-0.4123779535293579
2025-06-23,16:22:19.958,1.7724155187606812,5.359773635864258,-0.5476183295249939
2025-06-23,16:22:19.958,1.786049485206604,5.399189472198486,-0.5693001747131348
2025-06-23,16:22:19.958,1.7996834516525269,5.431582450866699,-0.6519086360931396
2025-06-23,16:22:19.958,1.1657040119171143,7.146205425262451,-1.7977850437164307
2025-06-23,16:22:19.958,1.1725209951400757,7.110584259033203,-2.0920865535736084
2025-06-23,16:22:20.297,-0.040901895612478256,0.07706201076507568,0.0015269046416506171
2025-06-23,16:22:20.297,-0.061352841556072235,0.11544861644506454,-0.006213374901562929
2025-06-23,16:22:20.297,1.934659719467163,5.282197952270508,-0.1760580986738205
2025-06-23,16:22:20.297,1.7724155187606812,5.38261079788208,-0.23358272016048431
2025-06-23,16:22:20.297,1.786049485206604,5.42242956161499,-0.26945942640304565
2025-06-23,16:22:20.297,1.7996834516525269,5.461015701293945,-0.32307615876197815
2025-06-23,16:22:20.297,-2.9967455863952637,6.157003879547119,-0.1710842400789261
2025-06-23,16:22:20.297,1.1657040119171143,7.267102241516113,-1.2204545736312866
2025-06-23,16:22:20.297,1.1725209951400757,7.293440341949463,-1.3202130794525146
2025-06-23,16:22:20.297,0.7076027989387512,7.499621391296387,-0.4729755222797394
2025-06-23,16:22:20.297,0.7116929888725281,7.539356708526611,-0.5299311876296997
2025-06-23,16:22:20.297,1.7587815523147583,5.343612194061279,0.167380690574646
2025-06-23,16:22:20.297,1.7724155187606812,5.386773109436035,0.09866774082183838
2025-06-23,16:22:20.297,1.786049485206604,5.428181171417236,0.10098620504140854
2025-06-23,16:22:20.297,1.6197150945663452,5.525405406951904,0.11113470792770386
2025-06-23,16:22:20.297,1.9796518087387085,5.407971382141113,0.027534283697605133
2025-06-23,16:22:20.297,1.1657040119171143,7.320335388183594,-0.8443759083747864
2025-06-23,16:22:20.297,1.1725209951400757,7.3513102531433105,-0.9462940096855164
2025-06-23,16:22:20.297,0.7076027989387512,7.514502048492432,-0.016884060576558113
2025-06-23,16:22:20.297,-0.020450947806239128,0.03853708505630493,-0.000338036916218698
2025-06-23,16:22:20.297,1.7587815523147583,5.320253372192383,-0.5264108777046204
2025-06-23,16:22:20.297,1.7724155187606812,5.354371547698975,-0.598137378692627
2025-06-23,16:22:20.297,1.9646544456481934,5.323431968688965,-0.6830289959907532
2025-06-23,16:22:20.297,1.7996834516525269,5.42822790145874,-0.6792724132537842
2025-06-23,16:22:20.297,1.1657040119171143,7.199956893920898,-1.5687259435653687
2025-06-23,16:22:20.297,1.1725209951400757,7.221500396728516,-1.6694793701171875
2025-06-23,16:22:20.749,-0.040901895612478256,0.07706223428249359,0.0015155752189457417
2025-06-23,16:22:20.749,-0.061352841556072235,0.11544714123010635,-0.006240846123546362
2025-06-23,16:22:20.749,1.7587815523147583,5.343001842498779,-0.18584316968917847
2025-06-23,16:22:20.749,1.7724155187606812,5.380303382873535,-0.2817704379558563
2025-06-23,16:22:20.749,1.786049485206604,5.418446063995361,-0.3402850925922394
2025-06-23,16:22:20.749,1.9796518087387085,5.384008407592773,-0.5092799067497253
2025-06-23,16:22:20.749,0.9066587090492249,5.620830059051514,1.1200840473175049
2025-06-23,16:22:20.750,1.4615610837936401,5.642745494842529,0.4492591917514801
2025-06-23,16:22:20.750,-2.8004164695739746,6.286415100097656,-0.3958487808704376
2025-06-23,16:22:20.750,1.1725209951400757,7.32297420501709,-1.1451103687286377
2025-06-23,16:22:20.750,1.7587815523147583,5.3455281257629395,0.08682505786418915
2025-06-23,16:22:20.750,1.7724155187606812,5.387643337249756,0.018967419862747192
2025-06-23,16:22:20.750,1.786049485206604,5.428976058959961,-0.03960827365517616
2025-06-23,16:22:20.750,1.7996834516525269,5.46707820892334,-0.1952579766511917
2025-06-23,16:22:20.750,-0.020450947806239128,0.03853708133101463,-0.0003384090377949178
2025-06-23,16:22:20.750,1.7587815523147583,5.318924903869629,-0.5396729111671448
2025-06-23,16:22:20.750,1.9496570825576782,5.287879943847656,-0.6369332671165466
2025-06-23,16:22:20.750,1.9646544456481934,5.320046901702881,-0.7089123725891113
2025-06-23,16:22:20.750,1.9796518087387085,5.355265140533447,-0.753688633441925
2025-06-23,16:22:20.750,1.1725209951400757,7.212911605834961,-1.7062057256698608
2025-06-23,16:22:20.964,-0.040901895612478256,0.07706189900636673,0.001532641239464283
2025-06-23,16:22:20.964,-0.061352841556072235,0.11544797569513321,-0.006225365214049816
2025-06-23,16:22:20.964,1.934659719467163,5.281799793243408,-0.18762876093387604
2025-06-23,16:22:20.964,1.7724155187606812,5.380856513977051,-0.27100130915641785
2025-06-23,16:22:20.964,1.9646544456481934,5.353964328765869,-0.37485677003860474
2025-06-23,16:22:20.964,1.9796518087387085,5.398345470428467,-0.3236883580684662
2025-06-23,16:22:20.964,0.543995201587677,5.600395679473877,1.4177404642105103
2025-06-23,16:22:20.964,2.1923415660858154,5.076475620269775,-1.8977891206741333
2025-06-23,16:22:20.964,1.7587815523147583,5.341256141662598,0.23062685132026672
2025-06-23,16:22:20.964,1.7724155187606812,5.387110233306885,0.07815326005220413
2025-06-23,16:22:20.964,1.786049485206604,5.429035186767578,0.03045092336833477
2025-06-23,16:22:20.965,1.9796518087387085,5.406959056854248,-0.10817055404186249
2025-06-23,16:22:20.965,-0.020450947806239128,0.03853724151849747,-0.0003195724857505411
2025-06-23,16:22:20.965,1.934659719467163,5.260554790496826,-0.5090909004211426
2025-06-23,16:22:20.965,1.9496570825576782,5.284666538238525,-0.6630669236183167
2025-06-23,16:22:20.965,1.786049485206604,5.392673492431641,-0.6280287504196167
2025-06-23,16:22:20.965,1.9796518087387085,5.370769023895264,-0.6338369846343994
2025-06-23,16:22:21.295,-0.040901895612478256,0.07706204056739807,0.0015252170851454139
2025-06-23,16:22:21.295,-0.061352841556072235,0.11544893682003021,-0.006207430735230446
2025-06-23,16:22:21.295,1.7587815523147583,5.343380928039551,-0.1745975762605667
2025-06-23,16:22:21.295,1.7724155187606812,5.380302906036377,-0.2817843556404114
2025-06-23,16:22:21.295,1.786049485206604,5.419063091278076,-0.33030930161476135
2025-06-23,16:22:21.295,1.9796518087387085,5.392545700073242,-0.40910008549690247
2025-06-23,16:22:21.295,-3.0349206924438477,6.19938325881958,-0.6916239857673645
2025-06-23,16:22:21.295,1.1657040119171143,7.293923377990723,-1.0483156442642212
2025-06-23,16:22:21.295,1.4070252180099487,7.20123815536499,-1.5730504989624023
2025-06-23,16:22:21.295,1.7587815523147583,5.344447612762451,0.13816125690937042
2025-06-23,16:22:21.295,1.7724155187606812,5.387549877166748,0.037004973739385605
2025-06-23,16:22:21.295,1.786049485206604,5.42909049987793,0.018003294244408607
2025-06-23,16:22:21.295,1.7996834516525269,5.470354080200195,0.047916438430547714
2025-06-23,16:22:21.295,0.9325632452964783,7.387548923492432,-0.46216079592704773
2025-06-23,16:22:21.295,1.4070252180099487,7.271909713745117,-1.2048444747924805
2025-06-23,16:22:21.295,-0.020450947806239128,0.03853704407811165,-0.0003428487398196012
2025-06-23,16:22:21.295,1.934659719467163,5.250805854797363,-0.601372480392456
2025-06-23,16:22:21.295,1.9496570825576782,5.2819719314575195,-0.6841980218887329
2025-06-23,16:22:21.295,1.9646544456481934,5.318003177642822,-0.7240846753120422
2025-06-23,16:22:21.295,1.9796518087387085,5.356872081756592,-0.7421809434890747
2025-06-23,16:22:21.295,1.1657040119171143,7.223789691925049,-1.455041527748108
2025-06-23,16:22:21.295,1.1725209951400757,7.1926350593566895,-1.7897586822509766
2025-06-23,16:22:21.631,-0.040901895612478256,0.07706188410520554,0.0015331314643844962
2025-06-23,16:22:21.631,-0.061352841556072235,0.11544888466596603,-0.006208505481481552
2025-06-23,16:22:21.631,1.7587815523147583,5.344842433929443,-0.12193227559328079
2025-06-23,16:22:21.631,1.7724155187606812,5.381404399871826,-0.2599012553691864
2025-06-23,16:22:21.631,1.786049485206604,5.4186906814575195,-0.3363593518733978
2025-06-23,16:22:21.631,1.7996834516525269,5.457179069519043,-0.38244739174842834
2025-06-23,16:22:21.631,0.7076027989387512,7.495226860046387,-0.5381476283073425
2025-06-23,16:22:21.631,1.7587815523147583,5.3438639640808105,0.15913785994052887
2025-06-23,16:22:21.631,1.7724155187606812,5.38736629486084,0.05784193426370621
2025-06-23,16:22:21.631,1.786049485206604,5.429119110107422,0.004160076379776001
2025-06-23,16:22:21.631,1.7996834516525269,5.470498085021973,-0.02689969725906849
2025-06-23,16:22:21.631,0.7076027989387512,7.514451026916504,0.03250904008746147
2025-06-23,16:22:21.631,-0.020450947806239128,0.03853708133101463,-0.0003384161973372102
2025-06-23,16:22:21.631,1.934659719467163,5.267222881317139,-0.4347144663333893
2025-06-23,16:22:21.631,1.9496570825576782,5.291527271270752,-0.6058812737464905
2025-06-23,16:22:21.631,1.9646544456481934,5.320056915283203,-0.7088361382484436
2025-06-23,16:22:21.631,1.7996834516525269,5.435983180999756,-0.6141307950019836
2025-06-23,16:22:21.631,0.9434704184532166,7.40434455871582,-1.1199438571929932
2025-06-23,16:22:21.957,-0.040901895612478256,0.07706202566623688,0.0015262069646269083
2025-06-23,16:22:21.957,-0.061352841556072235,0.11544927954673767,-0.006201089359819889
2025-06-23,16:22:21.957,1.7587815523147583,5.344955921173096,-0.11685264110565186
2025-06-23,16:22:21.957,1.7724155187606812,5.382372856140137,-0.23900820314884186
2025-06-23,16:22:21.957,1.786049485206604,5.421300411224365,-0.2912916839122772
2025-06-23,16:22:21.957,1.7996834516525269,5.465714454650879,-0.23029915988445282
2025-06-23,16:22:21.957,1.1657040119171143,7.303239345550537,-0.9813128113746643
2025-06-23,16:22:21.957,1.1725209951400757,7.28848123550415,-1.3473217487335205
2025-06-23,16:22:21.957,1.7587815523147583,5.340690612792969,0.2433723360300064
2025-06-23,16:22:21.957,1.7724155187606812,5.386463165283203,0.11435273289680481
2025-06-23,16:22:21.957,1.786049485206604,5.428884029388428,0.050655901432037354
2025-06-23,16:22:21.957,1.6197150945663452,5.524683952331543,0.1425548642873764
2025-06-23,16:22:21.957,0.9325632452964783,7.389577865600586,-0.4284988045692444
2025-06-23,16:22:21.957,1.1725209951400757,7.3613457679748535,-0.8647644519805908
2025-06-23,16:22:21.957,-0.020450947806239128,0.03853717818856239,-0.000327373796608299
2025-06-23,16:22:21.957,1.934659719467163,5.264055252075195,-0.4715254604816437
2025-06-23,16:22:21.957,1.9496570825576782,5.290100574493408,-0.618215799331665
2025-06-23,16:22:21.957,1.9646544456481934,5.3247175216674805,-0.6729307174682617
2025-06-23,16:22:21.957,1.9796518087387085,5.382807731628418,-0.5218151807785034
2025-06-23,16:22:21.957,1.1657040119171143,7.191534042358398,-1.6068974733352661
2025-06-23,16:22:21.957,1.1725209951400757,7.178773403167725,-1.8445714712142944
2025-06-23,16:22:22.371,-0.040901895612478256,0.07706211507320404,0.0015215115854516625
2025-06-23,16:22:22.371,-0.061352841556072235,0.11544732749462128,-0.006237316410988569
2025-06-23,16:22:22.371,1.7587815523147583,5.344295024871826,-0.14393430948257446
2025-06-23,16:22:22.371,1.7724155187606812,5.383549213409424,-0.21085812151432037
2025-06-23,16:22:22.371,1.786049485206604,5.427229881286621,-0.14326421916484833
2025-06-23,16:22:22.372,1.9796518087387085,5.406270980834961,0.13836126029491425
2025-06-23,16:22:22.372,1.7587815523147583,5.339555263519287,0.2671234905719757
2025-06-23,16:22:22.372,1.9496570825576782,5.324715614318848,0.12149205058813095
2025-06-23,16:22:22.372,1.786049485206604,5.425949573516846,0.1855245977640152
2025-06-23,16:22:22.372,1.9796518087387085,5.395827770233154,0.3632488548755646
2025-06-23,16:22:22.372,-0.020450947806239128,0.03853708505630493,-0.0003380512061994523
2025-06-23,16:22:22.372,1.7587815523147583,5.331148624420166,-0.4013226330280304
2025-06-23,16:22:22.372,1.9496570825576782,5.298711776733398,-0.5394527316093445
2025-06-23,16:22:22.372,1.9646544456481934,5.347692012786865,-0.4556800425052643
2025-06-23,16:22:22.372,2.1596200466156006,5.338463306427002,-0.0527569055557251
2025-06-23,16:22:22.647,-0.040901895612478256,0.07706216722726822,0.0015189226251095533
2025-06-23,16:22:22.647,-0.061352841556072235,0.11544939875602722,-0.006198803428560495
2025-06-23,16:22:22.647,1.934659719467163,5.281583309173584,-0.1936211884021759
2025-06-23,16:22:22.647,1.9496570825576782,5.318292140960693,-0.2883133292198181
2025-06-23,16:22:22.647,1.9646544456481934,5.361788749694824,-0.23806989192962646
2025-06-23,16:22:22.647,1.9796518087387085,5.405869960784912,-0.15322938561439514
2025-06-23,16:22:22.647,2.3573126792907715,5.2758917808532715,0.5276291370391846
2025-06-23,16:22:22.647,2.009646415710449,5.476247787475586,0.3880798816680908
2025-06-23,16:22:22.647,1.7587815523147583,5.344457149505615,0.13779211044311523
2025-06-23,16:22:22.647,1.7724155187606812,5.387462615966797,0.04806383699178696
2025-06-23,16:22:22.647,1.786049485206604,5.42783784866333,0.11800054460763931
2025-06-23,16:22:22.647,1.9796518087387085,5.404145240783691,0.20523476600646973
2025-06-23,16:22:22.647,-0.020450947806239128,0.038537006825208664,-0.00034692310146056116
2025-06-23,16:22:22.647,1.934659719467163,5.258646011352539,-0.5284433960914612
2025-06-23,16:22:22.647,1.9496570825576782,5.292463302612305,-0.5976493954658508
2025-06-23,16:22:22.647,1.786049485206604,5.402342796325684,-0.5385570526123047
2025-06-23,16:22:22.647,1.9796518087387085,5.388298988342285,-0.4616733491420746
2025-06-23,16:22:22.950,-0.040901895612478256,0.07706199586391449,0.0015276013873517513
2025-06-23,16:22:22.950,-0.061352841556072235,0.1154409646987915,-0.006354068405926228
2025-06-23,16:22:22.951,1.7587815523147583,5.342418670654297,-0.20191814005374908
2025-06-23,16:22:22.951,1.7724155187606812,5.378425598144531,-0.3155967593193054
2025-06-23,16:22:22.951,1.9646544456481934,5.353511810302734,-0.38126665353775024
2025-06-23,16:22:22.951,1.9796518087387085,5.36141300201416,-0.7086345553398132
2025-06-23,16:22:22.951,2.009646415710449,5.478569507598877,-0.3537959158420563
2025-06-23,16:22:22.951,1.7587815523147583,5.342190265655518,0.20786675810813904
2025-06-23,16:22:22.951,1.7724155187606812,5.387304306030273,0.06334438174962997
2025-06-23,16:22:22.951,1.786049485206604,5.42908239364624,0.02038777992129326
2025-06-23,16:22:22.951,1.7996834516525269,5.467069625854492,-0.19550031423568726
2025-06-23,16:22:22.951,-0.020450947806239128,0.03853699564933777,-0.0003480134764686227
2025-06-23,16:22:22.951,1.7587815523147583,5.305663585662842,-0.657372236251831
2025-06-23,16:22:22.951,1.9496570825576782,5.277993202209473,-0.7142425179481506
2025-06-23,16:22:22.951,1.9646544456481934,5.311699390411377,-0.7689619064331055
2025-06-23,16:22:22.951,1.9796518087387085,5.2673492431640625,-1.2255363464355469
2025-06-23,16:22:23.294,-0.040901895612478256,0.07706212252378464,0.0015213035512715578
2025-06-23,16:22:23.294,-0.061352841556072235,0.11544368416070938,-0.0063044223934412
2025-06-23,16:22:23.294,1.7587815523147583,5.343534469604492,-0.1698390543460846
2025-06-23,16:22:23.294,1.7724155187606812,5.381072998046875,-0.2666725218296051
2025-06-23,16:22:23.294,1.9646544456481934,5.357214450836182,-0.32512587308883667
2025-06-23,16:22:23.294,1.9796518087387085,5.397398948669434,-0.3391095697879791
2025-06-23,16:22:23.294,1.8133174180984497,5.4458441734313965,0.8514745235443115
2025-06-23,16:22:23.294,1.6442562341690063,5.5498199462890625,0.8212753534317017
2025-06-23,16:22:23.294,1.7587815523147583,5.342918872833252,0.18821275234222412
2025-06-23,16:22:23.294,1.7724155187606812,5.387052059173584,0.08202575147151947
2025-06-23,16:22:23.294,1.786049485206604,5.428746700286865,0.06370317935943604
2025-06-23,16:22:23.294,1.7996834516525269,5.470470905303955,0.03194848448038101
2025-06-23,16:22:23.294,1.6319856643676758,5.373098373413086,1.4617749452590942
2025-06-23,16:22:23.294,-0.020450947806239128,0.03853714466094971,-0.0003310617175884545
2025-06-23,16:22:23.294,1.934659719467163,5.258935451507568,-0.5255561470985413
2025-06-23,16:22:23.294,1.9496570825576782,5.2878947257995605,-0.6368086934089661
2025-06-23,16:22:23.294,1.9646544456481934,5.325854301452637,-0.663875162601471
2025-06-23,16:22:23.294,1.9796518087387085,5.371898651123047,-0.6241921782493591
2025-06-23,16:22:23.624,-0.040901895612478256,0.0770619586110115,0.0015294248005375266
2025-06-23,16:22:23.624,-0.061352841556072235,0.11544963717460632,-0.006194372195750475
2025-06-23,16:22:23.624,1.7587815523147583,5.343896389007568,-0.15804652869701385
2025-06-23,16:22:23.624,1.7724155187606812,5.381006240844727,-0.2680111825466156
2025-06-23,16:22:23.624,1.786049485206604,5.424469470977783,-0.2246835082769394
2025-06-23,16:22:23.624,1.7996834516525269,5.469087600708008,0.12709113955497742
2025-06-23,16:22:23.624,1.9946491718292236,4.956880569458008,2.2629754543304443
2025-06-23,16:22:23.624,2.009646415710449,5.420982837677002,-0.8676632046699524
2025-06-23,16:22:23.624,1.7587815523147583,5.3433332443237305,0.17605668306350708
2025-06-23,16:22:23.624,1.7724155187606812,5.387110710144043,0.07810615003108978
2025-06-23,16:22:23.624,1.786049485206604,5.427546501159668,0.13072583079338074
2025-06-23,16:22:23.624,1.7996834516525269,5.446279048919678,0.5148929357528687
2025-06-23,16:22:23.624,-0.020450947806239128,0.03853713721036911,-0.0003321569529362023
2025-06-23,16:22:23.624,1.7587815523147583,5.331499099731445,-0.3966425657272339
2025-06-23,16:22:23.624,1.9496570825576782,5.290524482727051,-0.6145790815353394
2025-06-23,16:22:23.624,1.9646544456481934,5.330774784088135,-0.6231313943862915
2025-06-23,16:22:23.624,1.9796518087387085,5.401883125305176,-0.25800514221191406
2025-06-23,16:22:23.952,-0.040901895612478256,0.0770622193813324,0.0015162662602961063
2025-06-23,16:22:23.953,-0.061352841556072235,0.11544309556484222,-0.006315153557807207
2025-06-23,16:22:23.953,1.7587815523147583,5.343758583068848,-0.16263270378112793
2025-06-23,16:22:23.953,1.7724155187606812,5.378757476806641,-0.30988237261772156
2025-06-23,16:22:23.953,1.9646544456481934,5.351536273956299,-0.40806373953819275
2025-06-23,16:22:23.953,1.9796518087387085,5.384683132171631,-0.5020911693572998
2025-06-23,16:22:23.953,1.4506539106369019,5.6120805740356445,0.26552122831344604
2025-06-23,16:22:23.953,1.7587815523147583,5.344676494598389,0.12899261713027954
2025-06-23,16:22:23.953,1.7724155187606812,5.387435436248779,0.05099031701683998
2025-06-23,16:22:23.953,1.786049485206604,5.429087162017822,-0.01907208189368248
2025-06-23,16:22:23.953,1.7996834516525269,5.470103740692139,-0.0709456279873848
2025-06-23,16:22:23.953,1.269322156906128,5.632482528686523,0.5781956911087036
2025-06-23,16:22:23.953,-0.020450947806239128,0.03853699192404747,-0.0003483784676063806
2025-06-23,16:22:23.953,1.934659719467163,5.261183738708496,-0.502549946308136
2025-06-23,16:22:23.953,1.9496570825576782,5.282818794250488,-0.6776286363601685
2025-06-23,16:22:23.953,1.9646544456481934,5.313912391662598,-0.7535187602043152
2025-06-23,16:22:23.953,1.9796518087387085,5.340523719787598,-0.8518902063369751
2025-06-23,16:22:24.353,-0.040901895612478256,0.07706266641616821,0.0014934639912098646
2025-06-23,16:22:24.353,-0.061352841556072235,0.11544331163167953,-0.0063111367635428905
2025-06-23,16:22:24.353,1.7451475858688354,5.286022186279297,0.4458238482475281
2025-06-23,16:22:24.353,1.7587815523147583,5.344254016876221,-0.14545756578445435
2025-06-23,16:22:24.353,1.7724155187606812,5.380461692810059,-0.27873748540878296
2025-06-23,16:22:24.353,1.786049485206604,5.421332836151123,-0.290689617395401
2025-06-23,16:22:24.353,1.7996834516525269,5.4636945724487305,-0.2740679979324341
2025-06-23,16:22:24.353,1.9946491718292236,5.393307209014893,-0.7771500945091248
2025-06-23,16:22:24.353,1.8269513845443726,5.540512561798096,-0.37886983156204224
2025-06-23,16:22:24.353,1.8405853509902954,5.514299392700195,-0.946230947971344
2025-06-23,16:22:24.353,1.7587815523147583,5.343233585357666,0.1790606528520584
2025-06-23,16:22:24.353,1.9496570825576782,5.325932502746582,0.04238229990005493
2025-06-23,16:22:24.353,1.786049485206604,5.428801536560059,0.05885906144976616
2025-06-23,16:22:24.353,1.9796518087387085,5.407471179962158,0.07853212207555771
2025-06-23,16:22:24.353,1.8133174180984497,5.5120062828063965,0.0038640566635876894
2025-06-23,16:22:24.353,-0.020450947806239128,0.03853696957230568,-0.0003510148962959647
2025-06-23,16:22:24.353,1.934659719467163,5.263258457183838,-0.4803342819213867
2025-06-23,16:22:24.353,1.9496570825576782,5.287753582000732,-0.6379795670509338
2025-06-23,16:22:24.353,1.786049485206604,5.392680644989014,-0.6279701590538025
2025-06-23,16:22:24.353,1.7996834516525269,5.44146203994751,-0.5635276436805725
2025-06-23,16:22:24.621,-0.040901895612478256,0.07706242799758911,0.0015055726980790496
2025-06-23,16:22:24.621,-0.061352841556072235,0.11544425040483475,-0.0062940772622823715
2025-06-23,16:22:24.621,1.7451475858688354,5.288007736206055,0.4216189384460449
2025-06-23,16:22:24.621,1.7587815523147583,5.345273971557617,-0.1012592688202858
2025-06-23,16:22:24.621,1.7724155187606812,5.382998943328857,-0.22445990145206451
2025-06-23,16:22:24.621,1.9646544456481934,5.359836101531982,-0.27858439087867737
2025-06-23,16:22:24.621,1.7996834516525269,5.467861652374268,-0.17192885279655457
2025-06-23,16:22:24.621,1.9946491718292236,5.443163871765137,-0.25237447023391724
2025-06-23,16:22:24.621,1.7587815523147583,5.339147567749023,0.2751521170139313
2025-06-23,16:22:24.621,1.7724155187606812,5.385406494140625,0.15638405084609985
2025-06-23,16:22:24.621,1.786049485206604,5.428071022033691,0.10675288736820221
2025-06-23,16:22:24.621,1.7996834516525269,5.46922492980957,0.12104097008705139
2025-06-23,16:22:24.621,1.9946491718292236,5.449010848999023,0.0019320283317938447
2025-06-23,16:22:24.621,-0.020450947806239128,0.038537003099918365,-0.00034729839535430074
2025-06-23,16:22:24.621,1.7587815523147583,5.32377815246582,-0.48948201537132263
2025-06-23,16:22:24.621,1.9496570825576782,5.289952754974365,-0.619479775428772
2025-06-23,16:22:24.621,1.9646544456481934,5.328143119812012,-0.6452479958534241
2025-06-23,16:22:24.621,1.9796518087387085,5.368865489959717,-0.6497651934623718
2025-06-23,16:22:24.621,1.9946491718292236,5.424178600311279,-0.5196241140365601
2025-06-23,16:22:24.964,-0.040901895612478256,0.07706236094236374,0.001508932327851653
2025-06-23,16:22:24.964,-0.061352841556072235,0.11544469743967056,-0.006285866256803274
2025-06-23,16:22:24.964,1.934659719467163,5.283586502075195,-0.12777405977249146
2025-06-23,16:22:24.964,1.9496570825576782,5.321810722351074,-0.21374019980430603
2025-06-23,16:22:24.964,1.786049485206604,5.425974369049072,-0.18479838967323303
2025-06-23,16:22:24.964,1.9796518087387085,5.407111644744873,-0.10026191920042038
2025-06-23,16:22:24.964,1.9946491718292236,5.425403118133545,0.506678581237793
2025-06-23,16:22:24.964,0.9434704184532166,7.417147636413574,-1.0317538976669312
2025-06-23,16:22:24.964,1.7587815523147583,5.341180801391602,0.2323627769947052
2025-06-23,16:22:24.964,1.7724155187606812,5.385574817657471,0.1504877358675003
2025-06-23,16:22:24.964,1.786049485206604,5.426808834075928,0.15840598940849304
2025-06-23,16:22:24.964,1.7996834516525269,5.463192939758301,0.28388622403144836
2025-06-23,16:22:24.964,1.9946491718292236,5.380230903625488,0.863040566444397
2025-06-23,16:22:24.964,-0.020450947806239128,0.03853701055049896,-0.00034621902159415185
2025-06-23,16:22:24.964,1.934659719467163,5.263715744018555,-0.4752996265888214
2025-06-23,16:22:24.964,1.7724155187606812,5.3614726066589355,-0.5307281017303467
2025-06-23,16:22:24.964,1.9646544456481934,5.33434534072876,-0.591789722442627
2025-06-23,16:22:24.964,1.7996834516525269,5.450498104095459,-0.46812736988067627
2025-06-23,16:22:24.964,1.9946491718292236,5.442697525024414,0.26223036646842957
2025-06-23,16:22:24.964,0.9325632452964783,7.141762733459473,-1.945429801940918
2025-06-23,16:22:24.964,0.7035126090049744,7.313645362854004,-1.5256812572479248
2025-06-23,16:22:24.964,0.9434704184532166,7.355195045471191,-1.4070179462432861
2025-06-23,16:22:25.301,-0.040901895612478256,0.07706256955862045,0.0014984249137341976
2025-06-23,16:22:25.301,-0.061352841556072235,0.11544482409954071,-0.0062834094278514385
2025-06-23,16:22:25.301,1.934659719467163,5.284541130065918,-0.0789865106344223
2025-06-23,16:22:25.301,1.7724155187606812,5.386006832122803,-0.134128138422966
2025-06-23,16:22:25.301,1.786049485206604,5.428533554077148,-0.07981378585100174
2025-06-23,16:22:25.301,1.7996834516525269,5.468485355377197,0.15079839527606964
2025-06-23,16:22:25.301,1.9946491718292236,5.447120189666748,-0.14353695511817932
2025-06-23,16:22:25.301,2.009646415710449,5.489236354827881,-0.0904349833726883
2025-06-23,16:22:25.301,1.1588870286941528,7.2388458251953125,-1.1252391338348389
2025-06-23,16:22:25.301,1.1657040119171143,7.272878170013428,-1.1855469942092896
2025-06-23,16:22:25.301,0.9380168318748474,7.351830959320068,-1.1759028434753418
2025-06-23,16:22:25.301,0.7076027989387512,7.442407131195068,-1.0385584831237793
2025-06-23,16:22:25.301,1.7587815523147583,5.338815689086914,0.2815195322036743
2025-06-23,16:22:25.301,1.9496570825576782,5.323352813720703,0.17109288275241852
2025-06-23,16:22:25.301,1.786049485206604,5.422645092010498,0.26508066058158875
2025-06-23,16:22:25.301,1.7996834516525269,5.4447102546691895,0.5312251448631287
2025-06-23,16:22:25.301,1.8133174180984497,5.503286361694336,0.30995091795921326
2025-06-23,16:22:25.301,1.1657040119171143,7.338837623596191,-0.6646396517753601
2025-06-23,16:22:25.301,0.9380168318748474,7.408827304840088,-0.7358273267745972
2025-06-23,16:22:25.301,-0.020450947806239128,0.038536857813596725,-0.00036314697354100645
2025-06-23,16:22:25.303,1.7587815523147583,5.332350730895996,-0.3850240111351013
2025-06-23,16:22:25.303,1.9496570825576782,5.301651954650879,-0.5097463726997375
2025-06-23,16:22:25.303,1.786049485206604,5.41010046005249,-0.45405206084251404
2025-06-23,16:22:25.303,1.7996834516525269,5.465737342834473,-0.22975575923919678
2025-06-23,16:22:25.303,1.9946491718292236,5.416528701782227,-0.5940859913825989
2025-06-23,16:22:25.303,1.1588870286941528,7.141219139099121,-1.634026288986206
2025-06-23,16:22:25.303,1.1657040119171143,7.186995983123779,-1.6270751953125
2025-06-23,16:22:25.303,1.1725209951400757,7.221068859100342,-1.671345591545105
2025-06-23,16:22:25.303,0.9434704184532166,7.351141452789307,-1.4280459880828857
2025-06-23,16:22:25.623,-0.040901895612478256,0.07706248015165329,0.0015027684858068824
2025-06-23,16:22:25.623,-0.061352841556072235,0.11544522643089294,-0.006276172585785389
2025-06-23,16:22:25.623,1.919662356376648,5.225588321685791,0.44096681475639343
2025-06-23,16:22:25.623,1.7587815523147583,5.346088409423828,-0.03927069902420044
2025-06-23,16:22:25.623,1.9496570825576782,5.324080467224121,-0.14671386778354645
2025-06-23,16:22:25.623,1.9646544456481934,5.366590976715088,-0.07180486619472504
2025-06-23,16:22:25.623,1.7996834516525269,5.4656982421875,0.23067396879196167
2025-06-23,16:22:25.623,1.9946491718292236,5.4380292892456055,0.3457752466201782
2025-06-23,16:22:25.623,1.1657040119171143,6.896017074584961,-2.597158670425415
2025-06-23,16:22:25.623,1.7587815523147583,5.33915901184082,0.27493393421173096
2025-06-23,16:22:25.623,1.7724155187606812,5.382396221160889,0.23847611248493195
2025-06-23,16:22:25.625,1.786049485206604,5.420711040496826,0.30206072330474854
2025-06-23,16:22:25.625,1.7996834516525269,5.438089847564697,0.5951887369155884
2025-06-23,16:22:25.625,-0.020450947806239128,0.03853696957230568,-0.0003510148962959647
2025-06-23,16:22:25.625,1.934659719467163,5.266988754272461,-0.43754035234451294
2025-06-23,16:22:25.625,1.9496570825576782,5.304305076599121,-0.4813535809516907
2025-06-23,16:22:25.625,1.9646544456481934,5.350055694580078,-0.4270346760749817
2025-06-23,16:22:25.625,1.9796518087387085,5.406826019287109,-0.11464209854602814
2025-06-23,16:22:25.625,2.175980806350708,5.376561641693115,0.16745153069496155
2025-06-23,16:22:25.625,1.1657040119171143,6.727661609649658,-3.0064680576324463
2025-06-23,16:22:25.957,-0.040901895612478256,0.07706252485513687,0.001500727841630578
2025-06-23,16:22:25.957,-0.061352841556072235,0.11544448137283325,-0.006289833690971136
2025-06-23,16:22:25.957,1.934659719467163,5.284815311431885,-0.05777828022837639
2025-06-23,16:22:25.957,1.7724155187606812,5.386297225952148,-0.1219179555773735
2025-06-23,16:22:25.957,1.786049485206604,5.429024696350098,-0.03227080777287483
2025-06-23,16:22:25.957,1.7996834516525269,5.464321613311768,0.2612697184085846
2025-06-23,16:22:25.957,2.175980806350708,5.378512382507324,0.0840296819806099
2025-06-23,16:22:25.957,1.1657040119171143,7.254444122314453,-1.2935700416564941
2025-06-23,16:22:25.957,1.1725209951400757,7.199011325836182,-1.763936161994934
2025-06-23,16:22:25.957,1.7587815523147583,5.336497783660889,0.32249027490615845
2025-06-23,16:22:25.957,1.7724155187606812,5.382269382476807,0.24132345616817474
2025-06-23,16:22:25.957,1.786049485206604,5.420079708099365,0.3131836950778961
2025-06-23,16:22:25.957,1.7996834516525269,5.437408924102783,0.601378858089447
2025-06-23,16:22:25.957,1.9946491718292236,5.416295051574707,0.5962149500846863
2025-06-23,16:22:25.957,-0.020450947806239128,0.03853704035282135,-0.0003432151861488819
2025-06-23,16:22:25.957,1.934659719467163,5.271342754364014,-0.38151857256889343
2025-06-23,16:22:25.957,1.9496570825576782,5.303294658660889,-0.49236297607421875
2025-06-23,16:22:25.957,1.9646544456481934,5.350011348724365,-0.42759260535240173
2025-06-23,16:22:25.957,1.9796518087387085,5.407308101654053,-0.08904138207435608
2025-06-23,16:22:25.957,1.9946491718292236,5.433737277984619,-0.40770408511161804
2025-06-23,16:22:25.957,0.9325632452964783,7.1667351722717285,-1.8513199090957642
2025-06-23,16:22:25.957,1.1725209951400757,7.025141716003418,-2.3631796836853027
2025-06-23,16:22:26.432,-0.040901895612478256,0.07706190645694733,0.001532142050564289
2025-06-23,16:22:26.433,-0.061352841556072235,0.11544797569513321,-0.00622533867135644
2025-06-23,16:22:26.433,1.934659719467163,5.283893585205078,-0.11436077952384949
2025-06-23,16:22:26.433,1.9496570825576782,5.319461345672607,-0.26587170362472534
2025-06-23,16:22:26.433,1.9646544456481934,5.35645866394043,-0.33735010027885437
2025-06-23,16:22:26.433,2.1596200466156006,5.335717678070068,-0.17913763225078583
2025-06-23,16:22:26.433,0.9066587090492249,5.709203243255615,0.5033088326454163
2025-06-23,16:22:26.433,1.8269513845443726,5.553316116333008,-0.03876994922757149
2025-06-23,16:22:26.433,1.398844838142395,7.086904525756836,-1.864984393119812
2025-06-23,16:22:26.433,1.4070252180099487,7.170236587524414,-1.708808183670044
2025-06-23,16:22:26.433,1.7587815523147583,5.340530872344971,0.24685759842395782
2025-06-23,16:22:26.433,1.9496570825576782,5.325584411621094,0.07420901209115982
2025-06-23,16:22:26.433,1.9646544456481934,5.367027282714844,-0.021782023832201958
2025-06-23,16:22:26.433,2.1596200466156006,5.337890148162842,0.09435630589723587
2025-06-23,16:22:26.433,1.398844838142395,7.20362663269043,-1.3454160690307617
2025-06-23,16:22:26.433,1.4070252180099487,7.26461124420166,-1.2480961084365845
2025-06-23,16:22:26.433,-0.020450947806239128,0.03853708505630493,-0.0003380512061994523
2025-06-23,16:22:26.433,1.934659719467163,5.260356426239014,-0.511137843132019
2025-06-23,16:22:26.433,1.9496570825576782,5.288235187530518,-0.6339726448059082
2025-06-23,16:22:26.433,1.9646544456481934,5.3229241371154785,-0.6869727969169617
2025-06-23,16:22:26.433,1.9796518087387085,5.38910436630249,-0.4521752595901489
2025-06-23,16:22:26.433,0.9066587090492249,5.7304205894470215,0.10293729603290558
2025-06-23,16:22:26.433,1.398844838142395,6.900791168212891,-2.46606183052063
2025-06-23,16:22:26.622,-0.040901895612478256,0.07706163823604584,0.0015453716041520238
2025-06-23,16:22:26.622,-0.061352841556072235,0.11544998735189438,-0.006187943741679192
2025-06-23,16:22:26.622,1.7587815523147583,5.34440803527832,-0.1396767944097519
2025-06-23,16:22:26.622,1.9496570825576782,5.317425727844238,-0.3038736581802368
2025-06-23,16:22:26.622,1.9646544456481934,5.353857517242432,-0.37637975811958313
2025-06-23,16:22:26.622,1.9796518087387085,5.399497985839844,-0.3038580119609833
2025-06-23,16:22:26.622,1.8133174180984497,5.379662036895752,-1.2006115913391113
2025-06-23,16:22:26.622,1.8269513845443726,5.522878170013428,-0.5819270610809326
2025-06-23,16:22:26.622,1.398844838142395,7.1462721824646,-1.6227058172225952
2025-06-23,16:22:26.622,1.4070252180099487,7.228527069091797,-1.442468523979187
2025-06-23,16:22:26.622,1.7587815523147583,5.344494342803955,0.13634461164474487
2025-06-23,16:22:26.622,1.7724155187606812,5.3872151374816895,0.07051083445549011
2025-06-23,16:22:26.622,1.786049485206604,5.429108142852783,-0.01156213041394949
2025-06-23,16:22:26.622,1.7996834516525269,5.470016002655029,0.077436164021492
2025-06-23,16:22:26.622,1.8133174180984497,5.439846992492676,-0.8889842629432678
2025-06-23,16:22:26.622,1.398844838142395,7.238595485687256,-1.1424157619476318
2025-06-23,16:22:26.622,1.4070252180099487,7.305581092834473,-0.980206310749054
2025-06-23,16:22:26.622,-0.020450947806239128,0.038537126034498215,-0.00033323862589895725
2025-06-23,16:22:26.622,1.934659719467163,5.265750885009766,-0.4521947503089905
2025-06-23,16:22:26.622,1.9496570825576782,5.287110805511475,-0.6432830095291138
2025-06-23,16:22:26.622,1.9646544456481934,5.315237998962402,-0.7441108226776123
2025-06-23,16:22:26.622,1.9796518087387085,5.354530334472656,-0.7588884234428406
2025-06-23,16:22:26.622,1.8133174180984497,5.332571983337402,-1.3949570655822754
2025-06-23,16:22:26.953,-0.040901895612478256,0.07706155627965927,0.0015495780389755964
2025-06-23,16:22:26.953,-0.061352841556072235,0.11544927954673767,-0.0062010460533201694
2025-06-23,16:22:26.953,1.7451475858688354,5.304319858551025,0.07058588415384293
2025-06-23,16:22:26.953,1.934659719467163,5.282374858856201,-0.17067235708236694
2025-06-23,16:22:26.953,1.9496570825576782,5.316617012023926,-0.31770649552345276
2025-06-23,16:22:26.953,1.786049485206604,5.416928768157959,-0.36363473534584045
2025-06-23,16:22:26.953,1.9796518087387085,5.407623767852783,-0.06719736009836197
2025-06-23,16:22:26.953,1.269322156906128,5.450213432312012,-1.534387469291687
2025-06-23,16:22:26.953,1.8269513845443726,5.37091588973999,-1.4121215343475342
2025-06-23,16:22:26.953,1.398844838142395,7.190759181976318,-1.412573218345642
2025-06-23,16:22:26.953,1.4070252180099487,7.281241416931152,-1.1471000909805298
2025-06-23,16:22:26.953,1.179337978363037,7.422106742858887,-0.7001593112945557
2025-06-23,16:22:26.953,1.934659719467163,5.282137393951416,0.1778646856546402
2025-06-23,16:22:26.954,1.9496570825576782,5.326031684875488,0.02719430811703205
2025-06-23,16:22:26.954,1.786049485206604,5.428905487060547,-0.04832502827048302
2025-06-23,16:22:26.954,1.9796518087387085,5.39670467376709,0.3499848544597626
2025-06-23,16:22:26.954,1.398844838142395,7.257656097412109,-1.0143014192581177
2025-06-23,16:22:26.954,1.4070252180099487,7.336582183837891,-0.7119544148445129
2025-06-23,16:22:26.954,0.9434704184532166,7.486232280731201,-0.18688076734542847
2025-06-23,16:22:26.954,-0.020450947806239128,0.03853712975978851,-0.00033286502002738416
2025-06-23,16:22:26.954,1.934659719467163,5.259263515472412,-0.5222639441490173
2025-06-23,16:22:26.954,1.9496570825576782,5.2848944664001465,-0.6612446904182434
2025-06-23,16:22:26.954,1.9646544456481934,5.31797456741333,-0.7242946624755859
2025-06-23,16:22:26.954,1.9796518087387085,5.394585132598877,-0.38125988841056824
2025-06-23,16:22:26.954,1.269322156906128,5.412084579467773,-1.6638851165771484
2025-06-23,16:22:27.297,-0.040901895612478256,0.0770614892244339,0.0015528532676398754
2025-06-23,16:22:27.297,-0.061352841556072235,0.11545022577047348,-0.006183471530675888
2025-06-23,16:22:27.297,1.934659719467163,5.2831645011901855,-0.14416304230690002
2025-06-23,16:22:27.297,1.9496570825576782,5.316159248352051,-0.3252820372581482
2025-06-23,16:22:27.297,1.786049485206604,5.415362358093262,-0.3862631022930145
2025-06-23,16:22:27.297,1.9796518087387085,5.404489517211914,-0.19596876204013824
2025-06-23,16:22:27.297,1.8269513845443726,5.121657371520996,-2.1469624042510986
2025-06-23,16:22:27.297,1.4070252180099487,7.280378818511963,-1.1525640487670898
2025-06-23,16:22:27.297,1.179337978363037,7.414288520812988,-0.7785999774932861
2025-06-23,16:22:27.297,1.7587815523147583,5.342945098876953,0.18746697902679443
2025-06-23,16:22:27.297,1.7724155187606812,5.387589931488037,0.030623242259025574
2025-06-23,16:22:27.297,1.786049485206604,5.429032325744629,-0.030952880159020424
2025-06-23,16:22:27.297,1.9796518087387085,5.4067583084106445,0.11778462678194046
2025-06-23,16:22:27.297,1.6442562341690063,5.328715801239014,-1.7549307346343994
2025-06-23,16:22:27.297,1.398844838142395,7.264322757720947,-0.9653986692428589
2025-06-23,16:22:27.297,1.1725209951400757,7.390954971313477,-0.5576910972595215
2025-06-23,16:22:27.297,0.9434704184532166,7.4855194091796875,-0.21352267265319824
2025-06-23,16:22:27.297,-0.020450947806239128,0.03853726387023926,-0.0003170434501953423
2025-06-23,16:22:27.297,1.934659719467163,5.263920307159424,-0.47302699089050293
2025-06-23,16:22:27.297,1.7724155187606812,5.349348545074463,-0.641506016254425
2025-06-23,16:22:27.297,1.9646544456481934,5.315619468688965,-0.7413820028305054
2025-06-23,16:22:27.297,1.9796518087387085,5.383387565612793,-0.5157972574234009
2025-06-23,16:22:27.297,-0.36539027094841003,5.806308269500732,-0.5760615468025208
2025-06-23,16:22:27.297,1.4070252180099487,7.200789451599121,-1.5751014947891235
2025-06-23,16:22:27.621,-0.040901895612478256,0.07706153392791748,0.0015506892232224345
2025-06-23,16:22:27.621,-0.061352841556072235,0.11544933915138245,-0.006200025323778391
2025-06-23,16:22:27.621,1.934659719467163,5.281774520874023,-0.18833516538143158
2025-06-23,16:22:27.621,1.9496570825576782,5.315535068511963,-0.3353237509727478
2025-06-23,16:22:27.621,1.9646544456481934,5.35068416595459,-0.41908711194992065
2025-06-23,16:22:27.621,1.9796518087387085,5.390046119689941,-0.4408068060874939
2025-06-23,16:22:27.621,2.009646415710449,5.296392440795898,1.4450334310531616
2025-06-23,16:22:27.621,1.398844838142395,7.146313190460205,-1.6225252151489258
2025-06-23,16:22:27.622,1.1725209951400757,7.289943218231201,-1.3393878936767578
2025-06-23,16:22:27.622,0.9434704184532166,7.446468830108643,-0.7929032444953918
2025-06-23,16:22:27.622,1.7587815523147583,5.343364715576172,0.17510703206062317
2025-06-23,16:22:27.622,1.7724155187606812,5.387661457061768,0.012983514927327633
2025-06-23,16:22:27.622,1.786049485206604,5.428697109222412,-0.06778323650360107
2025-06-23,16:22:27.622,2.4641303198971457e-35,6.457253388531973e-40,2.776616855121052e-40
2025-06-23,16:22:27.622,-1.0342942682817676e-25,8388613.0,1.1762604616800404e-27
2025-06-23,16:22:27.622,0.0,2.350988701644575e-38,1.0842021724855044e-19
2025-06-23,16:22:27.622,406206021632.0,-2.6314573519606744e-15,5.399900829678754e-39
2025-06-23,16:22:27.622,-0.3700813353061676,-815715581952.0,1.7246101097793854e-38
2025-06-23,16:22:27.622,-6.054645633044775e-28,-6.105897458611215e+31,1.7430883319792046e-38
2025-06-23,16:22:27.622,-1.7050789491261653e-13,3.623625779345009e-35,1.7495449547834276e-38
