Date,Time,X,Y,Z
2025-06-23,23:43:01.706,1.152070045,7.28242588,-0.061680574
2025-06-23,23:43:01.706,1.158887029,7.324373722,-0.143511459
2025-06-23,23:43:01.706,1.165704012,7.365911961,-0.208857015
2025-06-23,23:43:01.706,1.172520995,7.407753468,-0.249844864
2025-06-23,23:43:01.706,1.415205598,7.398181438,0.482532382
2025-06-23,23:43:01.706,-0.278132886,8.726908684,-1.725747824
2025-06-23,23:43:01.706,1.152070045,7.272019386,0.394031972
2025-06-23,23:43:01.706,1.158887029,7.319777966,0.296477407
2025-06-23,23:43:01.706,0.932563245,7.39564085,0.306547076
2025-06-23,23:43:01.706,1.172520995,7.410957813,0.122212932
2025-06-23,23:43:01.706,1.651073217,7.328859806,0.728353262
2025-06-23,23:43:01.706,-0.556265771,8.806889534,-1.159206033
2025-06-23,23:43:01.706,-0.040901896,0.077076957,0.000165758
2025-06-23,23:43:01.706,1.152070045,7.27345705,-0.36653769
2025-06-23,23:43:01.706,1.158887029,7.305953503,-0.538604259
2025-06-23,23:43:01.706,1.165704012,7.347052574,-0.566657364
2025-06-23,23:43:01.706,1.172520995,7.379078865,-0.697445691
2025-06-23,23:43:01.706,1.415205598,7.413806915,-0.037308384
2025-06-23,23:43:01.706,0,8.591520309,-2.323849916
2025-06-23,23:43:02.206,1.152070045,7.278834343,-0.23685059
2025-06-23,23:43:02.206,1.158887029,7.322583675,-0.216373727
2025-06-23,23:43:02.206,1.165704012,7.36383009,-0.272561729
2025-06-23,23:43:02.206,1.172520995,7.406209469,-0.292050034
2025-06-23,23:43:02.206,1.415205598,7.380647182,0.70140636
2025-06-23,23:43:02.206,-0.278132886,8.748849869,-1.610825777
2025-06-23,23:43:02.206,1.152070045,7.280507088,0.178173408
2025-06-23,23:43:02.206,1.158887029,7.323754311,0.172249675
2025-06-23,23:43:02.206,1.165704012,7.368257046,0.095246419
2025-06-23,23:43:02.206,1.172520995,7.409371376,0.196095929
2025-06-23,23:43:02.206,1.415205598,7.365865707,0.842583179
2025-06-23,23:43:02.206,-0.040901896,0.077076979,0.000155971
2025-06-23,23:43:02.206,1.152070045,7.25233078,-0.664248586
2025-06-23,23:43:02.206,1.158887029,7.299959183,-0.614528954
2025-06-23,23:43:02.206,1.165704012,7.339076519,-0.661995769
2025-06-23,23:43:02.206,1.172520995,7.394514561,-0.508318484
2025-06-23,23:43:02.206,1.651073217,7.330766201,0.708910704
2025-06-23,23:43:02.206,0,8.632441521,-2.166898012
2025-06-23,23:43:02.931,1.152070045,7.258822441,-0.589087248
2025-06-23,23:43:02.931,1.158887029,7.303547382,-0.570303798
2025-06-23,23:43:02.931,0.932563245,7.394604683,-0.330603093
2025-06-23,23:43:02.931,1.179337978,7.37229538,1.10776794
2025-06-23,23:43:02.931,-0.556265771,8.745474815,-1.556190729
2025-06-23,23:43:02.931,1.152070045,7.280157089,-0.19193095
2025-06-23,23:43:02.931,0.927109659,7.358701706,-0.006711753
2025-06-23,23:43:02.931,0.932563245,7.399220467,0.202518299
2025-06-23,23:43:02.931,-0.556265771,8.81511116,-1.094935298
2025-06-23,23:43:02.931,-0.040901896,0.077076942,0.000171087
2025-06-23,23:43:02.931,1.382484078,7.149115086,-1.159175277
2025-06-23,23:43:02.931,1.158887029,7.23453474,-1.152631998
2025-06-23,23:43:02.931,0.932563245,7.348464489,-0.888565063
2025-06-23,23:43:03.003,1.152070045,7.264801025,-0.510091424
2025-06-23,23:43:03.003,1.390664458,7.240936279,-0.803091943
2025-06-23,23:43:03.003,0.932563245,7.367091179,-0.717943549
2025-06-23,23:43:03.003,1.651073217,6.848636627,2.709033728
2025-06-23,23:43:03.003,1.152070045,7.281186581,-0.14781785
2025-06-23,23:43:03.003,1.158887029,7.317296505,-0.352447122
2025-06-23,23:43:03.003,0.932563245,7.395143509,-0.31831786
2025-06-23,23:43:03.003,-0.040901896,0.077076994,0.000149581
2025-06-23,23:43:03.003,1.382484078,7.153911591,-1.129196048
2025-06-23,23:43:03.003,1.158887029,7.225928783,-1.205404997
2025-06-23,23:43:03.003,1.165704012,7.242110252,-1.360927939
2025-06-23,23:43:03.004,1.152070045,7.279989243,-0.198207274
2025-06-23,23:43:03.004,1.158887029,7.318809509,-0.319493562
2025-06-23,23:43:03.004,1.165704012,7.355659008,-0.441091746
2025-06-23,23:43:03.004,1.179337978,7.311280251,1.457077503
2025-06-23,23:43:03.004,1.152070045,7.28186512,0.10939493
2025-06-23,23:43:03.004,0.927109659,7.356163979,0.193358332
2025-06-23,23:43:03.004,0.932563245,7.398286819,0.234147325
2025-06-23,23:43:03.004,-0.040901896,0.077077009,0.000140701
2025-06-23,23:43:03.004,1.152070045,7.251393318,-0.674405158
2025-06-23,23:43:03.004,1.158887029,7.289805412,-0.7251122
2025-06-23,23:43:03.004,0.932563245,7.353788376,-0.843370497
2025-06-23,23:43:03.369,1.152070045,7.28243351,0.060724366
2025-06-23,23:43:03.369,1.390664458,7.285305977,-0.020903051
2025-06-23,23:43:03.369,0.932563245,7.399822235,0.179185942
2025-06-23,23:43:03.369,1.876033664,7.237959862,-0.635980368
2025-06-23,23:43:03.369,1.651073217,7.119636059,1.885064006
2025-06-23,23:43:03.369,0.927109659,7.343248367,0.476697266
2025-06-23,23:43:03.369,-0.040901896,0.077076949,0.000169186
2025-06-23,23:43:03.369,1.152070045,7.27352047,-0.365275025
2025-06-23,23:43:03.369,1.158887029,7.316430092,-0.369997859
2025-06-23,23:43:03.369,0.932563245,7.399063587,-0.208162263
2025-06-23,23:43:03.369,1.876033664,7.213946342,-0.866899133
2025-06-23,23:43:03.369,1.651073217,7.218797684,1.460016489
2025-06-23,23:43:03.817,1.152070045,7.281855583,0.110028461
2025-06-23,23:43:03.817,1.158887029,7.325526714,0.060883034
2025-06-23,23:43:03.817,0.932563245,7.40044117,0.151475057
2025-06-23,23:43:03.817,1.641529441,7.321921349,0.082984053
2025-06-23,23:43:03.817,1.415205598,7.121497631,2.06159997
2025-06-23,23:43:03.817,0.921656072,7.289748669,0.612300396
2025-06-23,23:43:03.817,1.158887029,7.303164482,0.575184405
2025-06-23,23:43:03.817,0.932563245,7.369900703,0.688505054
2025-06-23,23:43:03.817,-0.040901896,0.077077024,0.000128618
2025-06-23,23:43:03.817,1.152070045,7.270481586,-0.421460658
2025-06-23,23:43:03.817,1.158887029,7.31486845,-0.399682641
2025-06-23,23:43:03.817,0.932563245,7.394841194,-0.325262606
2025-06-23,23:43:04.104,1.152070045,7.282682419,0.008112158
2025-06-23,23:43:04.104,0.927109659,7.358385563,-0.068539821
2025-06-23,23:43:04.104,0.932563245,7.401031494,-0.119208016
2025-06-23,23:43:04.104,1.641529441,7.312291145,0.384473473
2025-06-23,23:43:04.104,1.415205598,7.148090839,1.967414379
2025-06-23,23:43:04.104,1.152070045,7.268877983,0.448260665
2025-06-23,23:43:04.104,0.927109659,7.348912239,0.37950477
2025-06-23,23:43:04.104,0.932563245,7.400370121,0.154914483
2025-06-23,23:43:04.104,-0.040901896,0.077077053,0.000109761
2025-06-23,23:43:04.104,1.152070045,7.271543026,-0.402730107
2025-06-23,23:43:04.104,1.158887029,7.307243824,-0.520805299
2025-06-23,23:43:04.104,1.641529441,7.318143368,-0.249400049
2025-06-23,23:43:04.481,0.921656072,7.30213356,-0.440673143
2025-06-23,23:43:04.481,0.927109659,7.349255085,-0.372808605
2025-06-23,23:43:04.481,0.932563245,7.393510818,-0.354220152
2025-06-23,23:43:04.481,0.938016832,7.408966541,0.734425247
2025-06-23,23:43:04.481,1.415205598,7.286797047,1.366934538
2025-06-23,23:43:04.481,-0.553538978,8.654252052,-1.799248576
2025-06-23,23:43:04.481,-0.556265771,8.753463745,-1.510607362
2025-06-23,23:43:04.481,0.691242039,7.339948654,-0.110152669
2025-06-23,23:43:04.481,0.927109659,7.358701706,-0.006609685
2025-06-23,23:43:04.481,0.932563245,7.401205063,-0.107869059
2025-06-23,23:43:04.481,0.703512609,7.403095245,1.005630851
2025-06-23,23:43:04.481,1.179337978,7.226403713,1.832207084
2025-06-23,23:43:04.481,-0.553538978,8.75193882,-1.239737749
2025-06-23,23:43:04.481,-0.556265771,8.830532074,-0.962687075
2025-06-23,23:43:04.481,-0.040901896,0.077076994,0.000149412
2025-06-23,23:43:04.481,0.921656072,7.26796484,-0.831884384
2025-06-23,23:43:04.481,0.927109659,7.314496517,-0.805405617
2025-06-23,23:43:04.481,0.932563245,7.36011219,-0.786271334
2025-06-23,23:43:04.481,1.172520995,7.406459808,0.285627991
2025-06-23,23:43:04.481,1.415205598,7.316647053,1.196911454
2025-06-23,23:43:04.481,-0.830308437,8.503624916,-2.332108498
2025-06-23,23:43:04.481,-0.556265771,8.624047279,-2.128582239
2025-06-23,23:43:04.716,0.916202486,7.255489349,-0.491707087
2025-06-23,23:43:04.716,0.921656072,7.302780151,-0.429821759
2025-06-23,23:43:04.716,0.927109659,7.34860611,-0.385388345
2025-06-23,23:43:04.716,1.165704012,7.359086037,-0.379651994
2025-06-23,23:43:04.716,1.172520995,7.408423901,0.229102671
2025-06-23,23:43:04.716,1.179337978,7.390236378,0.98096931
2025-06-23,23:43:04.716,-0.553538978,8.679332733,-1.674085021
2025-06-23,23:43:04.716,-0.834398627,8.73225975,-1.505292535
2025-06-23,23:43:04.716,0.691242039,7.340173244,0.094021402
2025-06-23,23:43:04.716,0.927109659,7.358185768,0.087421976
2025-06-23,23:43:04.716,0.932563245,7.401583672,0.077651143
2025-06-23,23:43:04.716,-0.830308437,8.748796463,-1.099510074
2025-06-23,23:43:04.716,-0.834398627,8.814147949,-0.910529613
2025-06-23,23:43:04.716,-0.040901896,0.077076994,0.000147137
2025-06-23,23:43:04.716,1.152070045,7.216888905,-0.976749599
2025-06-23,23:43:04.716,1.158887029,7.273646832,-0.872416735
2025-06-23,23:43:04.716,1.165704012,7.319226265,-0.853936851
2025-06-23,23:43:04.716,-0.553538978,8.574062347,-2.149148226
2025-06-23,23:43:04.716,-0.556265771,8.648663521,-2.026247501
2025-06-23,23:43:05.067,0.687151849,7.28656435,-0.396393657
2025-06-23,23:43:05.067,0.921656072,7.307147503,-0.347771794
2025-06-23,23:43:05.067,0.927109659,7.352880955,-0.292699486
2025-06-23,23:43:05.067,0.932563245,7.396051884,-0.296462744
2025-06-23,23:43:05.067,0.938016832,7.428456306,0.50020057
2025-06-23,23:43:05.067,1.179337978,7.385996819,1.012395859
2025-06-23,23:43:05.067,-0.553538978,8.698346138,-1.572306156
2025-06-23,23:43:05.067,-0.556265771,8.776625633,-1.369635701
2025-06-23,23:43:05.067,0.921656072,7.314396858,0.122243628
2025-06-23,23:43:05.067,0.927109659,7.357134819,0.152007207
2025-06-23,23:43:05.067,1.165704012,7.366441727,0.189253807
2025-06-23,23:43:05.067,1.172520995,7.38197279,0.666116476
2025-06-23,23:43:05.067,-0.553538978,8.764772415,-1.145483613
2025-06-23,23:43:05.067,-0.556265771,8.839000702,-0.881551325
2025-06-23,23:43:05.067,-0.040901896,0.077077024,0.000129958
2025-06-23,23:43:05.067,0.921656072,7.267606735,-0.835007727
2025-06-23,23:43:05.067,1.158887029,7.277048588,-0.84357363
2025-06-23,23:43:05.067,0.932563245,7.357181072,-0.813241482
2025-06-23,23:43:05.067,0.938016832,7.443490505,0.163138196
2025-06-23,23:43:05.067,1.415205598,7.374403954,0.764255226
2025-06-23,23:43:05.067,-0.553538978,8.623867035,-1.939664125
2025-06-23,23:43:05.067,-0.556265771,8.704566956,-1.770756483
2025-06-23,23:43:05.402,0.916202486,7.246498108,-0.610053718
2025-06-23,23:43:05.402,0.921656072,7.30455637,-0.398503482
2025-06-23,23:43:05.402,0.927109659,7.351979733,-0.314530432
2025-06-23,23:43:05.402,1.165704012,7.361608505,-0.32711488
2025-06-23,23:43:05.402,1.172520995,7.372562885,0.76324749
2025-06-23,23:43:05.402,1.179337978,7.298940182,1.517683506
2025-06-23,23:43:05.402,-0.553538978,8.682661057,-1.656732678
2025-06-23,23:43:05.402,-0.556265771,8.762868881,-1.455058575
2025-06-23,23:43:05.402,0.921656072,7.314934731,0.084130406
2025-06-23,23:43:05.402,0.927109659,7.358127117,0.092196926
2025-06-23,23:43:05.402,0.932563245,7.401478291,0.087122872
2025-06-23,23:43:05.402,-0.553538978,8.751395226,-1.243569255
2025-06-23,23:43:05.402,-0.556265771,8.835508347,-0.915889323
2025-06-23,23:43:05.402,-0.040901896,0.077077024,0.000129958
2025-06-23,23:43:05.402,1.152070045,7.229741573,-0.876565456
2025-06-23,23:43:05.402,0.927109659,7.323717117,-0.716731429
2025-06-23,23:43:05.402,1.165704012,7.334153652,-0.714474261
2025-06-23,23:43:05.402,-0.553538978,8.592738152,-2.073216677
2025-06-23,23:43:05.402,-0.556265771,8.681979179,-1.878373623
2025-06-23,23:43:05.747,0.921656072,7.311577797,-0.237013116
2025-06-23,23:43:05.747,0.927109659,7.35312891,-0.286411524
2025-06-23,23:43:05.747,1.165704012,7.36116457,-0.336952716
2025-06-23,23:43:05.747,0.938016832,7.42719698,0.518562555
2025-06-23,23:43:05.747,1.179337978,7.359511375,1.189739704
2025-06-23,23:43:05.747,-0.553538978,8.6898489,-1.618610382
2025-06-23,23:43:05.747,-0.556265771,8.777601242,-1.363370299
2025-06-23,23:43:05.747,0.921656072,7.312148094,0.218715891
2025-06-23,23:43:05.747,0.927109659,7.356320858,0.187289968
2025-06-23,23:43:05.747,0.932563245,7.400369644,0.154942885
2025-06-23,23:43:05.747,-0.553538978,8.777146339,-1.04646039
2025-06-23,23:43:05.747,-0.556265771,8.846493721,-0.802880764
2025-06-23,23:43:05.747,-0.040901896,0.077077031,0.000125852
2025-06-23,23:43:05.747,0.921656072,7.287940025,-0.633463681
2025-06-23,23:43:05.747,1.158887029,7.287734509,-0.74563694
2025-06-23,23:43:05.747,1.165704012,7.327810764,-0.776834905
2025-06-23,23:43:05.747,-0.553538978,8.543725014,-2.266746283
2025-06-23,23:43:05.747,-0.556265771,8.665384293,-1.953503847
2025-06-23,23:43:06.123,0.916202486,7.271699905,-0.079249278
2025-06-23,23:43:06.123,0.921656072,7.312448978,-0.208409011
2025-06-23,23:43:06.123,0.927109659,7.354820251,-0.239076376
2025-06-23,23:43:06.123,1.165704012,7.365412712,-0.225780845
2025-06-23,23:43:06.123,0.938016832,7.407699585,0.747092009
2025-06-23,23:43:06.123,1.179337978,7.397316456,0.92606771
2025-06-23,23:43:06.123,-0.553538978,8.686810493,-1.634840846
2025-06-23,23:43:06.123,-0.556265771,8.767687798,-1.425734162
2025-06-23,23:43:06.123,0.921656072,7.314248085,0.130851194
2025-06-23,23:43:06.123,0.927109659,7.357571602,0.129123166
2025-06-23,23:43:06.123,0.932563245,7.399823666,0.179116309
2025-06-23,23:43:06.123,-0.830308437,8.756062508,-1.040068507
2025-06-23,23:43:06.123,-0.556265771,8.838848114,-0.883069873
2025-06-23,23:43:06.123,-0.040901896,0.077077024,0.000132123
2025-06-23,23:43:06.123,0.921656072,7.299832344,-0.47728014
2025-06-23,23:43:06.123,1.158887029,7.29464674,-0.67466855
2025-06-23,23:43:06.123,1.165704012,7.338611603,-0.667131484
2025-06-23,23:43:06.123,-0.553538978,8.576683044,-2.13866353
2025-06-23,23:43:06.123,-0.556265771,8.642995834,-2.050289392
2025-06-23,23:43:06.492,0.458101243,7.310102463,-0.275452882
2025-06-23,23:43:06.492,0.691242039,7.338972569,-0.162687778
2025-06-23,23:43:06.492,0.927109659,7.357944012,-0.105807789
2025-06-23,23:43:06.492,0.932563245,7.401520729,0.083457157
2025-06-23,23:43:06.492,0.691242039,7.336294174,0.256462216
2025-06-23,23:43:06.492,0.927109659,7.352930069,0.291464239
2025-06-23,23:43:06.492,0.932563245,7.395570278,0.308241934
2025-06-23,23:43:06.492,-0.040901896,0.077076972,0.000159643
2025-06-23,23:43:06.492,0.687151849,7.268873215,-0.643916488
2025-06-23,23:43:06.492,0.691242039,7.315555096,-0.607978821
2025-06-23,23:43:06.492,0.695332229,7.368834496,-0.476293206
2025-06-23,23:43:06.492,0.932563245,7.387568951,-0.461842209
2025-06-23,23:43:06.740,0.458101243,7.314916611,-0.073924124
2025-06-23,23:43:06.740,0.691242039,7.340666294,-0.039972257
2025-06-23,23:43:06.740,0.695332229,7.383646488,0.091352798
2025-06-23,23:43:06.740,1.165704012,7.357459545,0.409962207
2025-06-23,23:43:06.740,0.469008416,7.487545967,-0.169470504
2025-06-23,23:43:06.740,0.460828036,7.3516078,0.326026678
2025-06-23,23:43:06.740,0.695332229,7.367210865,0.500784397
2025-06-23,23:43:06.740,0.932563245,7.344213486,0.923041463
2025-06-23,23:43:06.740,-0.040901896,0.077076912,0.00018478
2025-06-23,23:43:06.740,0.458101243,7.298233032,-0.499264896
2025-06-23,23:43:06.740,0.691242039,7.326799393,-0.452758223
2025-06-23,23:43:06.740,0.927109659,7.349990368,-0.358017296
2025-06-23,23:43:06.740,0.932563245,7.401534557,0.082209662
2025-06-23,23:43:07.079,0.687151849,7.279265404,-0.513265431
2025-06-23,23:43:07.079,0.691242039,7.338303566,-0.190478995
2025-06-23,23:43:07.079,0.695332229,7.384165287,-0.026104508
2025-06-23,23:43:07.079,0.932563245,7.389094353,0.436760068
2025-06-23,23:43:07.079,0.687151849,7.291053772,-0.302791685
2025-06-23,23:43:07.079,0.691242039,7.336592197,0.247780696
2025-06-23,23:43:07.079,0.463554829,7.383201122,0.532468915
2025-06-23,23:43:07.079,0.699422419,7.358448029,1.011533856
2025-06-23,23:43:07.079,-0.040901896,0.077076927,0.000179699
2025-06-23,23:43:07.079,0.687151849,7.237884521,-0.929609239
2025-06-23,23:43:07.079,0.691242039,7.316708565,-0.593932927
2025-06-23,23:43:07.079,0.927109659,7.343249321,-0.476684064
2025-06-23,23:43:07.079,0.932563245,7.401641369,0.071940191
2025-06-23,23:43:07.407,0.458101243,7.314154625,-0.128886938
2025-06-23,23:43:07.407,0.691242039,7.339625359,-0.129918918
2025-06-23,23:43:07.407,0.695332229,7.384109974,-0.038713537
2025-06-23,23:43:07.407,0.932563245,7.389456749,0.430589646
2025-06-23,23:43:07.407,0.687151849,7.291069031,0.302416116
2025-06-23,23:43:07.407,0.691242039,7.333981514,0.315746397
2025-06-23,23:43:07.407,0.695332229,7.36903429,0.473194003
2025-06-23,23:43:07.407,0.932563245,7.323940277,1.072089553
2025-06-23,23:43:07.407,-0.040901896,0.077076934,0.000176623
2025-06-23,23:43:07.407,0.458101243,7.310572147,-0.262685239
2025-06-23,23:43:07.407,0.691242039,7.317471027,-0.584467232
2025-06-23,23:43:07.407,0.927109659,7.339927197,-0.525363207
2025-06-23,23:43:07.407,0.932563245,7.401960373,-0.02139359
2025-06-23,23:43:07.735,0.458101243,7.314073563,-0.133395135
2025-06-23,23:43:07.735,0.691242039,7.340294838,-0.083978355
2025-06-23,23:43:07.735,0.695332229,7.384200573,0.012603808
2025-06-23,23:43:07.735,1.165704012,7.344561577,0.59807682
2025-06-23,23:43:07.735,0.703512609,7.328848362,-1.45089376
2025-06-23,23:43:07.735,0.943470418,7.314416885,1.605583906
2025-06-23,23:43:07.735,0.460828036,7.350567818,0.348690599
2025-06-23,23:43:07.735,0.695332229,7.374773026,0.373229682
2025-06-23,23:43:07.735,0.699422419,7.350288868,1.069211483
2025-06-23,23:43:07.735,-0.040901896,0.077076912,0.000184442
2025-06-23,23:43:07.735,0.691242039,7.322021484,-0.524387538
2025-06-23,23:43:07.735,0.927109659,7.343571186,-0.471693039
2025-06-23,23:43:07.735,0.932563245,7.400532722,0.146920845
2025-06-23,23:43:08.051,0.687151849,7.296714306,-0.095445089
2025-06-23,23:43:08.051,0.691242039,7.339916229,-0.112313896
2025-06-23,23:43:08.051,0.695332229,7.384196758,0.014784838
2025-06-23,23:43:08.051,0.932563245,7.356517792,0.81921947
2025-06-23,23:43:08.051,0.703512609,7.205752373,-1.973381996
2025-06-23,23:43:08.051,0.458101243,7.30769062,0.333363324
2025-06-23,23:43:08.051,0.691242039,7.330944538,0.379784584
2025-06-23,23:43:08.051,0.695332229,7.370801449,0.444825411
2025-06-23,23:43:08.051,0.932563245,7.317259789,1.116775036
2025-06-23,23:43:08.051,-0.040901896,0.077076934,0.000174941
2025-06-23,23:43:08.051,0.687151849,7.263507843,-0.701856732
2025-06-23,23:43:08.051,0.691242039,7.31652832,-0.596150875
2025-06-23,23:43:08.051,0.695332229,7.372769356,-0.410918742
2025-06-23,23:43:08.051,0.932563245,7.38887167,0.440509588
2025-06-23,23:43:08.473,0.687151849,7.293386459,-0.240134582
2025-06-23,23:43:08.473,0.691242039,7.339929581,-0.111429974
2025-06-23,23:43:08.473,0.927109659,7.358651161,-0.028009318
2025-06-23,23:43:08.473,0.932563245,7.379154682,0.580992997
2025-06-23,23:43:08.473,0.691242039,7.336499214,0.250521988
2025-06-23,23:43:08.473,0.695332229,7.374089718,0.386496782
2025-06-23,23:43:08.473,0.932563245,7.374435425,0.638103306
2025-06-23,23:43:08.473,-0.040901896,0.077076979,0.000157589
2025-06-23,23:43:08.473,0.691242039,7.319154263,-0.562990427
2025-06-23,23:43:08.473,0.927109659,7.346538067,-0.422983199
2025-06-23,23:43:08.473,1.165704012,7.368537903,0.07022509
2025-06-23,23:43:08.808,0.687151849,7.29478693,-0.192950487
2025-06-23,23:43:08.808,0.691242039,7.337278366,-0.226561517
2025-06-23,23:43:08.808,0.695332229,7.38319397,-0.122601189
2025-06-23,23:43:08.808,0.932563245,7.399005413,0.210225999
2025-06-23,23:43:08.808,0.687151849,7.280193806,0.499923378
2025-06-23,23:43:08.808,0.691242039,7.336265564,0.257280618
2025-06-23,23:43:08.808,0.695332229,7.376670837,0.333631992
2025-06-23,23:43:08.808,0.932563245,7.362449169,0.764078021
2025-06-23,23:43:08.808,-0.040901896,0.077076904,0.00018979
2025-06-23,23:43:08.808,0.687151849,7.273643494,-0.587584257
2025-06-23,23:43:08.808,0.691242039,7.308121681,-0.691621661
2025-06-23,23:43:08.808,0.927109659,7.330993176,-0.638023257
2025-06-23,23:43:08.808,0.932563245,7.400756359,-0.135202333
2025-06-23,23:43:09.050,0.687151849,7.285489082,-0.415686101
2025-06-23,23:43:09.050,0.921656072,7.310669899,-0.26353246
2025-06-23,23:43:09.050,0.695332229,7.383558273,-0.098235898
2025-06-23,23:43:09.050,0.932563245,7.39993,0.174666137
2025-06-23,23:43:09.050,0.703512609,7.135717392,-2.21328783
2025-06-23,23:43:09.050,0.687151849,7.287652016,0.375861168
2025-06-23,23:43:09.050,0.691242039,7.337851048,0.207177356
2025-06-23,23:43:09.050,0.695332229,7.377225399,0.321133167
2025-06-23,23:43:09.050,0.932563245,7.385712624,0.49063623
2025-06-23,23:43:09.050,-0.040901896,0.077076964,0.000162445
2025-06-23,23:43:09.050,0.458101243,7.239064693,-1.053285241
2025-06-23,23:43:09.050,0.691242039,7.309523582,-0.676642478
2025-06-23,23:43:09.050,0.927109659,7.335474014,-0.58425498
2025-06-23,23:43:09.050,0.699422419,7.426596165,-0.125003904
2025-06-23,23:43:09.388,0.687151849,7.28054142,-0.494839787
2025-06-23,23:43:09.388,0.691242039,7.336267471,-0.257218301
2025-06-23,23:43:09.388,0.927109659,7.356756687,-0.16931814
2025-06-23,23:43:09.388,0.932563245,7.399499893,0.1920311
2025-06-23,23:43:09.388,0.687151849,7.29486227,-0.190083727
2025-06-23,23:43:09.388,0.691242039,7.338297367,0.190728694
2025-06-23,23:43:09.388,0.695332229,7.376357079,0.3405011
2025-06-23,23:43:09.388,0.699422419,7.396837234,0.675837874
2025-06-23,23:43:09.388,-0.040901896,0.077076949,0.000170191
2025-06-23,23:43:09.388,0.921656072,7.276338577,-0.755141437
2025-06-23,23:43:09.388,0.927109659,7.339394093,-0.532757223
2025-06-23,23:43:09.388,1.165704012,7.366821289,-0.173854813
2025-06-23,23:43:09.777,0.687151849,7.292309284,-0.270877987
2025-06-23,23:43:09.777,0.691242039,7.334635735,-0.300168872
2025-06-23,23:43:09.777,0.927109659,7.35668087,-0.17257905
2025-06-23,23:43:09.777,0.932563245,7.388877392,0.440416723
2025-06-23,23:43:09.777,-0.830308437,8.620235443,-1.855237246
2025-06-23,23:43:09.777,0.687151849,7.294336796,0.209282652
2025-06-23,23:43:09.777,0.691242039,7.339214802,0.15134573
2025-06-23,23:43:09.777,0.695332229,7.377236366,0.320885092
2025-06-23,23:43:09.777,0.932563245,7.311628819,1.15306437
2025-06-23,23:43:09.777,-0.040901896,0.077077016,0.000136717
2025-06-23,23:43:09.777,0.687151849,7.281893253,-0.474531174
2025-06-23,23:43:09.777,0.691242039,7.308037758,-0.692505598
2025-06-23,23:43:09.777,0.927109659,7.33304739,-0.613963127
2025-06-23,23:43:09.777,1.165704012,7.365329266,-0.22848025
2025-06-23,23:43:10.091,0.687151849,7.282589912,-0.463714093
2025-06-23,23:43:10.091,0.691242039,7.33436203,-0.30678159
2025-06-23,23:43:10.091,0.927109659,7.356172085,-0.193054169
2025-06-23,23:43:10.091,0.932563245,7.400639057,0.141484275
2025-06-23,23:43:10.091,-0.830308437,8.626950264,-1.823756933
2025-06-23,23:43:10.091,-0.834398627,8.737086296,-1.477020383
2025-06-23,23:43:10.091,0.458101243,7.314675331,0.094851255
2025-06-23,23:43:10.091,0.691242039,7.339239597,0.15014784
2025-06-23,23:43:10.091,0.695332229,7.38002634,0.24858503
2025-06-23,23:43:10.091,0.932563245,7.391475677,0.394412935
2025-06-23,23:43:10.091,-0.830308437,8.718170166,-1.320560694
2025-06-23,23:43:10.091,-0.834398627,8.819091797,-0.861334324
2025-06-23,23:43:10.091,-0.040901896,0.077077009,0.000142137
2025-06-23,23:43:10.091,0.691242039,7.307544708,-0.697689235
2025-06-23,23:43:10.091,0.927109659,7.325739384,-0.695758641
2025-06-23,23:43:10.091,1.165704012,7.363676071,-0.276688039
2025-06-23,23:43:10.091,-0.830308437,8.50248909,-2.336246014
2025-06-23,23:43:10.091,-0.556265771,8.654970169,-1.999139786
2025-06-23,23:43:10.425,0.458101243,7.305602551,-0.376348495
2025-06-23,23:43:10.425,0.921656072,7.306904793,-0.352828741
2025-06-23,23:43:10.425,0.927109659,7.355966568,-0.200721934
2025-06-23,23:43:10.425,0.932563245,7.400771618,0.134359628
2025-06-23,23:43:10.425,-0.830308437,8.614536285,-1.881520867
2025-06-23,23:43:10.425,-0.834398627,8.684228897,-1.76137352
2025-06-23,23:43:10.425,0.687151849,7.291471004,0.292571902
2025-06-23,23:43:10.425,0.691242039,7.33793211,0.204281673
2025-06-23,23:43:10.425,0.695332229,7.378743172,0.284131438
2025-06-23,23:43:10.425,0.699422419,7.398490906,0.657482684
2025-06-23,23:43:10.425,-1.107077956,8.678453445,-1.377895474
2025-06-23,23:43:10.425,-0.834398627,8.772665024,-1.248444676
2025-06-23,23:43:10.425,-0.040901896,0.077077024,0.000129771
2025-06-23,23:43:10.425,0.458101243,7.239064693,-1.053285241
2025-06-23,23:43:10.425,0.691242039,7.303780079,-0.736055672
2025-06-23,23:43:10.425,0.927109659,7.327272892,-0.679417014
2025-06-23,23:43:10.425,0.932563245,7.394707203,-0.328292906
2025-06-23,23:43:10.425,-0.830308437,8.433327675,-2.574751854
2025-06-23,23:43:10.425,-0.834398627,8.550224304,-2.326356411
2025-06-23,23:43:10.733,0.687151849,7.280946255,-0.488842964
2025-06-23,23:43:10.733,0.921656072,7.30607605,-0.36958763
2025-06-23,23:43:10.733,0.695332229,7.382905483,-0.138887778
2025-06-23,23:43:10.733,0.932563245,7.393883228,0.346356779
2025-06-23,23:43:10.733,-0.830308437,8.603223801,-1.932590961
2025-06-23,23:43:10.733,-0.834398627,8.662023544,-1.867518663
2025-06-23,23:43:10.733,0.687151849,7.294505596,0.203310594
2025-06-23,23:43:10.733,0.691242039,7.338909149,0.165516943
2025-06-23,23:43:10.733,0.695332229,7.37656641,0.335933328
2025-06-23,23:43:10.733,0.699422419,7.381725311,0.824672163
2025-06-23,23:43:10.733,-0.830308437,8.722947121,-1.288624525
2025-06-23,23:43:10.733,-0.834398627,8.770922661,-1.260634303
2025-06-23,23:43:10.733,-0.040901896,0.077077039,0.000122699
2025-06-23,23:43:10.733,0.691242039,7.298908234,-0.78289181
2025-06-23,23:43:10.733,0.927109659,7.330918312,-0.638883412
2025-06-23,23:43:10.733,0.932563245,7.397424698,-0.25996539
2025-06-23,23:43:10.733,-0.830308437,8.423959732,-2.605238914
2025-06-23,23:43:10.733,-0.834398627,8.542432785,-2.354805708
2025-06-23,23:43:11.143,0.458101243,7.307836056,-0.330159843
2025-06-23,23:43:11.143,0.691242039,7.333781719,-0.320354432
2025-06-23,23:43:11.143,0.927109659,7.355639935,-0.212352082
2025-06-23,23:43:11.143,0.932563245,7.399063587,0.208166808
2025-06-23,23:43:11.143,0.707602799,7.326573372,1.670135021
2025-06-23,23:43:11.143,-0.834398627,8.760844231,-1.328866124
2025-06-23,23:43:11.143,0.691242039,7.340487957,0.064950518
2025-06-23,23:43:11.143,0.695332229,7.381893158,0.185018361
2025-06-23,23:43:11.143,0.932563245,7.389528275,0.42935431
2025-06-23,23:43:11.143,-0.556265771,8.844614983,-0.823310733
2025-06-23,23:43:11.143,-0.040901896,0.077077001,0.000145554
2025-06-23,23:43:11.143,0.691242039,7.292683125,-0.838900268
2025-06-23,23:43:11.143,0.927109659,7.329648018,-0.653294086
2025-06-23,23:43:11.143,1.398844838,7.322938442,-0.277402997
2025-06-23,23:43:11.143,-0.556265771,8.657211304,-1.989409924
2025-06-23,23:43:11.481,0.687151849,7.293061733,-0.249795541
2025-06-23,23:43:11.481,0.691242039,7.334373474,-0.306503564
2025-06-23,23:43:11.481,0.695332229,7.382088661,-0.177059099
2025-06-23,23:43:11.481,0.932563245,7.396065235,0.296133786
2025-06-23,23:43:11.481,0.707602799,7.297426224,1.793210506
2025-06-23,23:43:11.481,-0.834398627,8.762711525,-1.316494823
2025-06-23,23:43:11.481,0.691242039,7.337586403,0.216345862
2025-06-23,23:43:11.481,0.695332229,7.37173605,0.429057717
2025-06-23,23:43:11.481,0.932563245,7.325372696,1.062255383
2025-06-23,23:43:11.481,-0.834398627,8.824233055,-0.806962967
2025-06-23,23:43:11.481,-0.040901896,0.077076994,0.000150245
2025-06-23,23:43:11.481,0.458101243,7.240252495,-1.04508996
2025-06-23,23:43:11.481,0.691242039,7.299101353,-0.78109026
2025-06-23,23:43:11.481,0.927109659,7.31652689,-0.786744952
2025-06-23,23:43:11.481,1.165704012,7.349082947,-0.53968662
2025-06-23,23:43:11.481,-0.834398627,8.645363808,-1.943184018
2025-06-23,23:43:11.803,0.687151849,7.288170338,-0.365679562
2025-06-23,23:43:11.803,0.691242039,7.333506584,-0.326597303
2025-06-23,23:43:11.803,0.927109659,7.353759289,-0.26974383
2025-06-23,23:43:11.803,0.932563245,7.401991367,-5.55E-14
2025-06-23,23:43:11.803,0.707602799,7.320274353,1.697530627
2025-06-23,23:43:11.803,-0.830308437,8.715128899,-1.340483546
2025-06-23,23:43:11.803,-0.834398627,8.765544891,-1.297494173
2025-06-23,23:43:11.803,0.458101243,7.304013252,0.406028062
2025-06-23,23:43:11.803,0.691242039,7.336513519,0.250102758
2025-06-23,23:43:11.803,0.695332229,7.381097794,0.214417353
2025-06-23,23:43:11.803,0.932563245,7.388237476,0.451019883
2025-06-23,23:43:11.803,-0.834398627,8.833890915,-0.693285942
2025-06-23,23:43:11.803,-0.040901896,0.077077024,0.000132797
2025-06-23,23:43:11.803,0.691242039,7.289163113,-0.868955314
2025-06-23,23:43:11.803,0.927109659,7.318890095,-0.764448166
2025-06-23,23:43:11.803,1.165704012,7.344964504,-0.593108773
2025-06-23,23:43:11.803,-0.556265771,8.674454689,-1.912822485
2025-06-23,23:43:12.124,0.687151849,7.291558743,-0.290380538
2025-06-23,23:43:12.124,0.691242039,7.334817886,-0.295681238
2025-06-23,23:43:12.124,0.927109659,7.353268623,-0.282800138
2025-06-23,23:43:12.124,0.932563245,7.401050091,0.118029363
2025-06-23,23:43:12.124,0.943470418,7.224298,1.971829534
2025-06-23,23:43:12.124,-0.830308437,8.713014603,-1.354156017
2025-06-23,23:43:12.124,-0.556265771,8.783344269,-1.325866938
2025-06-23,23:43:12.124,0.458101243,7.300899029,0.458632857
2025-06-23,23:43:12.124,0.691242039,7.337806702,0.208747283
2025-06-23,23:43:12.124,0.695332229,7.380971909,0.218703941
2025-06-23,23:43:12.124,0.932563245,7.379662991,0.574501514
2025-06-23,23:43:12.124,-0.830308437,8.787038803,-0.733700752
2025-06-23,23:43:12.124,-0.834398627,8.822715759,-0.82338047
2025-06-23,23:43:12.124,-0.040901896,0.077077016,0.000135245
2025-06-23,23:43:12.124,0.916202486,7.193864346,-1.064057231
2025-06-23,23:43:12.124,0.691242039,7.295678139,-0.812444746
2025-06-23,23:43:12.124,0.695332229,7.347536564,-0.735042751
2025-06-23,23:43:12.124,0.932563245,7.394938469,-0.323053539
2025-06-23,23:43:12.124,-0.556265771,8.707548141,-1.756037354
2025-06-23,23:43:12.464,0.458101243,7.301499844,-0.448963523
2025-06-23,23:43:12.464,0.691242039,7.332354546,-0.351512104
2025-06-23,23:43:12.464,0.927109659,7.353978634,-0.263690323
2025-06-23,23:43:12.464,0.932563245,7.400832176,0.130988315
2025-06-23,23:43:12.464,0.707602799,7.276893139,1.874794602
2025-06-23,23:43:12.464,-0.830308437,8.705051422,-1.404439211
2025-06-23,23:43:12.464,-0.834398627,8.77070713,-1.26212585
2025-06-23,23:43:12.464,0.687151849,7.294793606,0.192692608
2025-06-23,23:43:12.464,0.691242039,7.340129375,0.097383395
2025-06-23,23:43:12.464,0.695332229,7.381860256,0.186326295
2025-06-23,23:43:12.464,0.932563245,7.362449169,0.764078021
2025-06-23,23:43:12.464,-0.834398627,8.83171463,-0.720475018
2025-06-23,23:43:12.464,-0.040901896,0.077077001,0.000145476
2025-06-23,23:43:12.464,0.458101243,7.257688522,-0.916202486
2025-06-23,23:43:12.464,0.691242039,7.301133633,-0.761860669
2025-06-23,23:43:12.464,0.927109659,7.322047234,-0.733596563
2025-06-23,23:43:12.464,0.932563245,7.395295143,-0.314777106
2025-06-23,23:43:12.464,-0.556265771,8.675096512,-1.90991199
2025-06-23,23:43:12.790,0.687151849,7.277976036,-0.531240344
2025-06-23,23:43:12.790,0.691242039,7.334266663,-0.309051454
2025-06-23,23:43:12.790,0.927109659,7.354932308,-0.235597342
2025-06-23,23:43:12.790,0.932563245,7.398385525,0.231015205
2025-06-23,23:43:12.790,-0.830308437,8.662004471,-1.649257183
2025-06-23,23:43:12.790,-0.834398627,8.75974369,-1.33610034
2025-06-23,23:43:12.790,0.458101243,7.313099384,0.179015249
2025-06-23,23:43:12.790,0.691242039,7.337013721,0.234966695
2025-06-23,23:43:12.790,0.695332229,7.376177788,0.344352305
2025-06-23,23:43:12.790,0.932563245,7.370484829,0.682222486
2025-06-23,23:43:12.790,-1.107077956,8.730819702,-0.993447065
2025-06-23,23:43:12.790,-0.834398627,8.809754372,-0.952099562
2025-06-23,23:43:12.790,-0.040901896,0.077076949,0.000168474
2025-06-23,23:43:12.790,2.46E-35,6.46E-40,2.78E-40
2025-06-23,23:43:13.116,0.458101243,7.293894768,-0.559076846
2025-06-23,23:43:13.116,0.691242039,7.327732086,-0.437402964
2025-06-23,23:43:13.116,0.695332229,7.375252724,-0.36362648
2025-06-23,23:43:13.116,0.699422419,7.427648067,0.000548623
2025-06-23,23:43:13.116,-1.107077956,8.529625893,-2.111784458
2025-06-23,23:43:13.116,-1.112531543,8.608625412,-1.966807604
2025-06-23,23:43:13.116,0.458101243,7.314983368,-0.067006648
2025-06-23,23:43:13.116,0.460828036,7.358817101,-0.015466447
2025-06-23,23:43:13.116,0.695332229,7.38404274,-0.049946554
2025-06-23,23:43:13.116,0.699422419,7.4251647,0.192060515
2025-06-23,23:43:13.116,-1.112531543,8.71664238,-1.41312325
2025-06-23,23:43:13.116,-0.040901896,0.077076934,0.00017612
2025-06-23,23:43:13.116,0.687151849,7.165821552,-1.379184604
2025-06-23,23:43:13.116,0.691242039,7.282497406,-0.923152745
2025-06-23,23:43:13.116,0.695332229,7.351601601,-0.693208516
2025-06-23,23:43:13.116,0.699422419,7.427602291,-0.026126059
2025-06-23,23:43:13.116,-0.834398627,8.452404022,-2.659914255
2025-06-23,23:43:13.437,0.458101243,7.306617737,-0.356095761
2025-06-23,23:43:13.437,0.691242039,7.328554153,-0.423407853
2025-06-23,23:43:13.437,0.695332229,7.373586655,-0.395984799
2025-06-23,23:43:13.437,0.932563245,7.400859833,-0.12940374
2025-06-23,23:43:13.437,0.943470418,7.182719707,2.118285656
2025-06-23,23:43:13.437,-1.107077956,8.492304802,-2.257193089
2025-06-23,23:43:13.437,-1.112531543,8.575145721,-2.107996464
2025-06-23,23:43:13.437,0.691242039,7.34067297,-0.038715843
2025-06-23,23:43:13.437,0.695332229,7.383860111,0.072051868
2025-06-23,23:43:13.437,0.699422419,7.421675682,0.297796398
2025-06-23,23:43:13.437,-1.112531543,8.644365311,-1.803252101
2025-06-23,23:43:13.437,-0.040901896,0.077076882,0.000196657
2025-06-23,23:43:13.437,0.691242039,7.292016029,-0.844680965
2025-06-23,23:43:13.437,0.695332229,7.34146452,-0.793398082
2025-06-23,23:43:13.437,0.932563245,7.395827293,-0.302017987
2025-06-23,23:43:13.437,-1.112531543,8.455846786,-2.544684649
2025-06-23,23:43:13.764,0.458101243,7.306173801,-0.365100831
2025-06-23,23:43:13.764,0.460828036,7.345927715,-0.435636461
2025-06-23,23:43:13.764,0.695332229,7.368377209,-0.483322382
2025-06-23,23:43:13.764,0.932563245,7.387447357,-0.463787168
2025-06-23,23:43:13.764,0.469008416,7.442501068,-0.837405741
2025-06-23,23:43:13.764,0.707602799,7.353908539,1.54533577
2025-06-23,23:43:13.764,-0.830308437,8.515041351,-2.290072203
2025-06-23,23:43:13.764,-1.112531543,8.609489441,-1.963022232
2025-06-23,23:43:13.764,0.691242039,7.340764046,-0.012735601
2025-06-23,23:43:13.764,0.695332229,7.383730412,-0.084279552
2025-06-23,23:43:13.764,0.699422419,7.427114487,-0.089002907
2025-06-23,23:43:13.764,-1.112531543,8.730409622,-1.325412154
2025-06-23,23:43:13.764,-0.040901896,0.077076942,0.000172978
2025-06-23,23:43:13.764,0.691242039,7.281208038,-0.93327111
2025-06-23,23:43:13.764,0.927109659,7.297092915,-0.950247049
2025-06-23,23:43:13.764,0.932563245,7.344173908,-0.923353851
2025-06-23,23:43:13.764,-1.112531543,8.406029701,-2.704707146
2025-06-23,23:43:14.109,0.458101243,7.313416958,-0.165529326
2025-06-23,23:43:14.109,0.691242039,7.326968193,-0.450024247
2025-06-23,23:43:14.109,0.695332229,7.369625092,-0.463907659
2025-06-23,23:43:14.109,0.699422419,7.415529728,-0.424120069
2025-06-23,23:43:14.109,0.938016832,7.445269108,-0.011320485
2025-06-23,23:43:14.109,0.707602799,7.420686245,1.183825731
2025-06-23,23:43:14.109,-1.107077956,8.533194542,-2.097320318
2025-06-23,23:43:14.109,-0.834398627,8.620959282,-2.048738241
2025-06-23,23:43:14.109,0.458101243,7.306750298,0.353366882
2025-06-23,23:43:14.109,0.691242039,7.340770245,-0.008744963
2025-06-23,23:43:14.109,0.463554829,7.402374744,0.005955758
2025-06-23,23:43:14.109,0.699422419,7.427111149,-0.089322038
2025-06-23,23:43:14.109,-0.834398627,8.748655319,-1.40688026
2025-06-23,23:43:14.109,-0.040901896,0.077076949,0.000168149
2025-06-23,23:43:14.109,0.691242039,7.293086529,-0.835388124
2025-06-23,23:43:14.109,0.695332229,7.343800545,-0.771477103
2025-06-23,23:43:14.109,0.932563245,7.376954079,-0.608296216
2025-06-23,23:43:14.109,-0.834398627,8.557504654,-2.299432516
2025-06-23,23:43:14.398,0.687151849,7.291323662,-0.296216279
2025-06-23,23:43:14.398,0.691242039,7.32218647,-0.522081971
2025-06-23,23:43:14.398,0.695332229,7.359490871,-0.603714287
2025-06-23,23:43:14.398,0.699422419,7.393068314,-0.715889454
2025-06-23,23:43:14.398,0.703512609,7.470108032,0.120791607
2025-06-23,23:43:14.398,1.179337978,7.308269024,1.472105265
2025-06-23,23:43:14.398,-1.107077956,8.503626823,-2.214155912
2025-06-23,23:43:14.398,-1.112531543,8.659763336,-1.727792978
2025-06-23,23:43:14.398,0.691242039,7.337351799,-0.224170625
2025-06-23,23:43:14.398,0.695332229,7.379192829,-0.272210151
2025-06-23,23:43:14.398,0.699422419,7.420888424,-0.316810042
2025-06-23,23:43:14.398,0.703512609,7.468519688,0.195749357
2025-06-23,23:43:14.398,-0.040901896,0.077076912,0.000187302
2025-06-23,23:43:14.398,0.691242039,7.294285297,-0.824852586
2025-06-23,23:43:14.398,0.927109659,7.283709049,-1.04791069
2025-06-23,23:43:14.398,0.699422419,7.342241764,-1.123139501
2025-06-23,23:43:14.398,-0.834398627,8.5135355,-2.457230806
2025-06-23,23:43:14.727,0.687151849,7.294455051,-0.205115452
2025-06-23,23:43:14.727,0.691242039,7.329045773,-0.41481477
2025-06-23,23:43:14.727,0.695332229,7.364584923,-0.538021028
2025-06-23,23:43:14.727,0.932563245,7.349281788,-0.881779134
2025-06-23,23:43:14.727,0.703512609,7.471022129,0.030582802
2025-06-23,23:43:14.727,0.707602799,7.420359135,1.185875535
2025-06-23,23:43:14.727,-0.830308437,8.544692039,-2.176833868
2025-06-23,23:43:14.727,-0.834398627,8.726944923,-1.535810471
2025-06-23,23:43:14.727,0.458101243,7.301084995,0.45566079
2025-06-23,23:43:14.727,0.691242039,7.338984966,0.162124261
2025-06-23,23:43:14.727,0.695332229,7.383875847,-0.070393123
2025-06-23,23:43:14.727,0.699422419,7.414698601,-0.438404292
2025-06-23,23:43:14.727,-0.834398627,8.789806366,-1.121421695
2025-06-23,23:43:14.727,-0.040901896,0.077076927,0.000177656
2025-06-23,23:43:14.727,0.691242039,7.300635338,-0.766620874
2025-06-23,23:43:14.727,0.927109659,7.276766777,-1.095080495
2025-06-23,23:43:14.727,0.932563245,7.248701572,-1.49859941
2025-06-23,23:43:14.727,-0.834398627,8.652298927,-1.912067175
2025-06-23,23:43:15.151,0.458101243,7.3013978,-0.450621724
2025-06-23,23:43:15.151,0.691242039,7.323036194,-0.510022342
2025-06-23,23:43:15.151,0.927109659,7.330489635,-0.643782437
2025-06-23,23:43:15.151,0.932563245,7.358746529,-0.798952699
2025-06-23,23:43:15.151,0.703512609,7.467079163,-0.244616926
2025-06-23,23:43:15.151,0.943470418,7.457072258,0.686053038
2025-06-23,23:43:15.151,-1.107077956,8.562810898,-1.97292304
2025-06-23,23:43:15.151,-0.834398627,8.728444099,-1.527263284
2025-06-23,23:43:15.151,0.460828036,7.358832359,-0.004472533
2025-06-23,23:43:15.151,0.695332229,7.382450104,-0.16128014
2025-06-23,23:43:15.151,0.932563245,7.391563892,-0.392756104
2025-06-23,23:43:15.151,0.703512609,7.467678547,0.225577116
2025-06-23,23:43:15.151,0.707602799,7.423941612,1.163235903
2025-06-23,23:43:15.151,-0.040901896,0.077076957,0.000166031
2025-06-23,23:43:15.151,0.691242039,7.287212849,-0.885160625
2025-06-23,23:43:15.151,0.927109659,7.277372837,-1.09104538
2025-06-23,23:43:15.151,0.932563245,7.280665398,-1.334685326
2025-06-23,23:43:15.151,0.938016832,7.398229599,-0.835679173
2025-06-23,23:43:15.492,0.916202486,7.234650612,-0.737379313
2025-06-23,23:43:15.492,0.921656072,7.292148113,-0.583031535
2025-06-23,23:43:15.492,0.927109659,7.350315571,-0.351276964
2025-06-23,23:43:15.492,1.165704012,7.364044666,0.266697317
2025-06-23,23:43:15.492,1.172520995,7.298248768,1.293367624
2025-06-23,23:43:15.492,0.943470418,7.297830105,1.679365993
2025-06-23,23:43:15.492,-0.556265771,8.853387833,-0.722899854
2025-06-23,23:43:15.492,0.921656072,7.315051079,-0.073319204
2025-06-23,23:43:15.492,0.927109659,7.357964039,0.104394972
2025-06-23,23:43:15.492,1.165704012,7.330584049,0.750212729
2025-06-23,23:43:15.492,0.938016832,7.240805626,1.73288691
2025-06-23,23:43:15.492,-0.834398627,8.858011246,-0.232167825
2025-06-23,23:43:15.492,-0.040901896,0.077076934,0.000176229
2025-06-23,23:43:15.492,0.921656072,7.240106106,-1.046999931
2025-06-23,23:43:15.492,0.927109659,7.314330101,-0.806911588
2025-06-23,23:43:15.492,1.165704012,7.366965771,-0.167629018
2025-06-23,23:43:15.492,1.172520995,7.357290745,0.898613691
2025-06-23,23:43:15.492,-0.556265771,8.788063049,-1.294220328
2025-06-23,23:43:15.728,0.916202486,7.271372318,-0.10510914
2025-06-23,23:43:15.728,1.152070045,7.267984867,-0.46252498
2025-06-23,23:43:15.728,0.927109659,7.35120821,-0.332076102
2025-06-23,23:43:15.728,1.165704012,7.366493702,0.187220514
2025-06-23,23:43:15.728,1.172520995,7.286102295,1.360126495
2025-06-23,23:43:15.728,1.415205598,7.186816216,1.820877075
2025-06-23,23:43:15.728,-0.278132886,8.883498192,-0.469683349
2025-06-23,23:43:15.728,0.921656072,7.315405369,-0.013765109
2025-06-23,23:43:15.728,0.927109659,7.357815266,0.114425935
2025-06-23,23:43:15.728,1.165704012,7.3404603,0.646471798
2025-06-23,23:43:15.728,1.172520995,7.142127514,1.981728077
2025-06-23,23:43:15.728,-0.040901896,0.077076972,0.000159597
2025-06-23,23:43:15.728,1.152070045,7.22851944,-0.886588156
2025-06-23,23:43:15.728,1.158887029,7.281004906,-0.808714747
2025-06-23,23:43:15.728,1.165704012,7.363657475,-0.277186722
2025-06-23,23:43:15.728,1.172520995,7.360189915,0.874547601
2025-06-23,23:43:15.728,-0.556265771,8.844943047,-0.819781423
2025-06-23,23:43:16.049,0.687151849,7.276916981,-0.545551181
2025-06-23,23:43:16.049,0.921656072,7.304987907,-0.390508294
2025-06-23,23:43:16.049,0.927109659,7.353547096,-0.275468707
2025-06-23,23:43:16.049,1.165704012,7.367263317,0.15399988
2025-06-23,23:43:16.049,1.172520995,7.322695732,1.146890521
2025-06-23,23:43:16.049,1.415205598,7.30908823,1.242236733
2025-06-23,23:43:16.049,-0.556265771,8.876642227,-0.332080245
2025-06-23,23:43:16.049,1.152070045,7.28258419,0.038715843
2025-06-23,23:43:16.049,0.927109659,7.355918407,0.202486485
2025-06-23,23:43:16.049,0.932563245,7.361642361,0.771813333
2025-06-23,23:43:16.049,0.938016832,7.251302242,1.688425541
2025-06-23,23:43:16.049,-0.040901896,0.077076927,0.00017887
2025-06-23,23:43:16.049,0.921656072,7.263072014,-0.873575032
2025-06-23,23:43:16.049,1.158887029,7.283252716,-0.788213193
2025-06-23,23:43:16.049,1.165704012,7.36215353,-0.314609826
2025-06-23,23:43:16.049,1.172520995,7.372054577,0.768142402
2025-06-23,23:43:16.435,0.687151849,7.264640808,-0.690030873
2025-06-23,23:43:16.435,0.921656072,7.300292015,-0.470196038
2025-06-23,23:43:16.435,1.158887029,7.316389084,-0.37080434
2025-06-23,23:43:16.435,0.932563245,7.398299694,0.233736038
2025-06-23,23:43:16.435,1.172520995,7.288611412,1.346617222
2025-06-23,23:43:16.435,1.179337978,7.158141136,2.08300519
2025-06-23,23:43:16.435,-0.553538978,8.699905396,-1.563657641
2025-06-23,23:43:16.435,-0.556265771,8.857843399,-0.666089118
2025-06-23,23:43:16.435,0.921656072,7.315392017,0.019671179
2025-06-23,23:43:16.435,0.927109659,7.357618809,0.126413435
2025-06-23,23:43:16.435,0.932563245,7.367803574,0.710594714
2025-06-23,23:43:16.435,1.172520995,7.149122238,1.956345081
2025-06-23,23:43:16.435,-0.834398627,8.86063385,-0.086264059
2025-06-23,23:43:16.435,-0.040901896,0.077076949,0.000170053
2025-06-23,23:43:16.435,0.921656072,7.252155304,-0.959995627
2025-06-23,23:43:16.435,1.158887029,7.282631874,-0.793926895
2025-06-23,23:43:16.435,1.165704012,7.362328053,-0.310495526
2025-06-23,23:43:16.435,1.172520995,7.340385914,1.027603865
2025-06-23,23:43:16.435,-0.556265771,8.778856277,-1.355264306
2025-06-23,23:43:16.773,0.916202486,7.268359661,-0.234197721
2025-06-23,23:43:16.773,1.152070045,7.270633221,-0.418833435
2025-06-23,23:43:16.773,0.927109659,7.353883743,-0.266324013
2025-06-23,23:43:16.773,0.932563245,7.397929192,0.245196417
2025-06-23,23:43:16.773,0.938016832,7.327180862,1.320826292
2025-06-23,23:43:16.773,1.179337978,7.274368286,1.631397486
2025-06-23,23:43:16.773,-0.830308437,8.652266502,-1.699602723
2025-06-23,23:43:16.773,-0.556265771,8.817149162,-1.078400254
2025-06-23,23:43:16.773,0.921656072,7.313957214,0.146201581
2025-06-23,23:43:16.773,0.927109659,7.356347084,0.186265111
2025-06-23,23:43:16.773,0.932563245,7.367914677,0.709443331
2025-06-23,23:43:16.773,1.172520995,7.258105278,1.502378225
2025-06-23,23:43:16.773,-0.553538978,8.797168732,-0.86208874
2025-06-23,23:43:16.773,-0.834398627,8.847550392,-0.489010781
2025-06-23,23:43:16.773,-0.040901896,0.07707689,0.000194512
2025-06-23,23:43:16.773,0.916202486,7.234958172,-0.734358072
2025-06-23,23:43:16.773,0.921656072,7.269180298,-0.821198046
2025-06-23,23:43:16.773,0.927109659,7.326807499,-0.684418321
2025-06-23,23:43:16.773,0.932563245,7.400217533,-0.162039384
2025-06-23,23:43:16.773,0.938016832,7.414910793,0.671762526
2025-06-23,23:43:16.773,-0.556265771,8.729483604,-1.643525362
2025-06-23,23:43:17.075,0.916202486,7.268413067,-0.232535988
2025-06-23,23:43:17.075,0.921656072,7.298202991,-0.501582325
2025-06-23,23:43:17.075,1.158887029,7.313505173,-0.42389971
2025-06-23,23:43:17.075,0.932563245,7.399176121,0.204130143
2025-06-23,23:43:17.075,1.172520995,7.305252552,1.253202081
2025-06-23,23:43:17.075,1.179337978,7.266860485,1.664522052
2025-06-23,23:43:17.075,-0.553538978,8.739504814,-1.324550867
2025-06-23,23:43:17.075,-0.556265771,8.802073479,-1.195224524
2025-06-23,23:43:17.075,0.921656072,7.315404892,-0.014095793
2025-06-23,23:43:17.075,0.927109659,7.358228207,0.083754554
2025-06-23,23:43:17.075,0.932563245,7.376341343,0.615681589
2025-06-23,23:43:17.075,0.938016832,7.270843983,1.602184296
2025-06-23,23:43:17.075,-0.553538978,8.821592331,-0.559363365
2025-06-23,23:43:17.075,-0.834398627,8.841501236,-0.588329554
2025-06-23,23:43:17.075,-0.040901896,0.077076934,0.000175351
2025-06-23,23:43:17.075,1.152070045,7.215901852,-0.984018266
2025-06-23,23:43:17.075,1.158887029,7.275656223,-0.855496705
2025-06-23,23:43:17.075,1.165704012,7.361197948,-0.33621946
2025-06-23,23:43:17.075,1.172520995,7.364352703,0.838775754
2025-06-23,23:43:17.075,-0.830308437,8.538006783,-2.202906609
2025-06-23,23:43:17.075,-0.556265771,8.703509331,-1.775948524
2025-06-23,23:43:17.401,0.916202486,7.266856194,-0.2769503
2025-06-23,23:43:17.401,2.46E-35,6.46E-40,-1.11E-19
2025-06-23,23:43:17.401,-1.64E-27,0.007931232,-2.040283442
2025-06-23,23:43:17.840,0.687151849,7.29702282,0.067890026
2025-06-23,23:43:17.840,0.691242039,7.328351021,0.42691052
2025-06-23,23:43:17.840,0.927109659,7.305345058,0.88457185
2025-06-23,23:43:17.840,0.916202486,7.223797798,-0.837044418
2025-06-23,23:43:17.840,0.921656072,7.297217369,-0.515717089
2025-06-23,23:43:17.840,0.927109659,7.358290672,-0.078054644
2025-06-23,23:43:17.840,-0.040901896,0.077076942,0.000172871
2025-06-23,23:43:17.840,0.910748899,7.183252335,-0.810610592
2025-06-23,23:43:17.840,0.687151849,7.288511276,-0.358818352
2025-06-23,23:43:17.840,0.691242039,7.34071207,-0.03044563
2025-06-23,23:43:17.840,0.927109659,7.34573555,0.436698347
2025-06-23,23:43:17.840,-0.556265771,8.573951721,-2.322156906
2025-06-23,23:43:18.061,0.455374449,7.257156372,-0.460417718
2025-06-23,23:43:18.061,0.687151849,7.289656639,-0.334749848
2025-06-23,23:43:18.061,0.460828036,7.358816624,-0.015747169
2025-06-23,23:43:18.061,-0.826218247,8.724647522,0.931003094
2025-06-23,23:43:18.061,-0.830308437,8.817573547,0.027804267
2025-06-23,23:43:18.061,0.683061659,7.111003876,-1.432731152
2025-06-23,23:43:18.061,0.687151849,7.182557106,-1.289193988
2025-06-23,23:43:18.061,0.691242039,7.262531281,-1.068934798
2025-06-23,23:43:18.061,-0.830308437,8.768461227,-0.92975533
2025-06-23,23:43:18.061,-0.040901896,0.077076964,0.000162535
2025-06-23,23:43:18.061,0.683061659,7.181328773,-1.023529768
2025-06-23,23:43:18.061,0.687151849,7.259524345,-0.741924226
2025-06-23,23:43:18.061,0.691242039,7.321072102,-0.537477612
2025-06-23,23:43:18.061,0.695332229,7.292361736,-1.161050797
2025-06-23,23:43:18.061,0.699422419,7.360831261,0.994042814
2025-06-23,23:43:18.061,-0.550812185,8.786201477,0.410063356
2025-06-23,23:43:18.061,-0.830308437,8.799427986,-0.566071153
2025-06-23,23:43:18.061,-0.834398627,8.694706917,-1.708902001
2025-06-23,23:43:18.386,0.455374449,7.165270805,-1.23983705
2025-06-23,23:43:18.386,0.687151849,7.231829643,-0.975594938
2025-06-23,23:43:18.386,0.691242039,7.339609146,0.130835667
2025-06-23,23:43:18.386,-0.826218247,8.767716408,0.336733311
2025-06-23,23:43:18.386,-0.553538978,8.837347984,-0.186172739
2025-06-23,23:43:18.386,-0.830308437,8.765530586,-0.956993699
2025-06-23,23:43:18.386,-0.040901896,0.077076942,0.000171226
2025-06-23,23:43:18.386,0.683061659,7.034708977,-1.769734621
2025-06-23,23:43:18.386,0.687151849,7.147785187,-1.469800472
2025-06-23,23:43:18.386,0.921656072,7.284430504,-0.672618449
2025-06-23,23:43:18.386,-0.826218247,8.774178505,-0.00570271
2025-06-23,23:43:18.386,-0.553538978,8.822515488,-0.544613123
2025-06-23,23:43:18.386,-0.834398627,8.844139099,-0.547245562
2025-06-23,23:43:18.716,0.455374449,7.132173538,-1.417886615
2025-06-23,23:43:18.716,0.687151849,7.076833248,-1.780331731
2025-06-23,23:43:18.716,-0.826218247,8.763319969,0.436422735
2025-06-23,23:43:18.716,-0.830308437,8.817516327,0.042147569
2025-06-23,23:43:18.716,-0.040901896,0.077076949,0.000169066
2025-06-23,23:43:18.716,0.683061659,6.976676941,-1.986220479
2025-06-23,23:43:18.716,0.458101243,7.042161465,-1.980259776
2025-06-23,23:43:18.716,-0.822128057,8.730731964,-0.014502239
2025-06-23,23:43:18.716,-0.826218247,8.772453308,-0.174057752
2025-06-23,23:43:18.716,-0.830308437,8.800797462,-0.544361234
2025-06-23,23:43:18.716,-0.556265771,8.875894547,-0.351500005
2025-06-23,23:43:19.063,0.455374449,7.049632549,-1.783530235
2025-06-23,23:43:19.063,0.460828036,7.357765675,-0.1253438
2025-06-23,23:43:19.063,0.463554829,7.393761158,-0.357046306
2025-06-23,23:43:19.063,-0.822128057,8.724456787,0.331269175
2025-06-23,23:43:19.063,-0.826218247,8.76843071,0.31757915
2025-06-23,23:43:19.063,-0.830308437,8.814417839,0.237508923
2025-06-23,23:43:19.063,-0.550812185,8.74706459,-0.924312532
2025-06-23,23:43:19.398,0,7.224676609,-0.505828738
2025-06-23,23:43:19.398,0,7.272929668,0.436073244
2025-06-23,23:43:19.398,0,7.289015293,0.770444632
2025-06-23,23:43:19.398,0.230414018,7.310716152,0.930125833
2025-06-23,23:43:19.398,0.463554829,7.316636562,1.123394847
2025-06-23,23:43:19.398,-1.636075735,8.167203903,-2.599718809
2025-06-23,23:43:19.398,-1.370213509,8.039068222,-3.224544048
2025-06-23,23:43:19.398,-1.377030492,8.3742733,-2.375757217
2025-06-23,23:43:19.398,-1.383847475,8.712770462,-0.782544196
2025-06-23,23:43:19.398,-1.636075735,8.34515667,-1.954511285
2025-06-23,23:43:19.398,-1.644256115,8.193767548,-2.657137632
2025-06-23,23:43:19.398,-0.040901896,0.077076904,0.000189495
2025-06-23,23:43:19.398,0.226323828,7.199998379,-0.748740196
2025-06-23,23:43:19.398,0.227687225,7.28187418,-0.090201341
2025-06-23,23:43:19.398,0.229050621,7.321490288,0.258154869
2025-06-23,23:43:19.398,0.460828036,7.348525524,0.389364183
2025-06-23,23:43:19.398,-1.636075735,7.951938152,-3.198192358
2025-06-23,23:43:19.398,-1.10162437,8.270041466,-2.839316368
2025-06-23,23:43:19.719,0,7.176290035,-0.568002403
2025-06-23,23:43:19.719,0,7.230462551,-0.414997071
2025-06-23,23:43:19.719,0.227687225,7.280357838,0.173831493
2025-06-23,23:43:19.719,0,7.315136909,0.460541695
2025-06-23,23:43:19.719,0,7.365163803,0.345189661
2025-06-23,23:43:19.719,-1.636075735,7.890262127,-3.347464323
2025-06-23,23:43:19.719,-1.377030492,8.21399498,-2.881485224
2025-06-23,23:43:19.719,-0.040901896,0.077076957,0.000165813
2025-06-23,23:43:19.719,0.226323828,7.178032875,-0.936178446
2025-06-23,23:43:19.719,0.227687225,7.272431374,-0.381531507
2025-06-23,23:43:19.719,-1.377030492,8.019973755,-3.384182692
2025-06-23,23:43:20.122,0,7.191484928,-0.322979063
2025-06-23,23:43:20.122,0.226323828,7.233756542,-0.27084142
2025-06-23,23:43:20.122,0.227687225,7.282098293,-0.069772363
2025-06-23,23:43:20.122,0.458101243,7.20123148,1.286753416
2025-06-23,23:43:20.122,-1.636075735,7.809339523,-3.532133579
2025-06-23,23:43:20.122,0.226323828,7.178080559,-0.935814738
2025-06-23,23:43:20.122,-0.040901896,0.077076919,0.000183727
2025-06-23,23:43:20.122,0,7.161484718,-0.73137337
2025-06-23,23:43:20.122,0,7.208827496,-0.696146667
2025-06-23,23:43:20.122,0.227687225,7.271457672,-0.399654835
2025-06-23,23:43:20.122,0.458101243,7.237981319,1.060705304
2025-06-23,23:43:20.450,0,7.179705143,-0.523072958
2025-06-23,23:43:20.450,0,7.230080605,-0.421597809
2025-06-23,23:43:20.450,0.227687225,7.282366276,0.031138111
2025-06-23,23:43:20.450,0.458101243,7.204463005,1.268534899
2025-06-23,23:43:20.450,0,7.121774197,1.909221172
2025-06-23,23:43:20.450,0.224960431,7.090587616,-1.222591758
2025-06-23,23:43:20.450,0.226323828,7.104400635,-1.388553023
2025-06-23,23:43:20.450,0.227687225,7.199173927,-1.098052859
2025-06-23,23:43:20.450,-0.040901896,0.077076912,0.000185587
2025-06-23,23:43:20.450,0.224960431,7.137202263,-0.911871254
2025-06-23,23:43:20.450,0.226323828,7.186356544,-0.869980752
2025-06-23,23:43:20.450,0.227687225,7.26417017,-0.515419722
2025-06-23,23:43:20.450,0.229050621,7.261569023,0.969784081
2025-06-23,23:43:20.450,0.230414018,7.19616127,1.589644313
2025-06-23,23:43:20.748,0,7.191387177,-0.325146884
2025-06-23,23:43:20.748,0.226323828,7.23479414,-0.241545215
2025-06-23,23:43:20.748,0.227687225,7.275568962,0.316096365
2025-06-23,23:43:20.748,0,7.283836365,0.817955196
2025-06-23,23:43:20.748,-1.627895355,8.047693253,-2.821985006
2025-06-23,23:43:20.748,0.224960431,7.070073605,-1.336123228
2025-06-23,23:43:20.748,0.452647656,7.102005959,-1.34477818
2025-06-23,23:43:20.748,0.455374449,7.201874733,-1.005634069
2025-06-23,23:43:20.748,-0.040901896,0.077076942,0.000172973
2025-06-23,23:43:20.748,0.224960431,7.149093628,-0.813403189
2025-06-23,23:43:20.748,0.226323828,7.199373722,-0.754722118
2025-06-23,23:43:20.748,0.455374449,7.269696712,-0.172653109
2025-06-23,23:43:20.748,0,7.321400166,0.347024828
2025-06-23,23:43:20.748,0.230414018,7.260700703,1.262510896
2025-06-23,23:43:20.748,-1.627895355,7.933439732,-3.128818274
2025-06-23,23:43:21.054,0.224960431,7.188631058,-0.307806045
2025-06-23,23:43:21.054,0.226323828,7.236923695,-0.165914908
2025-06-23,23:43:21.054,-1.899211287,8.19323349,-2.15474534
2025-06-23,23:43:21.054,-1.636075735,7.874009132,-3.385518074
2025-06-23,23:43:21.054,0.224960431,7.092315197,-1.212529778
2025-06-23,23:43:21.054,0.452647656,7.131051064,-1.181113482
2025-06-23,23:43:21.054,-1.627895355,7.89672327,-3.220361948
2025-06-23,23:43:21.054,-0.040901896,0.077076942,0.000171435
2025-06-23,23:43:21.054,0,7.11325407,-0.772752762
2025-06-23,23:43:21.054,2.46E-35,6.46E-40,-2.047241688
2025-06-23,23:43:21.466,0.6667009,7.079975605,0.050523393
2025-06-23,23:43:21.466,0.67079109,7.119613171,-0.238074407
2025-06-23,23:43:21.466,0.449920863,7.184511662,-0.046160415
2025-06-23,23:43:21.466,-1.074356437,8.491993904,-0.776708961
2025-06-23,23:43:21.466,-0.809857488,8.577881813,-0.62241894
2025-06-23,23:43:21.466,-0.813947678,8.51134491,-1.507814407
2025-06-23,23:43:21.466,-0.805767298,8.411697388,-1.570211172
2025-06-23,23:43:21.466,-0.809857488,8.455885887,-1.570176005
2025-06-23,23:43:21.466,-0.040901896,0.077076934,0.000176115
2025-06-23,23:43:21.466,0.6667009,7.063508034,-0.4852494
2025-06-23,23:43:21.466,0.67079109,7.090717793,-0.683585346
2025-06-23,23:43:21.466,0.674881279,7.137737274,-0.647314131
2025-06-23,23:43:21.466,0.452647656,7.22688961,0.137802109
2025-06-23,23:43:21.466,-1.06890285,8.202493668,-2.167936802
2025-06-23,23:43:21.466,-0.805767298,8.472723007,-1.197989702
2025-06-23,23:43:21.466,-0.809857488,8.531874657,-1.083779216
2025-06-23,23:43:21.466,-0.813947678,8.437222481,-1.878769517
2025-06-23,23:43:21.811,0.444467276,7.064819336,0.681081176
2025-06-23,23:43:21.811,0.67079109,7.123520374,-0.032031197
2025-06-23,23:43:21.811,0.674881279,7.089479446,-1.051468253
2025-06-23,23:43:21.811,-0.537178218,8.571324348,-0.339587092
2025-06-23,23:43:21.811,-0.539905012,8.62044239,-0.140792057
2025-06-23,23:43:21.811,-0.813947678,8.633769035,-0.417775184
2025-06-23,23:43:21.811,-0.040901896,0.077076919,0.000183275
2025-06-23,23:43:21.811,0.6667009,7.079474449,0.098227993
2025-06-23,23:43:21.811,0.67079109,7.114228725,-0.365128696
2025-06-23,23:43:21.811,0.899841726,7.012640476,-1.354594111
2025-06-23,23:43:21.811,-0.805767298,8.499694824,-0.988641739
2025-06-23,23:43:21.811,-0.809857488,8.576132774,-0.646074176
2025-06-23,23:43:21.811,-0.813947678,8.59885025,-0.881066978
2025-06-23,23:43:22.051,0.444467276,7.065649033,0.672420204
2025-06-23,23:43:22.051,-0.268589109,8.485078812,1.342674136
2025-06-23,23:43:22.051,-0.539905012,8.351347923,2.141687393
2025-06-23,23:43:22.051,-0.040901896,0.077076934,0.000176115
2025-06-23,23:43:22.051,0.6667009,7.075981617,0.24308227
2025-06-23,23:43:22.051,-0.268589109,8.555017471,0.78167212
2025-06-23,23:43:22.051,-0.539905012,8.435230255,1.782898545
2025-06-23,23:43:22.405,-0.805767298,8.428693771,1.476257801
2025-06-23,23:43:22.405,-0.809857488,8.510947227,1.237436175
2025-06-23,23:43:22.405,-0.040901896,0.077076927,0.000179256
2025-06-23,23:43:22.405,-0.805767298,8.513713837,0.859586358
2025-06-23,23:43:22.405,-0.809857488,8.569701195,0.726424336
2025-06-23,23:43:22.800,0.44719407,7.064782143,-1.04134798
2025-06-23,23:43:22.800,0.449920863,7.16392374,-0.545475245
2025-06-23,23:43:22.800,-0.801677108,8.498103142,0.512806237
2025-06-23,23:43:22.800,-0.805767298,8.544197083,0.467883259
2025-06-23,23:43:22.800,-0.809857488,8.60032177,0.043999009
2025-06-23,23:43:22.800,-0.040901896,0.07707689,0.000195007
2025-06-23,23:43:22.800,0.44719407,7.010053158,-1.361874104
2025-06-23,23:43:22.800,0.674881279,7.10255146,-0.959202945
2025-06-23,23:43:22.800,-0.801677108,8.512217522,-0.151248813
2025-06-23,23:43:22.800,-0.805767298,8.556393623,-0.101688325
2025-06-23,23:43:22.800,-0.809857488,8.587023735,-0.480094105
2025-06-23,23:43:23.123,0.6667009,7.016652107,-0.946148515
2025-06-23,23:43:23.123,0.894388139,7.071299553,-0.626352251
2025-06-23,23:43:23.123,0.674881279,7.148030281,-0.5215047
2025-06-23,23:43:23.123,-0.801677108,8.512578964,-0.12935783
2025-06-23,23:43:23.123,-0.805767298,8.555781364,0.144293249
2025-06-23,23:43:23.123,-0.809857488,8.59930706,0.139227539
2025-06-23,23:43:23.123,-0.805767298,8.536694527,0.589118063
2025-06-23,23:43:23.123,-0.805767298,8.455777168,-1.312267661
2025-06-23,23:43:23.123,-0.040901896,0.077076912,0.000187189
2025-06-23,23:43:23.123,0.6667009,6.93341589,-1.433997631
2025-06-23,23:43:23.123,0.67079109,7.089478016,-0.69633013
2025-06-23,23:43:23.123,0.674881279,7.157286644,-0.373568207
2025-06-23,23:43:23.123,-0.801677108,8.485701561,-0.688186765
2025-06-23,23:43:23.123,-0.805767298,8.549054146,-0.368643105
2025-06-23,23:43:23.123,-0.809857488,8.591416359,-0.393738985
2025-06-23,23:43:23.479,0.44719407,6.953258991,1.627188087
2025-06-23,23:43:23.479,-0.793496728,8.150250435,-2.140676022
2025-06-23,23:43:23.479,-0.531724632,8.471936226,-0.568087697
2025-06-23,23:43:23.479,-0.534451425,8.523048401,-0.442061692
2025-06-23,23:43:23.479,-0.805767298,8.529150963,-0.689781368
2025-06-23,23:43:23.479,-0.797586918,8.470004082,-0.04517496
2025-06-23,23:43:23.479,-0.801677108,8.51316452,0.082185715
2025-06-23,23:43:23.479,-0.805767298,8.553686142,-0.238047257
2025-06-23,23:43:23.479,-0.040901896,0.077076927,0.000179144
2025-06-23,23:43:23.479,-0.793496728,7.921506405,-2.873814344
2025-06-23,23:43:23.479,-0.531724632,8.416046143,-1.125431776
2025-06-23,23:43:23.479,-0.534451425,8.477146149,-0.987812221
2025-06-23,23:43:23.479,-0.805767298,8.452425957,-1.333683491
2025-06-23,23:43:23.838,1.104351163,6.898882389,1.067849517
2025-06-23,23:43:23.838,1.111168146,6.646974087,2.270712376
2025-06-23,23:43:23.838,0.894388139,6.741872787,2.223229647
2025-06-23,23:43:23.838,-0.793496728,8.14292717,-2.168366909
2025-06-23,23:43:23.838,-0.531724632,8.482958794,-0.368560493
2025-06-23,23:43:23.838,-0.534451425,8.52828598,-0.325738937
2025-06-23,23:43:23.838,-0.805767298,8.517558098,-0.820617676
2025-06-23,23:43:23.838,-0.531724632,8.490218163,0.11232619
2025-06-23,23:43:23.838,-0.801677108,8.512560844,0.130554393
2025-06-23,23:43:23.838,-0.040901896,0.077076957,0.000164986
2025-06-23,23:43:23.838,0.888934553,6.850104332,1.69084847
2025-06-23,23:43:23.838,-0.531724632,8.440223694,-0.926848114
2025-06-23,23:43:23.838,-0.534451425,8.494936943,-0.820866227
2025-06-23,23:43:23.838,-0.537178218,8.482759476,-1.275030851
2025-06-23,23:43:24.078,0.883480966,6.949657917,0.936047733
2025-06-23,23:43:24.078,1.111168146,6.737528801,1.985977888
2025-06-23,23:43:24.078,0.894388139,6.846530437,1.876330853
2025-06-23,23:43:24.078,-0.265862316,8.49901104,0.274387658
2025-06-23,23:43:24.078,-0.534451425,8.533255577,-0.146029875
2025-06-23,23:43:24.078,-0.537178218,8.54474926,-0.755106509
2025-06-23,23:43:24.078,-0.531724632,8.474850655,0.522815585
2025-06-23,23:43:24.078,-0.534451425,8.530179024,0.271701068
2025-06-23,23:43:24.078,-0.040901896,0.077076927,0.000177489
2025-06-23,23:43:24.078,-0.531724632,8.484621048,-0.328062266
2025-06-23,23:43:24.078,-0.534451425,8.515679359,-0.566546977
2025-06-23,23:43:24.078,-0.537178218,8.466633797,-1.378051639
2025-06-23,23:43:24.397,1.325221419,6.927855968,0.45063591
2025-06-23,23:43:24.397,1.111168146,6.953999519,0.990098536
2025-06-23,23:43:24.397,0.894388139,6.999827385,1.182376504
2025-06-23,23:43:24.397,-0.265862316,8.486711502,0.533100486
2025-06-23,23:43:24.397,-0.534451425,8.525028229,-0.40208596
2025-06-23,23:43:24.397,-0.537178218,8.483039856,-1.273165464
2025-06-23,23:43:24.397,-0.531724632,8.428284645,1.029780746
2025-06-23,23:43:24.397,-0.534451425,8.534046173,-0.088479169
2025-06-23,23:43:24.397,-0.040901896,0.077076957,0.000166641
2025-06-23,23:43:24.397,1.111168146,6.999932289,0.582534194
2025-06-23,23:43:24.397,0.894388139,7.053415775,0.803072155
2025-06-23,23:43:24.397,-0.265862316,8.503193855,0.064546183
2025-06-23,23:43:24.397,-0.267225713,8.523715973,-0.631083429
2025-06-23,23:43:24.735,1.317041039,6.859122276,-0.746656537
2025-06-23,23:43:24.735,1.546091676,6.895980358,0.097625367
2025-06-23,23:43:24.735,1.111168146,6.971681118,0.856773198
2025-06-23,23:43:24.735,1.117985129,7.025109768,0.770370424
2025-06-23,23:43:24.735,-0.793496728,8.425016403,0.167828262
2025-06-23,23:43:24.735,-0.531724632,8.485303879,-0.309897453
2025-06-23,23:43:24.735,-0.534451425,8.408088684,-1.463493586
2025-06-23,23:43:24.735,-0.537178218,8.324105263,-2.071758032
2025-06-23,23:43:24.735,-0.797586918,8.469338417,0.1153998
2025-06-23,23:43:24.735,-0.534451425,8.485395432,-0.914243639
2025-06-23,23:43:24.735,-0.040901896,0.077076949,0.000168908
2025-06-23,23:43:24.735,1.111168146,7.015856743,0.340814441
2025-06-23,23:43:24.735,-0.793496728,8.415827751,-0.427686781
2025-06-23,23:43:24.735,-0.531724632,8.44609642,-0.871709943
2025-06-23,23:43:24.735,-0.534451425,8.269895554,-2.108696222
2025-06-23,23:43:25.274,0.888934553,7.048326015,0.322486073
2025-06-23,23:43:25.274,0,2.35E-38,1.54E-33
2025-06-23,23:43:25.274,0,0.000488281,1.19E-07
2025-06-23,23:43:25.274,1.91E-06,4.78E-07,1.17E-10
2025-06-23,23:43:25.385,0.433560103,6.916831493,-0.301511437
2025-06-23,23:43:25.385,0.436286896,6.966860294,-0.034003381
2025-06-23,23:43:25.385,0.43901369,6.976329327,0.691194415
2025-06-23,23:43:25.385,0.66261071,6.799696445,1.810952067
2025-06-23,23:43:25.385,0.218143448,6.971821785,0.273409277
2025-06-23,23:43:25.385,0.219506845,6.955780029,0.953202844
2025-06-23,23:43:25.385,-0.040901896,0.077076927,0.000178054
2025-06-23,23:43:25.385,0.216780052,6.885171413,-0.817836642
2025-06-23,23:43:25.385,0.436286896,6.953194618,-0.437471062
2025-06-23,23:43:25.385,0.43901369,7.006097794,0.248019755
2025-06-23,23:43:25.760,0.216780052,6.913953304,-0.521241009
2025-06-23,23:43:25.760,0.218143448,6.974210739,-0.203552127
2025-06-23,23:43:25.760,0,7.023122787,-0.124087907
2025-06-23,23:43:25.760,0,7.052150249,-0.470798135
2025-06-23,23:43:25.760,0,7.110523224,-0.116441704
2025-06-23,23:43:25.760,0.218143448,6.976370811,0.10631039
2025-06-23,23:43:25.760,-0.040901896,0.077076934,0.000175224
2025-06-23,23:43:25.760,0.436286896,6.947110176,-0.525317907
2025-06-23,23:43:26.094,0.216780052,6.861445904,-0.997499049
2025-06-23,23:43:26.094,0.436286896,6.966861248,0.033757426
2025-06-23,23:43:26.094,0,7.020229816,0.236700356
2025-06-23,23:43:26.094,0.220870242,7.064386845,-0.011414277
2025-06-23,23:43:26.094,0.444467276,7.091550827,0.292317301
2025-06-23,23:43:26.094,0.219506845,6.995551586,0.594752789
2025-06-23,23:43:26.094,0.220870242,7.057798386,0.305240214
2025-06-23,23:43:26.094,-0.040901896,0.077076927,0.000177489
2025-06-23,23:43:26.094,0.219506845,7.01870203,-0.171139762
2025-06-23,23:43:26.094,0.441740483,7.020678043,-0.68514359
2025-06-23,23:43:26.419,0.433560103,6.854235172,-0.976177275
2025-06-23,23:43:26.419,0.436286896,6.939362526,-0.619306982
2025-06-23,23:43:26.419,0.219506845,7.005449295,-0.463842899
2025-06-23,23:43:26.419,0.220870242,7.058782101,-0.281575918
2025-06-23,23:43:26.419,0.444467276,7.097483158,0.035742659
2025-06-23,23:43:26.419,0.65443033,6.94813633,-0.154154524
2025-06-23,23:43:26.419,0.219506845,7.016515732,-0.244894266
2025-06-23,23:43:26.419,0.220870242,7.064367294,0.020068875
2025-06-23,23:43:26.419,0,7.073580742,0.733178914
2025-06-23,23:43:26.419,-0.040901896,0.077076949,0.000168881
2025-06-23,23:43:26.751,0.433560103,6.902964592,-0.531549692
2025-06-23,23:43:26.751,0.436286896,6.966919899,0.017936146
2025-06-23,23:43:26.751,0.219506845,7.020661831,-0.042100631
2025-06-23,23:43:26.751,0.220870242,7.045074463,-0.522122324
2025-06-23,23:43:26.751,0.222233638,7.108003139,0.001034117
2025-06-23,23:43:26.751,0.436286896,6.945456505,0.546742022
2025-06-23,23:43:26.751,0.219506845,7.007049084,0.43901369
2025-06-23,23:43:26.751,0.220870242,7.064129829,0.061302327
2025-06-23,23:43:26.751,0.222233638,7.080456734,0.625174701
2025-06-23,23:43:26.751,-0.040901896,0.077076912,0.000184704
2025-06-23,23:43:26.751,0.436286896,6.951436996,-0.464566678
2025-06-23,23:43:27.068,0.436286896,6.949156761,-0.497509718
2025-06-23,23:43:27.068,0.43901369,6.997628212,0.424403489
2025-06-23,23:43:27.068,0.441740483,7.053902149,0.042471919
2025-06-23,23:43:27.068,0.444467276,7.041243553,0.892433226
2025-06-23,23:43:27.068,0.220870242,7.044021606,0.536140859
2025-06-23,23:43:27.068,-0.040901896,0.077076934,0.000175
2025-06-23,23:43:27.068,0.441740483,7.050650597,-0.218325689
2025-06-23,23:43:27.401,0.216780052,6.789151669,-1.407785773
2025-06-23,23:43:27.401,0,6.824512959,-1.467879057
2025-06-23,23:43:27.401,-1.315677643,8.247857094,-1.069536805
2025-06-23,23:43:27.401,-1.057995677,8.19792366,-1.820276737
2025-06-23,23:43:27.401,-0.040901896,0.077076957,0.000166415
2025-06-23,23:43:27.823,2.049185038,6.959681511,-0.670328021
2025-06-23,23:43:27.823,1.832404971,7.089354992,-0.326594472
2025-06-23,23:43:27.823,1.843312144,7.132705212,-0.302508116
2025-06-23,23:43:27.823,0.826218247,8.701939583,-1.123604774
2025-06-23,23:43:27.823,0.830308437,8.704386711,-1.408550024
2025-06-23,23:43:27.823,2.049185038,6.991853714,-0.022074575
2025-06-23,23:43:27.823,1.832404971,7.09491539,0.166726425
2025-06-23,23:43:27.823,1.843312144,7.13534832,0.231944427
2025-06-23,23:43:27.823,1.854219317,7.181120396,0.058703724
2025-06-23,23:43:27.823,2.098267317,7.156576633,0.199579343
2025-06-23,23:43:27.823,0.826218247,8.749848366,-0.652983069
2025-06-23,23:43:27.823,0.830308437,8.779417992,-0.819863737
2025-06-23,23:43:27.823,0.834398627,8.811286926,-0.937813938
2025-06-23,23:43:27.823,1.821497798,7.034037113,0.538638473
2025-06-23,23:43:27.823,1.832404971,7.06551218,0.666453958
2025-06-23,23:43:27.823,1.843312144,7.100379467,0.742704511
2025-06-23,23:43:27.823,1.854219317,7.156543732,0.596506298
2025-06-23,23:43:27.823,2.098267317,7.099915504,0.920664191
2025-06-23,23:43:27.823,0.550812185,8.795496941,-0.068645909
2025-06-23,23:43:27.823,0.553538978,8.838088989,-0.146829382
2025-06-23,23:43:27.823,0.834398627,8.855595589,-0.310974896
2025-06-23,23:43:27.823,1.832404971,7.004168987,1.14334631
2025-06-23,23:43:27.823,1.843312144,7.03555727,1.211582065
2025-06-23,23:43:27.823,-0.040901896,0.077076904,0.000188511
2025-06-23,23:43:28.069,0.830308437,8.681870461,-1.541263103
2025-06-23,23:43:28.069,0.834398627,8.641112328,-1.962003112
2025-06-23,23:43:28.069,0,6.820404053,-2.801229
2025-06-23,23:43:28.069,2.317774057,6.823835373,1.753071666
2025-06-23,23:43:28.069,2.331408024,6.889294147,1.661720872
2025-06-23,23:43:28.069,0.826218247,8.734091759,-0.837777495
2025-06-23,23:43:28.069,1.107077956,8.713697433,-1.133858204
2025-06-23,23:43:28.069,0.834398627,8.761033058,-1.327615142
2025-06-23,23:43:28.069,2.085996628,6.82850647,2.007531881
2025-06-23,23:43:28.069,2.331408024,6.84764576,1.825769305
2025-06-23,23:43:28.069,0.826218247,8.763177872,-0.439255774
2025-06-23,23:43:28.069,0.830308437,8.802518845,-0.515777051
2025-06-23,23:43:28.069,0.834398627,8.829014778,-0.752844334
2025-06-23,23:43:28.069,0.830308437,8.817054749,-0.099550098
2025-06-23,23:43:28.069,-0.040901896,0.077076919,0.000182172
2025-06-23,23:43:28.398,2.304140091,6.999343395,-0.254800111
2025-06-23,23:43:28.398,1.107077956,8.529421806,-2.11260891
2025-06-23,23:43:28.398,2.061455488,7.028399944,0.274454296
2025-06-23,23:43:28.398,2.304140091,7.002615929,0.138199016
2025-06-23,23:43:28.398,2.317774057,7.034620285,0.390005141
2025-06-23,23:43:28.398,2.331408024,6.906973362,1.586632133
2025-06-23,23:43:28.398,0.826218247,8.739679337,-0.777334094
2025-06-23,23:43:28.398,0.830308437,8.713986397,-1.347889304
2025-06-23,23:43:28.398,1.112531543,8.635944366,-1.843158603
2025-06-23,23:43:28.398,2.061455488,7.002034187,0.667265534
2025-06-23,23:43:28.398,2.304140091,6.979467392,0.585462809
2025-06-23,23:43:28.398,2.085996628,7.058036327,0.91804564
2025-06-23,23:43:28.398,2.331408024,6.821820736,1.920013428
2025-06-23,23:43:28.398,0.550812185,8.795355797,-0.084850907
2025-06-23,23:43:28.398,1.107077956,8.745241165,-0.85727483
2025-06-23,23:43:28.398,0.834398627,8.784078598,-1.165435195
2025-06-23,23:43:28.398,2.073726177,6.971749306,1.207959414
2025-06-23,23:43:28.398,2.085996628,6.977945328,1.402484298
2025-06-23,23:43:28.398,0.830308437,8.815218925,-0.205653518
2025-06-23,23:43:28.398,0.834398627,8.841295242,-0.591413319
2025-06-23,23:43:28.398,-0.040901896,0.077076927,0.00018058
2025-06-23,23:43:28.715,2.304140091,7.002253532,0.155496031
2025-06-23,23:43:28.715,2.549551487,6.961799622,0.20783934
2025-06-23,23:43:28.715,1.107077956,8.5867939,-1.8657794
2025-06-23,23:43:28.715,1.112531543,8.513194084,-2.345696211
2025-06-23,23:43:28.715,2.061455488,7.009801865,0.580006003
2025-06-23,23:43:28.715,2.304140091,6.978553772,0.596252859
2025-06-23,23:43:28.715,2.317774057,7.013431549,0.670648575
2025-06-23,23:43:28.715,2.331408024,6.674593925,2.381908178
2025-06-23,23:43:28.715,2.579546213,6.98094368,0.961461067
2025-06-23,23:43:28.715,1.107077956,8.706513405,-1.187759876
2025-06-23,23:43:28.715,1.112531543,8.651302338,-1.769673586
2025-06-23,23:43:28.715,2.290506124,6.875840664,1.095318198
2025-06-23,23:43:28.715,2.304140091,6.924572468,1.051677346
2025-06-23,23:43:28.715,2.549551487,6.898403168,0.960150301
2025-06-23,23:43:28.715,1.107077956,8.758266449,-0.711988568
2025-06-23,23:43:28.715,1.112531543,8.746134758,-1.21733427
2025-06-23,23:43:28.715,-0.040901896,0.077076934,0.000176568
2025-06-23,23:43:29.127,2.290506124,6.961624146,0.112685189
2025-06-23,23:43:29.127,2.534554243,6.92006731,0.231301442
2025-06-23,23:43:29.127,2.317774057,7.034711838,0.388359725
2025-06-23,23:43:29.127,2.098267317,7.094480038,0.961654067
2025-06-23,23:43:29.127,2.34504199,7.10309267,0.599075794
2025-06-23,23:43:29.127,1.383847475,8.664509773,-1.204585433
2025-06-23,23:43:29.127,1.668797255,8.514427185,-1.983467102
2025-06-23,23:43:29.127,2.290506124,6.932061672,0.650715411
2025-06-23,23:43:29.127,2.304140091,6.96646452,0.723950505
2025-06-23,23:43:29.127,2.317774057,6.996166706,0.831650734
2025-06-23,23:43:29.127,2.098267317,7.030269146,1.353416681
2025-06-23,23:43:29.127,2.579546213,7.013316631,0.686565876
2025-06-23,23:43:29.127,1.383847475,8.712711334,-0.783206224
2025-06-23,23:43:29.127,1.390664458,8.666071892,-1.476397157
2025-06-23,23:43:29.127,2.061455488,6.938783646,1.151957989
2025-06-23,23:43:29.127,2.304140091,6.901266098,1.195099235
2025-06-23,23:43:29.127,2.085996628,6.987647057,1.353318691
2025-06-23,23:43:29.127,2.098267317,6.921120644,1.831533909
2025-06-23,23:43:29.127,1.107077956,8.779723167,-0.361413121
2025-06-23,23:43:29.127,1.112531543,8.779324532,-0.948806286
2025-06-23,23:43:29.127,-0.040901896,0.077076875,0.000200569
2025-06-23,23:43:29.447,2.830411196,6.893347263,-1.199694276
2025-06-23,23:43:29.447,2.609540939,7.124742031,0.239964023
2025-06-23,23:43:29.447,2.624538422,7.118270874,0.857646406
2025-06-23,23:43:29.447,2.639535666,7.206820011,0.237183779
2025-06-23,23:43:29.447,2.830411196,6.910215378,-1.098376036
2025-06-23,23:43:29.447,2.609540939,7.12498188,0.232721791
2025-06-23,23:43:29.447,2.624538422,7.052971363,1.288771868
2025-06-23,23:43:29.447,2.639535666,7.196659565,0.45011428
2025-06-23,23:43:29.447,-0.020450948,0.038467254,0.002343427
2025-06-23,23:43:29.447,-0.040901896,0.077077016,-0.000134384
2025-06-23,23:43:29.774,3.084002972,6.452908039,2.545218945
2025-06-23,23:43:29.774,3.101727247,6.905380726,0.994256139
2025-06-23,23:43:29.774,2.879493475,7.084531307,0.692526579
2025-06-23,23:43:29.774,2.863132715,6.901177406,1.571547985
2025-06-23,23:43:29.774,2.879493475,7.028171539,1.129148722
2025-06-23,23:43:29.774,-0.020450948,0.038466077,0.002362642
2025-06-23,23:43:29.774,-0.040901896,0.077077046,-0.000116599
2025-06-23,23:43:30.083,3.084002972,6.771722794,1.503970265
2025-06-23,23:43:30.083,3.101727247,6.946705341,0.645066321
2025-06-23,23:43:30.083,2.639535666,7.186982155,0.584633231
2025-06-23,23:43:30.083,2.654533148,7.177750111,1.032925248
2025-06-23,23:43:30.083,3.084002972,6.624233246,2.058565855
2025-06-23,23:43:30.083,2.863132715,6.988295078,1.122384071
2025-06-23,23:43:30.083,2.639535666,7.128905296,1.083152294
2025-06-23,23:43:30.083,-0.020450948,0.038467161,0.002344941
2025-06-23,23:43:30.083,-0.040901896,0.077076994,-0.000146805
2025-06-23,23:43:30.448,3.084002972,6.771463394,1.505138993
2025-06-23,23:43:30.448,2.863132715,7.025365829,0.860375226
2025-06-23,23:43:30.448,2.879493475,7.063107491,0.884695947
2025-06-23,23:43:30.448,2.654533148,7.212249279,0.755310059
2025-06-23,23:43:30.448,2.624538422,7.024501324,1.435867786
2025-06-23,23:43:30.448,2.639535666,7.103211403,1.240522861
2025-06-23,23:43:30.448,-0.020450948,0.038466044,0.002363196
2025-06-23,23:43:30.448,-0.040901896,0.077077031,-0.000127764
2025-06-23,23:43:30.448,2.863132715,7.068204403,0.369457811
2025-06-23,23:43:30.448,2.639535666,7.200196266,0.389469475
2025-06-23,23:43:30.729,3.084002972,6.906228065,0.649747312
2025-06-23,23:43:30.729,2.863132715,7.074864864,0.205658972
2025-06-23,23:43:30.729,2.879493475,7.117640495,0.096782051
2025-06-23,23:43:30.729,2.654533148,7.251691341,-0.001925282
2025-06-23,23:43:30.729,2.846771955,6.918951988,1.285780191
2025-06-23,23:43:30.729,2.863132715,7.02847147,0.834626198
2025-06-23,23:43:30.729,2.639535666,7.195439816,0.469209164
2025-06-23,23:43:30.729,-0.020450948,0.038466964,0.002348138
2025-06-23,23:43:30.729,-0.040901896,0.077076994,-0.00014742
2025-06-23,23:43:30.729,3.084002972,6.936042786,0.097306721
2025-06-23,23:43:30.729,2.863132715,7.064343929,-0.437098414
2025-06-23,23:43:31.056,2.830411196,6.992425442,-0.251969755
2025-06-23,23:43:31.056,2.609540939,7.122036457,-0.310047626
2025-06-23,23:43:31.056,2.624538422,7.105556488,-0.957290232
2025-06-23,23:43:31.056,2.609540939,7.127520561,0.134089246
2025-06-23,23:43:31.056,2.38594389,7.23683691,-0.478542596
2025-06-23,23:43:31.056,-0.020450948,0.038467094,0.002346068
2025-06-23,23:43:31.056,-0.040901896,0.077076986,-0.000153125
2025-06-23,23:43:31.056,2.609540939,7.112975121,-0.474462003
2025-06-23,23:43:31.392,2.830411196,6.950062275,-0.808787167
2025-06-23,23:43:31.392,2.846771955,7.000689983,-0.717955709
2025-06-23,23:43:31.392,2.624538422,7.018785477,-1.46355319
2025-06-23,23:43:31.392,2.609540939,7.127889633,-0.11277926
2025-06-23,23:43:31.392,2.38594389,7.229731083,-0.576026499
2025-06-23,23:43:31.392,-0.020450948,0.038466536,0.002355154
2025-06-23,23:43:31.392,-0.040901896,0.077077009,-0.000140391
2025-06-23,23:43:31.392,-0.081803791,0.480949312,0.189985409
2025-06-23,23:43:31.392,2.846771955,6.906823158,-1.349412203
2025-06-23,23:43:31.392,2.624538422,6.915842056,-1.891155601
2025-06-23,23:43:31.786,2.830411196,6.92779541,-0.981405914
2025-06-23,23:43:31.786,2.846771955,7.003434658,-0.690670729
2025-06-23,23:43:31.786,2.38594389,7.189574242,-0.954377592
2025-06-23,23:43:31.786,2.46E-35,6.46E-40,-2.047241688
2025-06-23,23:43:31.786,0,2.35E-38,1.08E-19
2025-06-23,23:43:32.107,-0.020450948,0.038467694,0.002336201
2025-06-23,23:43:32.107,-0.040901896,0.077076957,-0.000165977
2025-06-23,23:43:32.429,-0.020450948,0.038467843,0.002333716
2025-06-23,23:43:32.429,-0.040901896,0.077076934,-0.000177185
2025-06-23,23:43:32.734,-0.020450948,0.038467288,0.002342863
2025-06-23,23:43:32.734,-0.040901896,0.077076986,-0.000151943
2025-06-23,23:43:33.078,-0.020450948,0.038467076,0.002346318
2025-06-23,23:43:33.078,-0.040901896,0.077076979,-0.000155426
2025-06-23,23:43:33.393,-0.020450948,0.038467322,0.002342299
2025-06-23,23:43:33.393,-0.040901896,0.077076979,-0.00015604
2025-06-23,23:43:35.455,-0.020450948,0.038467109,0.002345754
2025-06-23,23:43:35.455,-0.040901896,0.077076994,-0.000148117
2025-06-23,23:43:36.353,-0.020450948,0.038467567,0.002338286
2025-06-23,23:43:36.353,-0.040901896,0.077076986,-0.000151606
2025-06-23,23:43:36.354,-0.020450948,0.038467608,0.002337578
2025-06-23,23:43:36.354,-0.040901896,0.077076979,-0.000157737
2025-06-23,23:43:36.355,3.558465004,6.705691338,0.016179534
2025-06-23,23:43:36.355,-0.020450948,0.038466621,0.002353787
2025-06-23,23:43:36.355,-0.040901896,0.077077009,-0.000137584
2025-06-23,23:43:36.355,3.302146435,6.689001083,-1.149707913
2025-06-23,23:43:36.355,3.321233988,6.77920723,-0.800615728
2025-06-23,23:43:36.355,-0.020450948,0.038466565,0.002354714
2025-06-23,23:43:36.355,-0.040901896,0.077077024,-0.000131946
2025-06-23,23:43:36.356,3.302146435,6.613115311,-1.526849151
2025-06-23,23:43:36.356,3.321233988,6.772441387,-0.855968118
2025-06-23,23:43:36.356,3.340321541,6.806417465,-0.899152994
2025-06-23,23:43:36.356,3.084002972,6.925710201,-0.390767962
2025-06-23,23:43:36.356,-0.020450948,0.038466733,0.00235196
2025-06-23,23:43:36.356,-0.040901896,0.077076994,-0.000146899
2025-06-23,23:43:36.356,3.302146435,6.529231071,-1.853024244
2025-06-23,23:43:36.356,3.321233988,6.711532593,-1.246584058
2025-06-23,23:43:36.356,3.340321541,6.696379662,-1.514690876
2025-06-23,23:43:36.357,3.302146435,6.667383194,-1.269079566
2025-06-23,23:43:36.357,3.321233988,6.751769066,-1.006106853
2025-06-23,23:43:36.357,3.340321541,6.726891041,-1.372853398
2025-06-23,23:43:36.357,3.084002972,6.908748627,-0.62237823
2025-06-23,23:43:36.357,-0.020450948,0.038466662,0.002353088
2025-06-23,23:43:36.357,-0.040901896,0.077077024,-0.000128748
2025-06-23,23:43:36.357,3.302146435,6.523674488,-1.872493386
2025-06-23,23:43:36.357,3.321233988,6.67464304,-1.431005836
2025-06-23,23:43:36.357,3.101727247,6.75647068,-1.738657117
2025-06-23,23:43:36.474,3.321233988,6.701043129,-1.301792264
2025-06-23,23:43:36.474,3.101727247,6.803623676,-1.543869853
2025-06-23,23:43:36.474,3.321233988,6.779957771,-0.794237256
2025-06-23,23:43:36.474,-0.020450948,0.038466495,0.002355849
2025-06-23,23:43:36.474,-0.040901896,0.077077031,-0.000127411
2025-06-23,23:43:36.474,3.302146435,6.512183189,-1.91207397
2025-06-23,23:43:36.474,3.084002972,6.727512836,-1.690779448
2025-06-23,23:43:36.474,3.340321541,6.561833382,-2.019438505
2025-06-23,23:43:36.475,3.066278934,6.771118641,-1.310959697
2025-06-23,23:43:36.475,3.084002972,6.864792824,-0.996384084
2025-06-23,23:43:36.475,3.101727247,6.921652317,-0.873817861
2025-06-23,23:43:36.475,2.846771955,7.007937908,-0.643375456
2025-06-23,23:43:36.475,-0.020450948,0.038467649,0.002336875
2025-06-23,23:43:36.475,-0.040901896,0.077076994,-0.000146096
2025-06-23,23:43:36.475,3.066278934,6.664541721,-1.774978757
2025-06-23,23:43:36.475,3.084002972,6.817159176,-1.282381177
2025-06-23,23:43:36.725,3.302146435,6.750813007,-0.700775325
2025-06-23,23:43:36.725,3.084002972,6.924293518,-0.415114433
2025-06-23,23:43:36.725,3.340321541,6.864130974,-0.139649734
2025-06-23,23:43:36.725,3.084002972,6.935680866,0.120378643
2025-06-23,23:43:36.725,-0.020450948,0.038466334,0.002358492
2025-06-23,23:43:36.725,-0.040901896,0.077077053,-0.0001122
2025-06-23,23:43:36.725,3.302146435,6.708106041,-1.032412052
2025-06-23,23:43:36.725,3.084002972,6.901067734,-0.702443957
2025-06-23,23:43:36.725,3.101727247,6.964795589,-0.405525059
2025-06-23,23:43:37.974,3.302146435,6.782312393,-0.254556656
2025-06-23,23:43:37.974,3.321233988,6.815065861,-0.391812384
2025-06-23,23:43:37.974,3.101727247,6.9765172,0.032174107
2025-06-23,23:43:37.974,-0.020450948,0.038466826,0.002350445
2025-06-23,23:43:37.974,-0.040901896,0.077077039,-0.000120834
2025-06-23,23:43:37.975,-0.888934553,6.565289974,2.584543228
2025-06-23,23:43:37.975,-0.894388139,6.652625561,2.477533817
2025-06-23,23:43:37.975,-0.899841726,6.686805248,2.50971961
2025-06-23,23:43:37.975,-0.905295312,6.614535332,2.807164669
2025-06-23,23:43:37.975,-0.916202486,7.267399788,0.262302667
2025-06-23,23:43:37.975,-1.822861075,7.671478271,2.695516586
2025-06-23,23:43:37.975,-2.984474897,7.924535275,1.916680574
2025-06-23,23:43:37.975,-2.99947238,7.981857777,1.852460742
2025-06-23,23:43:37.975,0.392658174,0.970671177,-0.003366538
2025-06-23,23:43:37.975,0.44310385,0.991807222,-0.098190427
2025-06-23,23:43:37.975,0.460828006,1.034957886,-0.056922477
2025-06-23,23:43:37.975,-0.229050606,1.149562836,0.344028771
2025-06-23,23:43:37.975,0.44310385,0.996510863,-0.017002949
2025-06-23,23:43:37.975,0.425379694,1.051554441,-0.005085206
2025-06-23,23:43:37.975,0.441740453,1.089005947,0.080967136
2025-06-23,23:43:37.975,-0.888934553,6.848694801,1.696547747
2025-06-23,23:43:37.975,-0.67079109,6.948492527,1.569721341
2025-06-23,23:43:37.975,-0.674881279,6.99480772,1.561720252
2025-06-23,23:43:37.975,-0.905295312,6.967247009,1.757760286
2025-06-23,23:43:37.975,-0.910748899,6.643343925,2.849944592
2025-06-23,23:43:37.975,-1.822861075,7.998354435,1.464142203
2025-06-23,23:43:37.975,-2.713159084,8.205639839,0.827803373
2025-06-23,23:43:37.975,-2.726793051,8.264183044,0.637479901
2025-06-23,23:43:37.975,-0.020450948,0.038463593,0.002402783
2025-06-23,23:43:37.975,-0.040901896,0.077077135,-1.36E-05
2025-06-23,23:43:37.975,-0.6667009,6.753007889,2.127320766
2025-06-23,23:43:37.975,-0.67079109,6.834283829,2.009510994
2025-06-23,23:43:37.975,-0.899841726,6.840759277,2.053306341
2025-06-23,23:43:37.975,-0.905295312,6.806766987,2.302210808
2025-06-23,23:43:37.975,-0.910748899,6.709841251,2.689653397
2025-06-23,23:43:37.975,-0.916202486,7.272123814,-0.010953396
2025-06-23,23:43:37.975,-1.813317299,7.780088425,2.21293807
2025-06-23,23:43:37.975,-1.822861075,7.871142387,2.04022193
2025-06-23,23:43:37.975,-1.832404852,7.934830666,1.962139964
2025-06-23,23:43:37.975,-2.984474897,8.034694672,1.384053111
2025-06-23,23:43:37.975,-2.726793051,8.187927246,1.288772821
2025-06-23,23:43:37.976,-0.6667009,6.694052696,2.306137085
2025-06-23,23:43:37.976,-0.67079109,6.667373657,2.508326769
2025-06-23,23:43:37.976,-0.899841726,6.59945631,2.731158495
2025-06-23,23:43:37.976,-2.429572582,8.039656639,2.020999193
2025-06-23,23:43:37.976,-2.441843033,8.156133652,1.701144099
2025-06-23,23:43:37.976,-2.726793051,8.114894867,1.688661933
2025-06-23,23:43:37.976,-2.740427017,8.129871368,1.815775156
2025-06-23,23:43:37.976,0.477188766,0.95048666,-0.241929755
2025-06-23,23:43:37.976,0.496276319,1.00735116,-0.160293579
2025-06-23,23:43:37.976,0.496276319,1.019986987,0.008770406
2025-06-23,23:43:37.976,0.515363872,1.058194876,-0.047412701
2025-06-23,23:43:37.976,-0.6667009,6.956154823,1.31928575
2025-06-23,23:43:37.976,-0.67079109,7.014727116,1.240633726
2025-06-23,23:43:37.976,-0.674881279,7.048715591,1.296885729
2025-06-23,23:43:37.976,-0.6667009,6.887662888,1.639727712
2025-06-23,23:43:37.976,-0.67079109,6.93167448,1.642395139
2025-06-23,23:43:37.976,-0.674881279,6.938981056,1.793557167
2025-06-23,23:43:37.976,-0.905295312,6.719991684,2.544397831
2025-06-23,23:43:37.976,-1.302043676,8.188080788,0.836790681
2025-06-23,23:43:37.976,-2.429572582,8.227534294,1.014002562
2025-06-23,23:43:37.976,-2.441843033,8.302359581,0.698029518
2025-06-23,23:43:37.976,-2.454113722,8.349265099,0.636869371
2025-06-23,23:43:37.976,-2.740427017,8.290934563,0.807622015
2025-06-23,23:43:37.976,-0.020450948,0.038465101,0.002378452
2025-06-23,23:43:37.976,-0.040901896,0.077077121,-4.53E-05
2025-06-23,23:43:37.976,-0.6667009,6.78160429,2.034318209
2025-06-23,23:43:37.976,-0.67079109,6.815757275,2.071479797
2025-06-23,23:43:37.976,-0.899841726,6.75855732,2.309536457
2025-06-23,23:43:37.976,-0.905295312,6.583775997,2.878567219
2025-06-23,23:43:37.976,-1.562452316,8.108614922,1.117725968
2025-06-23,23:43:37.976,-2.429572582,8.157804489,1.473339796
2025-06-23,23:43:37.976,-2.441843033,8.242925644,1.212678909
2025-06-23,23:43:37.976,-2.454113722,8.294361115,1.148651481
2025-06-23,23:43:37.976,-2.740427017,8.224844933,1.320520163
2025-06-23,23:43:38.069,-0.444467276,6.914422035,1.601971507
2025-06-23,23:43:38.069,-0.223597035,6.954932213,1.665669084
2025-06-23,23:43:38.069,-0.449920863,6.950036526,1.821081519
2025-06-23,23:43:38.069,-1.899211287,8.455039978,0.533199787
2025-06-23,23:43:38.069,-1.908755064,8.377565384,1.520375848
2025-06-23,23:43:38.069,0.534451425,1.089338183,0.141486734
2025-06-23,23:43:38.069,-0.223597035,7.142036915,0.369920731
2025-06-23,23:43:38.069,-0.441740483,7.025433064,0.6345281
2025-06-23,23:43:38.069,-0.222233638,7.074219704,0.692185163
2025-06-23,23:43:38.069,-0.223597035,7.114193439,0.730606437
2025-06-23,23:43:38.069,-0.224960431,7.163435936,0.675537169
2025-06-23,23:43:38.069,-0.226323828,7.18939352,0.844517529
2025-06-23,23:43:38.069,-1.899211287,8.458930016,-0.467457473
2025-06-23,23:43:38.069,-1.908755064,8.506670952,0.362907588
2025-06-23,23:43:38.069,-3.014469624,8.215128899,-0.571321547
2025-06-23,23:43:38.069,-2.466384172,8.413837433,0.16148296
2025-06-23,23:43:38.069,-0.020450948,0.038464181,0.002393315
2025-06-23,23:43:38.069,-0.040901896,0.077077121,-4.15E-05
2025-06-23,23:43:38.069,-0.441740483,6.979309559,1.024000883
2025-06-23,23:43:38.069,-0.222233638,7.013148785,1.157347679
2025-06-23,23:43:38.069,-0.223597035,7.053346157,1.181456327
2025-06-23,23:43:38.069,-0.449920863,7.081902981,1.21078372
2025-06-23,23:43:38.069,-0.452647656,7.168756008,0.925125539
2025-06-23,23:43:38.069,-1.899211287,8.471330643,0.092596509
2025-06-23,23:43:38.069,-1.908755064,8.460201263,0.959236443
2025-06-23,23:43:38.069,-2.740427017,8.316551208,0.476256669
2025-06-23,23:43:38.428,0,6.868001938,1.66883707
2025-06-23,23:43:38.428,-0.222233638,6.922124863,1.614898443
2025-06-23,23:43:38.428,-0.223597035,7.002915382,1.450762153
2025-06-23,23:43:38.428,-0.224960431,7.111578465,1.0938977
2025-06-23,23:43:38.428,-1.356579542,8.573740959,-0.17224513
2025-06-23,23:43:38.428,-1.636075735,8.566031456,-0.291291624
2025-06-23,23:43:38.428,0,7.055976391,0.409470528
2025-06-23,23:43:38.428,0,7.104388714,0.317423075
2025-06-23,23:43:38.428,0,7.153515816,0.150798976
2025-06-23,23:43:38.428,0,7.198045254,0.099564604
2025-06-23,23:43:38.428,0,7.020668983,0.815276861
2025-06-23,23:43:38.428,0,7.070770264,0.759806633
2025-06-23,23:43:38.428,-0.223597035,7.127150059,0.590987325
2025-06-23,23:43:38.428,-0.224960431,7.190057755,0.272449017
2025-06-23,23:43:38.428,0,7.240716934,-0.154365972
2025-06-23,23:43:38.428,-1.619714975,8.40395546,-1.171917677
2025-06-23,23:43:38.428,-1.356579542,8.486468315,-1.23230052
2025-06-23,23:43:38.428,-1.363396525,8.497133255,-1.441657305
2025-06-23,23:43:38.428,-0.020450948,0.038465358,0.002374302
2025-06-23,23:43:38.797,0,6.609136105,-0.544902623
2025-06-23,23:43:38.797,0,6.672062397,-0.204304263
2025-06-23,23:43:38.797,0,6.699179649,0.513330698
2025-06-23,23:43:38.797,0,6.569459438,-0.493001521
2025-06-23,23:43:38.797,0,6.631064892,-0.081117645
2025-06-23,23:43:38.797,0,6.669054031,0.286133379
2025-06-23,23:43:38.797,0,6.63812542,1.038175583
2025-06-23,23:43:38.797,0,6.737705708,-0.577937424
2025-06-23,23:43:38.797,0,6.798791409,-0.314805597
2025-06-23,23:43:38.797,0,6.84490633,-0.256331593
2025-06-23,23:43:38.797,0,6.89299202,-0.068546943
2025-06-23,23:43:38.797,-1.030727744,7.788864136,-2.502952099
2025-06-23,23:43:38.797,-1.036181331,7.845799923,-2.466727495
2025-06-23,23:43:38.797,-0.781226158,8.002153397,-2.189849377
2025-06-23,23:43:38.797,0,6.587851524,0.032559559
2025-06-23,23:43:38.797,0,6.619568348,0.398639232
2025-06-23,23:43:38.797,0,6.63317585,0.747754693
2025-06-23,23:43:38.797,0,6.521646976,1.615746498
2025-06-23,23:43:38.797,0,6.806033611,0.023911182
2025-06-23,23:43:38.797,0,6.848406792,-0.133323088
2025-06-23,23:43:38.797,0,6.893289089,0.024515361
2025-06-23,23:43:38.797,-1.030727744,7.908982277,-2.092647552
2025-06-23,23:43:38.797,-1.036181331,7.976788998,-2.003037453
2025-06-23,23:43:38.797,-1.041634917,8.106966972,-1.622431397
2025-06-23,23:43:38.797,-0.020450948,0.03846452,0.002387871
2025-06-23,23:43:38.797,-0.040901896,0.077077106,-6.99E-05
2025-06-23,23:43:38.797,-1.295226693,8.021899223,-1.639058828
2025-06-23,23:43:39.078,0.204509482,6.540497303,-0.089328319
2025-06-23,23:43:39.078,0.205872878,6.574703693,-0.362957358
2025-06-23,23:43:39.078,0.207236275,6.612971306,-0.45085153
2025-06-23,23:43:39.078,0.208599672,6.658239841,-0.427175045
2025-06-23,23:43:39.078,0.204509482,6.536565304,0.243721381
2025-06-23,23:43:39.078,0,6.587485313,0.076714404
2025-06-23,23:43:39.078,0,6.631558895,0.005127424
2025-06-23,23:43:39.078,0,6.674981594,0.052690905
2025-06-23,23:43:39.078,0.214053258,6.844559193,0.156971768
2025-06-23,23:43:39.078,0,6.888558865,-0.256508827
2025-06-23,23:43:39.078,-1.036181331,8.122980118,-1.287830472
2025-06-23,23:43:39.078,0,6.568352222,0.507537961
2025-06-23,23:43:39.078,0,6.617727757,0.428114116
2025-06-23,23:43:39.078,0,6.654500008,0.525152087
2025-06-23,23:43:39.078,-0.020450948,0.038465731,0.002368304
2025-06-23,23:43:39.078,-0.040901896,0.077077091,-8.03E-05
2025-06-23,23:43:39.449,0.203146085,6.4894104,-0.324125767
2025-06-23,23:43:39.449,0.204509482,6.530171871,-0.378070474
2025-06-23,23:43:39.449,0.205872878,6.576102257,-0.336663574
2025-06-23,23:43:39.449,0.207236275,6.615189552,-0.417037517
2025-06-23,23:43:39.449,0.203146085,6.497486591,0.013162889
2025-06-23,23:43:39.449,0.204509482,6.541028976,0.031964913
2025-06-23,23:43:39.449,0.205872878,6.584299088,0.073954791
2025-06-23,23:43:39.449,0.41447255,6.618418694,-0.048427761
2025-06-23,23:43:39.449,0.208599672,6.671129227,-0.103326127
2025-06-23,23:43:39.449,0,6.5913167,-2.018063545
2025-06-23,23:43:39.449,-1.274775743,7.668669701,-2.475607634
2025-06-23,23:43:39.449,-1.025274158,7.467751026,-3.233803749
2025-06-23,23:43:39.449,0,6.531767845,0.404868871
2025-06-23,23:43:39.449,0.205872878,6.561832905,0.548462749
2025-06-23,23:43:39.449,0.207236275,6.615795135,0.407317013
2025-06-23,23:43:39.449,-1.019820571,7.876905918,-1.864538074
2025-06-23,23:43:39.449,-1.025274158,7.671388626,-2.715619087
2025-06-23,23:43:39.449,-0.020450948,0.038464677,0.002385336
2025-06-23,23:43:39.449,-0.040901896,0.077077113,-5.66E-05
2025-06-23,23:43:39.828,0.40629217,6.477585793,-0.36684835
2025-06-23,23:43:39.828,0.409018964,6.494186878,-0.697243512
2025-06-23,23:43:39.828,0.403565377,6.433749199,0.370746523
2025-06-23,23:43:39.828,0.203146085,6.496248245,0.127513319
2025-06-23,23:43:39.828,0.204509482,6.539896011,-0.125870466
2025-06-23,23:43:39.828,0,6.569715023,-0.489584118
2025-06-23,23:43:39.828,0.201782688,6.40045929,0.828761995
2025-06-23,23:43:39.828,0,6.474179745,0.586318016
2025-06-23,23:43:39.828,0,6.537273407,0.303248793
2025-06-23,23:43:39.828,0,6.587598801,-0.066256307
2025-06-23,23:43:39.828,0.203146085,6.439352512,0.867318809
2025-06-23,23:43:39.828,0,6.513376236,0.635483921
2025-06-23,23:43:39.828,-0.020450948,0.038465027,0.002379706
2025-06-23,23:43:39.828,-0.040901896,0.077077098,-7.46E-05
2025-06-23,23:43:40.078,0.201782688,6.451818943,-0.16359055
2025-06-23,23:43:40.078,0,6.499047756,-0.145420596
2025-06-23,23:43:40.078,0,6.541839123,-0.179576248
2025-06-23,23:43:40.078,0.200419292,6.398508072,0.388399273
2025-06-23,23:43:40.078,0,6.450428963,0.292251468
2025-06-23,23:43:40.078,0,6.494236469,0.289250106
2025-06-23,23:43:40.078,0,6.538945675,0.264764488
2025-06-23,23:43:40.078,0,6.365511894,-1.697381973
2025-06-23,23:43:40.078,0,6.555754185,-0.999844313
2025-06-23,23:43:40.078,-1.014366984,7.606081963,-2.64021945
2025-06-23,23:43:40.078,-1.274775743,7.487559319,-2.978855371
2025-06-23,23:43:40.078,-1.281592727,7.642727852,-2.687417269
2025-06-23,23:43:40.078,0,6.350895405,0.893335819
2025-06-23,23:43:40.078,0,6.418963909,0.700245917
2025-06-23,23:43:40.078,0,6.464469433,0.685131967
2025-06-23,23:43:40.078,0,6.509891033,0.670243859
2025-06-23,23:43:40.078,-1.26795876,7.726501465,-2.132050753
2025-06-23,23:43:40.078,-1.529730797,7.659795284,-2.355768204
2025-06-23,23:43:40.078,-0.020450948,0.038466349,0.002358178
2025-06-23,23:43:40.078,-0.040901896,0.077077083,-9.04E-05
2025-06-23,23:43:40.425,0,6.363201618,-0.289604217
2025-06-23,23:43:40.425,0,6.40592289,-0.309958965
2025-06-23,23:43:40.425,0,6.445510387,-0.38579914
2025-06-23,23:43:40.425,0,6.469259739,-0.638316691
2025-06-23,23:43:40.425,0,6.367590427,0.167329952
2025-06-23,23:43:40.425,-0.200419292,6.409721851,0.084977865
2025-06-23,23:43:40.425,0,6.457041264,-0.00788304
2025-06-23,23:43:40.425,0,6.492844105,-0.318973511
2025-06-23,23:43:40.425,0,6.543282032,-0.115609854
2025-06-23,23:43:40.425,-0.205872878,6.5655303,-0.502272785
2025-06-23,23:43:40.425,0,6.338420391,0.631375968
2025-06-23,23:43:40.425,0,6.394068241,0.497811794
2025-06-23,23:43:40.425,0,6.446969032,0.360596448
2025-06-23,23:43:40.425,0,6.500631332,-0.023783194
2025-06-23,23:43:40.425,-1.261141777,7.866917133,-1.291177392
2025-06-23,23:43:40.425,-1.521550417,7.675439835,-2.150508642
2025-06-23,23:43:40.425,-0.020450948,0.038464941,0.002381072
2025-06-23,23:43:40.425,-0.040901896,0.077077106,-6.44E-05
2025-06-23,23:43:40.874,-0.365390271,5.783235073,-0.774114907
2025-06-23,23:43:40.874,-0.184058532,5.834734917,-0.782684624
2025-06-23,23:43:40.874,-0.185421929,5.864831924,-0.88079828
2025-06-23,23:43:40.874,-0.182695135,5.828814983,-0.412446231
2025-06-23,23:43:40.874,-0.368117064,5.862984657,-0.424863279
2025-06-23,23:43:40.874,-0.185421929,5.911716461,-0.472938061
2025-06-23,23:43:40.874,-0.186785325,5.875730991,-1.080269933
2025-06-23,23:43:40.874,-1.861036181,8.301214218,-0.074473321
2025-06-23,23:43:40.874,-1.603354216,8.399184227,-0.079768993
2025-06-23,23:43:40.874,-0.182695135,5.843140125,-0.053909246
2025-06-23,23:43:40.874,-0.368117064,5.877832413,-0.078605592
2025-06-23,23:43:40.874,-0.370843858,5.920995712,-0.103584386
2025-06-23,23:43:40.874,-0.373570651,5.934078693,-0.610934496
2025-06-23,23:43:40.874,-1.870579958,8.336789131,0.349706203
2025-06-23,23:43:40.874,-0.020450948,0.03846566,0.00236945
2025-06-23,23:43:40.874,-0.040901896,0.077077091,-8.75E-05
2025-06-23,23:43:41.097,-0.362663478,5.731154919,-0.832281411
2025-06-23,23:43:41.097,-0.365390271,5.770862579,-0.861513019
2025-06-23,23:43:41.097,-0.368117064,5.836028099,-0.704182804
2025-06-23,23:43:41.097,-0.370843858,5.911954403,-0.343100488
2025-06-23,23:43:41.097,-0.373570651,5.93168354,-0.633769512
2025-06-23,23:43:41.097,-1.660616994,6.702514172,-3.154027224
2025-06-23,23:43:41.097,-1.861036181,8.262434006,-0.804912031
2025-06-23,23:43:41.097,-1.603354216,8.378018379,-0.601223648
2025-06-23,23:43:41.097,-0.362663478,5.776969433,-0.406756312
2025-06-23,23:43:41.097,-0.365390271,5.815564156,-0.473581433
2025-06-23,23:43:41.097,-0.552175581,5.853540421,-0.348958671
2025-06-23,23:43:41.097,-0.556265771,5.907284737,-0.031571712
2025-06-23,23:43:41.097,-0.560355961,5.947077751,-0.210608318
2025-06-23,23:43:41.097,-1.423385978,6.883192062,-2.867903709
2025-06-23,23:43:41.097,-1.67016077,6.814056396,-3.012099504
2025-06-23,23:43:41.097,-1.851492405,8.236003876,-0.615569592
2025-06-23,23:43:41.097,-1.861036181,8.294001579,-0.353893846
2025-06-23,23:43:41.097,-1.603354216,8.397161484,-0.200869575
2025-06-23,23:43:41.097,-0.362663478,5.790063858,0.118262038
2025-06-23,23:43:41.097,-0.365390271,5.834021091,-0.096246883
2025-06-23,23:43:41.097,-0.368117064,5.878201962,-0.042815916
2025-06-23,23:43:41.097,-0.370843858,5.913366318,0.317834944
2025-06-23,23:43:41.097,-1.423385978,6.936280251,-2.737010479
2025-06-23,23:43:41.097,-1.861036181,8.301548004,0.001860652
2025-06-23,23:43:41.097,-0.020450948,0.038465943,0.002364839
2025-06-23,23:43:41.097,-0.040901896,0.077077068,-0.000100104
2025-06-23,23:43:41.417,-0.359936684,5.707082272,-0.682339847
2025-06-23,23:43:41.417,-0.362663478,5.759623051,-0.604619801
2025-06-23,23:43:41.417,-0.365390271,5.821338177,-0.396342039
2025-06-23,23:43:41.417,-0.368117064,5.875177383,0.193355113
2025-06-23,23:43:41.417,-1.851492405,8.240475655,-0.552491248
2025-06-23,23:43:41.417,-1.861036181,8.294065475,-0.352389306
2025-06-23,23:43:41.417,-0.359936684,5.736309528,-0.362120181
2025-06-23,23:43:41.417,-0.362663478,5.785508633,-0.258293986
2025-06-23,23:43:41.417,-0.365390271,5.834674358,-0.040458638
2025-06-23,23:43:41.417,-0.368117064,5.851802349,0.558125556
2025-06-23,23:43:41.417,-1.851492405,8.258551598,-0.083706222
2025-06-23,23:43:41.417,-1.861036181,8.298891068,0.210014895
2025-06-23,23:43:41.417,-0.539905012,5.729012966,-0.229877919
2025-06-23,23:43:41.417,-0.362663478,5.791091442,0.045671642
2025-06-23,23:43:41.417,-0.548085392,5.810563087,0.339899838
2025-06-23,23:43:41.417,-2.115991354,8.184444427,0.419710457
2025-06-23,23:43:41.417,-1.861036181,8.247636795,0.944558322
2025-06-23,23:43:41.417,-0.020450948,0.038465403,0.002373603
2025-06-23,23:43:41.417,-0.040901896,0.077077091,-8.60E-05
2025-06-23,23:43:41.774,-0.178604946,5.664692879,-0.738022566
2025-06-23,23:43:41.774,-0.179968342,5.707801342,-0.744677961
2025-06-23,23:43:41.774,-0.181331739,5.776851177,-0.515225947
2025-06-23,23:43:41.774,-0.182695135,5.832466125,-0.35711959
2025-06-23,23:43:41.774,-0.178604946,5.695383072,-0.442758769
2025-06-23,23:43:41.774,-0.359936684,5.733982563,-0.397268742
2025-06-23,23:43:41.774,-0.181331739,5.796562672,-0.193197444
2025-06-23,23:43:41.774,-0.365390271,5.834507942,0.059822571
2025-06-23,23:43:41.774,-1.578813076,8.243522644,-0.673603535
2025-06-23,23:43:41.774,-1.586993456,8.30083847,-0.465022415
2025-06-23,23:43:41.774,-1.861036181,8.301465034,-0.037261542
2025-06-23,23:43:41.774,-0.178604946,5.71010828,-0.167583853
2025-06-23,23:43:41.774,-0.179968342,5.755845547,-0.06154152
2025-06-23,23:43:41.774,-0.362663478,5.78933382,0.149794981
2025-06-23,23:43:41.774,-0.365390271,5.820747852,0.404913455
2025-06-23,23:43:41.774,-1.841948628,8.216349602,-0.029737512
2025-06-23,23:43:41.774,-1.586993456,8.313520432,0.074408859
2025-06-23,23:43:41.774,-1.861036181,8.291223526,0.413906902
2025-06-23,23:43:41.774,-0.020450948,0.038464863,0.002382352
2025-06-23,23:43:41.774,-0.040901896,0.077077098,-7.34E-05
2025-06-23,23:43:42.123,-0.357209891,5.582439899,-1.172215939
2025-06-23,23:43:42.123,-0.359936684,5.671863556,-0.930773437
2025-06-23,23:43:42.123,-0.362663478,5.775717735,-0.424158484
2025-06-23,23:43:42.123,-0.548085392,5.820413589,-0.031028349
2025-06-23,23:43:42.123,-1.841948628,8.182536125,-0.745251775
2025-06-23,23:43:42.123,-1.851492405,8.252891541,-0.316966295
2025-06-23,23:43:42.123,-0.357209891,5.640043736,-0.853013575
2025-06-23,23:43:42.123,-0.359936684,5.719944477,-0.56445694
2025-06-23,23:43:42.123,-0.543995202,5.776906967,-0.042014997
2025-06-23,23:43:42.123,-0.548085392,5.811042786,0.331601501
2025-06-23,23:43:42.123,-0.552175581,5.842142105,0.505053878
2025-06-23,23:43:42.123,-2.094177008,8.093105316,-0.534137368
2025-06-23,23:43:42.123,-1.841948628,8.208376884,-0.363087177
2025-06-23,23:43:42.123,-1.851492405,8.255455017,-0.241126642
2025-06-23,23:43:42.123,-0.020450948,0.038465772,0.002367614
2025-06-23,23:43:42.123,-0.040901896,0.077077061,-0.000108039
2025-06-23,23:43:42.123,-0.357209891,5.681856155,-0.504215777
2025-06-23,23:43:42.123,-0.359936684,5.745251656,-0.168690696
2025-06-23,23:43:42.123,-0.543995202,5.768404961,0.316109568
2025-06-23,23:43:42.123,-0.548085392,5.785223007,0.639823973
2025-06-23,23:43:42.123,-2.105084181,8.152767181,-0.055541817
2025-06-23,23:43:42.123,-1.586993456,8.313769341,-0.037490819
2025-06-23,23:43:42.476,-0.164970979,5.188047409,-0.96205157
2025-06-23,23:43:42.476,-0.332668751,5.273899078,-0.637537479
2025-06-23,23:43:42.476,-0.167697772,5.358405113,-0.238445491
2025-06-23,23:43:42.476,-0.163607582,5.172971249,-0.789593816
2025-06-23,23:43:42.476,-0.164970979,5.239098072,-0.627078414
2025-06-23,23:43:42.476,-0.332668751,5.304688931,-0.284148484
2025-06-23,23:43:42.476,-0.335395545,5.351795673,0.208030805
2025-06-23,23:43:42.476,-0.338122338,5.380478382,0.451404244
2025-06-23,23:43:42.476,-0.327215165,5.198235512,-0.530222833
2025-06-23,23:43:42.476,-0.329941958,5.261128426,-0.283297867
2025-06-23,23:43:42.476,-0.332668751,5.311769485,0.07462658
2025-06-23,23:43:42.476,-0.335395545,5.329343796,0.53206104
2025-06-23,23:43:42.476,-0.507183492,5.332509995,0.758118391
2025-06-23,23:43:42.476,-0.329941958,5.268618584,0.037255183
2025-06-23,23:43:42.476,-0.332668751,5.293733597,0.443680823
2025-06-23,23:43:42.476,-0.020450948,0.038464986,0.002380379
2025-06-23,23:43:42.476,-0.040901896,0.077077076,-9.45E-05
2025-06-23,23:43:42.752,-0.163607582,5.071462154,-1.289713502
2025-06-23,23:43:42.752,0,5.151168346,-1.155014396
2025-06-23,23:43:42.752,-0.162244186,5.09333086,-0.993272424
2025-06-23,23:43:42.752,0,5.162960052,-0.868159592
2025-06-23,23:43:42.752,-0.164970979,5.21295929,-0.816353559
2025-06-23,23:43:42.752,-0.166334376,5.22777319,-0.986839831
2025-06-23,23:43:42.752,-0.167697772,5.094811916,-1.676977754
2025-06-23,23:43:42.752,-0.162244186,5.139166832,-0.719424903
2025-06-23,23:43:42.752,-0.163607582,5.201985836,-0.567832291
2025-06-23,23:43:42.752,-0.164970979,5.251719952,-0.510701776
2025-06-23,23:43:42.752,0,5.280313969,-0.670387924
2025-06-23,23:43:42.752,-0.167697772,5.201298237,-1.309907556
2025-06-23,23:43:42.752,-0.343575925,5.395762444,-0.993517041
2025-06-23,23:43:42.752,-0.327215165,5.210786343,-0.387936205
2025-06-23,23:43:42.752,-0.329941958,5.259085178,-0.318990767
2025-06-23,23:43:42.752,-0.020450948,0.038464341,0.002390773
2025-06-23,23:43:42.752,-0.040901896,0.077077091,-8.26E-05
2025-06-23,23:43:43.151,0,5.085062981,-1.047409415
2025-06-23,23:43:43.151,0,5.13995266,-0.995361269
2025-06-23,23:43:43.151,0,5.212291241,-0.837025702
2025-06-23,23:43:43.151,0,5.109024048,-0.633787215
2025-06-23,23:43:43.151,-0.162244186,5.144547939,-0.679879904
2025-06-23,23:43:43.151,-0.163607582,5.192677021,-0.647453308
2025-06-23,23:43:43.151,0,5.252110958,-0.532843173
2025-06-23,23:43:43.151,-0.166334376,5.232955933,-0.958976984
2025-06-23,23:43:43.151,-1.325221419,6.374138832,-2.751111269
2025-06-23,23:43:43.151,-0.160880789,5.13417244,-0.34380579
2025-06-23,23:43:43.151,0,5.182132244,-0.316917896
2025-06-23,23:43:43.151,0,5.228599072,-0.267601818
2025-06-23,23:43:43.151,0,5.276442051,-0.166581899
2025-06-23,23:43:43.151,-1.325221419,6.500192642,-2.438392162
2025-06-23,23:43:43.151,-1.333401799,6.453864098,-2.672596693
2025-06-23,23:43:43.151,-0.020450948,0.038465403,0.002373603
2025-06-23,23:43:43.151,-0.040901896,0.077077083,-9.13E-05
2025-06-23,23:43:43.411,0,5.105863571,-0.658760548
2025-06-23,23:43:43.411,0.162244186,5.12304306,-0.826461732
2025-06-23,23:43:43.411,0.163607582,5.162176609,-0.857334375
2025-06-23,23:43:43.411,0,5.098502159,-0.248538032
2025-06-23,23:43:43.411,0,5.13391161,-0.383094877
2025-06-23,23:43:43.411,0,5.174309254,-0.425973028
2025-06-23,23:43:43.411,0,5.217838764,-0.428970724
2025-06-23,23:43:43.411,0,5.244944572,-0.599292696
2025-06-23,23:43:43.411,0,5.10400629,-0.074939013
2025-06-23,23:43:43.411,-0.160880789,5.1447258,-0.098615214
2025-06-23,23:43:43.411,0,5.190977097,-0.093223058
2025-06-23,23:43:43.411,0,5.235052586,-0.063898422
2025-06-23,23:43:43.411,0,5.270951271,-0.292684197
2025-06-23,23:43:43.411,0,5.303639412,-0.450048059
2025-06-23,23:43:43.411,-0.174514756,5.458588123,-1.166057706
2025-06-23,23:43:43.411,-0.020450948,0.038465403,0.002373603
2025-06-23,23:43:43.411,-0.040901896,0.077077098,-7.77E-05
2025-06-23,23:43:43.411,-0.160880789,5.1415658,0.205496922
2025-06-23,23:43:43.411,0,5.187366486,0.214846432
2025-06-23,23:43:43.767,0,5.103232861,-0.116229676
2025-06-23,23:43:43.767,0,5.146081924,-0.147154897
2025-06-23,23:43:43.767,0,5.191559792,0.051346786
2025-06-23,23:43:43.767,0,5.262421608,-0.418944359
2025-06-23,23:43:43.767,-0.166334376,5.298119068,-0.483116567
2025-06-23,23:43:43.767,-0.872573793,6.62361145,-2.023616314
2025-06-23,23:43:43.767,-0.87802738,6.663090229,-2.04253459
2025-06-23,23:43:43.767,0,5.102714062,0.137127191
2025-06-23,23:43:43.767,0,5.145658016,0.161292553
2025-06-23,23:43:43.767,0,5.180295944,0.345636874
2025-06-23,23:43:43.767,0,5.278533459,-0.075354069
2025-06-23,23:43:43.767,-0.166334376,5.320095539,0.007160622
2025-06-23,23:43:43.767,-0.872573793,6.699996471,-1.754225135
2025-06-23,23:43:43.767,-0.87802738,6.789028645,-1.574105978
2025-06-23,23:43:43.767,-1.233873844,7.791195869,-0.366272628
2025-06-23,23:43:43.767,-0.020450948,0.038466245,0.002359896
2025-06-23,23:43:43.767,-0.040901896,0.077077076,-9.77E-05
2025-06-23,23:43:43.767,0,5.084509373,0.451953232
2025-06-23,23:43:43.767,0,5.126588345,0.471067727
2025-06-23,23:43:43.767,0,5.150265217,0.655514956
2025-06-23,23:43:43.767,0,5.269159317,0.323347211
2025-06-23,23:43:43.767,-0.332668751,5.301301956,0.341563344
2025-06-23,23:43:44.023,0,5.097293377,-0.272211909
2025-06-23,23:43:44.023,0.160880789,5.143683434,-0.142998755
2025-06-23,23:43:44.023,0,5.060927868,0.001111762
2025-06-23,23:43:44.023,0.159517393,5.102036953,-0.016507097
2025-06-23,23:43:44.023,0,5.147831917,0.060318597
2025-06-23,23:43:44.023,0,5.184147358,0.282042593
2025-06-23,23:43:44.023,0,5.028583527,-1.457122564
2025-06-23,23:43:44.023,0,5.176425934,-1.035958648
2025-06-23,23:43:44.023,-0.65443033,6.776644707,-1.541896343
2025-06-23,23:43:44.023,0,5.04853487,0.353958428
2025-06-23,23:43:44.023,0,5.095461369,0.304585785
2025-06-23,23:43:44.023,0,5.133470535,0.388962924
2025-06-23,23:43:44.023,0,5.153203964,0.631995499
2025-06-23,23:43:44.023,0,5.096003532,-1.200254083
2025-06-23,23:43:44.023,-0.164970979,5.22947073,-0.702859581
2025-06-23,23:43:44.023,-0.170424566,5.219344616,-1.571940422
2025-06-23,23:43:44.023,0,5.345482349,-1.282649636
2025-06-23,23:43:44.023,-0.65443033,6.856046677,-1.137974381
2025-06-23,23:43:44.023,-0.020450948,0.038465191,0.002377059
2025-06-23,23:43:44.023,-0.040901896,0.077077091,-8.66E-05
2025-06-23,23:43:44.023,0,5.060078144,0.67238766
2025-06-23,23:43:44.023,0,5.095694542,0.733287871
2025-06-23,23:43:44.510,0.63806957,1.434437275,-0.046308115
2025-06-23,23:43:44.510,-0.588987291,4.674429417,0.069206208
2025-06-23,23:43:44.510,-0.743051112,4.696939945,-0.040826041
2025-06-23,23:43:44.510,-0.599894464,4.761122704,-0.061083894
2025-06-23,23:43:44.510,-0.756685078,4.781548977,-0.129533514
2025-06-23,23:43:44.510,-0.763502061,4.811738968,-0.375852019
2025-06-23,23:43:44.510,-0.736234128,4.644117355,0.30351612
2025-06-23,23:43:44.510,-0.743051112,4.691115379,0.237384543
2025-06-23,23:43:44.510,-0.749868095,4.735330582,0.215028808
2025-06-23,23:43:44.510,-0.756685078,4.781354427,0.136514649
2025-06-23,23:43:44.510,-0.763502061,4.823181629,-0.176119715
2025-06-23,23:43:44.510,-0.770319045,4.868417263,-0.102152832
2025-06-23,23:43:44.510,-0.973465085,4.766225815,-1.813943386
2025-06-23,23:43:44.510,-2.726793051,8.27165699,-0.531784356
2025-06-23,23:43:44.510,-0.736234128,4.622980595,0.536652148
2025-06-23,23:43:44.510,-0.743051112,4.668777466,0.51519978
2025-06-23,23:43:44.510,-0.749868095,4.713831902,0.499380231
2025-06-23,23:43:44.510,-0.756685078,4.767226219,0.391841084
2025-06-23,23:43:44.510,-0.763502061,4.826271057,0.034715459
2025-06-23,23:43:44.510,-0.770319045,4.868006229,0.120151654
2025-06-23,23:43:44.510,-0.804403961,4.764076233,-1.77772963
2025-06-23,23:43:44.510,-0.973465085,4.829795837,-1.637183785
2025-06-23,23:43:44.510,-2.99947238,8.191713333,-0.193649054
2025-06-23,23:43:44.510,-0.020450948,0.03846509,0.002378676
2025-06-23,23:43:44.510,-0.040901896,0.077077083,-9.15E-05
2025-06-23,23:43:44.720,-0.588987291,4.665244579,-0.300947994
2025-06-23,23:43:44.720,-0.594440877,4.713170528,-0.218405083
2025-06-23,23:43:44.720,-0.875300527,4.550384521,-0.566205561
2025-06-23,23:43:44.720,-0.736234128,4.653639317,-0.059885595
2025-06-23,23:43:44.720,-0.594440877,4.718180656,0.021162683
2025-06-23,23:43:44.720,-0.749868095,4.738988876,0.107611328
2025-06-23,23:43:44.720,-1.059359074,4.720185757,0.223979384
2025-06-23,23:43:44.720,-0.875300527,4.582961082,-0.151847452
2025-06-23,23:43:44.720,-0.736234128,4.648153305,0.233707756
2025-06-23,23:43:44.720,-0.743051112,4.685807228,0.325764209
2025-06-23,23:43:44.720,-0.599894464,4.741482735,0.43630746
2025-06-23,23:43:44.720,-1.210696101,4.628485203,0.750932336
2025-06-23,23:43:44.720,-0.020450948,0.038465437,0.002373041
2025-06-23,23:43:44.720,-0.040901896,0.077077091,-8.44E-05
2025-06-23,23:43:44.720,-0.736234128,4.617956638,0.578295052
2025-06-23,23:43:44.720,-0.743051112,4.651383877,0.653863311
2025-06-23,23:43:44.720,-0.749868095,4.672344685,0.799242675
2025-06-23,23:43:44.720,-3.456210375,6.510882378,-0.166779205
2025-06-23,23:43:45.136,-0.736234128,4.633354664,-0.438142598
2025-06-23,23:43:45.136,-0.722600162,4.532150269,0.569885433
2025-06-23,23:43:45.136,-0.729417145,4.6061306,-0.210368559
2025-06-23,23:43:45.136,-0.736234128,4.64232254,-0.329833835
2025-06-23,23:43:45.136,-0.594440877,4.694320202,-0.474382848
2025-06-23,23:43:45.136,-0.749868095,4.522574425,-1.41982913
2025-06-23,23:43:45.136,-0.578080118,4.55620575,0.542323828
2025-06-23,23:43:45.136,-0.729417145,4.61077261,0.038325213
2025-06-23,23:43:45.136,-0.736234128,4.653793335,-0.046407774
2025-06-23,23:43:45.136,-0.743051112,4.694149971,-0.166940674
2025-06-23,23:43:45.136,-0.749868095,4.604773998,-1.12501049
2025-06-23,23:43:45.136,-1.668797374,6.283302307,-1.514392376
2025-06-23,23:43:45.136,-0.020450948,0.038465172,0.00237731
2025-06-23,23:43:45.136,-0.040901896,0.077077091,-8.70E-05
2025-06-23,23:43:45.136,-0.875300527,4.5733881,0.332735628
2025-06-23,23:43:45.136,-0.736234128,4.647579193,0.244859979
2025-06-23,23:43:45.136,-0.743051112,4.693578243,0.182309747
2025-06-23,23:43:45.480,-0.578080118,4.58804512,-0.054496162
2025-06-23,23:43:45.480,-0.583533704,4.629589558,-0.138323903
2025-06-23,23:43:45.480,-0.588987291,4.672455311,-0.152452663
2025-06-23,23:43:45.480,-0.594440877,4.709592819,-0.285328835
2025-06-23,23:43:45.480,-0.722600162,4.564345837,0.17860502
2025-06-23,23:43:45.480,-0.729417145,4.608250141,0.157229036
2025-06-23,23:43:45.480,-0.588987291,4.672575951,0.148699149
2025-06-23,23:43:45.480,-0.743051112,4.696808815,0.053833831
2025-06-23,23:43:45.480,-2.122808456,7.171523571,1.015707374
2025-06-23,23:43:45.480,-2.969477654,8.096918106,-0.495442867
2025-06-23,23:43:45.480,-2.984474897,8.135260582,-0.538017094
2025-06-23,23:43:45.480,-0.020450948,0.038465813,0.002366935
2025-06-23,23:43:45.480,-0.040901896,0.077077091,-8.21E-05
2025-06-23,23:43:45.480,-0.722600162,4.54761982,0.429310977
2025-06-23,23:43:45.480,-0.729417145,4.589360237,0.445492625
2025-06-23,23:43:45.480,-0.736234128,4.632940292,0.442506045
2025-06-23,23:43:45.480,-0.743051112,4.685305595,0.332899392
2025-06-23,23:43:45.480,-3.239429951,8.008028984,0.029952124
2025-06-23,23:43:45.480,-2.699525118,8.205435753,0.082013234
2025-06-23,23:43:45.480,-3.25579071,8.0473423,-0.138303131
2025-06-23,23:43:45.480,-3.544830799,7.960739136,-0.446432471
2025-06-23,23:43:45.800,-0.572626531,4.525168419,0.424996912
2025-06-23,23:43:45.800,-0.578080118,4.587953091,-0.061754297
2025-06-23,23:43:45.800,-0.583533704,4.631554604,-0.030499423
2025-06-23,23:43:45.800,-0.736234128,4.65397501,0.021509405
2025-06-23,23:43:45.800,-0.743051112,4.697043896,-0.026324537
2025-06-23,23:43:45.800,-0.715783179,4.492334843,0.54060775
2025-06-23,23:43:45.800,-0.722600162,4.562412262,0.22259675
2025-06-23,23:43:45.800,-0.729417145,4.602940083,0.271357179
2025-06-23,23:43:45.800,-0.736234128,4.642662525,0.325008482
2025-06-23,23:43:45.800,-0.743051112,4.687096119,0.306663543
2025-06-23,23:43:45.800,-2.110537767,7.166267872,0.708712816
2025-06-23,23:43:45.800,-0.020450948,0.038465984,0.002364157
2025-06-23,23:43:45.800,-0.040901896,0.077077091,-8.20E-05
2025-06-23,23:43:45.800,-0.722600162,4.538216114,0.51937604
2025-06-23,23:43:45.800,-0.729417145,4.575729847,0.568675518
2025-06-23,23:43:45.800,-0.736234128,4.611837387,0.62522161
2025-06-23,23:43:45.800,-0.891661286,4.623756409,0.663971007
2025-06-23,23:43:45.800,-3.527106762,7.932173729,0.138379365
2025-06-23,23:43:46.125,-0.578080118,4.574183941,-0.360512614
2025-06-23,23:43:46.125,-0.437650263,4.634271145,-0.353177786
2025-06-23,23:43:46.125,-0.572626531,4.544960976,0.033175308
2025-06-23,23:43:46.125,-0.578080118,4.588367939,0.002888608
2025-06-23,23:43:46.125,-0.583533704,4.631654263,0.003255934
2025-06-23,23:43:46.125,-0.588987291,4.674798012,-0.036635641
2025-06-23,23:43:46.125,-0.594440877,4.695970535,-0.457757801
2025-06-23,23:43:46.125,-0.572626531,4.533928871,0.318212926
2025-06-23,23:43:46.125,-0.722600162,4.557022572,0.314167708
2025-06-23,23:43:46.125,-0.583533704,4.623138905,0.280745327
2025-06-23,23:43:46.125,-0.736234128,4.646406174,0.266184539
2025-06-23,23:43:46.125,-0.743051112,4.693804741,-0.176379293
2025-06-23,23:43:46.125,-1.865126491,7.079628468,1.435029864
2025-06-23,23:43:46.125,-2.110537767,7.088015079,1.27189362
2025-06-23,23:43:46.125,-0.020450948,0.038464811,0.002383162
2025-06-23,23:43:46.125,-0.040901896,0.077077106,-6.87E-05
2025-06-23,23:43:46.125,-0.572626531,4.514452934,0.526768208
2025-06-23,23:43:46.125,-0.722600162,4.530115604,0.585839331
2025-06-23,23:43:46.125,-0.729417145,4.574554443,0.578050256
2025-06-23,23:43:46.125,-0.736234128,4.618695736,0.572358847
2025-06-23,23:43:46.125,-0.743051112,4.696737289,0.059775144
2025-06-23,23:43:46.125,-2.279598951,6.225330353,-0.162139386
2025-06-23,23:43:46.125,-3.187621117,6.538509369,-0.415486306
2025-06-23,23:43:46.125,-3.20670867,6.58371973,-0.308193535
2025-06-23,23:43:46.125,-2.969477654,8.105395317,0.328804284
2025-06-23,23:43:46.488,3.70298481,7.290640354,2.184760571
2025-06-23,23:43:46.488,3.722072363,7.178539276,2.644600391
2025-06-23,23:43:46.488,-1.409752011,3.810643435,-0.557305872
2025-06-23,23:43:46.488,-1.554271936,3.797394037,-0.585477412
2025-06-23,23:43:46.488,-1.570632696,3.835941076,-0.600815475
2025-06-23,23:43:46.488,-1.586993456,3.848482609,-0.761782229
2025-06-23,23:43:46.488,-2.445933342,5.438613892,-0.829716623
2025-06-23,23:43:46.488,-2.463657618,5.500284672,-0.673836172
2025-06-23,23:43:46.488,-2.672257185,5.476975918,-0.411875546
2025-06-23,23:43:46.488,-1.394754648,3.805383205,-0.19173792
2025-06-23,23:43:46.488,-1.537911177,3.788005352,-0.323788822
2025-06-23,23:43:46.488,-1.554271936,3.82626152,-0.35029763
2025-06-23,23:43:46.488,-1.570632696,3.862888813,-0.391807437
2025-06-23,23:43:46.488,-1.851492405,3.750359058,-0.645338237
2025-06-23,23:43:46.488,-1.469741464,3.934234858,0.801565707
2025-06-23,23:43:46.488,-1.825587869,4.094396114,-0.311419278
2025-06-23,23:43:46.488,-1.843312025,4.115334034,-0.50405699
2025-06-23,23:43:46.488,-2.328681231,4.777565956,-0.288520008
2025-06-23,23:43:46.488,-2.347768784,4.786401272,-0.613049388
2025-06-23,23:43:46.488,-2.428209305,5.427229881,-0.612424433
2025-06-23,23:43:46.488,-2.634082079,5.396161079,-0.438857019
2025-06-23,23:43:46.488,-2.653169632,5.448141575,-0.23503606
2025-06-23,23:43:46.488,-2.672257185,5.492436409,0.007100728
2025-06-23,23:43:46.488,-2.883583784,5.431342125,0.167953134
2025-06-23,23:43:46.488,-1.521550417,3.7613585,0.01057821
2025-06-23,23:43:46.488,-1.537911177,3.800805569,-0.087759219
2025-06-23,23:43:46.488,-1.554271936,3.840708256,-0.109300882
2025-06-23,23:43:46.488,-1.701518774,3.825158834,-0.123703852
2025-06-23,23:43:46.488,-1.851492405,3.764145136,-0.559342861
2025-06-23,23:43:46.488,-1.469741464,3.871562719,1.06382072
2025-06-23,23:43:46.488,-1.619714975,3.982038021,0.419203222
2025-06-23,23:43:46.488,-2.614994526,5.3726511,-0.150044918
2025-06-23,23:43:46.488,-2.634082079,5.413748264,-0.049799271
2025-06-23,23:43:46.488,-2.653169632,5.451674461,0.129362568
2025-06-23,23:43:46.488,-2.672257185,5.477252483,0.408179671
2025-06-23,23:43:46.488,-0.020450948,0.038464502,0.002388123
2025-06-23,23:43:46.488,-0.040901896,0.077077121,-4.80E-05
2025-06-23,23:43:46.488,-1.666070461,3.743917465,0.162130669
2025-06-23,23:43:46.488,-1.683794618,3.782748461,0.185464114
2025-06-23,23:43:46.488,-1.701518774,3.826023579,0.093193643
2025-06-23,23:43:46.488,3.683897257,7.272554398,2.107350826
2025-06-23,23:43:46.759,-1.26795876,3.82594347,-0.466350436
2025-06-23,23:43:46.759,-1.409752011,3.815265656,-0.524729073
2025-06-23,23:43:46.759,-1.295226693,3.888634205,-0.616164565
2025-06-23,23:43:46.759,-1.254324794,3.812702656,-0.029529829
2025-06-23,23:43:46.759,-1.26795876,3.848614931,-0.208540231
2025-06-23,23:43:46.759,-1.409752011,3.842625618,-0.256559789
2025-06-23,23:43:46.759,-1.424749374,3.880415678,-0.30200842
2025-06-23,23:43:46.759,-1.439746737,3.926843405,-0.222123682
2025-06-23,23:43:46.759,-1.322494626,3.975127459,0.599204719
2025-06-23,23:43:46.759,-1.469741464,3.814271212,1.253813624
2025-06-23,23:43:46.759,-1.363396525,4.082595348,-0.712873995
2025-06-23,23:43:46.759,-1.97965169,4.781093121,-1.044376254
2025-06-23,23:43:46.759,-1.996012449,4.77822113,-1.231126904
2025-06-23,23:43:46.759,-2.012373209,4.877799034,-0.977196038
2025-06-23,23:43:46.759,-2.241423845,5.454688072,-0.973903954
2025-06-23,23:43:46.759,-2.672257185,5.446260452,-0.710742712
2025-06-23,23:43:46.759,-3.054008245,6.249274254,0.590125203
2025-06-23,23:43:46.759,-3.073095798,6.251864433,0.899957657
2025-06-23,23:43:46.759,-3.092183352,6.255759239,1.121763468
2025-06-23,23:43:46.759,-1.254324794,3.811426163,0.102976128
2025-06-23,23:43:46.759,-1.394754648,3.809631109,0.06645073
2025-06-23,23:43:46.759,-1.409752011,3.851180792,-0.000685184
2025-06-23,23:43:46.759,-1.424749374,3.89179945,-0.052278027
2025-06-23,23:43:46.759,-1.570632696,3.882480383,0.042043746
2025-06-23,23:43:46.759,-1.322494626,3.932805538,0.832901239
2025-06-23,23:43:46.759,-1.363396525,4.090704918,-0.664760649
2025-06-23,23:43:46.759,-1.529730916,3.905577898,-1.486609578
2025-06-23,23:43:46.759,-1.544728279,4.093777657,-1.024028182
2025-06-23,23:43:46.759,-1.97965169,4.846931934,-0.67588532
2025-06-23,23:43:46.759,-2.16234684,4.811279774,-0.71202302
2025-06-23,23:43:46.759,-2.241423845,5.508840084,-0.595644236
2025-06-23,23:43:46.759,-3.073095798,6.145020962,1.460977674
2025-06-23,23:43:46.759,-0.020450948,0.038464125,0.002394189
2025-06-23,23:43:46.759,-0.040901896,0.077077128,-3.79E-05
2025-06-23,23:43:46.759,-1.394754648,3.792643547,0.365458041
2025-06-23,23:43:46.759,-1.409752011,3.842146397,0.263638377
2025-06-23,23:43:46.759,-1.424749374,3.88757062,0.188758537
2025-06-23,23:43:46.759,-1.570632696,3.874117613,0.258135766
2025-06-23,23:43:46.759,-1.454744101,3.830926895,1.057069898
2025-06-23,23:43:46.759,-2.428209305,5.445335388,-0.422152519
2025-06-23,23:43:47.106,-1.379757285,3.747466564,0.404559821
2025-06-23,23:43:47.106,-1.26795876,3.842873335,0.296058148
2025-06-23,23:43:47.106,-1.281592727,3.886071444,0.273793995
2025-06-23,23:43:47.106,-1.424749374,3.878852129,0.321468711
2025-06-23,23:43:47.106,-1.439746737,3.930326223,0.148238108
2025-06-23,23:43:47.106,-1.454744101,3.842875481,-1.012771249
2025-06-23,23:43:47.106,-1.790139556,3.886335611,-1.053097367
2025-06-23,23:43:47.106,-1.668797255,4.055831432,-0.754302263
2025-06-23,23:43:47.106,-2.428209305,5.458926678,0.173224926
2025-06-23,23:43:47.106,-2.634082079,5.413657665,-0.058835406
2025-06-23,23:43:47.106,-2.653169632,5.453017712,-0.045702022
2025-06-23,23:43:47.106,-2.672257185,5.487447262,0.234151289
2025-06-23,23:43:47.106,-3.054008245,6.085971832,1.537082314
2025-06-23,23:43:47.106,-1.281592727,3.862981081,0.50387603
2025-06-23,23:43:47.106,-1.254324794,3.812297821,-0.062918544
2025-06-23,23:43:47.106,-1.26795876,3.848669291,-0.207533702
2025-06-23,23:43:47.106,-1.281592727,3.888404846,-0.238375664
2025-06-23,23:43:47.106,-1.295226693,3.93383646,-0.161447763
2025-06-23,23:43:47.106,-1.30886066,3.97768259,0.085055806
2025-06-23,23:43:47.106,-2.428209305,5.435053349,-0.538597226
2025-06-23,23:43:47.106,-2.634082079,5.350386143,-0.827355742
2025-06-23,23:43:47.106,-2.653169632,5.377019405,-0.908378422
2025-06-23,23:43:47.106,-3.034920692,6.203870296,0.650145471
2025-06-23,23:43:47.106,-3.054008245,6.252288818,0.557279825
2025-06-23,23:43:47.106,-0.020450948,0.038464803,0.002383302
2025-06-23,23:43:47.106,-0.040901896,0.077077121,-4.59E-05
2025-06-23,23:43:47.106,-1.254324794,3.808164597,0.18829836
2025-06-23,23:43:47.106,-1.26795876,3.854032278,0.041975096
2025-06-23,23:43:47.106,-1.281592727,3.895657301,0.019195523
2025-06-23,23:43:47.106,-1.424749374,3.890975475,0.095636889
2025-06-23,23:43:47.106,-1.439746737,3.929510355,0.16848594
2025-06-23,23:43:47.106,-1.454744101,3.861027241,-0.941204548
2025-06-23,23:43:47.106,-1.96329093,4.816801071,-0.594791293
2025-06-23,23:43:47.106,-1.97965169,4.887287617,-0.252969801
2025-06-23,23:43:47.106,-2.428209305,5.458909512,-0.173766255
2025-06-23,23:43:47.106,-2.634082079,5.397132397,-0.426748425
2025-06-23,23:43:47.106,-2.653169632,5.431089401,-0.49066776
2025-06-23,23:43:47.106,-2.672257185,5.485330105,-0.279392183
2025-06-23,23:43:47.106,-3.034920692,6.143443584,1.081109285
2025-06-23,23:43:47.106,-3.054008245,6.195221901,1.010398865
2025-06-23,23:43:47.106,-3.073095798,6.21711731,1.114982128
2025-06-23,23:43:47.440,-1.254324794,3.802319288,0.282741368
2025-06-23,23:43:47.440,-1.26795876,3.845447302,0.260503411
2025-06-23,23:43:47.440,-1.281592727,3.887931585,0.24597095
2025-06-23,23:43:47.440,-1.295226693,3.933363676,0.172583595
2025-06-23,23:43:47.440,-1.439746737,3.932289839,-0.08084245
2025-06-23,23:43:47.440,-1.377030492,4.086737633,-0.905307591
2025-06-23,23:43:47.440,-1.251598001,4.173139095,-0.906661153
2025-06-23,23:43:47.440,-1.404298425,4.220619678,-0.638864398
2025-06-23,23:43:47.440,-2.144622803,4.818358421,-0.229365274
2025-06-23,23:43:47.440,-3.034920692,6.021465778,1.628694296
2025-06-23,23:43:47.440,-3.054008245,6.102080345,1.471832514
2025-06-23,23:43:47.440,-1.128892303,3.85039115,-0.104852557
2025-06-23,23:43:47.440,-1.141162872,3.886912346,-0.229574606
2025-06-23,23:43:47.440,-1.281592727,3.890169382,-0.207599834
2025-06-23,23:43:47.440,-1.165704012,3.977370739,-0.020076251
2025-06-23,23:43:47.440,-1.30886066,3.9506464,0.470728546
2025-06-23,23:43:47.440,-1.454744101,3.922553301,0.63794446
2025-06-23,23:43:47.440,-1.799683452,4.745841026,-1.283741236
2025-06-23,23:43:47.440,-2.144622803,4.725588322,-0.968504786
2025-06-23,23:43:47.440,-2.428209305,5.329525471,-1.194172502
2025-06-23,23:43:47.440,-2.445933342,5.423305035,-0.924505651
2025-06-23,23:43:47.440,-3.034920692,6.196654797,0.715656459
2025-06-23,23:43:47.440,-3.054008245,6.233850479,0.735380173
2025-06-23,23:43:47.440,-3.073095798,6.271468163,0.751280606
2025-06-23,23:43:47.440,-0.020450948,0.038465813,0.002366935
2025-06-23,23:43:47.440,-0.040901896,0.077077106,-6.55E-05
2025-06-23,23:43:47.440,-1.254324794,3.810910463,0.12056192
2025-06-23,23:43:47.440,-1.26795876,3.854195595,0.022395248
2025-06-23,23:43:47.440,-1.153433442,3.935547113,0.007418906
2025-06-23,23:43:47.440,-1.295226693,3.935328245,0.119695
2025-06-23,23:43:47.440,-1.439746737,3.915562153,0.371230006
2025-06-23,23:43:47.440,-1.586993456,3.912833691,0.284360021
2025-06-23,23:43:47.440,-1.377030492,4.033233643,-1.119835973
2025-06-23,23:43:47.440,-1.251598001,4.10757494,-1.168311596
2025-06-23,23:43:47.440,-1.26386857,4.199980259,-0.978076577
2025-06-23,23:43:47.440,-1.96329093,4.793214321,-0.761867702
2025-06-23,23:43:47.440,-1.97965169,4.856456757,-0.603657007
2025-06-23,23:43:47.440,-2.16234684,4.844438076,-0.432216853
2025-06-23,23:43:47.440,-2.012373209,4.933247566,-0.641020894
2025-06-23,23:43:47.440,-2.634082079,5.392111301,-0.486091316
2025-06-23,23:43:47.440,-2.818140745,6.234923363,1.142475247
2025-06-23,23:43:47.440,-3.054008245,6.176831722,1.117330313
2025-06-23,23:43:47.440,-3.073095798,6.211233616,1.147306442
2025-06-23,23:43:47.757,-0.474462003,3.765897274,-0.014556013
2025-06-23,23:43:47.757,-0.469008416,3.645165205,-0.755520344
2025-06-23,23:43:47.757,-0.474462003,3.687516928,-0.764469802
2025-06-23,23:43:47.757,-0.479915589,3.679104328,-0.98706001
2025-06-23,23:43:47.757,-0.61352843,3.5275352,1.611870289
2025-06-23,23:43:47.757,1.660616875,8.515628815,-1.779381514
2025-06-23,23:43:47.757,-0.469008416,3.689471245,-0.49582538
2025-06-23,23:43:47.757,-0.474462003,3.727381229,-0.537423015
2025-06-23,23:43:47.757,-0.359936684,3.743513107,-0.772638023
2025-06-23,23:43:47.757,-2.676347494,5.896336079,-1.212943912
2025-06-23,23:43:47.757,-2.486835241,6.069215298,-0.978709757
2025-06-23,23:43:47.757,-1.679704547,6.501599789,0.224296764
2025-06-23,23:43:47.757,1.660616875,8.618470192,-1.184948683
2025-06-23,23:43:47.757,-0.020450948,0.038464118,0.002394355
2025-06-23,23:43:47.757,-0.040901896,0.077077106,-6.32E-05
2025-06-23,23:43:47.757,-0.469008416,3.714446783,-0.246830001
2025-06-23,23:43:47.757,-0.474462003,3.754467249,-0.293547183
2025-06-23,23:43:47.757,-0.479915589,3.771228552,-0.536591351
2025-06-23,23:43:47.757,-2.470474482,6.066224098,-0.706064105
2025-06-23,23:43:47.757,-2.486835241,6.130002022,-0.465110421
2025-06-23,23:43:47.757,-1.679704547,6.495429039,0.361258179
2025-06-23,23:43:47.757,-3.473934412,7.039906979,-1.192388058
2025-06-23,23:43:48.082,-0.474462003,3.763278961,0.141162544
2025-06-23,23:43:48.082,-2.882220268,5.91998148,-0.217886314
2025-06-23,23:43:48.082,-0.347666115,3.625400543,-0.698652685
2025-06-23,23:43:48.082,-0.469008416,3.662256002,-0.667774022
2025-06-23,23:43:48.082,-0.355846494,3.717256069,-0.680212736
2025-06-23,23:43:48.082,-0.479915589,3.707618237,-0.873878002
2025-06-23,23:43:48.082,-0.485369176,3.84210515,-0.282791346
2025-06-23,23:43:48.082,1.652436495,8.570989609,-1.215097547
2025-06-23,23:43:48.082,1.660616875,8.575077057,-1.466348648
2025-06-23,23:43:48.082,-0.463554829,3.655845165,-0.415246576
2025-06-23,23:43:48.082,-0.469008416,3.700212955,-0.408001512
2025-06-23,23:43:48.082,-0.474462003,3.738977671,-0.449712455
2025-06-23,23:43:48.082,-0.479915589,3.761078358,-0.603643239
2025-06-23,23:43:48.082,-0.606711447,3.828556299,-0.226679951
2025-06-23,23:43:48.082,-0.760775208,3.868204117,-0.959824145
2025-06-23,23:43:48.082,-2.658623219,5.889559269,-1.035722256
2025-06-23,23:43:48.082,-2.676347494,5.963671207,-0.820144117
2025-06-23,23:43:48.082,-1.679704547,6.464544773,0.728542686
2025-06-23,23:43:48.082,-2.220973015,7.455196381,-1.358919501
2025-06-23,23:43:48.082,1.652436495,8.637162209,-0.581162572
2025-06-23,23:43:48.082,-0.020450948,0.038464662,0.002385597
2025-06-23,23:43:48.082,-0.040901896,0.077077106,-6.40E-05
2025-06-23,23:43:48.082,-0.463554829,3.677695751,-0.110397063
2025-06-23,23:43:48.082,-0.469008416,3.719297647,-0.157690242
2025-06-23,23:43:48.082,-0.474462003,3.761196136,-0.188676089
2025-06-23,23:43:48.082,-0.479915589,3.794660091,-0.332641065
2025-06-23,23:43:48.082,-0.606711447,3.810370207,-0.436241746
2025-06-23,23:43:48.082,-0.760775208,3.931457043,-0.654149532
2025-06-23,23:43:48.082,-0.647613347,3.769128323,-1.597816229
2025-06-23,23:43:48.082,-0.523544252,3.855593443,-1.550034881
2025-06-23,23:43:48.082,-2.658623219,5.936583996,-0.718750238
2025-06-23,23:43:48.082,-2.882220268,5.907550812,-0.441018522
2025-06-23,23:43:48.082,-2.694071531,6.056556702,0.194163591
2025-06-23,23:43:48.082,-2.099630594,6.231349945,1.379981637
2025-06-23,23:43:48.082,-2.467747688,7.441207409,-0.947621286
2025-06-23,23:43:48.082,-2.481381655,7.404478073,-1.437618256
2025-06-23,23:43:48.423,-0.463554829,3.639394045,-0.540780962
2025-06-23,23:43:48.423,-0.351756305,3.699384689,-0.518488467
2025-06-23,23:43:48.423,-0.474462003,3.712382078,-0.632783353
2025-06-23,23:43:48.423,-0.606711447,3.53715229,1.482491612
2025-06-23,23:43:48.423,-0.518090665,3.777641773,-1.624731541
2025-06-23,23:43:48.423,-2.658623219,5.876171112,-1.109161973
2025-06-23,23:43:48.423,-2.882220268,5.824427128,-1.081528068
2025-06-23,23:43:48.423,-2.7145226,7.266249657,-1.480648637
2025-06-23,23:43:48.423,1.644256115,8.561359406,-0.949391723
2025-06-23,23:43:48.423,1.652436495,8.594114304,-1.039004326
2025-06-23,23:43:48.423,1.660616875,8.626995087,-1.121197104
2025-06-23,23:43:48.423,-0.572626531,3.58063364,-0.531030297
2025-06-23,23:43:48.423,-0.463554829,3.664926767,-0.325494885
2025-06-23,23:43:48.423,-0.469008416,3.709100246,-0.317201674
2025-06-23,23:43:48.423,-0.355846494,3.764135599,-0.334611595
2025-06-23,23:43:48.423,-0.518090665,3.873074532,-1.381891251
2025-06-23,23:43:48.423,-0.523544252,3.900964737,-1.432021141
2025-06-23,23:43:48.423,-2.658623219,5.919066906,-0.851042986
2025-06-23,23:43:48.423,-2.676347494,5.962887764,-0.825822532
2025-06-23,23:43:48.423,-1.668797374,6.444922924,0.486041546
2025-06-23,23:43:48.423,-2.699525118,7.288376808,-1.124418378
2025-06-23,23:43:48.423,-2.7145226,7.368541241,-0.833846033
2025-06-23,23:43:48.423,-2.977658033,7.329675198,-0.678021133
2025-06-23,23:43:48.423,1.644256115,8.598753929,-0.509548962
2025-06-23,23:43:48.423,1.377030492,8.694372177,-0.424924463
2025-06-23,23:43:48.423,-0.020450948,0.038464494,0.002388246
2025-06-23,23:43:48.423,-0.040901896,0.077077106,-7.16E-05
2025-06-23,23:43:48.423,-0.463554829,3.677981853,-0.100414142
2025-06-23,23:43:48.423,-0.469008416,3.721914768,-0.073431544
2025-06-23,23:43:48.423,-0.474462003,3.765148163,-0.076517336
2025-06-23,23:43:48.423,-0.768955588,3.718226194,-1.549998164
2025-06-23,23:43:48.423,-2.658623219,5.963228226,-0.446693957
2025-06-23,23:43:48.423,-2.882220268,5.905792713,-0.463970453
2025-06-23,23:43:48.423,-2.699525118,7.37199688,-0.195981815
2025-06-23,23:43:48.423,-2.961297274,7.317313194,-0.216755718
2025-06-23,23:43:48.749,-0.347666115,3.657174349,-0.506676316
2025-06-23,23:43:48.749,-0.351756305,3.708578587,-0.448020101
2025-06-23,23:43:48.749,-0.343575925,3.62843442,-0.383733004
2025-06-23,23:43:48.749,-0.347666115,3.668560028,-0.416307807
2025-06-23,23:43:48.749,-0.351756305,3.718312502,-0.358370274
2025-06-23,23:43:48.749,-0.355846494,3.769061089,0.273607314
2025-06-23,23:43:48.749,-0.359936684,3.820176601,0.130807608
2025-06-23,23:43:48.749,-0.485369176,3.736680746,-0.937528431
2025-06-23,23:43:48.749,-2.454113722,5.982560635,-1.007076383
2025-06-23,23:43:48.749,-2.058728695,6.242989063,-0.433095455
2025-06-23,23:43:48.749,-1.657890201,6.420975685,-0.00847743
2025-06-23,23:43:48.749,-1.460197687,6.510539532,0.197112396
2025-06-23,23:43:48.749,-2.699525118,7.128881931,-1.887801051
2025-06-23,23:43:48.749,-2.961297274,7.205154419,-1.294528723
2025-06-23,23:43:48.749,1.636075735,8.546627998,-0.645678341
2025-06-23,23:43:48.749,1.644256115,8.578448296,-0.780027032
2025-06-23,23:43:48.749,1.652436495,8.62861824,-0.696621001
2025-06-23,23:43:48.749,-0.458101243,3.630473852,-0.201579422
2025-06-23,23:43:48.749,-0.463554829,3.673007727,-0.215981886
2025-06-23,23:43:48.749,-0.469008416,3.720293045,-0.13213782
2025-06-23,23:43:48.749,-0.474462003,3.733391523,0.49394539
2025-06-23,23:43:48.749,-0.359936684,3.741962671,0.780111969
2025-06-23,23:43:48.749,-0.599894464,3.691684246,0.867184162
2025-06-23,23:43:48.749,-0.606711447,3.788603783,-0.596413374
2025-06-23,23:43:48.749,-0.61352843,3.740928173,-1.023272038
2025-06-23,23:43:48.749,-0.627162397,3.693478823,-1.440759063
2025-06-23,23:43:48.749,-0.63397938,3.762447834,-1.38025403
2025-06-23,23:43:48.749,-2.437752962,5.960063457,-0.890939951
2025-06-23,23:43:48.749,-2.658623219,5.940027237,-0.689712703
2025-06-23,23:43:48.749,-2.264601707,6.180218697,-0.278072268
2025-06-23,23:43:48.749,-1.657890201,6.410154343,0.372726679
2025-06-23,23:43:48.749,-1.460197687,6.474976063,0.707576454
2025-06-23,23:43:48.749,-2.944936514,7.145035267,-1.395709038
2025-06-23,23:43:48.749,-2.961297274,7.288311005,-0.685985446
2025-06-23,23:43:48.749,1.644256115,8.610474586,-0.240697324
2025-06-23,23:43:48.749,-0.020450948,0.038463309,0.00240726
2025-06-23,23:43:48.749,-0.040901896,0.077077121,-5.45E-05
2025-06-23,23:43:48.749,-0.458101243,3.635947704,-0.029314535
2025-06-23,23:43:48.749,-0.463554829,3.679350853,0.003320088
2025-06-23,23:43:48.749,-0.469008416,3.720855474,0.115220577
2025-06-23,23:43:48.749,-0.474462003,3.688262939,0.760862052
2025-06-23,23:43:48.749,-0.479915589,3.451137066,1.61237371
2025-06-23,23:43:48.749,-2.640899181,5.920857906,-0.477344602
2025-06-23,23:43:48.749,-2.658623219,5.967700005,-0.382340938
2025-06-23,23:43:48.749,-2.470474482,6.107115746,0.027232286
2025-06-23,23:43:48.749,-1.865126491,6.326345444,0.69011116
2025-06-23,23:43:48.749,-2.944936514,7.213741302,-0.980546653
2025-06-23,23:43:48.749,-2.961297274,7.318505287,-0.171867684
2025-06-23,23:43:49.079,-0.339485735,3.538183451,-0.692069292
2025-06-23,23:43:49.079,-0.343575925,3.590892792,-0.646743178
2025-06-23,23:43:49.079,-0.347666115,3.631097555,-0.668412745
2025-06-23,23:43:49.079,-0.351756305,3.701283932,-0.504751146
2025-06-23,23:43:49.079,-0.474462003,3.76588273,-0.017919017
2025-06-23,23:43:49.079,-0.479915589,3.79528904,0.325385302
2025-06-23,23:43:49.079,-2.640899181,5.79670763,-1.297151566
2025-06-23,23:43:49.079,-1.243417621,6.513843536,-0.036789164
2025-06-23,23:43:49.079,-2.699525118,7.2530756,-1.333282471
2025-06-23,23:43:49.079,1.908755064,8.4500494,-1.044899583
2025-06-23,23:43:49.079,1.644256115,8.561889648,-0.944588602
2025-06-23,23:43:49.079,-0.452647656,3.564456463,-0.450236261
2025-06-23,23:43:49.079,-0.343575925,3.627203226,-0.395201355
2025-06-23,23:43:49.079,-0.347666115,3.666482925,-0.434221476
2025-06-23,23:43:49.079,-0.351756305,3.725403309,-0.275039911
2025-06-23,23:43:49.079,-0.474462003,3.758714199,0.232943252
2025-06-23,23:43:49.079,-0.479915589,3.757936954,0.622900486
2025-06-23,23:43:49.079,-2.437752962,5.962143421,-0.876914203
2025-06-23,23:43:49.079,-2.658623219,5.938557148,-0.702259541
2025-06-23,23:43:49.079,-1.235237241,6.469665051,0.135914445
2025-06-23,23:43:49.079,-1.450653911,6.461064816,0.35754922
2025-06-23,23:43:49.079,-2.699525118,7.334627628,-0.76680392
2025-06-23,23:43:49.079,1.636075735,8.558793068,-0.456963152
2025-06-23,23:43:49.079,1.644256115,8.605273247,-0.384022743
2025-06-23,23:43:49.079,-0.020450948,0.038464926,0.002381325
2025-06-23,23:43:49.079,-0.040901896,0.077077106,-7.03E-05
2025-06-23,23:43:49.079,-0.458101243,3.631596804,-0.180223629
2025-06-23,23:43:49.079,-0.463554829,3.672677994,-0.221515968
2025-06-23,23:43:49.079,-0.351756305,3.735336781,-0.039190151
2025-06-23,23:43:49.079,-0.593077481,3.720328569,0.463381499
2025-06-23,23:43:49.079,-0.599894464,3.674278259,0.938199937
2025-06-23,23:43:49.079,-2.640899181,5.924896717,-0.424285024
2025-06-23,23:43:49.079,-2.863132715,5.883706093,-0.111251898
2025-06-23,23:43:49.079,-2.928575754,7.217694283,-0.563186228
2025-06-23,23:43:49.079,-2.699525118,7.371817112,-0.202643305
2025-06-23,23:43:49.495,-2.454113722,7.415179729,-0.815242469
2025-06-23,23:43:49.495,-0.339485735,3.558039188,-0.581429243
2025-06-23,23:43:49.495,-0.343575925,3.601279974,-0.586148083
2025-06-23,23:43:49.495,-0.347666115,3.644188166,-0.592907071
2025-06-23,23:43:49.495,-0.351756305,3.659518003,-0.749802649
2025-06-23,23:43:49.495,-0.474462003,3.691815615,-0.743432164
2025-06-23,23:43:49.495,-2.699525118,7.344269276,-0.668175638
2025-06-23,23:43:49.495,1.899211287,8.401003838,-1.093227863
2025-06-23,23:43:49.495,1.908755064,8.433623314,-1.170104384
2025-06-23,23:43:49.495,1.644256115,8.534215927,-1.168492079
2025-06-23,23:43:49.495,-0.339485735,3.586424589,-0.367779613
2025-06-23,23:43:49.495,-0.343575925,3.631335497,-0.355233222
2025-06-23,23:43:49.495,-0.347666115,3.676008701,-0.344390273
2025-06-23,23:43:49.495,-0.351756305,3.699893951,-0.51484251
2025-06-23,23:43:49.495,-0.355846494,3.747014284,-0.490474105
2025-06-23,23:43:49.495,-2.640899181,5.919857979,-0.489591092
2025-06-23,23:43:49.495,-2.249604225,6.145484924,-0.014289984
2025-06-23,23:43:49.495,-1.646983027,6.359768391,0.491570592
2025-06-23,23:43:49.495,-2.684527874,7.226871967,-1.246787429
2025-06-23,23:43:49.495,-2.699525118,7.357649803,-0.499736905
2025-06-23,23:43:49.495,1.627895355,8.520668983,-0.356608361
2025-06-23,23:43:49.495,1.636075735,8.553204536,-0.551763952
2025-06-23,23:43:49.495,-0.020450948,0.038465876,0.002365899
2025-06-23,23:43:49.495,-0.040901896,0.077077106,-7.18E-05
2025-06-23,23:43:49.495,-0.339485735,3.600279093,-0.188924685
2025-06-23,23:43:49.495,-0.343575925,3.646239519,-0.133133858
2025-06-23,23:43:49.495,-0.463554829,3.677778721,-0.107599013
2025-06-23,23:43:49.495,-0.469008416,3.711952686,-0.281866699
2025-06-23,23:43:49.495,-0.474462003,3.756607056,-0.264761597
2025-06-23,23:43:49.495,-2.640899181,5.9393363,-0.093299173
2025-06-23,23:43:49.495,-2.454113722,6.058948994,0.307192564
2025-06-23,23:43:49.495,-2.684527874,7.26722002,-0.984718919
2025-06-23,23:43:49.495,-2.699525118,7.371191978,-0.224231407
2025-06-23,23:43:49.842,-0.545358598,3.433601141,-0.308426887
2025-06-23,23:43:49.842,-0.552175581,3.486566067,-0.166060865
2025-06-23,23:43:49.842,-0.44719407,3.546070814,-0.155824557
2025-06-23,23:43:49.842,-0.452647656,3.565382719,-0.442841589
2025-06-23,23:43:49.842,-0.687151849,3.326220989,-1.376556754
2025-06-23,23:43:49.842,-0.728053749,3.449082136,-1.628218651
2025-06-23,23:43:49.842,1.456107497,3.282999277,1.476141214
2025-06-23,23:43:49.842,-2.912214994,7.195699215,0.22410807
2025-06-23,23:43:49.842,1.595173836,8.356562614,-0.049371049
2025-06-23,23:43:49.842,1.870579958,8.343011856,-0.136024445
2025-06-23,23:43:49.842,-0.65443033,3.425977945,-0.128671452
2025-06-23,23:43:49.842,-0.552175581,3.490096569,0.054274898
2025-06-23,23:43:49.842,-0.558992565,3.533008337,0.065282941
2025-06-23,23:43:49.842,-0.565809548,3.571206093,-0.198242649
2025-06-23,23:43:49.842,-0.801677167,3.391346693,-1.134421945
2025-06-23,23:43:49.842,-2.669530392,7.279808521,0.432782114
2025-06-23,23:43:49.842,1.595173836,8.345579147,0.431141526
2025-06-23,23:43:49.842,1.603354216,8.380984306,0.558365047
2025-06-23,23:43:49.842,-0.020450948,0.03846458,0.00238688
2025-06-23,23:43:49.842,-0.040901896,0.077077098,-7.44E-05
2025-06-23,23:43:49.842,-0.65443033,3.386689663,-0.533118248
2025-06-23,23:43:49.842,-0.441740483,3.483224392,-0.400788337
2025-06-23,23:43:49.842,-0.44719407,3.525947809,-0.408158064
2025-06-23,23:43:49.842,-0.452647656,3.524122715,-0.699015677
2025-06-23,23:43:49.842,1.456107497,3.572176218,0.443434238
2025-06-23,23:43:49.842,-2.912214994,7.19907856,-0.039738778
2025-06-23,23:43:49.842,1.861036181,8.269868851,-0.724548757
2025-06-23,23:43:49.842,1.870579958,8.321468353,-0.614416659
2025-06-23,23:43:50.088,-0.65443033,3.417589426,-0.271962821
2025-06-23,23:43:50.088,-0.441740483,3.503949881,-0.12577121
2025-06-23,23:43:50.088,-0.558992565,3.531290531,-0.12805222
2025-06-23,23:43:50.088,-0.565809548,3.557783842,-0.367405295
2025-06-23,23:43:50.088,-0.572626531,3.279567242,-1.532112956
2025-06-23,23:43:50.088,-0.719873369,3.417006493,-1.595701218
2025-06-23,23:43:50.088,-0.84939605,3.423129559,-1.624203682
2025-06-23,23:43:50.088,-0.620345414,3.630870581,-1.481392384
2025-06-23,23:43:50.088,0.992552698,3.470713377,1.652743816
2025-06-23,23:43:50.088,-2.219609499,6.063259602,-0.06052696
2025-06-23,23:43:50.088,-1.828314781,6.214249611,0.546934664
2025-06-23,23:43:50.088,-2.669530392,7.241764069,-0.860097229
2025-06-23,23:43:50.088,1.861036181,8.30043602,-0.135920212
2025-06-23,23:43:50.088,1.603354216,8.399522781,-0.026159719
2025-06-23,23:43:50.088,-0.65443033,3.428200483,-0.036385719
2025-06-23,23:43:50.088,-0.552175581,3.489434004,0.087009609
2025-06-23,23:43:50.088,-0.558992565,3.532104492,0.103193127
2025-06-23,23:43:50.088,-0.565809548,3.57440424,-0.128243282
2025-06-23,23:43:50.088,-0.572626531,3.390594244,-1.267596841
2025-06-23,23:43:50.088,-0.839852273,3.437928438,-1.488526344
2025-06-23,23:43:50.088,-0.84939605,3.495787382,-1.461274505
2025-06-23,23:43:50.088,1.334765196,3.276757479,1.599559069
2025-06-23,23:43:50.088,-2.421392202,5.980749607,0.24685204
2025-06-23,23:43:50.088,-2.031460762,6.106956005,0.914888918
2025-06-23,23:43:50.088,-2.912214994,7.192972183,-0.29910025
2025-06-23,23:43:50.088,1.595173836,8.344918251,0.44375211
2025-06-23,23:43:50.088,1.603354216,8.386931419,0.460484654
2025-06-23,23:43:50.088,-0.020450948,0.038465258,0.002375938
2025-06-23,23:43:50.088,-0.040901896,0.077077098,-7.44E-05
2025-06-23,23:43:50.088,-0.545358598,3.416118383,-0.463550299
2025-06-23,23:43:50.088,-0.552175581,3.471346617,-0.365338534
2025-06-23,23:43:50.088,-0.44719407,3.532853603,-0.343284488
2025-06-23,23:43:50.088,-0.452647656,3.534242868,-0.64590317
2025-06-23,23:43:50.088,1.456107497,3.251732349,1.543798566
2025-06-23,23:43:50.088,-2.421392202,5.953486443,-0.621531487
2025-06-23,23:43:50.088,-1.828314781,6.234394073,0.219919175
2025-06-23,23:43:50.088,-2.912214994,7.065600872,-1.380433202
2025-06-23,23:43:50.088,1.861036181,8.273379326,-0.683295131
2025-06-23,23:43:50.088,1.870579958,8.317921638,-0.660695553
2025-06-23,23:43:50.445,-0.545358598,3.435263872,-0.289321333
2025-06-23,23:43:50.445,-0.552175581,3.487663269,-0.141156912
2025-06-23,23:43:50.445,-0.44719407,3.547934532,-0.105164848
2025-06-23,23:43:50.445,-0.565809548,3.555093288,-0.392587185
2025-06-23,23:43:50.445,-0.572626531,3.456763506,-1.074112058
2025-06-23,23:43:50.445,-0.579443514,3.51584816,-1.027411342
2025-06-23,23:43:50.445,-1.964654446,5.316746712,-0.733253539
2025-06-23,23:43:50.445,-2.669530392,7.272007942,-0.548466682
2025-06-23,23:43:50.445,-2.684527874,7.182943821,-1.479010344
2025-06-23,23:43:50.445,1.861036181,8.299246788,-0.195467338
2025-06-23,23:43:50.445,1.870579958,8.343458176,-0.105095834
2025-06-23,23:43:50.445,-0.65443033,3.427181959,-0.091131568
2025-06-23,23:43:50.445,-0.552175581,3.489375114,0.089336835
2025-06-23,23:43:50.445,-0.558992565,3.531135321,0.132263258
2025-06-23,23:43:50.445,-0.565809548,3.573340178,-0.15508768
2025-06-23,23:43:50.445,-0.572626531,3.519169569,-0.847571313
2025-06-23,23:43:50.445,-0.695332229,3.528563738,-0.904580832
2025-06-23,23:43:50.445,-1.964654446,5.347803593,-0.454369873
2025-06-23,23:43:50.445,-2.669530392,7.290798187,0.164862931
2025-06-23,23:43:50.445,1.595173836,8.351571083,0.292976201
2025-06-23,23:43:50.445,1.603354216,8.385623932,0.483708948
2025-06-23,23:43:50.445,-0.020450948,0.038465172,0.00237731
2025-06-23,23:43:50.445,-0.040901896,0.077077098,-7.58E-05
2025-06-23,23:43:50.445,-0.545358598,3.40517211,-0.538096547
2025-06-23,23:43:50.445,-0.441740483,3.487764835,-0.359137774
2025-06-23,23:43:50.445,-0.44719407,3.534033537,-0.330917329
2025-06-23,23:43:50.445,-0.452647656,3.53356266,-0.649613976
2025-06-23,23:43:50.445,-0.572626531,3.372439861,-1.315135241
2025-06-23,23:43:50.445,-1.218876481,6.385341644,0.022883434
2025-06-23,23:43:50.445,-2.426845789,7.263683796,-1.287874937
2025-06-23,23:43:50.445,1.861036181,8.269205093,-0.732085049
2025-06-23,23:43:50.445,1.870579958,8.320252419,-0.630668521
2025-06-23,23:43:50.792,-0.65443033,3.416801453,-0.281689137
2025-06-23,23:43:50.792,-0.441740483,3.504647255,-0.104549587
2025-06-23,23:43:50.792,-0.558992565,3.532550573,-0.086577542
2025-06-23,23:43:50.792,-0.452647656,3.578627586,-0.318570882
2025-06-23,23:43:50.792,-0.572626531,3.511647463,-0.87821573
2025-06-23,23:43:50.792,-0.579443514,3.499430418,-1.082011223
2025-06-23,23:43:50.792,-1.786049485,5.397190571,-0.587946713
2025-06-23,23:43:50.792,-2.623174906,5.893875599,-0.273175836
2025-06-23,23:43:50.792,-2.031460762,6.137636662,0.679226816
2025-06-23,23:43:50.792,-2.912214994,7.114773273,-1.099232554
2025-06-23,23:43:50.792,-2.684527874,7.273785591,-0.934989035
2025-06-23,23:43:50.792,1.595173836,8.355717659,-0.128655002
2025-06-23,23:43:50.792,1.603354216,8.399482727,0.036729533
2025-06-23,23:43:50.792,-0.65443033,3.428339243,-0.019268783
2025-06-23,23:43:50.792,-0.552175581,3.489096403,0.099626899
2025-06-23,23:43:50.792,-0.558992565,3.531033754,0.134946674
2025-06-23,23:43:50.792,-0.565809548,3.5752635,-0.101504333
2025-06-23,23:43:50.792,-0.572626531,3.559421301,-0.658370554
2025-06-23,23:43:50.792,-0.579443514,3.574797869,-0.798487186
2025-06-23,23:43:50.792,-1.786049485,5.423669815,-0.243222177
2025-06-23,23:43:50.792,-2.912214994,7.184307575,-0.462643743
2025-06-23,23:43:50.792,-2.928575754,7.237533569,-0.174339592
2025-06-23,23:43:50.792,1.595173836,8.346199989,0.418949187
2025-06-23,23:43:50.792,1.603354216,8.380836487,0.560580134
2025-06-23,23:43:50.792,-0.020450948,0.038465131,0.002377991
2025-06-23,23:43:50.792,-0.040901896,0.077077083,-8.94E-05
2025-06-23,23:43:50.792,-0.545358598,3.417415857,-0.453886747
2025-06-23,23:43:50.792,-0.552175581,3.473026514,-0.349007338
2025-06-23,23:43:50.792,-0.558992565,3.519497633,-0.315509111
2025-06-23,23:43:50.792,-0.452647656,3.549335957,-0.557025313
2025-06-23,23:43:50.792,-0.458101243,3.465278387,-1.101280928
2025-06-23,23:43:50.792,-1.828314781,6.226622105,0.381062657
2025-06-23,23:43:50.792,-2.912214994,6.997639656,-1.691552758
2025-06-23,23:43:50.792,1.861036181,8.274139404,-0.674027622
2025-06-23,23:43:50.792,1.603354216,8.388402939,-0.432842284
2025-06-23,23:43:51.112,-0.65443033,3.417522669,-0.272801518
2025-06-23,23:43:51.112,-0.552175581,3.488156796,-0.128383175
2025-06-23,23:43:51.112,-0.558992565,3.532577515,-0.085479587
2025-06-23,23:43:51.112,-0.565809548,3.565238953,-0.286154151
2025-06-23,23:43:51.112,-0.572626531,3.503881693,-0.908704638
2025-06-23,23:43:51.112,-0.579443514,3.488787651,-1.115850925
2025-06-23,23:43:51.112,-0.744414508,3.537841797,-1.640761375
2025-06-23,23:43:51.112,0.868483603,3.560424566,1.526986718
2025-06-23,23:43:51.112,-0.899841666,4.533571243,-1.291862726
2025-06-23,23:43:51.112,-1.772415519,5.363694191,-0.507784009
2025-06-23,23:43:51.112,-1.607444525,5.45763731,-0.543727934
2025-06-23,23:43:51.112,-2.912214994,7.042077541,-1.495813608
2025-06-23,23:43:51.112,-2.684527874,7.270833015,-0.957677364
2025-06-23,23:43:51.112,1.861036181,8.300448418,-0.135129035
2025-06-23,23:43:51.112,1.603354216,8.399544716,0.01758052
2025-06-23,23:43:51.112,-0.65443033,3.427890062,-0.058747444
2025-06-23,23:43:51.112,-0.552175581,3.48914814,0.097795837
2025-06-23,23:43:51.112,-0.558992565,3.530707121,0.143237889
2025-06-23,23:43:51.112,-0.565809548,3.575608253,-0.088529989
2025-06-23,23:43:51.112,-0.572626531,3.547524929,-0.719721019
2025-06-23,23:43:51.112,-3.154899597,7.04227972,-0.873048902
2025-06-23,23:43:51.112,1.595173836,8.347268105,0.397101909
2025-06-23,23:43:51.112,1.603354216,8.386639595,0.465763718
2025-06-23,23:43:51.112,-0.020450948,0.038465731,0.002368318
2025-06-23,23:43:51.112,-0.040901896,0.077077091,-8.54E-05
2025-06-23,23:43:51.112,-0.65443033,3.393998623,-0.484411389
2025-06-23,23:43:51.112,-0.552175581,3.471701145,-0.361954153
2025-06-23,23:43:51.112,-0.558992565,3.520176172,-0.307848364
2025-06-23,23:43:51.112,-0.452647656,3.556949615,-0.506135643
2025-06-23,23:43:51.112,-0.572626531,3.43239522,-1.14960587
2025-06-23,23:43:51.112,1.861036181,8.271226883,-0.708871961
2025-06-23,23:43:51.112,1.603354216,8.381536484,-0.550004423
2025-06-23,23:43:51.427,-0.65443033,3.415023088,-0.302487433
2025-06-23,23:43:51.427,-0.552175581,3.488067627,-0.130782202
2025-06-23,23:43:51.427,-0.558992565,3.532867193,-0.072520703
2025-06-23,23:43:51.427,-0.565809548,3.571284056,-0.196828961
2025-06-23,23:43:51.427,-0.458101243,3.521051407,-0.907288015
2025-06-23,23:43:51.427,-0.579443514,3.398582697,-1.366161823
2025-06-23,23:43:51.427,-1.786049485,5.416368008,-0.371895403
2025-06-23,23:43:51.427,-2.669530392,7.21982193,-1.028145671
2025-06-23,23:43:51.427,1.861036181,8.299828529,-0.168947309
2025-06-23,23:43:51.427,1.603354216,8.399453163,-0.043073237
2025-06-23,23:43:51.427,-0.65443033,3.427712202,-0.068338111
2025-06-23,23:43:51.427,-0.66261071,3.470420361,0.075815834
2025-06-23,23:43:51.427,-0.67079109,3.511046648,0.146536231
2025-06-23,23:43:51.427,-0.565809548,3.576703072,0.002702129
2025-06-23,23:43:51.427,-0.572626531,3.566295624,-0.620054126
2025-06-23,23:43:51.427,-1.964654446,5.362308502,0.226059303
2025-06-23,23:43:51.427,-2.669530392,7.252809048,-0.761364102
2025-06-23,23:43:51.427,1.870579958,8.336716652,0.351423383
2025-06-23,23:43:51.427,-0.020450948,0.038466379,0.002357732
2025-06-23,23:43:51.427,-0.040901896,0.077077091,-8.71E-05
2025-06-23,23:43:51.427,-0.65443033,3.38247633,-0.559226573
2025-06-23,23:43:51.427,-0.552175581,3.471567869,-0.363230437
2025-06-23,23:43:51.427,-0.558992565,3.521628618,-0.290759236
2025-06-23,23:43:51.427,-0.565809548,3.551177502,-0.426556349
2025-06-23,23:43:51.427,-0.458101243,3.422356129,-1.228191257
2025-06-23,23:43:51.427,1.603354216,8.380279541,-0.568842113
2025-06-23,23:43:51.760,-0.65443033,3.41432333,-0.310285598
2025-06-23,23:43:51.760,-0.552175581,3.487645626,-0.141591847
2025-06-23,23:43:51.760,-0.558992565,3.53285861,-0.072932653
2025-06-23,23:43:51.760,-0.565809548,3.576266527,-0.05595284
2025-06-23,23:43:51.760,-0.572626531,3.510612249,-0.882344961
2025-06-23,23:43:51.760,1.595173836,8.350930214,-0.310706586
2025-06-23,23:43:51.760,1.603354216,8.398907661,-0.104952537
2025-06-23,23:43:51.760,-0.65443033,3.427658558,-0.070983939
2025-06-23,23:43:51.760,-0.552175581,3.489563942,0.08162491
2025-06-23,23:43:51.760,-0.67079109,3.511501789,0.135188788
2025-06-23,23:43:51.760,-0.565809548,3.57186532,0.185983941
2025-06-23,23:43:51.760,-0.572626531,3.550938606,-0.702684999
2025-06-23,23:43:51.760,-0.695332229,3.350244284,-1.429997683
2025-06-23,23:43:51.760,-2.410485029,5.421762943,-0.022237068
2025-06-23,23:43:51.760,1.595173836,8.354761124,0.180414602
2025-06-23,23:43:51.760,1.603354216,8.390773773,0.384162575
2025-06-23,23:43:51.760,-0.020450948,0.03846471,0.002384785
2025-06-23,23:43:51.760,-0.040901896,0.077077113,-6.00E-05
2025-06-23,23:43:51.760,-0.65443033,3.380087614,-0.573488414
2025-06-23,23:43:52.082,-0.65443033,3.421740055,-0.213488057
2025-06-23,23:43:52.082,-0.552175581,3.486849785,-0.159991309
2025-06-23,23:43:52.082,-0.558992565,3.531206369,-0.130350679
2025-06-23,23:43:52.082,-0.452647656,3.588549376,-0.174285531
2025-06-23,23:43:52.082,-0.458101243,3.524859667,-0.892378449
2025-06-23,23:43:52.082,-2.410485029,5.400250435,-0.483012408
2025-06-23,23:43:52.082,-2.614994526,5.354457378,-0.466563582
2025-06-23,23:43:52.082,1.595173836,8.348807335,-0.363299578
2025-06-23,23:43:52.082,1.603354216,8.398069382,-0.158438131
2025-06-23,23:43:52.082,-0.65443033,3.428257227,0.030549744
2025-06-23,23:43:52.082,-0.552175581,3.489931107,0.064029247
2025-06-23,23:43:52.082,-0.44719407,3.547724962,0.112014621
2025-06-23,23:43:52.082,-0.565809548,3.576421022,0.045002073
2025-06-23,23:43:52.082,-0.458101243,3.580029488,-0.635896027
2025-06-23,23:43:52.082,-2.410485029,5.420334339,-0.126428738
2025-06-23,23:43:52.082,-2.614994526,5.371991634,-0.172043785
2025-06-23,23:43:52.082,1.595173836,8.354781151,0.179469779
2025-06-23,23:43:52.082,1.603354216,8.39054966,0.389019489
2025-06-23,23:43:52.082,-0.552175581,3.477543831,0.300679028
2025-06-23,23:43:52.082,-0.558992565,3.519969463,0.310201138
2025-06-23,23:43:52.082,-0.020450948,0.038465757,0.002367866
2025-06-23,23:43:52.082,-0.040901896,0.077077083,-8.93E-05
2025-06-23,23:43:52.082,-0.545358598,3.423951626,-0.401622891
2025-06-23,23:43:52.082,-0.552175581,3.468585968,-0.390681267
2025-06-23,23:43:52.082,-0.44719407,3.532190323,-0.350044549
2025-06-23,23:43:52.082,-0.565809548,3.550182343,-0.434762001
2025-06-23,23:43:52.082,-0.458101243,3.448014021,-1.154198647
2025-06-23,23:43:52.082,1.861036181,8.24037075,-1.005974293
2025-06-23,23:43:52.082,1.870579958,8.311459541,-0.737559199
2025-06-23,23:43:52.407,-0.545358598,3.442907095,-0.176451236
2025-06-23,23:43:52.407,-0.552175581,3.483279943,-0.224678189
2025-06-23,23:43:52.407,-0.558992565,3.52866292,-0.186941206
2025-06-23,23:43:52.407,-0.452647656,3.592552423,-0.040375758
2025-06-23,23:43:52.407,-0.572626531,3.556750298,-0.672650337
2025-06-23,23:43:52.407,-0.695332229,3.533337355,-0.885752201
2025-06-23,23:43:52.407,-2.614994526,5.359657288,-0.402452707
2025-06-23,23:43:52.407,1.861036181,8.287324905,-0.485743254
2025-06-23,23:43:52.407,1.870579958,8.334873199,-0.392719656
2025-06-23,23:43:52.407,-0.545358598,3.44685173,0.062909245
2025-06-23,23:43:52.407,-0.552175581,3.490518332,-0.000941506
2025-06-23,23:43:52.407,-0.44719407,3.548753262,0.072463408
2025-06-23,23:43:52.407,-0.452647656,3.587253571,0.199186012
2025-06-23,23:43:52.407,-0.687151849,3.582420111,-0.35343951
2025-06-23,23:43:52.407,-0.695332229,3.573009729,-0.708964944
2025-06-23,23:43:52.407,-2.614994526,5.374726772,0.014348448
2025-06-23,23:43:52.407,-2.669530392,7.292400837,-0.061712362
2025-06-23,23:43:52.407,1.595173836,8.356100082,0.100884169
2025-06-23,23:43:52.407,1.603354216,8.396989822,0.207896978
2025-06-23,23:43:52.407,-0.552175581,3.481398106,0.252165258
2025-06-23,23:43:52.407,-0.558992565,3.519633293,0.313993603
2025-06-23,23:43:52.407,-0.565809548,3.54726553,0.457951903
2025-06-23,23:43:52.407,1.603354216,8.38422966,0.507301867
2025-06-23,23:43:52.407,-0.020450948,0.038465329,0.002374791
2025-06-23,23:43:52.407,-0.040901896,0.077077091,-8.41E-05
2025-06-23,23:43:52.407,-0.552175581,3.466345549,-0.410083145
2025-06-23,23:43:52.407,-0.44719407,3.527302027,-0.396283299
2025-06-23,23:43:52.407,-0.452647656,3.577600479,-0.329905242
2025-06-23,23:43:52.754,-0.552175581,3.469096661,-0.386118472
2025-06-23,23:43:52.754,-0.44719407,3.542888403,-0.216429427
2025-06-23,23:43:52.754,-0.452647656,3.592763186,-0.010764738
2025-06-23,23:43:52.754,-0.458101243,3.634328127,-0.112403221
2025-06-23,23:43:52.754,-0.579443514,3.543148994,-0.928900659
2025-06-23,23:43:52.754,-2.428209305,5.436963081,-0.518960178
2025-06-23,23:43:52.754,-2.184161186,7.355475426,-1.198217154
2025-06-23,23:43:52.754,-2.684527874,7.263669968,-1.01057303
2025-06-23,23:43:52.754,1.870579958,8.321058273,-0.619952142
2025-06-23,23:43:52.754,-0.545358598,3.422693968,-0.412203491
2025-06-23,23:43:52.754,-0.441740483,3.503804684,-0.129754722
2025-06-23,23:43:52.754,-0.558992565,3.533587217,-0.01306308
2025-06-23,23:43:52.754,-0.452647656,3.587660074,0.191725492
2025-06-23,23:43:52.754,-0.458101243,3.63579464,-0.044411633
2025-06-23,23:43:52.754,-0.579443514,3.550267696,-0.901310861
2025-06-23,23:43:52.754,-0.839852273,3.423878431,-1.520565152
2025-06-23,23:43:52.754,-0.728053749,3.701392889,-0.920301735
2025-06-23,23:43:52.754,-2.410485029,5.41961956,-0.154041946
2025-06-23,23:43:52.754,-2.428209305,5.459387779,-0.158036277
2025-06-23,23:43:52.754,-2.426845789,7.372301102,-0.262498796
2025-06-23,23:43:52.754,-2.684527874,7.317477226,-0.486499876
2025-06-23,23:43:52.754,1.861036181,8.300032616,-0.158632606
2025-06-23,23:43:52.754,1.870579958,8.343869209,-0.064786799
2025-06-23,23:43:52.754,-0.552175581,3.488879442,0.106956832
2025-06-23,23:43:52.754,-0.558992565,3.526636839,0.22190778
2025-06-23,23:43:52.754,-0.452647656,3.568730593,0.414999455
2025-06-23,23:43:52.754,-0.572626531,3.618837833,-0.083331056
2025-06-23,23:43:52.754,-0.695332229,3.541952848,-0.850646257
2025-06-23,23:43:52.754,-2.614994526,5.370409489,0.215862185
2025-06-23,23:43:52.754,1.595173836,8.342504501,0.48702684
2025-06-23,23:43:52.754,1.603354216,8.379109383,0.585818052
2025-06-23,23:43:52.754,1.611534595,8.415296555,0.676175117
2025-06-23,23:43:52.754,-0.020450948,0.038464185,0.00239326
2025-06-23,23:43:52.754,-0.040901896,0.077077098,-7.46E-05
2025-06-23,23:43:52.754,-0.44719407,3.528689861,-0.383728981
2025-06-23,23:43:57.917,-0.441740483,3.485028744,-0.38478291
2025-06-23,23:43:57.917,-0.44719407,3.517376184,-0.476407766
2025-06-23,23:43:57.917,-0.339485735,3.54744935,-0.642888844
2025-06-23,23:43:57.917,-0.458101243,3.519938231,-0.91159749
2025-06-23,23:43:57.917,-0.463554829,3.549721956,-0.968043447
2025-06-23,23:43:57.917,1.595173955,3.43654418,1.031324863
2025-06-23,23:43:57.917,-2.241423845,5.520422935,-0.476487905
2025-06-23,23:43:57.917,-2.445933342,5.479794502,-0.488671631
2025-06-23,23:43:57.917,2.1378057,8.233589172,-0.872470438
2025-06-23,23:43:57.917,-0.441740483,3.503894806,-0.127295449
2025-06-23,23:43:57.917,-0.44719407,3.541577816,-0.236908838
2025-06-23,23:43:57.917,-0.452647656,3.570466518,-0.399788648
2025-06-23,23:43:57.917,-0.458101243,3.576764345,-0.654012918
2025-06-23,23:43:57.917,-0.579443514,3.5835042,-0.758458734
2025-06-23,23:43:57.917,-0.469008416,3.674615622,-0.596020639
2025-06-23,23:43:57.917,1.595173955,3.198633909,1.625487089
2025-06-23,23:43:57.917,-0.908022046,4.396594048,-1.816044092
2025-06-23,23:43:57.917,-2.428209305,5.45927763,-0.161784276
2025-06-23,23:43:57.917,-2.445933342,5.499876022,-0.135329351
2025-06-23,23:43:57.917,1.870579958,8.33831501,-0.311208874
2025-06-23,23:43:57.917,1.880123734,8.38196373,-0.281592399
2025-06-23,23:43:57.917,-0.441740483,3.503994465,0.124522783
2025-06-23,23:43:57.917,-0.44719407,3.549491405,-0.003321635
2025-06-23,23:43:57.917,-0.452647656,3.588969707,-0.165407911
2025-06-23,23:43:57.917,-0.572626531,3.59318614,-0.438113898
2025-06-23,23:43:57.917,-0.579443514,3.613949776,-0.596765876
2025-06-23,23:43:57.917,-2.428209305,5.457911968,0.202691942
2025-06-23,23:43:57.917,1.870579958,8.343064308,0.132726029
2025-06-23,23:43:57.917,1.880123734,8.38512516,0.162144259
2025-06-23,23:43:57.917,-0.020450948,0.038465116,0.002378256
2025-06-23,23:43:57.917,-0.040901896,0.077077076,-9.49E-05
2025-06-23,23:43:57.942,-0.331305355,3.503539801,-0.322589576
2025-06-23,23:43:57.942,-0.335395545,3.533542633,-0.447738081
2025-06-23,23:43:57.942,-0.339485735,3.581425428,-0.413636416
2025-06-23,23:43:57.942,-0.343575925,3.630694866,-0.361719459
2025-06-23,23:43:57.942,-0.463554829,3.642769098,-0.51755929
2025-06-23,23:43:57.946,-0.020450948,0.038465843,0.00236649
2025-06-23,23:43:57.946,-0.040901896,0.077077068,-9.82E-05
2025-06-23,23:43:57.946,-0.020450948,0.03846579,0.002367307
2025-06-23,23:43:57.946,-0.040901896,0.077077053,-0.000112467
2025-06-23,23:43:57.947,-0.020450948,0.038465492,0.002372144
2025-06-23,23:43:57.947,-0.040901896,0.077077083,-9.26E-05
2025-06-23,23:43:57.947,-0.020450948,0.038465876,0.002365908
2025-06-23,23:43:57.947,-0.040901896,0.077077076,-9.50E-05
2025-06-23,23:43:57.947,-0.020450948,0.038466465,0.002356353
2025-06-23,23:43:57.947,-0.040901896,0.077077053,-0.00011174
2025-06-23,23:43:57.948,-0.020450948,0.038465492,0.002372144
2025-06-23,23:43:57.948,-0.040901896,0.077077068,-0.00010441
2025-06-23,23:43:57.949,-0.020450948,0.038465202,0.002376884
2025-06-23,23:43:57.949,-0.040901896,0.077077083,-8.96E-05
2025-06-23,23:43:57.949,-0.020450948,0.03846591,0.002365354
2025-06-23,23:43:57.949,-0.040901896,0.077077083,-9.19E-05
2025-06-23,23:43:57.950,-0.020450948,0.038465947,0.0023648
2025-06-23,23:43:57.950,-0.040901896,0.077077053,-0.000112575
2025-06-23,23:43:57.950,-0.020450948,0.0384649,0.002381722
2025-06-23,23:43:57.950,-0.040901896,0.077077068,-9.92E-05
2025-06-23,23:43:57.951,-0.020450948,0.038464859,0.002382416
2025-06-23,23:43:57.951,-0.040901896,0.077077076,-9.52E-05
2025-06-23,23:43:57.951,-0.020450948,0.038465995,0.002363978
2025-06-23,23:43:57.951,-0.040901896,0.077077039,-0.000120233
2025-06-23,23:43:57.951,-0.020450948,0.038466658,0.002353164
2025-06-23,23:43:57.951,-0.040901896,0.077077039,-0.00012105
2025-06-23,23:43:58.055,-0.020450948,0.038465533,0.002371466
2025-06-23,23:43:58.055,-0.040901896,0.077077068,-9.83E-05
2025-06-23,23:43:58.418,-0.020450948,0.038465485,0.002372288
2025-06-23,23:43:58.418,-0.040901896,0.077077068,-0.000103021
2025-06-23,23:43:58.750,-0.020450948,0.038465861,0.002366174
2025-06-23,23:43:58.750,-0.040901896,0.077077061,-0.000106128
2025-06-23,23:43:59.096,-0.020450948,0.038466584,0.002354401
2025-06-23,23:43:59.096,-0.040901896,0.077077053,-0.000112575
2025-06-23,23:43:59.444,-0.020450948,0.038466081,0.002362595
2025-06-23,23:43:59.444,-0.040901896,0.077077031,-0.000125261
2025-06-23,23:43:59.773,-0.020450948,0.038465697,0.00236882
2025-06-23,23:43:59.773,-0.040901896,0.077077068,-0.000103124
2025-06-23,23:44:00.125,-0.020450948,0.038465876,0.002365927
2025-06-23,23:44:00.125,-0.040901896,0.077077061,-0.00010785
2025-06-23,23:44:00.470,-0.584897101,1.274185658,-0.327439874
2025-06-23,23:44:00.470,-0.020450948,0.038466942,0.00234852
2025-06-23,23:44:00.470,-0.040901896,0.077077068,-9.83E-05
2025-06-23,23:44:00.858,-0.020450948,0.038466278,0.00235936
2025-06-23,23:44:00.858,-0.040901896,0.077077083,-8.96E-05
2025-06-23,23:44:01.137,-0.020450948,0.038466159,0.002361318
2025-06-23,23:44:01.137,-0.040901896,0.077077113,-5.96E-05
2025-06-23,23:44:01.510,-0.020450948,0.038468309,0.002326054
2025-06-23,23:44:01.510,-0.040901896,0.077077046,-0.000116509
2025-06-23,23:44:01.759,-0.020450948,0.038465947,0.002364783
2025-06-23,23:44:01.759,-0.040901896,0.077077106,-7.25E-05
2025-06-23,23:44:02.124,-0.020450948,0.038466107,0.002362131
2025-06-23,23:44:02.124,-0.040901896,0.077077091,-8.11E-05
2025-06-23,23:44:02.469,-0.020450948,0.038466446,0.002356604
2025-06-23,23:44:02.469,-0.040901896,0.077077061,-0.000105401
2025-06-23,23:44:02.820,-0.020450948,0.038465399,0.002373684
2025-06-23,23:44:02.820,-0.040901896,0.077077106,-6.41E-05
2025-06-23,23:44:03.152,-0.020450948,0.038465519,0.002371716
2025-06-23,23:44:03.152,-0.040901896,0.077077121,-5.35E-05
2025-06-23,23:44:03.534,-0.020450948,0.038467914,0.002332515
2025-06-23,23:44:03.534,-0.040901896,0.077076942,-0.000172484
2025-06-23,23:44:03.775,-0.020450948,0.038468849,0.002317112
2025-06-23,23:44:03.775,-0.040901896,0.077076882,-0.000198089
2025-06-23,23:44:04.138,-0.081803791,0.20118022,-0.020523695
2025-06-23,23:44:04.138,-0.088620774,0.197827667,-0.02443639
2025-06-23,23:44:04.138,-0.020450948,0.038469139,0.002312236
2025-06-23,23:44:04.138,-0.040901896,0.077076823,-0.000220218
2025-06-23,23:44:04.493,0.009543776,0.293221593,-0.084850878
2025-06-23,23:44:04.493,-0.020450948,0.038469106,0.002312836
2025-06-23,23:44:04.493,-0.040901896,0.077076957,-0.000165492
2025-06-23,23:44:04.837,-0.020450948,0.038468406,0.002324431
2025-06-23,23:44:04.837,-0.040901896,0.077076845,-0.000210115
