Date,Time,X,Y,Z
2025-07-15,03:02:21.3,-0.038175102323293686,0.07281894981861115,0.02922176942229271
2025-07-15,03:02:21.3,-3.762974500656128,3.639055013656616,0.0846235379576683
2025-07-15,03:02:21.3,-4.037017345428467,4.622748374938965,-0.41884034872055054
2025-07-15,03:02:21.3,-5.317246437072754,6.57746696472168,-0.9181369543075562
2025-07-15,03:02:21.3,-2.9422097206115723,2.1096572875976562,-0.07550746947526932
2025-07-15,03:02:21.3,2.3245911598205566,0.575616180896759,0.15137870609760284
2025-07-15,03:02:21.3,1.8037736415863037,1.8970600366592407,0.8380967378616333
2025-07-15,03:02:21.6,-0.038175102323293686,0.07281038165092468,0.029243113473057747
2025-07-15,03:02:21.6,-3.8611388206481934,3.383993625640869,0.379479318857193
2025-07-15,03:02:21.6,-4.39013671875,4.208515167236328,0.5683014392852783
2025-07-15,03:02:21.6,-5.4972147941589355,6.318387985229492,-0.16686893999576569
2025-07-15,03:02:21.6,-4.973670482635498,6.73593282699585,-0.24299480020999908
2025-07-15,03:02:21.6,-2.981748342514038,1.8903567790985107,0.15603198111057281
2025-07-15,03:02:21.6,1.14525306224823,3.464043617248535,0.3458751142024994
2025-07-15,03:02:21.6,-0.2385943979024887,0.5280580520629883,-1.412787675857544
2025-07-15,03:02:21.6,1.595173954963684,5.326394081115723,1.1195824146270752
2025-07-15,03:02:21.6,1.599264144897461,1.5280816555023193,-0.24130158126354218
2025-07-15,03:02:21.6,1.6060811281204224,2.0854032039642334,0.6233028173446655
2025-07-15,03:02:21.9,-0.038175102323293686,0.07281938940286636,0.029220687225461006
2025-07-15,03:02:21.9,-4.296062469482422,4.085268020629883,0.7619205713272095
2025-07-15,03:02:21.9,-4.559197902679443,4.796353816986084,0.4316297173500061
2025-07-15,03:02:21.9,-5.208174705505371,6.488074779510498,-0.46905040740966797
2025-07-15,03:02:21.9,-3.762974262237549,3.2949776649475098,0.39552149176597595
2025-07-15,03:02:21.9,-3.893860340118408,3.400092601776123,0.48182210326194763
2025-07-15,03:02:21.9,1.5829033851623535,5.341250896453857,0.8006110191345215
2025-07-15,03:02:21.9,1.6060811281204224,2.0957272052764893,0.5876575112342834
2025-07-15,03:02:22.2,-0.038175102323293686,0.072798952460289,0.029271552339196205
2025-07-15,03:02:22.2,-5.926684379577637,5.7330217361450195,-0.021179256960749626
2025-07-15,03:02:22.2,-3.8856799602508545,3.104323387145996,0.045449934899806976
2025-07-15,03:02:22.2,-4.417404651641846,3.8884971141815186,0.2381848394870758
2025-07-15,03:02:22.2,-5.431771755218506,4.686222076416016,0.9934734106063843
2025-07-15,03:02:22.2,1.0961707830429077,2.7024972438812256,0.19890153408050537
2025-07-15,03:02:22.2,0.8957515358924866,2.9769608974456787,0.6920149922370911
2025-07-15,03:02:22.2,1.7178796529769897,1.8777660131454468,0.6126571893692017
2025-07-15,03:02:22.5,-0.038175102323293686,0.07281605154275894,0.029228998348116875
2025-07-15,03:02:22.5,-5.863968372344971,5.625143527984619,0.7306268215179443
2025-07-15,03:02:22.5,-3.9347622394561768,2.821505069732666,0.09651383012533188
2025-07-15,03:02:22.5,-4.351961612701416,3.7771451473236084,-0.681142270565033
2025-07-15,03:02:22.5,-4.8755059242248535,4.154551982879639,1.1081103086471558
2025-07-15,03:02:22.5,0.8725737929344177,3.2650628089904785,0.8718600869178772
2025-07-15,03:02:22.5,0.05180906876921654,0.9631048440933228,1.3484601974487305
2025-07-15,03:02:22.9,-0.038175102323293686,0.07282771170139313,0.029199926182627678
2025-07-15,03:02:22.9,-5.8012518882751465,5.6028852462768555,0.3148832619190216
2025-07-15,03:02:22.9,-4.049287796020508,2.5749335289001465,-0.06985274702310562
2025-07-15,03:02:22.9,-4.499208450317383,3.5575520992279053,-0.5166029930114746
2025-07-15,03:02:22.9,-4.810062885284424,4.159628391265869,0.8322908282279968
2025-07-15,03:02:22.9,0.8616666197776794,3.2656922340393066,0.6872368454933167
2025-07-15,03:02:23.2,-0.038175102323293686,0.07281932234764099,0.02922084368765354
2025-07-15,03:02:23.2,-5.738536357879639,5.512136936187744,0.6562036871910095
2025-07-15,03:02:23.2,-3.7152554988861084,2.9074349403381348,-0.5989454984664917
2025-07-15,03:02:23.2,-4.431038856506348,3.537564754486084,0.14159229397773743
2025-07-15,03:02:23.2,-4.744619846343994,3.9186856746673584,1.4672361612319946
2025-07-15,03:02:23.2,-5.017299175262451,4.799294948577881,0.722577691078186
2025-07-15,03:02:23.2,-0.441740483045578,0.7922287583351135,1.2822349071502686
2025-07-15,03:02:23.2,-0.0463554821908474,0.48181867599487305,1.4021785259246826
2025-07-15,03:02:23.5,-0.038175102323293686,0.07280808687210083,0.029248835518956184
2025-07-15,03:02:23.5,-4.484211444854736,4.330130100250244,0.2563677430152893
2025-07-15,03:02:23.5,-5.169999599456787,4.559397220611572,-0.03226516395807266
2025-07-15,03:02:23.5,-6.203454494476318,4.931379795074463,-0.49894189834594727
2025-07-15,03:02:23.5,-4.221075534820557,3.7106001377105713,0.29914596676826477
2025-07-15,03:02:23.5,-0.10907172411680222,0.1486477553844452,1.735381007194519
2025-07-15,03:02:23.5,0.648976743221283,1.3307230472564697,-0.09169532358646393
2025-07-15,03:02:23.5,1.608807921409607,1.9809269905090332,0.3370724618434906
2025-07-15,03:02:23.5,1.5542720556259155,1.7558495998382568,0.8279975652694702
2025-07-15,03:02:23.9,-0.038175102323293686,0.07281636446714401,0.029228217899799347
2025-07-15,03:02:23.9,-5.613103866577148,5.396230697631836,-0.6021657586097717
2025-07-15,03:02:23.9,-3.8652291297912598,2.4496161937713623,-0.21226876974105835
2025-07-15,03:02:23.9,-4.466486930847168,3.177375078201294,-0.41731634736061096
2025-07-15,03:02:23.9,-4.122910976409912,3.630329132080078,-0.20417514443397522
2025-07-15,03:02:23.9,-4.840057849884033,3.8511855602264404,0.3516094982624054
2025-07-15,03:02:23.9,-5.137278079986572,4.515870571136475,0.36569854617118835
2025-07-15,03:02:23.9,2.220973014831543,7.5313615798950195,0.8397669792175293
2025-07-15,03:02:23.9,-0.14315663278102875,0.4402753710746765,1.455130696296692
2025-07-15,03:02:23.9,1.6892483234405518,1.9359915256500244,0.15597908198833466
2025-07-15,03:02:24.2,-0.038175102323293686,0.07277852296829224,0.029322315007448196
2025-07-15,03:02:24.2,-0.7035126090049744,1.1021268367767334,-1.3453210592269897
2025-07-15,03:02:24.2,-6.238902568817139,4.472370147705078,0.18883641064167023
2025-07-15,03:02:24.2,-0.6217088103294373,1.0500088930130005,-1.1223009824752808
2025-07-15,03:02:24.2,0.13497625291347504,0.7808859348297119,-1.2020272016525269
2025-07-15,03:02:24.2,-4.649182319641113,1.0704399347305298,0.52072674036026
2025-07-15,03:02:24.2,-0.08180379122495651,0.11714731156826019,-1.301038384437561
2025-07-15,03:02:24.5,-0.038175102323293686,0.07276643067598343,0.02935231290757656
2025-07-15,03:02:24.5,-0.2863132655620575,0.4079589247703552,1.4433765411376953
2025-07-15,03:02:24.5,0.2385943979024887,1.2034754753112793,-0.9090990424156189
2025-07-15,03:02:24.5,2.3314080238342285,3.383708953857422,0.5420318841934204
2025-07-15,03:02:24.5,-6.405237197875977,3.8347160816192627,1.377360463142395
2025-07-15,03:02:24.9,-0.038175102323293686,0.07275242358446121,0.029387013986706734
2025-07-15,03:02:24.9,-6.1325578689575195,4.37614107131958,0.4580993056297302
2025-07-15,03:02:24.9,0.0927109643816948,0.7196898460388184,-1.2937750816345215
2025-07-15,03:02:24.9,0.648976743221283,1.321595311164856,-0.1806040108203888
2025-07-15,03:02:24.9,-5.68536376953125,2.1055803298950195,0.1413135677576065
2025-07-15,03:02:24.9,0.0,0.5188511610031128,-1.343005657196045
2025-07-15,03:02:24.9,0.4949129521846771,1.3490124940872192,-0.08998417109251022
2025-07-15,03:02:24.9,-4.5646514892578125,0.9763841032981873,0.6423534750938416
2025-07-15,03:02:25.2,-0.038175102323293686,0.07274279743432999,0.0294108334928751
2025-07-15,03:02:25.2,-6.294801712036133,3.99424409866333,0.28396692872047424
2025-07-15,03:02:25.2,-5.832610607147217,1.4841128587722778,0.1661301851272583
2025-07-15,03:02:25.2,-0.09543775767087936,0.4793589115142822,1.446668028831482
2025-07-15,03:02:25.2,0.17996834218502045,0.8731555342674255,-1.130522608757019
2025-07-15,03:02:25.5,-0.038175102323293686,0.07274429500102997,0.029407130554318428
2025-07-15,03:02:25.5,-6.026212692260742,4.302739143371582,0.4257507622241974
2025-07-15,03:02:25.5,-5.603559970855713,2.0704023838043213,-0.19909356534481049
2025-07-15,03:02:25.5,-4.335600852966309,1.5621912479400635,0.3865606486797333
2025-07-15,03:02:25.9,-0.038175102323293686,0.07274578511714935,0.0294034481048584
2025-07-15,03:02:25.9,-6.953321933746338,5.553767204284668,0.1465538740158081
2025-07-15,03:02:25.9,-6.451592445373535,3.554807186126709,0.3241840898990631
2025-07-15,03:02:25.9,-0.2863132655620575,1.2133749723434448,0.8817524909973145
2025-07-15,03:02:25.9,0.14315663278102875,0.24921293556690216,1.4997135400772095
2025-07-15,03:02:26.2,-0.038175102323293686,0.07274492084980011,0.029405580833554268
2025-07-15,03:02:26.2,-0.36266347765922546,0.13089853525161743,1.6124331951141357
2025-07-15,03:02:26.2,-6.413417339324951,3.5387048721313477,0.26262566447257996
2025-07-15,03:02:26.2,-7.196006774902344,5.162797451019287,-0.052846603095531464
2025-07-15,03:02:26.2,0.1472468227148056,0.49976199865341187,-1.4817030429840088
2025-07-15,03:02:26.2,2.405031442642212,2.7134764194488525,0.5326363444328308
2025-07-15,03:02:26.2,2.1841611862182617,3.0159711837768555,1.1003111600875854
2025-07-15,03:02:26.2,-5.663549423217773,1.3900126218795776,0.4130955934524536
2025-07-15,03:02:26.2,-0.4499208629131317,0.9594242572784424,0.9746522903442383
2025-07-15,03:02:26.2,-0.3599366843700409,0.9542037844657898,1.0162733793258667
2025-07-15,03:02:26.5,-0.038175102323293686,0.07273928821086884,0.029419519007205963
2025-07-15,03:02:26.5,-0.10907172411680222,0.7981630563735962,-1.5480889081954956
2025-07-15,03:02:26.5,-0.8725737929344177,0.8978540301322937,-1.215735673904419
2025-07-15,03:02:26.5,-6.563391208648682,3.039699077606201,0.3659735321998596
2025-07-15,03:02:26.5,-7.160558223724365,5.1320414543151855,-0.2396523803472519
2025-07-15,03:02:26.5,0.620345413684845,1.3952888250350952,-0.009072485379874706
2025-07-15,03:02:26.5,-5.621284008026123,1.4351202249526978,0.1092974990606308
2025-07-15,03:02:26.9,-0.038175102323293686,0.0727032795548439,0.029508383944630623
2025-07-15,03:02:26.9,-6.135284423828125,1.9264335632324219,1.2145144939422607
2025-07-15,03:02:26.9,-3.0676422119140625,2.232400417327881,5.33234167098999
2025-07-15,03:02:26.9,-8.303084373474121,3.0621087551116943,-0.3493741750717163
2025-07-15,03:02:27.2,-0.038175102323293686,0.07269202172756195,0.029536115005612373
2025-07-15,03:02:27.2,-7.734548568725586,1.9403784275054932,0.3959156572818756
2025-07-15,03:02:27.2,3.693441152572632,4.1732096672058105,0.7863419651985168
2025-07-15,03:02:27.2,-8.303084373474121,3.080911874771118,0.08096656203269958
2025-07-15,03:02:27.5,-0.038175102323293686,0.07269221544265747,0.029535625129938126
2025-07-15,03:02:27.5,-6.339794158935547,1.0886046886444092,1.204100489616394
2025-07-15,03:02:27.5,-7.485047340393066,2.7759616374969482,0.11473432928323746
2025-07-15,03:02:27.9,-0.038175102323293686,0.07269637286663055,0.029525401070713997
2025-07-15,03:02:27.9,-6.339794158935547,1.6224726438522339,-0.050007086247205734
2025-07-15,03:02:27.9,-6.736542224884033,4.052063941955566,1.3945739269256592
2025-07-15,03:02:27.9,-8.026314735412598,3.676743268966675,0.7068315148353577
2025-07-15,03:02:27.9,-4.908227443695068,1.820385456085205,0.07320600748062134
2025-07-15,03:02:28.2,-0.038175102323293686,0.07268999516963959,0.02954108640551567
2025-07-15,03:02:28.2,-4.784158229827881,2.220128059387207,0.22683635354042053
2025-07-15,03:02:28.2,-6.339794158935547,1.5836083889007568,0.3565146327018738
2025-07-15,03:02:28.2,-7.485047340393066,2.7653355598449707,0.2684142589569092
2025-07-15,03:02:28.2,-7.472776412963867,4.7493367195129395,0.20296330749988556
2025-07-15,03:02:28.5,-0.038175102323293686,0.07269832491874695,0.029520584270358086
2025-07-15,03:02:28.5,-4.949129581451416,1.8369240760803223,-0.020487958565354347
2025-07-15,03:02:28.5,-2.639535665512085,1.2705780267715454,4.391705513000488
2025-07-15,03:02:28.5,-6.339794158935547,1.5964113473892212,0.29391998052597046
2025-07-15,03:02:28.5,-6.736542224884033,4.154090881347656,1.0524210929870605
2025-07-15,03:02:28.5,-7.435964584350586,4.698392868041992,0.5480995774269104
2025-07-15,03:02:28.9,-0.038175102323293686,0.07269266247749329,0.029534533619880676
2025-07-15,03:02:28.9,-4.744619846343994,2.2131197452545166,0.023291287943720818
2025-07-15,03:02:28.9,-6.339794158935547,1.6227976083755493,0.03803034871816635
2025-07-15,03:02:28.9,-6.451592445373535,4.5818095207214355,0.6589920520782471
2025-07-15,03:02:28.9,-7.435964584350586,4.711268424987793,0.42338812351226807
2025-07-15,03:02:29.2,-0.038175102323293686,0.07268409430980682,0.029555607587099075
2025-07-15,03:02:29.2,-6.339794158935547,1.6231200695037842,-0.01998255029320717
2025-07-15,03:02:29.2,-7.196007251739502,3.345991611480713,0.26854342222213745
2025-07-15,03:02:29.2,-7.160558223724365,5.113865852355957,0.4936180114746094
2025-07-15,03:02:29.6,-0.038175102323293686,0.07265643775463104,0.029623541980981827
2025-07-15,03:02:29.6,-7.692283630371094,1.9421333074569702,-0.32739654183387756
2025-07-15,03:02:29.9,-0.038175102323293686,0.07266584038734436,0.02960045076906681
2025-07-15,03:02:29.9,-7.692283630371094,1.958769679069519,-0.20564845204353333
2025-07-15,03:02:29.9,0.08998417109251022,0.4604649245738983,0.10096480697393417
2025-07-15,03:02:30.2,-0.038175102323293686,0.07266542315483093,0.02960149012506008
2025-07-15,03:02:30.2,-7.692283630371094,1.9653739929199219,-0.12796707451343536
2025-07-15,03:02:30.5,-0.038175102323293686,0.07266247272491455,0.029608719050884247
2025-07-15,03:02:30.5,-0.08453058451414108,0.2183389961719513,-1.3320698738098145
2025-07-15,03:02:30.5,-5.891236305236816,2.747908353805542,-0.033237211406230927
2025-07-15,03:02:30.5,-7.692283630371094,1.965218424797058,-0.13033349812030792
2025-07-15,03:02:30.9,-0.038175102323293686,0.07266745716333389,0.029596498236060143
2025-07-15,03:02:30.9,-6.135284423828125,2.105069398880005,0.8688352704048157
2025-07-15,03:02:30.9,-7.692283630371094,1.9682132005691528,-0.07216097414493561
2025-07-15,03:02:30.9,-8.26218318939209,3.059774398803711,0.20732885599136353
2025-07-15,03:02:31.2,-0.038175102323293686,0.07266177237033844,0.029610445722937584
2025-07-15,03:02:31.2,-6.135284423828125,2.204038381576538,0.5730671882629395
2025-07-15,03:02:31.2,-7.692283630371094,1.9533628225326538,-0.2518809139728546
2025-07-15,03:02:31.5,-0.038175102323293686,0.07266338169574738,0.029606493189930916
2025-07-15,03:02:31.5,-6.135284423828125,2.230313539505005,0.4603179693222046
2025-07-15,03:02:31.9,-0.038175102323293686,0.07252415269613266,0.02994592860341072
2025-07-15,03:02:31.9,-7.986776828765869,3.6987156867980957,-0.44696128368377686
2025-07-15,03:02:32.2,-0.038175102323293686,0.0725306048989296,0.029930293560028076
2025-07-15,03:02:32.2,2.233243465423584,2.567626476287842,-0.024176936596632004
2025-07-15,03:02:32.2,-5.930775165557861,2.7447574138641357,0.3465811014175415
2025-07-15,03:02:32.2,-7.734548568725586,1.877447247505188,0.6300870180130005
2025-07-15,03:02:32.6,-0.038175102323293686,0.07248193025588989,0.03004799224436283
2025-07-15,03:02:32.9,-0.038175102323293686,0.07247641682624817,0.030061285942792892
2025-07-15,03:02:32.9,2.29050612449646,6.922478199005127,0.7457922101020813
2025-07-15,03:02:32.9,7.8190789222717285,1.9948091506958008,0.1695159524679184
2025-07-15,03:02:32.9,-0.027267931029200554,0.28569403290748596,-0.328605592250824
2025-07-15,03:02:32.9,0.12270569056272507,0.40288951992988586,0.11388415843248367
2025-07-15,03:02:33.2,-0.038175102323293686,0.07248283922672272,0.030045796185731888
2025-07-15,03:02:33.2,-7.776813507080078,1.9895813465118408,0.079727403819561
2025-07-15,03:02:33.5,-0.038175102323293686,0.07248290628194809,0.030045630410313606
2025-07-15,03:02:33.5,1.1370726823806763,5.939741611480713,0.45092472434043884
2025-07-15,03:02:33.9,-0.038175102323293686,0.07247433811426163,0.030066289007663727
2025-07-15,03:02:34.2,-0.038175102323293686,0.07247699052095413,0.03005989082157612
2025-07-15,03:02:34.5,-0.038175102323293686,0.07247576862573624,0.0300628449767828
2025-07-15,03:02:34.5,1.5160969495773315,5.866376876831055,0.25272098183631897
2025-07-15,03:02:34.9,-0.038175102323293686,0.0724719911813736,0.03007194772362709
2025-07-15,03:02:34.9,1.1370726823806763,5.936359405517578,0.49346214532852173
2025-07-15,03:02:35.2,-0.038175102323293686,0.07246469706296921,0.030089516192674637
2025-07-15,03:02:35.2,0.9475606083869934,5.988656044006348,-0.12215301394462585
2025-07-15,03:02:35.2,2.29050612449646,6.946824550628662,0.46747979521751404
2025-07-15,03:02:35.6,-0.038175102323293686,0.07242888957262039,0.030175602063536644
2025-07-15,03:02:35.6,0.9475606083869934,5.975408554077148,-0.41643714904785156
2025-07-15,03:02:35.9,-0.038175102323293686,0.07242888957262039,0.030175602063536644
2025-07-15,03:02:35.9,1.3770304918289185,4.18575382232666,0.021670691668987274
2025-07-15,03:02:35.9,0.7580484747886658,6.016805648803711,-0.014513670466840267
2025-07-15,03:02:35.9,1.1370726823806763,5.955454349517822,-0.12816154956817627
2025-07-15,03:02:36.2,-0.038175102323293686,0.07242888957262039,0.030175602063536644
2025-07-15,03:02:36.2,1.2393274307250977,4.133145332336426,0.8935312032699585
2025-07-15,03:02:36.2,1.1370726823806763,5.95591926574707,-0.1043638065457344
2025-07-15,03:02:36.5,-0.038175102323293686,0.07243261486291885,0.030166666954755783
2025-07-15,03:02:36.9,-0.038175102323293686,0.07243207097053528,0.03016797825694084
2025-07-15,03:02:36.9,0.963921308517456,3.901197671890259,1.807963490486145
2025-07-15,03:02:37.2,-0.038175102323293686,0.07243124395608902,0.030169954523444176
2025-07-15,03:02:37.2,-0.26177212595939636,0.5229584574699402,1.2677284479141235
2025-07-15,03:02:37.5,-0.038175102323293686,0.07241691648960114,0.030204331502318382
2025-07-15,03:02:37.9,-0.038175102323293686,0.07242616266012192,0.03018215484917164
2025-07-15,03:02:37.9,0.5685363411903381,6.028811454772949,0.3271024823188782
2025-07-15,03:02:38.2,-0.038175102323293686,0.07242479920387268,0.030185431241989136
2025-07-15,03:02:38.6,-0.038175102323293686,0.07240068167448044,0.03024323470890522
2025-07-15,03:02:38.6,0.13633964955806732,4.290165901184082,0.7813527584075928
2025-07-15,03:02:38.6,1.5092799663543701,4.916031360626221,1.5336860418319702
2025-07-15,03:02:38.9,-0.038175102323293686,0.07239121198654175,0.030265890061855316
2025-07-15,03:02:38.9,-0.3762974441051483,6.008738994598389,-0.0547323003411293
2025-07-15,03:02:39.2,-0.038175102323293686,0.07240040600299835,0.030243879184126854
2025-07-15,03:02:39.2,0.7253269553184509,3.1984987258911133,0.4877575635910034
2025-07-15,03:02:39.5,-0.038175102323293686,0.07239552587270737,0.030255571007728577
2025-07-15,03:02:39.5,0.27267929911613464,4.2543559074401855,0.927753210067749
2025-07-15,03:02:39.9,-0.038175102323293686,0.07239467650651932,0.03025759942829609
2025-07-15,03:02:39.9,0.2781328856945038,0.33262956142425537,1.4185916185379028
2025-07-15,03:02:40.2,-0.038175102323293686,0.07239630073308945,0.030253710225224495
2025-07-15,03:02:40.5,-0.038175102323293686,0.07239408791065216,0.03025900386273861
2025-07-15,03:02:40.5,0.23177741467952728,0.22273387014865875,-1.4481269121170044
2025-07-15,03:02:40.5,0.1377030462026596,4.344318866729736,0.7246711850166321
2025-07-15,03:02:40.9,-0.038175102323293686,0.07239539176225662,0.030255883932113647
2025-07-15,03:02:40.9,-0.0927109643816948,0.7127968668937683,0.1828276813030243
2025-07-15,03:02:41.2,-0.038175102323293686,0.07238467782735825,0.03028150461614132
2025-07-15,03:02:41.2,0.23177741467952728,0.19499363005161285,-1.452122449874878
2025-07-15,03:02:41.2,0.2754060924053192,4.232429027557373,1.1949540376663208
2025-07-15,03:02:41.6,-0.038175102323293686,0.07236353307962418,0.03033200465142727
2025-07-15,03:02:41.9,-0.038175102323293686,0.07236742973327637,0.030322706326842308
2025-07-15,03:02:42.2,-0.038175102323293686,0.0723688006401062,0.03031942993402481
2025-07-15,03:02:42.2,0.8098574876785278,4.21211576461792,0.5079841613769531
2025-07-15,03:02:42.5,-0.038175102323293686,0.07236627489328384,0.03032546304166317
2025-07-15,03:02:42.9,-0.038175102323293686,0.0723588764667511,0.030343124642968178
2025-07-15,03:02:43.2,-0.038175102323293686,0.07236727327108383,0.030323080718517303
2025-07-15,03:02:43.2,0.9543775916099548,6.01749324798584,0.43220826983451843
2025-07-15,03:02:43.6,-0.038175102323293686,0.07237768918275833,0.030298208817839622
2025-07-15,03:02:43.6,1.14525306224823,5.99810266494751,-0.13794110715389252
2025-07-15,03:02:43.6,1.1043511629104614,6.98024845123291,0.10492940247058868
2025-07-15,03:02:43.6,-5.521756172180176,4.393501281738281,-0.40227529406547546
2025-07-15,03:02:43.9,-0.038175102323293686,0.0723588764667511,0.030343124642968178
2025-07-15,03:02:43.9,0.8180378675460815,4.2187581062316895,0.7533377408981323
2025-07-15,03:02:44.2,-0.038175102323293686,0.07236958295106888,0.030317576602101326
2025-07-15,03:02:44.5,-0.038175102323293686,0.07235211133956909,0.03035924769937992
2025-07-15,03:02:44.9,-0.038175102323293686,0.07232420146465302,0.030425673350691795
2025-07-15,03:02:44.9,7.275083541870117,3.393636703491211,-0.00267282803542912
2025-07-15,03:02:45.2,-0.038175102323293686,0.07232742756605148,0.03041800856590271
2025-07-15,03:02:45.2,-0.014997362159192562,0.4616663157939911,0.13022395968437195
2025-07-15,03:02:45.5,-0.038175102323293686,0.0723220631480217,0.030430760234594345
2025-07-15,03:02:45.5,1.9755616188049316,2.112534761428833,0.8347082734107971
2025-07-15,03:02:45.9,-0.038175102323293686,0.07232258468866348,0.030429523438215256
2025-07-15,03:02:45.9,7.275083541870117,3.370892286300659,-0.3922520875930786
2025-07-15,03:02:46.2,-0.038175102323293686,0.07231511175632477,0.03044726885855198
2025-07-15,03:02:46.2,7.525948524475098,2.7080507278442383,0.6856966614723206
2025-07-15,03:02:46.5,-0.038175102323293686,0.07231300324201584,0.03045228123664856
2025-07-15,03:02:46.5,7.275083541870117,3.3408143520355225,-0.5964367985725403
2025-07-15,03:02:46.9,-0.038175102323293686,0.0723223090171814,0.03043016791343689
2025-07-15,03:02:46.9,7.024218559265137,3.88289475440979,-0.16462916135787964
2025-07-15,03:02:46.9,7.525948524475098,2.7815089225769043,0.2587025761604309
2025-07-15,03:02:47.2,-0.038175102323293686,0.07231739908456802,0.03044183924794197
2025-07-15,03:02:47.2,7.525948524475098,2.7671356201171875,-0.3829876482486725
2025-07-15,03:02:47.2,0.019087551161646843,0.2906733453273773,0.09172964096069336
2025-07-15,03:02:47.5,-0.038175102323293686,0.0723174437880516,0.03044172376394272
2025-07-15,03:02:47.5,2.726793050765991,3.0955147743225098,1.420215368270874
2025-07-15,03:02:47.5,7.024218559265137,3.849414825439453,-0.5347694158554077
2025-07-15,03:02:47.9,-0.038175102323293686,0.07232150435447693,0.03043208085000515
2025-07-15,03:02:47.9,7.275083541870117,3.312727212905884,-0.7366239428520203
2025-07-15,03:02:48.2,-0.038175102323293686,0.07232406735420227,0.030425986275076866
2025-07-15,03:02:48.2,7.275083541870117,3.163205862045288,-1.2291889190673828
2025-07-15,03:02:48.5,-0.038175102323293686,0.07232426106929779,0.03042553924024105
2025-07-15,03:02:48.5,7.275083541870117,3.0302295684814453,-1.5279024839401245
2025-07-15,03:02:48.9,-0.038175102323293686,0.07232479006052017,0.03042428009212017
2025-07-15,03:02:49.2,-0.038175102323293686,0.07232406735420227,0.030425986275076866
2025-07-15,03:02:49.6,-0.038175102323293686,0.0723181962966919,0.030439935624599457
2025-07-15,03:02:49.9,-0.038175102323293686,0.07232101261615753,0.030433256179094315
2025-07-15,03:02:50.2,-0.038175102323293686,0.07231875509023666,0.030438613146543503
2025-07-15,03:02:50.2,-7.776813507080078,1.9719189405441284,0.27627164125442505
2025-07-15,03:02:50.5,-0.038175102323293686,0.07231412827968597,0.030449599027633667
2025-07-15,03:02:50.9,-0.038175102323293686,0.07228314876556396,0.030523067340254784
2025-07-15,03:02:50.9,-8.303084373474121,3.022998809814453,0.6000434160232544
2025-07-15,03:02:51.2,-0.038175102323293686,0.07227456569671631,0.030543392524123192
2025-07-15,03:02:51.2,-7.734548568725586,1.9802955389022827,0.015724241733551025
2025-07-15,03:02:51.2,-8.579854011535645,2.032108783721924,0.8345200419425964
2025-07-15,03:02:51.5,-0.038175102323293686,0.07227660715579987,0.030538566410541534
2025-07-15,03:02:51.5,-8.579854011535645,1.8227143287658691,1.2262145280838013
2025-07-15,03:02:51.9,-0.038175102323293686,0.07226989418268204,0.030554449185729027
2025-07-15,03:02:51.9,-8.579854011535645,2.0191094875335693,0.8654980063438416
2025-07-15,03:02:52.2,-0.038175102323293686,0.07226339727640152,0.030569812282919884
2025-07-15,03:02:52.2,-8.579854011535645,2.1259078979492188,0.553538978099823
2025-07-15,03:02:52.6,-0.038175102323293686,0.07227017730474472,0.03055378422141075
2025-07-15,03:02:52.6,-7.734548568725586,1.979872465133667,0.043851036578416824
2025-07-15,03:02:52.9,-0.038175102323293686,0.07226850837469101,0.030557716265320778
2025-07-15,03:02:53.2,-0.038175102323293686,0.07226100564002991,0.0305754616856575
2025-07-15,03:02:53.2,-7.485047340393066,2.7519164085388184,0.3822082281112671
2025-07-15,03:02:53.6,-0.038175102323293686,0.07226411998271942,0.030568106099963188
2025-07-15,03:02:53.6,-7.734548568725586,1.9259017705917358,0.4612158536911011
2025-07-15,03:02:53.6,-8.579854011535645,1.9599641561508179,0.992184579372406
2025-07-15,03:02:53.9,-0.038175102323293686,0.0722387284040451,0.030628053471446037
2025-07-15,03:02:53.9,-5.6499152183532715,2.9970040321350098,0.8887454867362976
2025-07-15,03:02:53.9,-6.169369220733643,4.7963948249816895,1.137022852897644
2025-07-15,03:02:53.9,-6.577024459838867,5.565473556518555,1.6340259313583374
2025-07-15,03:02:53.9,-0.43628689646720886,0.5266140103340149,-1.217159390449524
2025-07-15,03:02:53.9,-0.9162024855613708,1.037691354751587,0.18142510950565338
2025-07-15,03:02:54.3,-0.038175102323293686,0.07223549485206604,0.03063567727804184
2025-07-15,03:02:54.3,-5.6499152183532715,2.9295413494110107,1.0907291173934937
2025-07-15,03:02:54.3,-6.169369220733643,4.792914867401123,1.151601791381836
2025-07-15,03:02:54.3,-6.544302940368652,5.583452224731445,1.4613895416259766
2025-07-15,03:02:54.3,-0.13088606297969818,0.3912549912929535,1.3337668180465698
2025-07-15,03:02:54.6,-0.038175102323293686,0.07222939282655716,0.030650073662400246
2025-07-15,03:02:54.6,-5.6499152183532715,2.969121217727661,0.977865993976593
2025-07-15,03:02:54.6,-5.4972147941589355,0.3182395398616791,-4.837631702423096
2025-07-15,03:02:54.6,-6.169369220733643,4.806793212890625,1.0922267436981201
2025-07-15,03:02:54.6,-6.544302940368652,5.568821430206299,1.5161867141723633
2025-07-15,03:02:54.6,-0.04226529225707054,0.2573608160018921,1.3271045684814453
2025-07-15,03:02:54.9,-0.038175102323293686,0.07222970575094223,0.030649324879050255
2025-07-15,03:02:54.9,-5.6499152183532715,2.8841817378997803,1.2055696249008179
2025-07-15,03:02:54.9,-5.268164157867432,1.4203174114227295,-4.8941264152526855
2025-07-15,03:02:54.9,-6.169369220733643,4.7729034423828125,1.2319148778915405
2025-07-15,03:02:54.9,-6.544302940368652,5.614907264709473,1.335445523262024
2025-07-15,03:02:54.9,0.15270040929317474,0.5778008103370667,0.1261248141527176
2025-07-15,03:02:54.9,0.0,0.3635585904121399,1.302709698677063
2025-07-15,03:02:55.2,-0.038175102323293686,0.07222306728363037,0.0306649599224329
2025-07-15,03:02:55.2,-5.6499152183532715,2.9341177940368652,1.0783571004867554
2025-07-15,03:02:55.2,-6.169369220733643,4.7596917152404785,1.2820137739181519
2025-07-15,03:02:55.2,-6.544302940368652,5.537651062011719,1.6263511180877686
2025-07-15,03:02:55.6,-0.038175102323293686,0.07223627716302872,0.0306338369846344
2025-07-15,03:02:55.6,-4.826423645019531,1.4505228996276855,1.051393985748291
2025-07-15,03:02:55.6,-5.6499152183532715,2.82741117477417,1.333284854888916
2025-07-15,03:02:55.6,-5.889873027801514,4.953662395477295,1.5629500150680542
2025-07-15,03:02:55.6,-6.2716240882873535,5.921453952789307,1.3197013139724731
2025-07-15,03:02:55.9,-0.038175102323293686,0.07222989946603775,0.030648866668343544
2025-07-15,03:02:55.9,-4.826423645019531,1.440658450126648,1.0648704767227173
2025-07-15,03:02:55.9,-5.6499152183532715,2.7488229274749756,1.4885814189910889
2025-07-15,03:02:55.9,-5.889873027801514,4.8968658447265625,1.7327114343643188
2025-07-15,03:02:55.9,-6.2716240882873535,5.935719966888428,1.2539758682250977
2025-07-15,03:02:56.2,-0.038175102323293686,0.07223451882600784,0.03063797578215599
2025-07-15,03:02:56.2,-4.826423645019531,1.409533143043518,1.1057405471801758
2025-07-15,03:02:56.2,-5.448132514953613,3.0879290103912354,1.5735276937484741
2025-07-15,03:02:56.2,-5.4972147941589355,2.53806734085083,-4.130638122558594
2025-07-15,03:02:56.2,-5.889873027801514,4.733678817749023,2.138659954071045
2025-07-15,03:02:56.2,-6.2716240882873535,5.91347599029541,1.3550021648406982
2025-07-15,03:02:56.6,-0.038175102323293686,0.07220935076475143,0.030697256326675415
2025-07-15,03:02:56.6,0.13088606297969818,0.6368914246559143,1.2354689836502075
2025-07-15,03:02:56.6,0.5671729445457458,1.2723605632781982,0.09251628071069717
2025-07-15,03:02:56.6,-3.8856799602508545,1.3645011186599731,-0.46730613708496094
2025-07-15,03:02:56.6,-4.30696964263916,2.4738106727600098,1.1776121854782104
2025-07-15,03:02:56.6,-4.810062885284424,4.0453596115112305,1.2768259048461914
2025-07-15,03:02:56.6,-4.781431674957275,3.1483380794525146,-4.506833076477051
2025-07-15,03:02:56.6,-4.662816047668457,5.711995601654053,2.7024881839752197
2025-07-15,03:02:56.6,-5.180906772613525,6.806447505950928,1.7230709791183472
2025-07-15,03:02:56.6,0.0,0.6090633273124695,0.04604912921786308
2025-07-15,03:02:56.9,-0.038175102323293686,0.07221251726150513,0.030689798295497894
2025-07-15,03:02:56.9,-3.8856799602508545,1.422917366027832,-0.23567883670330048
2025-07-15,03:02:56.9,-4.30696964263916,2.423771619796753,1.277435302734375
2025-07-15,03:02:56.9,-4.609643936157227,4.274532318115234,1.2694412469863892
2025-07-15,03:02:56.9,-4.662816047668457,5.687989711761475,2.752654790878296
2025-07-15,03:02:56.9,-4.908227443695068,7.149233818054199,0.9676024913787842
2025-07-15,03:02:57.2,-0.038175102323293686,0.0722072422504425,0.030702218413352966
2025-07-15,03:02:57.2,-0.3490295112133026,1.050862193107605,0.8503014445304871
2025-07-15,03:02:57.2,-3.8856799602508545,1.326027750968933,-0.5673524141311646
2025-07-15,03:02:57.2,-4.147452354431152,2.6931371688842773,1.2657604217529297
2025-07-15,03:02:57.2,-4.609643936157227,4.286468505859375,1.2285337448120117
2025-07-15,03:02:57.2,-4.908227443695068,5.508281707763672,2.690784215927124
2025-07-15,03:02:57.2,-5.180906772613525,6.944187641143799,1.0368021726608276
2025-07-15,03:02:57.6,-0.038175102323293686,0.07220790535211563,0.03070065751671791
2025-07-15,03:02:57.6,-3.756157398223877,1.6742867231369019,-0.5165194869041443
2025-07-15,03:02:57.6,-4.147452354431152,2.7318103313446045,1.179978609085083
2025-07-15,03:02:57.6,-4.409224510192871,4.521458148956299,1.116727590560913
2025-07-15,03:02:57.6,-4.908227443695068,5.799167156219482,1.987749457359314
2025-07-15,03:02:57.6,-4.908227443695068,7.140195846557617,1.0321836471557617
2025-07-15,03:02:57.9,-0.038175102323293686,0.07220624387264252,0.030704548582434654
2025-07-15,03:02:57.9,-3.8856799602508545,1.2321170568466187,-0.749750554561615
2025-07-15,03:02:57.9,-4.147452354431152,2.7352800369262695,1.1719127893447876
2025-07-15,03:02:57.9,-4.409224510192871,4.527164936065674,1.0933610200881958
2025-07-15,03:02:57.9,-4.662816047668457,5.93730354309082,2.1630454063415527
2025-07-15,03:02:57.9,-4.635548114776611,7.340606689453125,0.8750329613685608
2025-07-15,03:02:58.2,-0.038175102323293686,0.07220461219549179,0.030708396807312965
2025-07-15,03:02:58.2,-3.756157398223877,1.4642550945281982,-0.9622812867164612
2025-07-15,03:02:58.2,-4.182900428771973,2.727919340133667,1.2512435913085938
2025-07-15,03:02:58.2,-4.409224510192871,4.527482032775879,1.0920475721359253
2025-07-15,03:02:58.2,-4.662816047668457,5.499882221221924,3.1115317344665527
2025-07-15,03:02:58.2,-4.635548114776611,7.342019081115723,0.8631020188331604
2025-07-15,03:02:58.6,-0.038175102323293686,0.07219775021076202,0.03072451986372471
2025-07-15,03:02:58.6,-3.8856799602508545,1.4280710220336914,0.20211778581142426
2025-07-15,03:02:58.6,-4.022019863128662,3.0382747650146484,1.0469261407852173
2025-07-15,03:02:58.6,-4.409224510192871,4.434727191925049,1.4226242303848267
2025-07-15,03:02:58.6,-4.662816047668457,5.95188045501709,2.122605562210083
2025-07-15,03:02:58.6,-4.908227443695068,7.1483473777771,0.9741286635398865
2025-07-15,03:02:58.9,-0.038175102323293686,0.07220436632633209,0.030708979815244675
2025-07-15,03:02:58.9,-3.8856799602508545,1.3444788455963135,0.5221254229545593
2025-07-15,03:02:58.9,-4.022019863128662,2.962740659713745,1.2447229623794556
2025-07-15,03:02:58.9,-4.00838565826416,4.888411998748779,1.0808302164077759
2025-07-15,03:02:58.9,-4.417404651641846,6.49186372756958,-0.12011624127626419
2025-07-15,03:02:58.9,-4.362868785858154,7.485143184661865,1.0375479459762573
2025-07-15,03:02:59.2,-0.038175102323293686,0.07219590246677399,0.03072887845337391
2025-07-15,03:02:59.2,1.6797045469284058,2.821458578109741,0.7096430063247681
2025-07-15,03:02:59.2,-3.3294143676757812,3.285651206970215,1.2538167238235474
2025-07-15,03:02:59.2,-1.7178796529769897,3.037910223007202,1.1184020042419434
2025-07-15,03:02:59.2,-0.8807541728019714,0.9365420341491699,-1.0467860698699951
2025-07-15,03:02:59.2,0.3872046172618866,2.9741251468658447,0.7746016979217529
2025-07-15,03:02:59.2,0.1008913442492485,3.213089942932129,0.2987213730812073
2025-07-15,03:02:59.2,0.36402687430381775,3.7520804405212402,0.9309690594673157
2025-07-15,03:02:59.2,0.3054008185863495,4.637980937957764,1.507612943649292
2025-07-15,03:02:59.2,0.6271623969078064,4.821527004241943,1.23807692527771
2025-07-15,03:02:59.2,0.4908227324485779,5.047657489776611,1.3000398874282837
2025-07-15,03:02:59.2,1.2475078105926514,7.581509113311768,2.1701388359069824
2025-07-15,03:02:59.6,-0.038175102323293686,0.07218967378139496,0.030743492767214775
2025-07-15,03:02:59.6,2.3395884037017822,2.3580100536346436,0.7394466400146484
2025-07-15,03:02:59.6,-4.39013671875,4.150376796722412,0.8994094133377075
2025-07-15,03:02:59.6,-5.9989447593688965,4.629444122314453,1.242002010345459
2025-07-15,03:02:59.6,-2.6749839782714844,3.7221291065216064,1.2669862508773804
2025-07-15,03:02:59.6,-1.7451475858688354,5.257908821105957,0.7036924362182617
2025-07-15,03:02:59.6,-0.8616666197776794,3.049408197402954,1.3557837009429932
2025-07-15,03:02:59.6,-1.0184571743011475,3.2521612644195557,1.2243956327438354
2025-07-15,03:02:59.6,-0.10498153418302536,3.2087597846984863,0.9891762733459473
2025-07-15,03:02:59.6,0.8589398264884949,2.759110689163208,0.9881783127784729
2025-07-15,03:02:59.6,0.8957515358924866,2.973564386367798,0.7064672708511353
2025-07-15,03:02:59.6,1.1997889280319214,3.60280704498291,0.5663059949874878
2025-07-15,03:02:59.6,1.2543247938156128,3.7259116172790527,0.8094168901443481
2025-07-15,03:02:59.6,1.5270041227340698,4.563374042510986,0.8490642309188843
2025-07-15,03:02:59.6,1.4111154079437256,4.670696258544922,1.169033408164978
2025-07-15,03:02:59.9,-0.038175102323293686,0.07217857241630554,0.030769560486078262
2025-07-15,03:02:59.9,2.563185453414917,2.9142603874206543,1.3252019882202148
2025-07-15,03:02:59.9,1.89103102684021,2.4436514377593994,0.7720884680747986
2025-07-15,03:02:59.9,0.7962235808372498,2.4169387817382812,-1.915198802947998
2025-07-15,03:02:59.9,2.6927082538604736,1.9089409112930298,0.9923592805862427
2025-07-15,03:02:59.9,1.4002082347869873,2.042343854904175,-2.3974483013153076
2025-07-15,03:02:59.9,-4.981851100921631,5.619462490081787,1.1099705696105957
2025-07-15,03:02:59.9,-1.8964844942092896,4.150416851043701,0.9849513173103333
2025-07-15,03:02:59.9,-0.3313053548336029,3.3715250492095947,1.0058201551437378
2025-07-15,03:02:59.9,0.0,3.058854341506958,1.1620618104934692
2025-07-15,03:02:59.9,0.1377030462026596,4.325296401977539,0.8307012319564819
2025-07-15,03:02:59.9,0.5180906653404236,3.097982168197632,1.0623035430908203
2025-07-15,03:02:59.9,0.0736234113574028,0.09874153137207031,1.1715177297592163
2025-07-15,03:02:59.9,1.24069082736969,2.61494517326355,0.9745327234268188
2025-07-15,03:02:59.9,1.3743036985397339,2.741744041442871,0.6794695258140564
2025-07-15,03:02:59.9,1.1875183582305908,2.1618587970733643,1.5686969757080078
2025-07-15,03:03:00.2,-0.038175102323293686,0.07216764241456985,0.03079516999423504
2025-07-15,03:03:00.2,2.835864782333374,1.8900865316390991,0.7533947825431824
2025-07-15,03:03:00.2,1.5270041227340698,1.6606836318969727,-2.6631839275360107
2025-07-15,03:03:00.2,-1.7178795337677002,4.1332597732543945,0.9750515222549438
2025-07-15,03:03:00.2,0.0,3.3579087257385254,0.9521602392196655
2025-07-15,03:03:00.2,-0.22632382810115814,3.4631996154785156,1.033430814743042
2025-07-15,03:03:00.2,-0.8343986868858337,0.33524107933044434,-1.2877421379089355
2025-07-15,03:03:00.2,0.5399050116539001,4.111967086791992,1.2066742181777954
2025-07-15,03:03:00.2,-0.6544303297996521,0.9438715577125549,-0.7937083840370178
2025-07-15,03:03:00.2,-0.32721516489982605,0.9601831436157227,-0.8271002173423767
2025-07-15,03:03:00.2,0.1840585321187973,0.7033314108848572,-0.9268611669540405
2025-07-15,03:03:00.2,-0.1104351133108139,0.8668487071990967,0.7899376749992371
2025-07-15,03:03:00.2,1.5488184690475464,2.6434109210968018,0.4570496380329132
2025-07-15,03:03:00.2,0.11452530324459076,0.9070888161659241,-0.8101780414581299
2025-07-15,03:03:00.2,0.572626531124115,1.0543768405914307,0.2295711487531662
2025-07-15,03:03:00.2,2.691344738006592,2.8291749954223633,1.2535656690597534
2025-07-15,03:03:00.2,1.1534334421157837,2.7724125385284424,-2.793262243270874
2025-07-15,03:03:00.6,-0.038175102323293686,0.07217010855674744,0.030789397656917572
2025-07-15,03:03:00.6,-0.035448309034109116,0.5259028077125549,1.004445195198059
2025-07-15,03:03:00.6,2.944936513900757,1.7848225831985474,0.5691373348236084
2025-07-15,03:03:00.6,1.6360758543014526,0.7002770304679871,-3.0025036334991455
2025-07-15,03:03:00.6,-2.085996627807617,1.8343015909194946,-3.476719617843628
2025-07-15,03:03:00.6,-0.5562657713890076,4.353621006011963,0.734966516494751
2025-07-15,03:03:00.6,-0.10225474089384079,2.988255500793457,1.3292293548583984
2025-07-15,03:03:00.6,0.0,3.221583366394043,1.0963878631591797
2025-07-15,03:03:00.6,-1.14525306224823,0.5606003403663635,-1.1914960145950317
2025-07-15,03:03:00.6,-0.5562657713890076,0.8721016049385071,-1.0632073879241943
2025-07-15,03:03:00.6,-0.17996834218502045,1.2536673545837402,-0.6846899390220642
2025-07-15,03:03:00.6,1.4833754301071167,2.3634400367736816,1.0076502561569214
2025-07-15,03:03:00.6,1.7424207925796509,2.5588696002960205,0.10728907585144043
2025-07-15,03:03:00.6,-0.5930774807929993,0.5075825452804565,-0.99570631980896
2025-07-15,03:03:00.6,-0.07907699793577194,0.7515484690666199,1.0147579908370972
2025-07-15,03:03:00.9,-0.038175102323293686,0.07218124717473984,0.030763277783989906
2025-07-15,03:03:00.9,-1.9087550640106201,2.4655323028564453,-3.0516271591186523
2025-07-15,03:03:00.9,-0.27267929911613464,4.213100433349609,1.100024700164795
2025-07-15,03:03:00.9,0.20723627507686615,3.1275713443756104,1.0815500020980835
2025-07-15,03:03:00.9,-0.8589398264884949,0.9015045762062073,-0.883885383605957
2025-07-15,03:03:00.9,-0.591714084148407,0.37656885385513306,-1.1564159393310547
2025-07-15,03:03:00.9,1.3961180448532104,2.217529058456421,0.9643660187721252
2025-07-15,03:03:00.9,1.4615610837936401,2.33111310005188,0.9871143102645874
2025-07-15,03:03:00.9,2.062819004058838,3.1574909687042236,0.9232314825057983
2025-07-15,03:03:00.9,2.4641303198971457e-35,6.457253388531973e-40,-1.1098119427440876e-19
2025-07-15,03:03:00.9,-1.0845361466578227e-19,-8589935616.0,7.074155095903907e-31
2025-07-15,03:03:00.9,0.0,2.350988701644575e-38,-8589934592.0
2025-07-15,03:03:00.9,5.635940851789201e-06,-1.392796169970434e-37,5.6004098243420634e-39
2025-07-15,03:03:00.9,-7.979970180213624e+36,-2.9930429458618164,4.528290651321094e-36
2025-07-15,03:03:00.9,1.2055279523764183e-27,2.7382939665754336e-12,2.246885274636541e-36
2025-07-15,03:03:00.9,-4.621500793079246e+26,-2.6713657327870344e-15,-0.0029191668145358562
2025-07-15,03:03:01.2,-0.038175102323293686,0.07218540459871292,0.03075351007282734
2025-07-15,03:03:01.2,1.6306222677230835,1.3411736488342285,0.8302328586578369
2025-07-15,03:03:01.2,0.7798628211021423,1.6410290002822876,-1.3586022853851318
2025-07-15,03:03:01.2,1.6797045469284058,1.6231834888458252,0.7163283824920654
2025-07-15,03:03:01.2,-0.13633964955806732,0.5332796573638916,-0.6770593523979187
2025-07-15,03:03:01.2,-1.0361813306808472,1.093448519706726,0.6923140287399292
2025-07-15,03:03:01.2,-0.36266347765922546,1.2511887550354004,-1.025476336479187
2025-07-15,03:03:01.2,-2.233243465423584,2.1435704231262207,-4.542807579040527
2025-07-15,03:03:01.2,0.0,5.42603874206543,0.8817449808120728
2025-07-15,03:03:01.2,-0.668064296245575,0.891481876373291,-1.0443618297576904
2025-07-15,03:03:01.2,-1.33612859249115,0.7391058802604675,0.014983871020376682
2025-07-15,03:03:01.2,-0.37220725417137146,3.876390218734741,0.7730678915977478
2025-07-15,03:03:01.2,-0.5071834921836853,0.6448380947113037,-1.07525634765625
2025-07-15,03:03:01.2,-0.22905060648918152,1.1014180183410645,-0.4761606454849243
2025-07-15,03:03:01.2,-0.35448309779167175,0.8688722252845764,0.6372937560081482
2025-07-15,03:03:01.2,0.07089661806821823,0.8673236966133118,-0.7276426553726196
2025-07-15,03:03:01.2,0.797586977481842,2.5135631561279297,1.043065071105957
2025-07-15,03:03:01.2,0.0368117056787014,0.15771257877349854,-1.1667886972427368
2025-07-15,03:03:01.2,1.6606169939041138,3.3674516677856445,0.5567124485969543
2025-07-15,03:03:01.6,-0.038175102323293686,0.07217448949813843,0.030779119580984116
2025-07-15,03:03:01.6,-2.818140745162964,1.9238182306289673,-6.039738655090332
2025-07-15,03:03:01.6,-0.21678005158901215,6.888574600219727,0.7886616587638855
2025-07-15,03:03:01.6,-1.690611720085144,2.7525851726531982,-4.3396711349487305
2025-07-15,03:03:01.6,0.33812233805656433,5.327763080596924,0.8765015602111816
2025-07-15,03:03:01.6,-0.12270569056272507,3.824645519256592,0.8803844451904297
2025-07-15,03:03:01.6,-0.5494487881660461,0.9986498951911926,-0.7280328869819641
2025-07-15,03:03:01.6,0.5862604975700378,1.6767284870147705,-0.603641152381897
2025-07-15,03:03:01.6,0.959831178188324,2.332693338394165,1.1974337100982666
2025-07-15,03:03:01.6,-0.2208702266216278,0.34126877784729004,1.1056112051010132
2025-07-15,03:03:01.6,-0.10225473344326019,0.11909108608961105,-1.0793633460998535
2025-07-15,03:03:01.6,1.7560547590255737,1.400252342224121,0.9616774916648865
2025-07-15,03:03:01.9,-0.038175102323293686,0.07217518985271454,0.03077748604118824
2025-07-15,03:03:01.9,-1.9632909297943115,2.4521431922912598,-4.188357830047607
2025-07-15,03:03:01.9,0.0,5.125449180603027,1.0675334930419922
2025-07-15,03:03:01.9,-0.7116929888725281,2.5105137825012207,-2.7564690113067627
2025-07-15,03:03:01.9,0.7116929888725281,3.5676467418670654,1.0829119682312012
2025-07-15,03:03:01.9,0.9298364520072937,2.279010057449341,1.1217964887619019
2025-07-15,03:03:01.9,1.2815927267074585,3.8738255500793457,0.412297785282135
2025-07-15,03:03:01.9,-0.38038763403892517,0.8389455080032349,-0.9903045296669006
2025-07-15,03:03:01.9,-0.7607752680778503,0.9630761742591858,-0.5682716965675354
2025-07-15,03:03:01.9,-0.7198733687400818,0.9680926203727722,-0.7857797145843506
2025-07-15,03:03:01.9,0.7771360278129578,1.0509321689605713,0.06868211925029755
2025-07-15,03:03:01.9,-0.31903478503227234,0.7048124074935913,-0.829576313495636
2025-07-15,03:03:01.9,-0.10634492337703705,0.6436879634857178,0.9279531836509705
2025-07-15,03:03:01.9,1.6497098207473755,1.5924019813537598,0.7075924873352051
2025-07-15,03:03:01.9,2.3886706829071045,2.0250704288482666,0.5804257988929749
2025-07-15,03:03:01.9,2.4145753383636475,2.2219033241271973,0.720139741897583
2025-07-15,03:03:02.2,-0.038175102323293686,0.07217968255281448,0.03076694905757904
2025-07-15,03:03:02.2,-0.6953322291374207,2.338104486465454,-2.7932591438293457
2025-07-15,03:03:02.2,0.6953322291374207,3.5306074619293213,0.8965718150138855
2025-07-15,03:03:02.2,-1.9305694103240967,2.8612220287323,-3.819701671600342
2025-07-15,03:03:02.2,-0.16088078916072845,4.981297492980957,1.2901949882507324
2025-07-15,03:03:02.2,-2.68452787399292,3.7079319953918457,-6.327195167541504
2025-07-15,03:03:02.2,0.24404798448085785,7.728038787841797,1.0984996557235718
2025-07-15,03:03:02.2,0.9816454648971558,2.191466808319092,1.0422618389129639
2025-07-15,03:03:02.2,-0.572626531124115,0.9319294691085815,-0.7188341617584229
2025-07-15,03:03:02.2,-0.2767694890499115,0.7850590348243713,-0.9528341293334961
2025-07-15,03:03:02.2,1.6497098207473755,1.6170527935028076,0.6492853164672852
2025-07-15,03:03:02.2,0.7498680949211121,1.492482304573059,-1.722837209701538
2025-07-15,03:03:02.6,-0.038175102323293686,0.07218220829963684,0.03076102025806904
2025-07-15,03:03:02.6,-2.0382778644561768,2.6058266162872314,-3.772052526473999
2025-07-15,03:03:02.6,-0.1567905992269516,4.86433744430542,1.219396710395813
2025-07-15,03:03:02.6,-0.22632382810115814,3.496070146560669,0.9160915613174438
2025-07-15,03:03:02.6,-0.6953322291374207,0.9875825047492981,-0.8611600399017334
2025-07-15,03:03:02.6,-0.6053480505943298,1.225948691368103,-0.8581629395484924
2025-07-15,03:03:02.6,-1.1602504253387451,0.6979070901870728,0.8789680600166321
2025-07-15,03:03:02.6,1.227056860923767,3.658203601837158,0.7279590368270874
2025-07-15,03:03:02.6,0.9652847051620483,2.2150981426239014,0.8874222636222839
2025-07-15,03:03:02.6,-0.4417404532432556,0.709206223487854,-0.8303710222244263
2025-07-15,03:03:02.6,-0.0368117056787014,0.6009372472763062,1.0124937295913696
2025-07-15,03:03:02.6,1.6933385133743286,1.5139597654342651,0.6253215670585632
2025-07-15,03:03:02.6,0.8098575472831726,1.4608951807022095,-1.6614489555358887
2025-07-15,03:03:03.0,-0.038175102323293686,0.07218512892723083,0.03075416572391987
2025-07-15,03:03:03.0,1.5051896572113037,1.1471219062805176,0.6680132150650024
2025-07-15,03:03:03.0,1.379757285118103,1.3086087703704834,0.6415131688117981
2025-07-15,03:03:03.0,-0.0640796348452568,2.0151584148406982,0.3738709092140198
2025-07-15,03:03:03.0,0.6053480505943298,3.170099973678589,0.08590719848871231
2025-07-15,03:03:03.0,-0.47446197271347046,0.5815500617027283,-1.0185761451721191
2025-07-15,03:03:03.0,0.677608072757721,3.0090746879577637,0.28578242659568787
2025-07-15,03:03:03.0,0.8207647204399109,1.6017662286758423,0.5293321013450623
2025-07-15,03:03:03.0,0.34357592463493347,0.5709927678108215,-0.6287685036659241
2025-07-15,03:03:03.0,0.4908227324485779,0.8869919776916504,-0.2621690630912781
2025-07-15,03:03:03.0,-0.19632908701896667,0.5599218010902405,-0.8627495169639587
2025-07-15,03:03:03.2,-0.038175102323293686,0.07219421118497849,0.030732842162251472
2025-07-15,03:03:03.2,-3.4684805870056152,2.931208848953247,0.8746206164360046
2025-07-15,03:03:03.2,-0.12270569056272507,1.9168424606323242,0.40641096234321594
2025-07-15,03:03:03.2,-0.6748812794685364,0.8893678784370422,-0.9090823531150818
2025-07-15,03:03:03.2,0.5180906653404236,1.4780895709991455,0.5435378551483154
2025-07-15,03:03:03.2,0.6707910895347595,1.514296293258667,0.6757712364196777
2025-07-15,03:03:03.2,0.9816454648971558,2.38973069190979,0.4219292402267456
2025-07-15,03:03:03.2,1.3743036985397339,3.2372710704803467,1.0306299924850464
2025-07-15,03:03:03.2,0.3135811984539032,0.8422322273254395,-0.44636669754981995
2025-07-15,03:03:03.2,1.4424735307693481,1.2998460531234741,0.5073425769805908
2025-07-15,03:03:03.6,-0.038175102323293686,0.07217990607023239,0.030766429379582405
2025-07-15,03:03:03.6,-0.1758781522512436,1.8263421058654785,0.39120814204216003
2025-07-15,03:03:03.6,-0.19632908701896667,2.0040063858032227,0.5753180980682373
2025-07-15,03:03:03.6,0.1936023086309433,3.0849125385284424,0.20294645428657532
2025-07-15,03:03:03.6,0.5044566988945007,1.5104715824127197,0.26427093148231506
2025-07-15,03:03:03.6,0.5453585982322693,1.5712605714797974,0.5284547805786133
2025-07-15,03:03:03.6,0.8044039607048035,2.4257094860076904,0.30792948603630066
2025-07-15,03:03:03.6,1.274775743484497,3.45432448387146,0.4417087733745575
2025-07-15,03:03:03.6,1.1043511629104614,3.721207618713379,0.5925114154815674
2025-07-15,03:03:03.6,2.4132118225097656,7.252221584320068,1.1023954153060913
2025-07-15,03:03:03.6,-0.47446197271347046,0.7456681132316589,-0.9053601026535034
2025-07-15,03:03:03.6,1.379757285118103,1.4027976989746094,0.3951641619205475
2025-07-15,03:03:03.9,-0.038175102323293686,0.07217985391616821,0.030766543000936508
2025-07-15,03:03:03.9,-0.2931302487850189,1.78566312789917,0.49495866894721985
2025-07-15,03:03:03.9,-2.009646415710449,1.9918696880340576,0.733771026134491
2025-07-15,03:03:03.9,0.34357592463493347,1.4633108377456665,0.45559248328208923
2025-07-15,03:03:03.9,0.4253797233104706,1.5352840423583984,0.5975963473320007
2025-07-15,03:03:03.9,0.9162024855613708,3.5206170082092285,0.44346386194229126
2025-07-15,03:03:03.9,1.9087551832199097,7.26845121383667,1.3490036725997925
2025-07-15,03:03:03.9,-0.8180379271507263,0.5627791285514832,-0.8527659177780151
2025-07-15,03:03:03.9,-0.32721516489982605,0.7817428708076477,-0.9974590539932251
2025-07-15,03:03:03.9,1.595173954963684,5.277828216552734,1.3298379182815552
2025-07-15,03:03:03.9,-0.3054008185863495,1.098992109298706,-0.43733420968055725
2025-07-15,03:03:03.9,1.3497625589370728,1.3655288219451904,0.4098585546016693
2025-07-15,03:03:04.2,-0.038175102323293686,0.07218268513679504,0.030759897083044052
2025-07-15,03:03:04.2,-0.37220725417137146,1.5905307531356812,0.47627782821655273
2025-07-15,03:03:04.2,0.2781328856945038,1.448071837425232,0.16165582835674286
2025-07-15,03:03:04.2,0.31085440516471863,1.5611499547958374,0.46344396471977234
2025-07-15,03:03:04.2,0.6789714694023132,3.553318977355957,0.16085748374462128
2025-07-15,03:03:04.2,1.259778380393982,5.538058280944824,0.9533110857009888
2025-07-15,03:03:04.2,1.1861549615859985,7.4566426277160645,0.7878771424293518
2025-07-15,03:03:04.2,0.29994723200798035,0.6201858520507812,-0.6683390736579895
2025-07-15,03:03:04.2,0.6898786425590515,0.5786432027816772,0.3324386179447174
2025-07-15,03:03:04.2,1.227056860923767,1.477944254875183,0.40561535954475403
2025-07-15,03:03:04.6,-0.038175102323293686,0.07218121737241745,0.030763350427150726
2025-07-15,03:03:04.6,0.2944936454296112,0.1845836043357849,0.03199970722198486
2025-07-15,03:03:04.6,-2.1473495960235596,1.679251790046692,0.35191747546195984
2025-07-15,03:03:04.6,0.1745147556066513,1.376344919204712,0.15609247982501984
2025-07-15,03:03:04.6,0.19632910192012787,1.5053763389587402,0.4027213156223297
2025-07-15,03:03:04.6,0.29994723200798035,2.377485513687134,0.12477120012044907
2025-07-15,03:03:04.6,0.441740483045578,3.500013589859009,0.20829948782920837
2025-07-15,03:03:04.6,0.9380168318748474,7.305197238922119,1.4374470710754395
2025-07-15,03:03:04.6,1.614261507987976,6.085756301879883,1.4321924448013306
2025-07-15,03:03:04.6,-0.648976743221283,0.6975563168525696,-0.7645645141601562
2025-07-15,03:03:04.6,-0.19087551534175873,1.1714838743209839,0.2889752984046936
2025-07-15,03:03:04.6,1.259778380393982,1.387640118598938,0.41535159945487976
2025-07-15,03:03:04.6,1.2815927267074585,1.5718413591384888,0.3026275634765625
2025-07-15,03:03:04.9,-0.038175102323293686,0.07217874377965927,0.03076915442943573
2025-07-15,03:03:04.9,0.04226529225707054,1.3444205522537231,0.14133144915103912
2025-07-15,03:03:04.9,0.09543775767087936,1.4675767421722412,0.41091546416282654
2025-07-15,03:03:04.9,0.0,2.3559067249298096,0.014133273623883724
2025-07-15,03:03:04.9,0.10907172411680222,3.487567663192749,0.08447394520044327
2025-07-15,03:03:04.9,0.23314081132411957,7.255102157592773,1.7228721380233765
2025-07-15,03:03:04.9,1.259778380393982,1.3935495615005493,0.3950716555118561
2025-07-15,03:03:05.3,-0.038175102323293686,0.07216691970825195,0.030796876177191734
2025-07-15,03:03:05.3,-0.9093855023384094,0.835132896900177,0.27637478709220886
2025-07-15,03:03:05.3,-1.1343458890914917,2.541940689086914,0.2199546992778778
2025-07-15,03:03:05.3,-0.6735178828239441,0.39748314023017883,0.2748287320137024
2025-07-15,03:03:05.3,-0.33675894141197205,0.5992357134819031,-0.46331411600112915
2025-07-15,03:03:05.3,-1.5447282791137695,4.175996780395508,0.607205867767334
2025-07-15,03:03:05.3,-1.4724682569503784,4.201099395751953,1.5442113876342773
2025-07-15,03:03:05.3,-1.8896676301956177,5.150030136108398,0.3545655906200409
2025-07-15,03:03:05.3,-1.9496570825576782,5.78314208984375,1.2953803539276123
2025-07-15,03:03:05.3,-2.00419282913208,6.088943958282471,0.199730783700943
2025-07-15,03:03:05.3,-2.220973014831543,7.557986736297607,0.5508665442466736
2025-07-15,03:03:05.3,-2.257784605026245,7.529689788818359,1.627820611000061
2025-07-15,03:03:05.3,-2.405031442642212,8.19398021697998,0.44489535689353943
2025-07-15,03:03:05.6,-0.038175102323293686,0.07216379791498184,0.030804188922047615
2025-07-15,03:03:05.6,0.0,0.4327053129673004,0.05578850209712982
2025-07-15,03:03:05.6,-0.629889190196991,0.5497997403144836,0.3746822774410248
2025-07-15,03:03:05.6,-0.8016771674156189,0.7642549276351929,0.5153083801269531
2025-07-15,03:03:05.6,-0.8589398264884949,0.9593866467475891,0.23434101045131683
2025-07-15,03:03:05.6,-0.8725737929344177,2.6324522495269775,0.32464227080345154
2025-07-15,03:03:05.6,-0.983008861541748,4.36876106262207,0.37609925866127014
2025-07-15,03:03:05.6,-0.8753005266189575,4.372525691986084,1.381162166595459
2025-07-15,03:03:05.6,-1.0225473642349243,5.354184150695801,0.16944928467273712
2025-07-15,03:03:05.6,-0.9680115580558777,6.039139270782471,0.9864944815635681
2025-07-15,03:03:05.6,-0.988462507724762,5.999060153961182,1.7477185726165771
2025-07-15,03:03:05.6,-0.9816455245018005,7.791520595550537,-0.027734126895666122
2025-07-15,03:03:05.6,-1.2475078105926514,7.754865646362305,1.4320765733718872
2025-07-15,03:03:05.6,-1.0634492635726929,8.43807601928711,-0.21704000234603882
2025-07-15,03:03:05.6,-0.6135284304618835,0.44639697670936584,0.20256970822811127
2025-07-15,03:03:05.9,-0.038175102323293686,0.07216009497642517,0.030812863260507584
2025-07-15,03:03:05.9,-0.601257860660553,2.670659065246582,0.24680295586585999
2025-07-15,03:03:05.9,-0.6953322291374207,4.385490417480469,0.2959913909435272
2025-07-15,03:03:05.9,-0.4335600733757019,4.41874885559082,1.2938259840011597
2025-07-15,03:03:05.9,-0.6762446761131287,5.359586715698242,-0.291823148727417
2025-07-15,03:03:05.9,-0.5808069109916687,6.122297286987305,0.7493711709976196
2025-07-15,03:03:05.9,-0.5889872908592224,6.020130634307861,1.6974462270736694
2025-07-15,03:03:05.9,-0.5971676707267761,6.334473609924316,-0.30338823795318604
2025-07-15,03:03:05.9,-0.4880959689617157,7.794157028198242,0.04150354117155075
2025-07-15,03:03:05.9,-0.7444145083427429,7.686649799346924,1.8470393419265747
2025-07-15,03:03:05.9,-0.7934967279434204,8.426119804382324,-0.09790392965078354
2025-07-15,03:03:05.9,-0.8016771674156189,0.732844352722168,0.5590773224830627
2025-07-15,03:03:05.9,-0.34357592463493347,0.9912242889404297,-0.6258950233459473
2025-07-15,03:03:06.2,-0.038175102323293686,0.07216436415910721,0.03080286644399166
2025-07-15,03:03:06.2,-0.7362341284751892,0.7705993056297302,0.5017570853233337
2025-07-15,03:03:06.2,-0.8180379271507263,0.9929340481758118,0.24085690081119537
2025-07-15,03:03:06.2,-0.515363872051239,2.672107458114624,0.38611432909965515
2025-07-15,03:03:06.2,-0.5508121848106384,4.353325843811035,0.40296095609664917
2025-07-15,03:03:06.2,-0.5780801177024841,4.375776290893555,1.3804748058319092
2025-07-15,03:03:06.2,-0.5030933022499084,5.337446212768555,-0.2367439717054367
2025-07-15,03:03:06.2,-0.5767167210578918,5.964158058166504,1.3924626111984253
2025-07-15,03:03:06.2,-0.5889872908592224,6.109554767608643,1.3403854370117188
2025-07-15,03:03:06.2,-0.4880959689617157,7.775139331817627,0.5457265973091125
2025-07-15,03:03:06.2,-0.7934967279434204,8.417618751525879,0.3908598721027374
2025-07-15,03:03:06.6,-0.038175102323293686,0.07215310633182526,0.030829215422272682
2025-07-15,03:03:06.6,0.10634492337703705,0.5348771810531616,0.15582779049873352
2025-07-15,03:03:06.6,-0.6871518492698669,2.634026527404785,0.38022223114967346
2025-07-15,03:03:06.6,-0.6885152459144592,4.337235450744629,0.36270347237586975
2025-07-15,03:03:06.6,-0.572626531124115,4.247797966003418,1.61678147315979
2025-07-15,03:03:06.6,-1.006186604499817,5.271063327789307,0.03101314790546894
2025-07-15,03:03:06.6,-0.768955647945404,6.007599830627441,1.0771207809448242
2025-07-15,03:03:06.6,-0.988462507724762,6.248240947723389,-0.052239350974559784
2025-07-15,03:03:06.6,-0.9707383513450623,7.704977512359619,0.01713288575410843
2025-07-15,03:03:06.6,-0.9870991110801697,7.6222991943359375,1.8126033544540405
2025-07-15,03:03:06.6,-0.7894065380096436,8.382899284362793,-0.07690809667110443
2025-07-15,03:03:06.6,-0.7362341284751892,0.8846979737281799,0.25078466534614563
2025-07-15,03:03:06.6,-0.940743625164032,0.8583529591560364,0.30223798751831055
2025-07-15,03:03:06.9,-0.038175102323293686,0.07216005027294159,0.03081296756863594
2025-07-15,03:03:06.9,-0.7607752680778503,2.5630722045898438,0.4108424186706543
2025-07-15,03:03:06.9,-0.9543775320053101,4.190455913543701,0.7509103417396545
2025-07-15,03:03:06.9,-0.7089661955833435,4.2582902908325195,1.3972036838531494
2025-07-15,03:03:06.9,-0.9980062246322632,5.214517116546631,0.379384845495224
2025-07-15,03:03:06.9,-0.7635020613670349,5.963884353637695,1.075644612312317
2025-07-15,03:03:06.9,-1.2134228944778442,7.666914939880371,0.23521479964256287
2025-07-15,03:03:06.9,-1.0470885038375854,8.307487487792969,0.24186284840106964
2025-07-15,03:03:06.9,-0.658520519733429,0.4957936704158783,0.39995795488357544
2025-07-15,03:03:06.9,-0.3149445950984955,0.48237645626068115,-0.7124252915382385
2025-07-15,03:03:06.9,-0.7730458378791809,0.8024370670318604,0.3822552263736725
2025-07-15,03:03:07.2,-0.038175102323293686,0.07214701920747757,0.030843466520309448
2025-07-15,03:03:07.2,-1.661980390548706,1.5290406942367554,0.4966707229614258
2025-07-15,03:03:07.2,-0.9148390889167786,2.4892547130584717,0.22240416705608368
2025-07-15,03:03:07.2,-1.0798100233078003,4.079468250274658,0.9207509756088257
2025-07-15,03:03:07.2,-1.3306750059127808,5.1305975914001465,0.48724234104156494
2025-07-15,03:03:07.2,-1.317041039466858,5.874350070953369,0.08339792490005493
2025-07-15,03:03:07.2,-1.4479271173477173,7.557043552398682,0.654352068901062
2025-07-15,03:03:07.2,-1.5706326961517334,8.215042114257812,0.46414950489997864
2025-07-15,03:03:07.2,-0.05726265534758568,0.5047131180763245,0.7625041604042053
2025-07-15,03:03:07.2,-0.7798628211021423,0.7697666883468628,0.2932811379432678
2025-07-15,03:03:07.2,-0.8507593870162964,4.058527946472168,1.841849446296692
2025-07-15,03:03:07.2,-1.1534334421157837,5.613046169281006,2.2374186515808105
2025-07-15,03:03:07.6,-0.038175102323293686,0.07214941084384918,0.03083786927163601
2025-07-15,03:03:07.6,-1.589720368385315,1.573513388633728,0.5862343907356262
2025-07-15,03:03:07.6,3.8792470489147634e-37,1.023297908515793e-34,3.938135663995058e-37
2025-07-15,03:03:07.6,9.270584263418336e-40,6.7682715826888665e-43,-8.962550168689631e-07
2025-07-15,03:03:07.6,7.006492321624085e-45,0.0,1.401298464324817e-45
2025-07-15,03:03:07.6,-0.038175102323293686,0.07210537791252136,0.030940692871809006
2025-07-15,03:03:07.6,-1.0798100233078003,1.5771865844726562,0.17775475978851318
2025-07-15,03:03:07.6,-1.4533807039260864,3.2504959106445312,0.34762459993362427
2025-07-15,03:03:07.6,-1.8433120250701904,4.11686897277832,0.4913645386695862
2025-07-15,03:03:07.6,-1.979651689529419,4.840495586395264,0.7205378413200378
2025-07-15,03:03:07.6,-2.0396411418914795,5.568690776824951,0.1897125244140625
2025-07-15,03:03:07.6,-2.234606981277466,6.104490756988525,0.022276954725384712
2025-07-15,03:03:07.6,-2.1678004264831543,6.564463138580322,0.5743708610534668
2025-07-15,03:03:07.9,-0.038175102323293686,0.07209961861371994,0.03095410019159317
2025-07-15,03:03:07.9,-0.8507593870162964,0.7502883672714233,-0.00404537795111537
2025-07-15,03:03:07.9,-1.030727744102478,1.5135217905044556,0.06752800941467285
2025-07-15,03:03:07.9,-1.4356565475463867,3.225613832473755,0.15140707790851593
2025-07-15,03:03:07.9,-1.8255878686904907,4.102298736572266,0.17946584522724152
2025-07-15,03:03:07.9,-1.7846860885620117,4.869312286376953,-0.24418291449546814
2025-07-15,03:03:07.9,-2.1923415660858154,5.419539928436279,0.028254710137844086
2025-07-15,03:03:07.9,-2.017826795578003,6.13132905960083,-0.16917860507965088
2025-07-15,03:03:07.9,-2.1541664600372314,6.545862197875977,0.1711576133966446
2025-07-15,03:03:07.9,-2.358675956726074,7.169668197631836,0.035174641758203506
2025-07-15,03:03:07.9,-2.563185453414917,7.79053258895874,-0.11687680333852768
2025-07-15,03:03:07.9,-2.6858911514282227,8.104105949401855,0.9904172420501709
2025-07-15,03:03:07.9,-0.7198733687400818,0.6331019997596741,0.04732947424054146
2025-07-15,03:03:07.9,-0.26177212595939636,0.36933401226997375,1.3206866979599
2025-07-15,03:03:07.9,3.2394301891326904,3.3614113330841064,0.6395247578620911
2025-07-15,03:03:08.2,-0.038175102323293686,0.07209619879722595,0.03096206858754158
2025-07-15,03:03:08.2,-0.05726265162229538,0.291963666677475,0.0689048171043396
2025-07-15,03:03:08.2,-0.8521227836608887,0.6683216094970703,-0.12998825311660767
2025-07-15,03:03:08.2,-0.950287401676178,1.50193190574646,-0.20217600464820862
2025-07-15,03:03:08.2,-1.4002082347869873,3.14943265914917,-0.0007482070941478014
2025-07-15,03:03:08.2,-1.807863712310791,4.066349983215332,0.006989853922277689
2025-07-15,03:03:08.2,-2.0914502143859863,4.704115867614746,0.030710214748978615
2025-07-15,03:03:08.2,-1.7996834516525269,4.804542541503906,1.0427696704864502
2025-07-15,03:03:08.2,-1.9796518087387085,5.3814473152160645,-0.5356613397598267
2025-07-15,03:03:08.2,-2.2046122550964355,6.018513202667236,-0.2215932011604309
2025-07-15,03:03:08.2,-2.354585886001587,6.429656505584717,0.18408720195293427
2025-07-15,03:03:08.2,-2.5795462131500244,7.040842533111572,-0.29072239995002747
2025-07-15,03:03:08.2,-2.7895092964172363,7.6148552894592285,-0.29119959473609924
2025-07-15,03:03:08.2,-2.9394829273223877,8.008708000183105,0.5860389471054077
2025-07-15,03:03:08.6,-0.038175102323293686,0.07208642363548279,0.030984828248620033
2025-07-15,03:03:08.6,-0.9571043848991394,1.3771532773971558,-0.2873440980911255
2025-07-15,03:03:08.6,-1.4888290166854858,3.0569441318511963,-0.13837265968322754
2025-07-15,03:03:08.6,-1.7724153995513916,3.9865620136260986,-0.022145802155137062
2025-07-15,03:03:08.6,-2.056001901626587,4.602691650390625,-0.4484173357486725
2025-07-15,03:03:08.6,-2.1091744899749756,4.675350666046143,0.8046165704727173
2025-07-15,03:03:08.6,-1.9646544456481934,5.342106342315674,-0.5170621871948242
2025-07-15,03:03:08.6,-2.5359175205230713,6.254210948944092,-0.4297157824039459
2025-07-15,03:03:08.6,-2.7813289165496826,6.849205493927002,-0.6022148132324219
2025-07-15,03:03:08.6,-3.026740074157715,7.476517677307129,-0.2941446602344513
2025-07-15,03:03:08.6,-2.924485445022583,7.976315975189209,0.4526861906051636
2025-07-15,03:03:08.6,-0.8507593870162964,0.6057846546173096,-0.07501792907714844
2025-07-15,03:03:08.6,-1.4356565475463867,3.0690512657165527,1.0042074918746948
2025-07-15,03:03:08.6,0.6339793801307678,0.1621040552854538,-0.008453459478914738
2025-07-15,03:03:08.9,-0.038175102323293686,0.07208576053380966,0.030986357480287552
2025-07-15,03:03:08.9,-0.815311074256897,0.583537757396698,-0.04102499037981033
2025-07-15,03:03:08.9,-0.8807541728019714,1.3883205652236938,-0.21316218376159668
2025-07-15,03:03:08.9,-1.4697414636611938,3.020693778991699,0.02997884713113308
2025-07-15,03:03:08.9,-1.3088606595993042,3.0820000171661377,0.9850481748580933
2025-07-15,03:03:08.9,-1.754691243171692,3.946063995361328,-0.07396850734949112
2025-07-15,03:03:08.9,-1.8814871311187744,4.651078701019287,0.027609899640083313
2025-07-15,03:03:08.9,-1.9305694103240967,4.635461330413818,1.135433316230774
2025-07-15,03:03:08.9,-2.1268985271453857,5.2559099197387695,0.14223401248455048
2025-07-15,03:03:08.9,-2.309593677520752,6.303314685821533,0.2766268253326416
2025-07-15,03:03:08.9,-2.5345542430877686,6.921987533569336,-0.16405963897705078
2025-07-15,03:03:08.9,-2.759514570236206,7.5362067222595215,-0.18515393137931824
2025-07-15,03:03:08.9,-2.8944907188415527,7.829409599304199,-1.1064995527267456
2025-07-15,03:03:08.9,-2.658623218536377,7.9978346824646,1.1599665880203247
2025-07-15,03:03:08.9,0.6339793801307678,0.15847507119178772,-0.03514023497700691
2025-07-15,03:03:09.2,-0.038175102323293686,0.07208267599344254,0.03099353425204754
2025-07-15,03:03:09.2,-0.6544303297996521,0.5763640999794006,-0.03017338737845421
2025-07-15,03:03:09.2,-0.807130753993988,1.3537299633026123,-0.34899193048477173
2025-07-15,03:03:09.2,-0.8507594466209412,1.470679759979248,0.09206582605838776
2025-07-15,03:03:09.2,-1.227056860923767,3.02933669090271,-0.1562935709953308
2025-07-15,03:03:09.2,-1.0770832300186157,3.039552927017212,1.216766119003296
2025-07-15,03:03:09.2,-1.4547441005706787,3.961932420730591,0.3106268048286438
2025-07-15,03:03:09.2,-1.5542720556259155,4.720357418060303,0.1996593475341797
2025-07-15,03:03:09.2,-1.5815399885177612,4.734257221221924,0.8357807397842407
2025-07-15,03:03:09.2,-1.7587815523147583,5.290472507476807,-0.7701340913772583
2025-07-15,03:03:09.2,-1.8651264905929565,6.3547797203063965,-0.3401072919368744
2025-07-15,03:03:09.2,-2.113264560699463,6.387670516967773,0.680050253868103
2025-07-15,03:03:09.2,-2.29050612449646,6.955508708953857,-0.312743604183197
2025-07-15,03:03:09.2,-2.4950156211853027,7.583714485168457,0.0850507989525795
2025-07-15,03:03:09.2,-2.3682196140289307,7.981135845184326,1.2629621028900146
2025-07-15,03:03:09.2,-0.08180379122495651,0.3903649151325226,1.24661123752594
2025-07-15,03:03:09.6,-0.038175102323293686,0.07208508998155594,0.030987927690148354
2025-07-15,03:03:09.6,-0.668064296245575,1.3729697465896606,0.01964506320655346
2025-07-15,03:03:09.6,-0.9080221056938171,3.0971145629882812,-0.08209217339754105
2025-07-15,03:03:09.6,-1.0634492635726929,3.127319812774658,0.8182995915412903
2025-07-15,03:03:09.6,-1.2543247938156128,4.759397506713867,0.9737026691436768
2025-07-15,03:03:09.6,-1.4506539106369019,6.453571796417236,0.4739384353160858
2025-07-15,03:03:09.6,-1.5842667818069458,6.971440315246582,-1.157983660697937
2025-07-15,03:03:09.6,5.8844194412231445,4.093634128570557,-1.0332369804382324
2025-07-15,03:03:09.6,-1.5706326961517334,8.192164421081543,0.7686214447021484
2025-07-15,03:03:09.6,-0.6816982626914978,0.5117868185043335,-0.1864047795534134
2025-07-15,03:03:09.9,-0.038175102323293686,0.07207758724689484,0.031005360186100006
2025-07-15,03:03:09.9,-0.6871518492698669,2.9537949562072754,-0.818821370601654
2025-07-15,03:03:09.9,-0.7703190445899963,4.8452253341674805,0.48550233244895935
2025-07-15,03:03:09.9,-0.8180379271507263,6.147430896759033,-2.0899319648742676
2025-07-15,03:03:09.9,5.7262654304504395,2.3431930541992188,-2.132425546646118
2025-07-15,03:03:09.9,-1.0361813306808472,6.5428690910339355,0.3078794479370117
2025-07-15,03:03:09.9,-1.0361813306808472,8.217684745788574,-0.3331366777420044
2025-07-15,03:03:09.9,8.0658540725708,2.1343116760253906,-3.098581552505493
2025-07-15,03:03:09.9,-1.668797254562378,7.874533653259277,-3.7975425720214844
2025-07-15,03:03:09.9,-0.524907648563385,1.427377700805664,0.13713635504245758
2025-07-15,03:03:09.9,-0.5549023747444153,1.4137508869171143,0.5470210313796997
2025-07-15,03:03:09.9,-0.7253269553184509,3.0865793228149414,0.9702209830284119
2025-07-15,03:03:09.9,-0.5562657713890076,0.4903368055820465,0.015456100925803185
2025-07-15,03:03:09.9,-0.6135284304618835,0.22523905336856842,0.03360476344823837
2025-07-15,03:03:09.9,-0.572626531124115,0.30301302671432495,0.0925256684422493
2025-07-15,03:03:10.2,-0.038175102323293686,0.07204761356115341,0.03107495978474617
2025-07-15,03:03:10.2,0.7116929888725281,0.3308020532131195,0.02801695093512535
2025-07-15,03:03:10.2,-0.8589398264884949,1.7644071578979492,-0.06001092866063118
2025-07-15,03:03:10.2,-0.8221281170845032,2.8012847900390625,-0.1468057930469513
2025-07-15,03:03:10.2,-0.7825896143913269,3.4618477821350098,-0.44949427247047424
2025-07-15,03:03:10.2,2.906761407852173,2.0360987186431885,-0.45157867670059204
2025-07-15,03:03:10.2,-0.6544303297996521,5.098628520965576,-0.9927577376365662
2025-07-15,03:03:10.2,4.417404651641846,2.5553700923919678,-1.1689643859863281
2025-07-15,03:03:10.2,-0.845305860042572,5.25706148147583,0.9572877287864685
2025-07-15,03:03:10.2,-0.8725737929344177,6.900282859802246,-0.5944336652755737
2025-07-15,03:03:10.2,5.889873027801514,3.6059536933898926,-1.0174155235290527
2025-07-15,03:03:10.2,-0.8180378675460815,8.686448097229004,0.12219670414924622
2025-07-15,03:03:10.2,-0.6598839163780212,0.6876530647277832,0.1138523519039154
2025-07-15,03:03:10.6,-0.038175102323293686,0.07204743474721909,0.03107537515461445
2025-07-15,03:03:10.6,-0.8207647204399109,1.6869571208953857,-0.0048401812091469765
2025-07-15,03:03:10.6,-0.8862077593803406,2.687704086303711,-0.18169136345386505
2025-07-15,03:03:10.6,-0.7635020613670349,3.378793239593506,-0.4277617335319519
2025-07-15,03:03:10.6,-0.6871518492698669,3.3983819484710693,1.1872888803482056
2025-07-15,03:03:10.6,-0.8044039607048035,4.957427501678467,-1.1316609382629395
2025-07-15,03:03:10.6,4.504662036895752,2.09252667427063,-1.3539433479309082
2025-07-15,03:03:10.6,-0.8316718935966492,5.223972797393799,0.5912395119667053
2025-07-15,03:03:10.6,-0.8671202063560486,6.8820109367370605,-0.08643507212400436
2025-07-15,03:03:10.6,-0.8098574876785278,8.600431442260742,0.006628280505537987
2025-07-15,03:03:10.6,0.0,0.39696335792541504,1.4745038747787476
2025-07-15,03:03:10.9,-0.038175102323293686,0.07203847169876099,0.031096138060092926
2025-07-15,03:03:10.9,0.7362341284751892,0.2732779085636139,0.0005843573599122465
2025-07-15,03:03:10.9,-0.17178796231746674,0.7629666924476624,-0.07136204093694687
2025-07-15,03:03:10.9,-0.950287401676178,1.5103448629379272,0.12463036924600601
2025-07-15,03:03:10.9,-1.030727744102478,2.5241539478302,-0.34797996282577515
2025-07-15,03:03:10.9,-1.8896676301956177,0.5437955856323242,1.9204908609390259
2025-07-15,03:03:10.9,-1.1847915649414062,3.2365119457244873,-0.027742253616452217
2025-07-15,03:03:10.9,-1.006186604499817,3.3568079471588135,0.7199384570121765
2025-07-15,03:03:10.9,-2.8713130950927734,3.572604179382324,2.2468996047973633
2025-07-15,03:03:10.9,3.9879348278045654,2.902438163757324,-1.314810037612915
2025-07-15,03:03:10.9,-1.4983727931976318,6.681655406951904,-0.1697385460138321
2025-07-15,03:03:10.9,-1.33612859249115,8.423064231872559,-0.6246247291564941
2025-07-15,03:03:10.9,-0.6544303297996521,0.5704558491706848,0.08767025172710419
2025-07-15,03:03:10.9,-0.6762446761131287,0.1729920506477356,0.007299214135855436
2025-07-15,03:03:11.2,-0.038175102323293686,0.0720592588186264,0.031047945842146873
2025-07-15,03:03:11.2,-1.3306750059127808,2.296375274658203,-0.19684575498104095
2025-07-15,03:03:11.2,-1.0361813306808472,2.84243106842041,-1.3569505214691162
2025-07-15,03:03:11.2,-1.2761391401290894,3.104353427886963,0.5613592863082886
2025-07-15,03:03:11.2,-1.4111154079437256,4.692796230316162,-1.0768976211547852
2025-07-15,03:03:11.2,-1.9019381999969482,6.486451148986816,0.19816310703754425
2025-07-15,03:03:11.2,-1.5869934558868408,8.30803394317627,-0.31101346015930176
2025-07-15,03:03:11.2,-0.7157831788063049,0.5717039704322815,-0.01536242663860321
2025-07-15,03:03:11.2,-0.7771360278129578,1.4644105434417725,0.012698500417172909
2025-07-15,03:03:11.2,-1.0907171964645386,3.248736619949341,0.6619725823402405
2025-07-15,03:03:11.2,0.0,1.6259043216705322,-1.3880376815795898
2025-07-15,03:03:11.2,1.269322156906128,1.5861707925796509,0.6656551361083984
2025-07-15,03:03:11.6,-0.038175102323293686,0.0720510482788086,0.03106699138879776
2025-07-15,03:03:11.6,-1.227056860923767,2.9722936153411865,-0.6056229472160339
2025-07-15,03:03:11.6,-1.865126371383667,4.608642101287842,-0.13828164339065552
2025-07-15,03:03:11.6,-2.094177007675171,8.081652641296387,-0.6859688758850098
2025-07-15,03:03:11.6,-0.8575764298439026,1.3598606586456299,0.14553914964199066
2025-07-15,03:03:11.6,-1.0634492635726929,3.0947272777557373,0.9340268969535828
2025-07-15,03:03:11.6,-1.8896676301956177,6.4113688468933105,0.6826611161231995
2025-07-15,03:03:11.9,-0.038175102323293686,0.0720478817820549,0.031074324622750282
2025-07-15,03:03:11.9,-1.1657040119171143,2.1939170360565186,-0.11050631105899811
2025-07-15,03:03:11.9,-1.2106961011886597,2.990610122680664,0.11758864670991898
2025-07-15,03:03:11.9,2.4641303198971457e-35,6.457253388531973e-40,3.776494347140832e+19
2025-07-15,03:03:11.9,6.31283122730571e-30,3.0517585400957614e-05,9.009176783798143e-32
2025-07-15,03:03:11.9,0.0,2.350988701644575e-38,-4.656612873077393e-10
2025-07-15,03:03:11.9,-1.828967373727073e+27,-9.167372886935334e+26,5.601055822934117e-39
2025-07-15,03:03:11.9,-1.9323690215261024e-26,3213261056.0,99918680.0
2025-07-15,03:03:12.2,-0.038175102323293686,0.07210081070661545,0.030951322987675667
2025-07-15,03:03:12.2,-1.14525306224823,4.147688388824463,-1.5718612670898438
2025-07-15,03:03:12.2,-1.5092799663543701,5.145077228546143,0.2184901386499405
2025-07-15,03:03:12.2,-1.9182988405227661,8.556525230407715,-0.08831924945116043
2025-07-15,03:03:12.2,-1.0661760568618774,1.6982641220092773,0.08302896469831467
2025-07-15,03:03:12.2,-1.14525306224823,2.3463170528411865,0.1888284534215927
2025-07-15,03:03:12.2,-1.3743036985397339,3.3841044902801514,0.2999282777309418
2025-07-15,03:03:12.2,-1.5460916757583618,5.116279125213623,1.2855579853057861
2025-07-15,03:03:12.2,-1.5556354522705078,6.822610855102539,1.2669156789779663
2025-07-15,03:03:12.2,-2.2032487392425537,8.475851058959961,0.987177312374115
2025-07-15,03:03:12.2,-0.7839530110359192,0.7256959080696106,0.22010724246501923
2025-07-15,03:03:12.2,-0.9162024855613708,1.0285130739212036,0.22777043282985687
2025-07-15,03:03:12.2,-0.6626107096672058,0.3318732976913452,0.2598634958267212
2025-07-15,03:03:12.2,-0.648976743221283,0.2991954982280731,0.19852440059185028
2025-07-15,03:03:12.6,-0.038175102323293686,0.07210194319486618,0.030948691070079803
2025-07-15,03:03:12.6,-0.8398522734642029,1.721947431564331,-0.12103304266929626
2025-07-15,03:03:12.6,-1.0457251071929932,2.3481366634368896,-0.13662517070770264
2025-07-15,03:03:12.6,-1.006186604499817,3.4325664043426514,-0.06292067468166351
2025-07-15,03:03:12.6,-0.9489240050315857,3.5397162437438965,0.98856520652771
2025-07-15,03:03:12.6,-1.0143669843673706,5.264859676361084,0.7210779190063477
2025-07-15,03:03:12.6,-0.5930774807929993,5.464146137237549,-3.132357597351074
2025-07-15,03:03:12.6,-1.0907171964645386,6.822482109069824,-0.9963515996932983
2025-07-15,03:03:12.6,-1.1043511629104614,6.979818344116211,0.13043971359729767
2025-07-15,03:03:12.6,-1.3633965253829956,8.618136405944824,-0.0858776792883873
2025-07-15,03:03:12.6,-0.8875711560249329,1.020053505897522,0.03059116192162037
2025-07-15,03:03:12.6,0.591714084148407,1.2146384716033936,0.061280880123376846
2025-07-15,03:03:12.6,-0.658520519733429,0.6155262589454651,0.16402778029441833
2025-07-15,03:03:12.6,-0.41719934344291687,0.1688051074743271,-0.5895339250564575
2025-07-15,03:03:12.6,0.6326159834861755,0.2734174132347107,0.11102394759654999
2025-07-15,03:03:12.6,-0.5235442519187927,0.27242451906204224,-0.3727904260158539
2025-07-15,03:03:12.9,-0.038175102323293686,0.07210436463356018,0.03094305284321308
2025-07-15,03:03:12.9,-0.6871518492698669,1.6983997821807861,0.031120864674448967
2025-07-15,03:03:12.9,-0.7771360278129578,2.3622887134552,0.001111409394070506
2025-07-15,03:03:12.9,-0.43628689646720886,3.457267999649048,-0.19776812195777893
2025-07-15,03:03:12.9,-0.46355482935905457,3.5234365463256836,1.0597305297851562
2025-07-15,03:03:12.9,-0.8112209439277649,4.947195053100586,-1.3498567342758179
2025-07-15,03:03:12.9,-2.758151054382324,2.3311564922332764,3.730046033859253
2025-07-15,03:03:12.9,-0.6653375029563904,5.184788227081299,1.0032100677490234
2025-07-15,03:03:12.9,-0.6544303297996521,6.943017959594727,0.30800285935401917
2025-07-15,03:03:12.9,-0.534451425075531,8.400890350341797,-1.5042674541473389
2025-07-15,03:03:12.9,-0.5426318049430847,8.662981033325195,0.19321846961975098
2025-07-15,03:03:12.9,-0.5958042740821838,0.7843115329742432,0.19184443354606628
2025-07-15,03:03:12.9,-0.5671729445457458,0.9807520508766174,0.05639878660440445
2025-07-15,03:03:12.9,-0.7512314915657043,1.001420259475708,0.18335966765880585
2025-07-15,03:03:12.9,-0.5698997378349304,0.5597249269485474,0.22152258455753326
2025-07-15,03:03:12.9,-0.6721544861793518,0.2510024905204773,0.18790102005004883
2025-07-15,03:03:13.2,-0.038175102323293686,0.07211017608642578,0.030929509550333023
2025-07-15,03:03:13.2,0.572626531124115,0.21150287985801697,-0.02107178419828415
2025-07-15,03:03:13.2,-0.6380695700645447,4.978858947753906,-0.9275394082069397
2025-07-15,03:03:13.2,-2.392760992050171,2.213113307952881,3.9285266399383545
2025-07-15,03:03:13.2,-0.2658623158931732,8.421825408935547,-1.1752972602844238
2025-07-15,03:03:13.2,-0.7266903519630432,1.6295371055603027,0.12747792899608612
2025-07-15,03:03:13.2,-0.6748812794685364,2.3009660243988037,0.0898023396730423
2025-07-15,03:03:13.2,-0.5317246317863464,3.35227370262146,-0.2453509271144867
2025-07-15,03:03:13.2,-0.34357592463493347,3.4922733306884766,1.056794285774231
2025-07-15,03:03:13.2,-0.49491292238235474,5.174306869506836,0.9220645427703857
2025-07-15,03:03:13.2,-0.4335601031780243,6.891748428344727,0.6612628698348999
2025-07-15,03:03:13.2,-0.601257860660553,0.6338399052619934,0.27597638964653015
2025-07-15,03:03:13.2,-0.2576819360256195,0.6398635506629944,-0.602993905544281
2025-07-15,03:03:13.2,-0.6994224190711975,0.9407601356506348,0.11577044427394867
2025-07-15,03:03:13.2,-0.6217088103294373,0.42113712430000305,0.3511006832122803
2025-07-15,03:03:13.2,-1.0034598112106323,0.9438824653625488,0.22649474442005157
2025-07-15,03:03:13.2,-0.6953322291374207,0.1901792585849762,0.17448671162128448
2025-07-15,03:03:13.2,-0.394021600484848,0.49222996830940247,-0.39058586955070496
2025-07-15,03:03:13.6,-0.038175102323293686,0.07210148870944977,0.03094974160194397
2025-07-15,03:03:13.6,0.572626531124115,0.20634214580059052,-0.050994161516427994
2025-07-15,03:03:13.6,-0.6626107096672058,2.260739326477051,0.022382931783795357
2025-07-15,03:03:13.6,-0.524907648563385,3.2980713844299316,-0.36445295810699463
2025-07-15,03:03:13.6,-0.6326159834861755,4.892415523529053,-1.1300703287124634
2025-07-15,03:03:13.6,-0.486732542514801,5.081215858459473,0.9482993483543396
2025-07-15,03:03:13.6,-0.4253797233104706,6.79010534286499,0.19022947549819946
2025-07-15,03:03:13.6,-0.5235442519187927,8.262344360351562,-1.2762423753738403
2025-07-15,03:03:13.6,-0.2658623158931732,8.494810104370117,0.38297760486602783
2025-07-15,03:03:13.6,-0.5889872908592224,0.8642238974571228,-0.05104248970746994
2025-07-15,03:03:13.6,-0.8725737929344177,1.2945549488067627,0.7799248099327087
2025-07-15,03:03:13.6,-0.32721516489982605,1.6524014472961426,-0.45611363649368286
2025-07-15,03:03:13.6,-0.44719406962394714,3.3333992958068848,1.2195693254470825
2025-07-15,03:03:13.6,-0.6735178828239441,0.8527589440345764,0.3254479467868805
2025-07-15,03:03:13.6,-0.8698469996452332,0.8759738802909851,0.2772144377231598
2025-07-15,03:03:13.6,-0.5958042740821838,0.46581000089645386,0.3393940329551697
2025-07-15,03:03:13.6,-1.0470885038375854,0.8929344415664673,0.2354130744934082
2025-07-15,03:03:13.6,-0.6953322291374207,0.1845359057188034,0.1804446280002594
2025-07-15,03:03:13.6,-0.4403770864009857,0.45313552021980286,-0.38837724924087524
2025-07-15,03:03:13.9,-0.038175102323293686,0.07211017608642578,0.030929509550333023
2025-07-15,03:03:13.9,-3.615727424621582,2.5870838165283203,0.19270864129066467
2025-07-15,03:03:13.9,-1.946930170059204,2.206512212753296,3.3383214473724365
2025-07-15,03:03:13.9,-0.5112736821174622,3.2275893688201904,0.1680556833744049
2025-07-15,03:03:13.9,-0.7771360278129578,4.905298233032227,-0.2674078047275543
2025-07-15,03:03:13.9,-0.6217088103294373,6.5491766929626465,-0.8362801671028137
2025-07-15,03:03:13.9,-0.6339793801307678,6.688175678253174,0.7726974487304688
2025-07-15,03:03:13.9,-0.7812261581420898,8.218204498291016,-1.1362247467041016
2025-07-15,03:03:13.9,-0.5262710452079773,8.384688377380371,0.5675457119941711
2025-07-15,03:03:13.9,-0.7253269553184509,1.4835598468780518,0.14680233597755432
2025-07-15,03:03:13.9,-0.7798628211021423,2.102550506591797,0.34359562397003174
2025-07-15,03:03:13.9,-0.5521755814552307,3.3372559547424316,1.022957682609558
2025-07-15,03:03:13.9,-0.8044039607048035,4.939087390899658,1.2091972827911377
2025-07-15,03:03:13.9,-0.7498680949211121,0.7475400567054749,0.26181232929229736
2025-07-15,03:03:13.9,-0.6257990002632141,0.38855651021003723,0.08660335838794708
2025-07-15,03:03:13.9,-0.3244883716106415,0.12553873658180237,-0.6550175547599792
2025-07-15,03:03:14.3,-0.038175102323293686,0.07207288593053818,0.031016293913125992
2025-07-15,03:03:14.3,-1.946930170059204,4.756380558013916,-0.7356891632080078
2025-07-15,03:03:14.3,-1.9523838758468628,7.522975921630859,-0.7628098726272583
2025-07-15,03:03:14.3,-0.9734651446342468,1.5414785146713257,0.18416781723499298
2025-07-15,03:03:14.3,-1.417932391166687,3.189119815826416,0.033796124160289764
2025-07-15,03:03:14.3,-1.6497098207473755,4.949225425720215,0.8076016306877136
2025-07-15,03:03:14.3,-1.6769777536392212,5.029627323150635,0.8295055627822876
2025-07-15,03:03:14.3,-1.963291049003601,6.633103847503662,0.9359820485115051
2025-07-15,03:03:14.3,-2.417301893234253,8.24077320098877,-0.3431941270828247
2025-07-15,03:03:14.3,-2.441843032836914,8.319339752197266,0.4527650773525238
2025-07-15,03:03:14.3,-0.7635020613670349,0.8936269283294678,0.33288154006004333
2025-07-15,03:03:14.3,-0.8330352306365967,1.567539095878601,1.026460886001587
2025-07-15,03:03:14.3,-1.2897731065750122,3.279325485229492,1.2886120080947876
2025-07-15,03:03:14.3,-0.7498680949211121,0.6691794991493225,0.42374593019485474
2025-07-15,03:03:14.3,-1.011640191078186,1.7050790786743164,1.1900064945220947
2025-07-15,03:03:14.3,-0.7089661955833435,0.40719693899154663,0.3048648536205292
2025-07-15,03:03:14.3,-0.40901896357536316,0.688368558883667,-0.3467523753643036
2025-07-15,03:03:14.6,-0.038175102323293686,0.07206825166940689,0.031027060002088547
2025-07-15,03:03:14.6,-0.7253269553184509,0.29500117897987366,0.2720755636692047
2025-07-15,03:03:14.6,-1.3824840784072876,3.1020426750183105,0.21618466079235077
2025-07-15,03:03:14.6,-1.7546913623809814,4.79095983505249,0.15575698018074036
2025-07-15,03:03:14.6,-1.9019381999969482,6.466676712036133,-0.5435163974761963
2025-07-15,03:03:14.6,-2.1841611862182617,7.4512505531311035,-0.1326928287744522
2025-07-15,03:03:14.6,-2.392760753631592,8.16352653503418,-0.10340725630521774
2025-07-15,03:03:14.6,-0.950287401676178,1.489803671836853,0.277776300907135
2025-07-15,03:03:14.6,-1.1588870286941528,3.339801549911499,1.120367169380188
2025-07-15,03:03:14.6,-1.814680814743042,4.859030246734619,0.9825239181518555
2025-07-15,03:03:14.6,-1.7342404127120972,6.5759782791137695,1.3676100969314575
2025-07-15,03:03:14.6,-2.417301893234253,8.141884803771973,1.318269968032837
2025-07-15,03:03:14.6,-0.7512314915657043,0.92451012134552,0.4263148605823517
2025-07-15,03:03:14.6,-0.7839530110359192,0.5944491624832153,0.4708629846572876
2025-07-15,03:03:14.6,-0.8507593870162964,1.6252150535583496,1.3348581790924072
2025-07-15,03:03:14.6,-0.7157831788063049,0.4463999271392822,0.357503205537796
2025-07-15,03:03:14.9,-0.038175102323293686,0.07206642627716064,0.031031303107738495
2025-07-15,03:03:14.9,-1.2434176206588745,3.0683765411376953,0.18269450962543488
2025-07-15,03:03:14.9,-1.595173954963684,4.82411003112793,0.4897765815258026
2025-07-15,03:03:14.9,-2.264601707458496,6.127829551696777,-0.8497838973999023
2025-07-15,03:03:14.9,-1.6797045469284058,6.480376243591309,-0.5708178281784058
2025-07-15,03:03:14.9,4.409224510192871,5.0648322105407715,-0.22074539959430695
2025-07-15,03:03:14.9,-1.7124260663986206,6.514598369598389,1.2434041500091553
2025-07-15,03:03:14.9,-2.1596200466156006,7.368612289428711,-0.03540157899260521
2025-07-15,03:03:14.9,-1.8419486284255981,8.215980529785156,-0.08343103528022766
2025-07-15,03:03:14.9,-2.1268985271453857,8.140203475952148,1.2619606256484985
2025-07-15,03:03:14.9,-0.9271096587181091,1.4442098140716553,0.316647469997406
2025-07-15,03:03:14.9,-1.1316190958023071,3.192573308944702,1.280572772026062
2025-07-15,03:03:14.9,-0.7512314915657043,0.8369923830032349,0.5795748233795166
2025-07-15,03:03:14.9,-0.7212367653846741,0.6015877723693848,0.35332873463630676
2025-07-15,03:03:14.9,-0.6953322291374207,1.4561214447021484,1.5320342779159546
2025-07-15,03:03:14.9,-0.6871518492698669,0.4548875093460083,0.40040814876556396
2025-07-15,03:03:14.9,-0.2699525058269501,0.7019058465957642,0.22622039914131165
2025-07-15,03:03:15.2,-0.038175102323293686,0.07205493003129959,0.03105798363685608
2025-07-15,03:03:15.2,-1.0089133977890015,3.066617488861084,-0.0362146832048893
2025-07-15,03:03:15.2,-1.2543247938156128,4.834417819976807,0.47787290811538696
2025-07-15,03:03:15.2,-1.116621732711792,4.888020038604736,0.957556962966919
2025-07-15,03:03:15.2,-1.4792852401733398,6.586062908172607,0.4076478183269501
2025-07-15,03:03:15.2,-1.4233859777450562,7.393001079559326,-0.9730070233345032
2025-07-15,03:03:15.2,-3.5121092796325684,7.214181900024414,-0.25355014204978943
2025-07-15,03:03:15.2,-1.8324048519134521,8.171419143676758,0.19859276711940765
2025-07-15,03:03:15.2,-0.7116929888725281,0.9690036177635193,0.39412814378738403
2025-07-15,03:03:15.2,-0.7771360278129578,1.442439317703247,0.2530381977558136
2025-07-15,03:03:15.2,-0.883480966091156,3.2136449813842773,1.1749743223190308
2025-07-15,03:03:15.2,-0.658520519733429,0.5641146898269653,0.2958924174308777
2025-07-15,03:03:15.2,-0.2290506213903427,0.6509649753570557,-0.6026669144630432
2025-07-15,03:03:15.2,-0.3681170642375946,0.545788586139679,0.4281664788722992
2025-07-15,03:03:15.6,-0.038175102323293686,0.07205960154533386,0.031047144904732704
2025-07-15,03:03:15.6,-0.7962235808372498,3.083645820617676,-0.026628023013472557
2025-07-15,03:03:15.6,-0.7253269553184509,3.1685714721679688,0.6545661091804504
2025-07-15,03:03:15.6,-0.6544303297996521,3.2632668018341064,1.0511760711669922
2025-07-15,03:03:15.6,-0.9080220460891724,4.643792152404785,-1.0311405658721924
2025-07-15,03:03:15.6,-0.7907699942588806,4.9505109786987305,0.692903459072113
2025-07-15,03:03:15.6,-0.8234915137290955,6.487612247467041,-0.795987606048584
2025-07-15,03:03:15.6,-1.04981529712677,6.636010646820068,-0.061394911259412766
2025-07-15,03:03:15.6,-1.4070252180099487,7.072775363922119,-2.0756113529205322
2025-07-15,03:03:15.6,-3.9865715503692627,4.604249477386475,4.384081840515137
2025-07-15,03:03:15.6,-3.2257962226867676,7.238076210021973,-0.5047688484191895
2025-07-15,03:03:15.6,-1.3020436763763428,8.181129455566406,0.902226984500885
2025-07-15,03:03:15.6,-0.6544303297996521,1.075363039970398,0.3583732545375824
2025-07-15,03:03:15.6,-0.807130753993988,1.3926324844360352,0.12228972464799881
2025-07-15,03:03:15.6,-0.6135284304618835,0.7076911330223083,0.5589455366134644
2025-07-15,03:03:15.6,-2.9790213108062744,2.8712222576141357,0.24548207223415375
2025-07-15,03:03:15.6,-0.658520519733429,0.5484218597412109,0.3240543007850647
2025-07-15,03:03:15.6,-0.17178796231746674,0.681764543056488,-0.5874632000923157
2025-07-15,03:03:15.6,-0.24132117629051208,0.20591115951538086,-2.5544700622558594
2025-07-15,03:03:15.6,-1.126165509223938,2.314664602279663,0.005692304112017155
2025-07-15,03:03:15.6,-0.2849498689174652,0.7774972319602966,0.03809972479939461
2025-07-15,03:03:15.9,-0.038175102323293686,0.07205799221992493,0.031050890684127808
2025-07-15,03:03:15.9,-0.7744092345237732,2.9962692260742188,-0.13422203063964844
2025-07-15,03:03:15.9,-0.7566850781440735,4.770927906036377,-0.3438563942909241
2025-07-15,03:03:15.9,-1.0293643474578857,6.501377105712891,-0.27083536982536316
2025-07-15,03:03:15.9,-1.1588870286941528,6.919905185699463,-2.404571533203125
2025-07-15,03:03:15.9,-3.7084386348724365,4.8250226974487305,4.239894390106201
2025-07-15,03:03:15.9,-0.777135968208313,8.182482719421387,-1.0761135816574097
2025-07-15,03:03:15.9,-0.6544303297996521,1.0910028219223022,0.30748990178108215
2025-07-15,03:03:15.9,-0.668064296245575,1.3696439266204834,0.09750538319349289
2025-07-15,03:03:15.9,-0.7062394022941589,3.0742106437683105,0.6883429288864136
2025-07-15,03:03:15.9,-0.6380695700645447,3.186157464981079,1.0109074115753174
2025-07-15,03:03:15.9,-0.7771360278129578,4.817831993103027,0.9601830244064331
2025-07-15,03:03:15.9,-3.4548468589782715,7.100834369659424,-0.03900963440537453
2025-07-15,03:03:15.9,-1.030727744102478,8.140388488769531,0.8156318664550781
2025-07-15,03:03:15.9,6.699730396270752,4.479748249053955,-1.7432849407196045
2025-07-15,03:03:15.9,-3.0431008338928223,2.6208858489990234,0.5775286555290222
2025-07-15,03:03:15.9,-0.658520519733429,0.5646654367446899,0.2948400676250458
2025-07-15,03:03:16.4,-0.038175102323293686,0.07202702015638351,0.031122662127017975
2025-07-15,03:03:16.4,-0.7798628211021423,0.5493245720863342,-0.10645367205142975
2025-07-15,03:03:16.4,-0.4308333098888397,3.415470600128174,0.16868402063846588
2025-07-15,03:03:16.4,-0.1567905992269516,4.972382545471191,-0.6512451171875
2025-07-15,03:03:16.4,-1.9305694103240967,0.8944832682609558,-4.68792200088501
2025-07-15,03:03:16.4,-0.16088078916072845,5.1214752197265625,0.49841874837875366
2025-07-15,03:03:16.4,-1.9960124492645264,2.588688611984253,-4.200685501098633
2025-07-15,03:03:16.4,-0.18951211869716644,6.061004161834717,0.07150264084339142
2025-07-15,03:03:16.4,-1.3743036985397339,6.126332759857178,-0.2225666493177414
2025-07-15,03:03:16.4,0.0,6.805256366729736,-0.10559635609388351
2025-07-15,03:03:16.4,-2.601360559463501,3.24566388130188,-5.551578521728516
2025-07-15,03:03:16.4,0.0,6.785768985748291,1.4404079914093018
2025-07-15,03:03:16.4,-2.9544801712036133,2.389833450317383,-7.709164619445801
2025-07-15,03:03:16.4,0.2685891091823578,8.546760559082031,0.8673058748245239
2025-07-15,03:03:16.4,-0.9162024855613708,1.564513087272644,0.2656683325767517
2025-07-15,03:03:16.4,-1.0552688837051392,3.2415647506713867,1.5673786401748657
2025-07-15,03:03:16.4,-0.7116929888725281,0.9437683820724487,0.45122748613357544
2025-07-15,03:03:16.6,-0.038175102323293686,0.07203196734189987,0.031111199408769608
2025-07-15,03:03:16.6,-1.364759922027588,3.0681564807891846,0.09734101593494415
2025-07-15,03:03:16.6,-1.14525306224823,3.2577097415924072,1.2274179458618164
2025-07-15,03:03:16.6,-1.595173954963684,4.830904006958008,0.417474627494812
2025-07-15,03:03:16.6,-1.4724682569503784,4.98060417175293,0.6597545146942139
2025-07-15,03:03:16.6,-1.681067943572998,5.731184959411621,-0.23155897855758667
2025-07-15,03:03:16.6,-2.691344738006592,5.529509544372559,-0.15468566119670868
2025-07-15,03:03:16.6,-1.9264793395996094,6.49740743637085,0.995399534702301
2025-07-15,03:03:16.6,-2.1268985271453857,8.208311080932617,0.6921607851982117
2025-07-15,03:03:16.6,-0.8098575472831726,0.7903409600257874,0.3272859454154968
2025-07-15,03:03:16.6,-0.9271096587181091,1.4061795473098755,0.4568004608154297
2025-07-15,03:03:16.6,-0.7853163480758667,0.5940253138542175,0.356099009513855
2025-07-15,03:03:16.6,-0.7444145083427429,0.43961775302886963,0.3033319115638733
2025-07-15,03:03:16.9,-0.038175102323293686,0.07204122096300125,0.031089771538972855
2025-07-15,03:03:16.9,-1.227056860923767,3.0225679874420166,0.25571826100349426
2025-07-15,03:03:16.9,-1.3620331287384033,4.5278215408325195,-1.0470225811004639
2025-07-15,03:03:16.9,-1.4111154079437256,4.789231300354004,0.4952828288078308
2025-07-15,03:03:16.9,-1.656526803970337,5.64602518081665,-0.26253658533096313
2025-07-15,03:03:16.9,-2.653169631958008,5.450981616973877,-0.1558535248041153
2025-07-15,03:03:16.9,-1.6578902006149292,6.41594123840332,-0.2543565630912781
2025-07-15,03:03:16.9,-1.690611720085144,6.464292526245117,1.0418428182601929
2025-07-15,03:03:16.9,-1.8419486284255981,8.197047233581543,0.5636609792709351
2025-07-15,03:03:16.9,-0.9039319157600403,1.3747613430023193,0.43371084332466125
2025-07-15,03:03:16.9,-1.1179851293563843,3.1441688537597656,1.2896491289138794
2025-07-15,03:03:16.9,-0.7253269553184509,0.8956658840179443,0.40496665239334106
2025-07-15,03:03:16.9,-0.7525948286056519,0.5922411680221558,0.2996380925178528
2025-07-15,03:03:17.2,-0.038175102323293686,0.07203138619661331,0.03111255168914795
2025-07-15,03:03:17.2,-1.1943353414535522,2.9205567836761475,0.43297073245048523
2025-07-15,03:03:17.2,-1.2106961011886597,4.612115859985352,0.8456713557243347
2025-07-15,03:03:17.2,-1.4356565475463867,4.8512139320373535,0.6790503859519958
2025-07-15,03:03:17.2,-1.6442562341690063,5.609780788421631,0.07315555214881897
2025-07-15,03:03:17.2,-2.822230815887451,5.314846992492676,0.19222453236579895
2025-07-15,03:03:17.2,-1.4697414636611938,6.482628345489502,0.9787270426750183
2025-07-15,03:03:17.2,-1.8760336637496948,7.263247489929199,0.19436541199684143
2025-07-15,03:03:17.2,-1.8324048519134521,8.122097969055176,0.918176531791687
2025-07-15,03:03:17.2,-0.8575764298439026,1.2871966361999512,0.4620906114578247
2025-07-15,03:03:17.2,-1.154796838760376,2.9490184783935547,1.1204298734664917
2025-07-15,03:03:17.2,-0.9939160943031311,3.143789291381836,1.2717461585998535
2025-07-15,03:03:17.2,-0.7648654580116272,1.0715782642364502,0.58272784948349
2025-07-15,03:03:17.2,-0.7525948882102966,0.5613157153129578,0.46359455585479736
2025-07-15,03:03:17.6,-0.038175102323293686,0.07202673703432083,0.031123308464884758
2025-07-15,03:03:17.6,-1.1779745817184448,2.8797199726104736,0.43259555101394653
2025-07-15,03:03:17.6,-1.750601053237915,4.243781089782715,-0.8476204872131348
2025-07-15,03:03:17.6,-1.2106961011886597,4.668300628662109,0.44016164541244507
2025-07-15,03:03:17.6,-1.4397467374801636,5.571288585662842,0.2319539338350296
2025-07-15,03:03:17.6,-2.595906972885132,5.324826240539551,0.3375423848628998
2025-07-15,03:03:17.6,-1.4506539106369019,6.42189359664917,0.7952894568443298
2025-07-15,03:03:17.6,-1.5297307968139648,8.013864517211914,-0.00898909755051136
2025-07-15,03:03:17.6,-1.554271936416626,8.078080177307129,1.0216844081878662
2025-07-15,03:03:17.6,-1.2543247938156128,4.65892219543457,1.3763741254806519
2025-07-15,03:03:17.6,-0.8030405640602112,0.9570685625076294,0.5180474519729614
2025-07-15,03:03:17.6,-0.7198733687400818,1.1154818534851074,0.5570935606956482
2025-07-15,03:03:17.6,-0.8343986868858337,1.2147544622421265,0.5431739687919617
2025-07-15,03:03:17.6,-0.8725737929344177,2.9867019653320312,1.5812610387802124
2025-07-15,03:03:17.6,-0.7498680949211121,0.5837976336479187,0.5352963209152222
2025-07-15,03:03:17.6,-0.8862076997756958,1.557657241821289,1.243782877922058
2025-07-15,03:03:18.1,-0.038175102323293686,0.07201803475618362,0.031143445521593094
2025-07-15,03:03:18.1,-0.7212367653846741,0.13243363797664642,0.684989333152771
2025-07-15,03:03:18.1,-0.3762974143028259,0.9194723963737488,-0.14107532799243927
2025-07-15,03:03:18.1,-1.0920805931091309,3.663719415664673,0.6795930862426758
2025-07-15,03:03:18.1,-0.8875710964202881,3.763282060623169,1.230028748512268
2025-07-15,03:03:18.1,-1.221603274345398,4.704582214355469,0.5016204118728638
2025-07-15,03:03:18.1,-2.372309923171997,4.3929243087768555,0.829068660736084
2025-07-15,03:03:18.1,-1.0470885038375854,5.4123687744140625,0.892301082611084
2025-07-15,03:03:18.1,-1.1588870286941528,7.172764301300049,1.4894636869430542
2025-07-15,03:03:18.1,-1.087990403175354,1.2138786315917969,0.3022841215133667
2025-07-15,03:03:18.1,-0.9216560125350952,1.961169958114624,0.6718069911003113
2025-07-15,03:03:18.1,-0.7934967279434204,3.6368656158447266,2.013268232345581
2025-07-15,03:03:18.1,-2.2482407093048096,3.2543134689331055,-1.504837155342102
2025-07-15,03:03:18.1,-0.9066587090492249,5.172352313995361,2.4688243865966797
2025-07-15,03:03:18.1,-0.8875711560249329,0.8271253705024719,0.5977529287338257
2025-07-15,03:03:18.1,-0.12679587304592133,0.8317710757255554,-1.0589178800582886
2025-07-15,03:03:18.1,-0.6626107096672058,0.7785024046897888,0.5852394700050354
2025-07-15,03:03:18.3,-0.038175102323293686,0.07200654596090317,0.03117000125348568
2025-07-15,03:03:18.3,-0.6380695700645447,0.6216500401496887,0.7022528052330017
2025-07-15,03:03:18.3,0.09816454350948334,0.4309541881084442,-0.9492294192314148
2025-07-15,03:03:18.3,0.6871518492698669,0.7193573117256165,-0.326713502407074
2025-07-15,03:03:18.3,-1.2106961011886597,4.688853740692139,-0.037719327956438065
2025-07-15,03:03:18.3,-1.030727744102478,5.395699501037598,0.20832179486751556
2025-07-15,03:03:18.3,-1.3838474750518799,8.713654518127441,-0.7726412415504456
2025-07-15,03:03:18.3,-0.8180378675460815,1.9957879781723022,0.32603713870048523
2025-07-15,03:03:18.3,-0.7798628211021423,1.9961986541748047,0.7442898154258728
2025-07-15,03:03:18.3,-0.959831178188324,3.6769673824310303,0.5468543171882629
2025-07-15,03:03:18.3,-0.6271623969078064,3.6631808280944824,1.516139268875122
2025-07-15,03:03:18.3,-0.6476133465766907,3.8413593769073486,1.4153804779052734
2025-07-15,03:03:18.3,-2.195068359375,4.44191837310791,0.7901440262794495
2025-07-15,03:03:18.3,-1.0716296434402466,5.433439254760742,1.4123274087905884
2025-07-15,03:03:18.3,-1.1520700454711914,7.175106525421143,1.2471479177474976
2025-07-15,03:03:18.3,-0.8589398264884949,1.1405854225158691,0.5413213968276978
2025-07-15,03:03:18.3,-0.7635020613670349,1.2132879495620728,0.5260593891143799
2025-07-15,03:03:18.3,-1.8596729040145874,1.889343023300171,0.5375030040740967
2025-07-15,03:03:18.6,-0.038175102323293686,0.07200644910335541,0.031170230358839035
2025-07-15,03:03:18.6,-0.43901365995407104,0.23149140179157257,0.8721297383308411
2025-07-15,03:03:18.6,-0.8466691970825195,0.5212445259094238,-0.13559840619564056
2025-07-15,03:03:18.6,-0.05589925870299339,1.0700966119766235,-1.4323019981384277
2025-07-15,03:03:18.6,1.006186604499817,1.449924111366272,0.2915981113910675
2025-07-15,03:03:18.6,-1.14525306224823,3.4777228832244873,-0.1570710390806198
2025-07-15,03:03:18.6,-0.8303084969520569,3.660266637802124,0.5659897923469543
2025-07-15,03:03:18.6,-0.8916612863540649,4.654870986938477,0.3900696635246277
2025-07-15,03:03:18.6,-2.0205535888671875,4.492335796356201,0.6882445216178894
2025-07-15,03:03:18.6,-0.7089661955833435,5.413148403167725,1.5374362468719482
2025-07-15,03:03:18.6,-0.8889345526695251,7.055582046508789,0.040705639868974686
2025-07-15,03:03:18.6,-0.9107488989830017,7.096240997314453,1.3782470226287842
2025-07-15,03:03:18.6,-0.8221280574798584,8.73055648803711,-0.05729040876030922
2025-07-15,03:03:18.6,-0.668064296245575,1.9442037343978882,0.5864940285682678
2025-07-15,03:03:18.6,-0.6407963633537292,3.637925386428833,1.7815366983413696
2025-07-15,03:03:18.6,-0.8807541728019714,1.0249276161193848,0.6117173433303833
2025-07-15,03:03:18.6,-1.7178796529769897,1.8847969770431519,0.5906727910041809
2025-07-15,03:03:18.6,-0.6871518492698669,0.8172242045402527,0.5935330986976624
2025-07-15,03:03:18.9,-0.038175102323293686,0.07200665771961212,0.031169751659035683
2025-07-15,03:03:18.9,-0.4703717827796936,0.6604180932044983,0.5912105441093445
2025-07-15,03:03:18.9,-0.8780273199081421,0.2826472520828247,-0.3951077163219452
2025-07-15,03:03:18.9,-0.7198733687400818,0.2539196312427521,0.7167297005653381
2025-07-15,03:03:18.9,0.7853163480758667,0.3795093297958374,-0.5793489813804626
2025-07-15,03:03:18.9,-0.7921333909034729,3.511106252670288,0.39700058102607727
2025-07-15,03:03:18.9,-0.36402687430381775,3.649014711380005,1.276519775390625
2025-07-15,03:03:18.9,-0.5835337042808533,4.5900959968566895,0.6190700531005859
2025-07-15,03:03:18.9,-1.6797045469284058,4.542962074279785,0.6458479762077332
2025-07-15,03:03:18.9,-0.5030933022499084,5.307570457458496,0.6116160750389099
2025-07-15,03:03:18.9,-0.5235442519187927,5.3961873054504395,1.339176893234253
2025-07-15,03:03:18.9,-0.658520519733429,6.982395172119141,0.3900708556175232
2025-07-15,03:03:18.9,-0.4526476562023163,7.0260419845581055,1.6975436210632324
2025-07-15,03:03:18.9,-0.2699525058269501,8.633967399597168,0.07121342420578003
2025-07-15,03:03:18.9,-0.553538978099823,8.707618713378906,1.5201174020767212
2025-07-15,03:03:18.9,-0.6544303297996521,1.815826416015625,0.8124485611915588
2025-07-15,03:03:18.9,-0.7853164076805115,1.0234204530715942,0.5338860750198364
2025-07-15,03:03:18.9,-0.13088606297969818,0.37024277448654175,-1.3397517204284668
2025-07-15,03:03:18.9,-0.9543775916099548,1.0345025062561035,0.5922073125839233
2025-07-15,03:03:18.9,-0.610801637172699,0.8790537118911743,0.588642954826355
2025-07-15,03:03:19.3,-0.038175102323293686,0.07200725376605988,0.031168369576334953
2025-07-15,03:03:19.3,-0.45810121297836304,0.5411124229431152,0.7705419659614563
2025-07-15,03:03:19.3,-0.8507593870162964,0.6074100732803345,-0.06046285480260849
2025-07-15,03:03:19.3,2.4641303198971457e-35,6.457253388531973e-40,2.047241687774658
2025-07-15,03:03:19.3,563123362725888.0,2.000000476837158,1.5583593427828903e-25
2025-07-15,03:03:19.3,0.0,2.350988701644575e-38,3.6893488147419103e+19
2025-07-15,03:03:19.3,-23.63884925842285,49696216.0,5.6017480643754936e-39
2025-07-15,03:03:19.3,5.567095673342237e-09,1.546977038606508e+34,-0.0029171437490731478
2025-07-15,03:03:19.3,8.269499945982479e-17,5.83234714096325e-39,-0.005807074252516031
2025-07-15,03:03:19.3,-5.06985661730678e-21,-4.141528221802744e-17,-0.005765470676124096
2025-07-15,03:03:19.3,3.9695274278076787e+36,4.553978214971721e-05,-0.0029199097771197557
2025-07-15,03:03:19.3,-4.5220766356337015e+23,-2.269077243151707e+23,-3.854571289987378e-26
2025-07-15,03:03:19.3,1642203054080.0,-9.295689914451584e+26,-3.8627754434016764e-26
2025-07-15,03:03:19.3,0.37378519773483276,-2.382462791490611e+29,-3.864995039143984e-26
2025-07-15,03:03:19.3,-5.0582276211170205e-21,-0.7522927522659302,-3.855647653714697e-26
2025-07-15,03:03:19.3,-3.480426780111401e-10,2.803562271225246e-09,-3.857639835649171e-26
2025-07-15,03:03:19.6,-0.038175102323293686,0.07199148088693619,0.031204786151647568
2025-07-15,03:03:19.6,-0.7157831788063049,0.3853212893009186,0.727217972278595
2025-07-15,03:03:19.6,-0.3067642152309418,0.981476366519928,-0.3636810779571533
2025-07-15,03:03:19.6,-0.9271096587181091,2.789971351623535,0.39766600728034973
2025-07-15,03:03:19.6,-0.8684836030006409,3.7610220909118652,0.9289907813072205
2025-07-15,03:03:19.6,-0.7294171452522278,4.490513801574707,1.0468896627426147
2025-07-15,03:03:19.6,-0.9898258447647095,5.152148246765137,0.5866889953613281
2025-07-15,03:03:19.6,-0.988462507724762,6.2325639724731445,0.44540083408355713
2025-07-15,03:03:19.6,-0.8180379271507263,6.239803791046143,1.7954305410385132
2025-07-15,03:03:19.6,-1.0198205709457397,7.926892280578613,1.6390621662139893
2025-07-15,03:03:19.6,-0.7635020613670349,2.7518398761749268,1.0823159217834473
2025-07-15,03:03:19.6,-0.610801637172699,1.015735149383545,0.7378002405166626
2025-07-15,03:03:19.6,-0.13088606297969818,0.5875445008277893,-1.2596848011016846
2025-07-15,03:03:19.6,-0.7635020613670349,1.150354266166687,0.6522969603538513
2025-07-15,03:03:19.6,-0.5930774807929993,0.9276774525642395,0.6232861280441284
2025-07-15,03:03:19.9,-0.038175102323293686,0.07198769599199295,0.031213512644171715
2025-07-15,03:03:19.9,-0.9816455245018005,6.205140113830566,0.05301617830991745
2025-07-15,03:03:19.9,-0.998006284236908,7.912710189819336,0.37155938148498535
2025-07-15,03:03:19.9,-0.973465085029602,1.9038629531860352,0.6152864098548889
2025-07-15,03:03:19.9,-1.259778380393982,2.4326798915863037,0.8868540525436401
2025-07-15,03:03:19.9,-0.8466692566871643,2.6116397380828857,1.234857439994812
2025-07-15,03:03:19.9,-0.8493960499763489,3.661884069442749,0.972861111164093
2025-07-15,03:03:19.9,-0.7226001620292664,4.459872245788574,0.9872664213180542
2025-07-15,03:03:19.9,-0.7635020613670349,4.609401702880859,1.430914044380188
2025-07-15,03:03:19.9,-0.8180379271507263,5.134354114532471,0.6156955361366272
2025-07-15,03:03:19.9,-0.8125843405723572,6.147994518280029,1.9495227336883545
2025-07-15,03:03:19.9,-1.0143669843673706,7.817610740661621,1.9256703853607178
2025-07-15,03:03:19.9,-0.8343986868858337,1.0176746845245361,0.6844851970672607
2025-07-15,03:03:19.9,-0.6953322291374207,0.9898359775543213,0.4998539686203003
2025-07-15,03:03:19.9,-0.20450948178768158,0.7646555304527283,-1.04239821434021
2025-07-15,03:03:20.3,-0.038175102323293686,0.07198275625705719,0.031224902719259262
2025-07-15,03:03:20.3,0.2126898467540741,0.13540761172771454,1.1059694290161133
2025-07-15,03:03:20.3,-0.7362341284751892,7.8121490478515625,-0.316975861787796
2025-07-15,03:03:20.3,-0.639432966709137,2.6902501583099365,0.9477993249893188
2025-07-15,03:03:20.3,-0.7198733687400818,3.669553518295288,0.8698123693466187
2025-07-15,03:03:20.3,-0.7089661955833435,4.387232303619385,0.915100634098053
2025-07-15,03:03:20.3,-0.43765026330947876,4.420299530029297,1.436021327972412
2025-07-15,03:03:20.3,-0.5998944640159607,4.644469261169434,1.0492515563964844
2025-07-15,03:03:20.3,-0.8044039607048035,5.0777435302734375,0.27068033814430237
2025-07-15,03:03:20.3,-0.7744092345237732,6.139576435089111,0.2954860329627991
2025-07-15,03:03:20.3,-0.8016771674156189,6.134677410125732,1.6896657943725586
2025-07-15,03:03:20.3,-0.7566850185394287,7.869690895080566,1.6252354383468628
2025-07-15,03:03:20.3,-0.6953322291374207,1.1502883434295654,0.627497136592865
2025-07-15,03:03:20.3,-0.6544303297996521,0.9055176973342896,0.681817352771759
2025-07-15,03:03:20.6,-0.038175102323293686,0.07198448479175568,0.031220918521285057
2025-07-15,03:03:20.6,0.17724154889583588,0.2091676890850067,-1.1007156372070312
2025-07-15,03:03:20.6,-0.7689555883407593,1.7500087022781372,0.7422437071800232
2025-07-15,03:03:20.6,-0.9448338150978088,2.5635228157043457,0.30080243945121765
2025-07-15,03:03:20.6,-0.5862604975700378,3.6451776027679443,0.6685724258422852
2025-07-15,03:03:20.6,-0.5562657713890076,4.291608810424805,1.0374424457550049
2025-07-15,03:03:20.6,-0.6326159834861755,4.999952793121338,0.461799681186676
2025-07-15,03:03:20.6,-0.572626531124115,6.040376663208008,0.7027202844619751
2025-07-15,03:03:20.6,-0.3953849971294403,6.054231643676758,1.791716456413269
2025-07-15,03:03:20.6,-0.4962763488292694,7.753426551818848,1.6396291255950928
2025-07-15,03:03:20.6,-0.7853164076805115,0.9316231608390808,0.6815438270568848
2025-07-15,03:03:20.6,-0.1745147556066513,1.2214404344558716,-0.6532790660858154
2025-07-15,03:03:20.9,-0.038175102323293686,0.07199148088693619,0.031204786151647568
2025-07-15,03:03:20.9,-0.38993141055107117,1.062148928642273,0.08083191514015198
2025-07-15,03:03:20.9,0.2481381595134735,0.3366963863372803,-1.0544209480285645
2025-07-15,03:03:20.9,-0.7730458378791809,2.520214557647705,0.7783069610595703
2025-07-15,03:03:20.9,-0.35448309779167175,2.657562255859375,0.9240314364433289
2025-07-15,03:03:20.9,-1.3293116092681885,2.1663246154785156,-1.2578145265579224
2025-07-15,03:03:20.9,-0.883480966091156,3.367534637451172,0.6064562201499939
2025-07-15,03:03:20.9,-0.572626531124115,3.570111036300659,0.5976946353912354
2025-07-15,03:03:20.9,-0.5508121848106384,4.309312343597412,0.7373283505439758
2025-07-15,03:03:20.9,-0.2835864722728729,4.427344799041748,0.9518647193908691
2025-07-15,03:03:20.9,-0.43765026330947876,4.516679286956787,1.0958163738250732
2025-07-15,03:03:20.9,-0.4703717827796936,4.985759258270264,0.3069878816604614
2025-07-15,03:03:20.9,-0.38175103068351746,6.050822734832764,0.7414008975028992
2025-07-15,03:03:20.9,-0.39265820384025574,6.084409236907959,1.5152502059936523
2025-07-15,03:03:20.9,-0.4880959689617157,7.763322830200195,0.6938450336456299
2025-07-15,03:03:20.9,-0.24677477777004242,7.7215189933776855,1.6360268592834473
2025-07-15,03:03:20.9,-0.7853163480758667,1.7956345081329346,0.7379379272460938
2025-07-15,03:03:20.9,-0.7607752680778503,2.4264609813690186,0.9221805930137634
2025-07-15,03:03:20.9,-0.7185099720954895,0.9056384563446045,0.7019899487495422
2025-07-15,03:03:20.9,-0.6026212573051453,1.1695541143417358,0.6851230263710022
2025-07-15,03:03:20.9,-1.5679060220718384,1.3121141195297241,0.7607123255729675
2025-07-15,03:03:21.3,-0.038175102323293686,0.07198560982942581,0.031218329444527626
2025-07-15,03:03:21.3,0.04499208554625511,1.3258910179138184,-0.5593385696411133
2025-07-15,03:03:21.3,-1.3047704696655273,0.3157014548778534,-0.5203627347946167
2025-07-15,03:03:21.3,-0.6217088103294373,3.0888726711273193,1.0328327417373657
2025-07-15,03:03:21.3,-0.7362341284751892,3.680018901824951,1.154758334159851
2025-07-15,03:03:21.3,-0.610801637172699,4.712115287780762,1.140142798423767
2025-07-15,03:03:21.3,-0.8180379271507263,6.418353080749512,0.9815627336502075
2025-07-15,03:03:21.3,-0.8289451003074646,6.4814276695251465,1.1320534944534302
2025-07-15,03:03:21.3,-0.6339793801307678,6.449183940887451,1.9330757856369019
2025-07-15,03:03:21.3,-0.777135968208313,8.078428268432617,1.6882084608078003
2025-07-15,03:03:21.3,-0.7894065380096436,8.086958885192871,2.209073305130005
2025-07-15,03:03:21.3,-1.1397994756698608,1.203083872795105,-0.045234907418489456
2025-07-15,03:03:21.3,-0.8698469996452332,2.1722075939178467,0.963394045829773
2025-07-15,03:03:21.3,-0.7607752680778503,2.357067346572876,1.0873658657073975
2025-07-15,03:03:21.3,-0.648976743221283,4.772871017456055,1.9373860359191895
2025-07-15,03:03:21.3,-1.7342402935028076,1.3425697088241577,0.7326277494430542
2025-07-15,03:03:21.6,-0.038175102323293686,0.07197593152523041,0.03124063089489937
2025-07-15,03:03:21.6,0.572626531124115,1.0724494457244873,0.4848371744155884
2025-07-15,03:03:21.6,-0.16360758244991302,0.6501737833023071,-1.1241097450256348
2025-07-15,03:03:21.6,-1.1411628723144531,3.7679901123046875,0.9813473224639893
2025-07-15,03:03:21.6,-0.7566850781440735,4.596403121948242,1.3240337371826172
2025-07-15,03:03:21.6,-1.015730381011963,6.209165096282959,1.6350315809249878
2025-07-15,03:03:21.6,-1.28840970993042,7.9118828773498535,1.9327924251556396
2025-07-15,03:03:21.6,-0.7812261581420898,7.999813556671143,2.198380470275879
2025-07-15,03:03:21.6,-1.946930170059204,8.498082160949707,1.7906839847564697
2025-07-15,03:03:21.6,-0.7907699942588806,2.21728253364563,0.9282180070877075
2025-07-15,03:03:21.6,-0.7962235808372498,2.7794134616851807,1.335829496383667
2025-07-15,03:03:21.6,-0.6135284304618835,2.837757110595703,1.5092034339904785
2025-07-15,03:03:21.6,-0.9707383513450623,3.3723158836364746,1.6620709896087646
2025-07-15,03:03:21.6,-0.8044039607048035,4.607946872711182,2.1502492427825928
2025-07-15,03:03:21.6,-0.629889190196991,6.311779499053955,2.215219497680664
2025-07-15,03:03:21.6,-0.8316718935966492,1.9251394271850586,1.6385798454284668
2025-07-15,03:03:22.0,-0.038175102323293686,0.07197804749011993,0.031235752627253532
2025-07-15,03:03:22.0,-0.16360758244991302,1.0481966733932495,-0.7665718197822571
2025-07-15,03:03:22.0,-1.24069082736969,3.5409340858459473,1.2980936765670776
2025-07-15,03:03:22.0,-1.021183967590332,4.365659713745117,1.3003628253936768
2025-07-15,03:03:22.0,-0.8998416662216187,4.492761135101318,1.4273316860198975
2025-07-15,03:03:22.0,-1.00209641456604,6.092652320861816,1.7341607809066772
2025-07-15,03:03:22.0,-1.0225473642349243,6.314547538757324,1.3815908432006836
2025-07-15,03:03:22.0,-0.8289451003074646,6.3495049476623535,1.7245968580245972
2025-07-15,03:03:22.0,-1.5133700370788574,7.708747386932373,1.85227370262146
2025-07-15,03:03:22.0,-1.274775743484497,7.855494976043701,1.7967538833618164
2025-07-15,03:03:22.0,-1.0361813306808472,7.9234619140625,2.204556941986084
2025-07-15,03:03:22.0,-2.4786548614501953,8.183192253112793,2.1355342864990234
2025-07-15,03:03:22.0,-1.19297194480896,0.952877402305603,0.024170534685254097
2025-07-15,03:03:22.0,-0.854849636554718,1.985163927078247,1.2299209833145142
2025-07-15,03:03:22.0,-0.7962235808372498,2.799513101577759,1.2931766510009766
2025-07-15,03:03:22.0,-0.7907699942588806,4.403326988220215,2.3660905361175537
2025-07-15,03:03:22.0,-1.1916085481643677,1.0201466083526611,0.5366283655166626
2025-07-15,03:03:22.3,-0.038175102323293686,0.07197775691747665,0.031236417591571808
2025-07-15,03:03:22.3,-0.8589398264884949,2.7189135551452637,1.0939369201660156
2025-07-15,03:03:22.3,-1.021183967590332,4.267472267150879,1.593300700187683
2025-07-15,03:03:22.3,-0.9325631856918335,4.482335090637207,1.9432947635650635
2025-07-15,03:03:22.3,-1.1861549615859985,6.0010833740234375,1.612554669380188
2025-07-15,03:03:22.3,-1.227056860923767,6.030059337615967,2.2272462844848633
2025-07-15,03:03:22.3,-1.7560546398162842,7.577417850494385,1.98560631275177
2025-07-15,03:03:22.3,-1.2815927267074585,7.709639072418213,2.4889683723449707
2025-07-15,03:03:22.3,-2.9994723796844482,7.981609344482422,1.853529691696167
2025-07-15,03:03:22.3,-2.4909253120422363,8.350996971130371,1.5798488855361938
2025-07-15,03:03:22.3,-0.8998416662216187,1.768358826637268,1.3495056629180908
2025-07-15,03:03:22.3,-1.259778380393982,0.6935962438583374,0.06894475966691971
2025-07-15,03:03:22.3,-0.040901895612478256,0.8517032861709595,-0.9929978251457214
2025-07-15,03:03:22.3,0.4499208629131317,1.0184834003448486,0.6880254745483398
2025-07-15,03:03:22.6,-0.038175102323293686,0.07197226583957672,0.03124907799065113
2025-07-15,03:03:22.6,-0.9271096587181091,2.580535411834717,1.1326589584350586
2025-07-15,03:03:22.6,-1.3006802797317505,4.151923179626465,1.5675045251846313
2025-07-15,03:03:22.6,-1.614261507987976,5.754857063293457,2.443199872970581
2025-07-15,03:03:22.6,-2.220973014831543,7.3566789627075195,1.8182117938995361
2025-07-15,03:03:22.6,-1.7751421928405762,7.48343563079834,2.588289260864258
2025-07-15,03:03:22.6,-3.509382486343384,7.803565979003906,1.1882470846176147
2025-07-15,03:03:22.6,-2.740427017211914,8.178068161010742,1.584626317024231
2025-07-15,03:03:22.6,-0.8671201467514038,1.7737324237823486,1.2036619186401367
2025-07-15,03:03:22.6,-1.265231966972351,0.5424614548683167,0.23252783715724945
2025-07-15,03:03:22.6,-0.7566850781440735,1.0702331066131592,0.9422680139541626
2025-07-15,03:03:22.6,-1.0907171964645386,1.306735634803772,0.38512104749679565
2025-07-15,03:03:22.6,-0.43628689646720886,1.06309974193573,1.3133974075317383
2025-07-15,03:03:22.6,1.4724682569503784,1.1739059686660767,0.5552420616149902
2025-07-15,03:03:22.9,-0.038175102323293686,0.07196933776140213,0.0312558189034462
2025-07-15,03:03:22.9,-0.17724154889583588,0.14298540353775024,-0.37213823199272156
2025-07-15,03:03:22.9,-0.013633965514600277,0.4324145019054413,0.056374382227659225
2025-07-15,03:03:22.9,-1.2638685703277588,4.15401554107666,1.1578532457351685
2025-07-15,03:03:22.9,-1.537911295890808,5.843301296234131,1.154728651046753
2025-07-15,03:03:22.9,-1.3743036985397339,5.801588535308838,1.980672001838684
2025-07-15,03:03:22.9,-1.4029350280761719,5.911487579345703,2.053779125213623
2025-07-15,03:03:22.9,-1.7083358764648438,7.493719100952148,1.3836952447891235
2025-07-15,03:03:22.9,-1.5051896572113037,7.5980544090271,2.108931541442871
2025-07-15,03:03:22.9,-2.9394829273223877,7.898685455322266,1.4469348192214966
2025-07-15,03:03:22.9,-1.00209641456604,1.7345259189605713,0.7466163039207458
2025-07-15,03:03:22.9,-0.992552638053894,1.7805774211883545,0.9956633448600769
2025-07-15,03:03:22.9,-1.312950849533081,4.134170055389404,1.725555419921875
2025-07-15,03:03:22.9,-1.059359073638916,4.115900993347168,2.3215677738189697
2025-07-15,03:03:22.9,-1.030727744102478,1.6263195276260376,1.3576383590698242
2025-07-15,03:03:22.9,-1.227056860923767,0.45529288053512573,0.01249147392809391
2025-07-15,03:03:22.9,-0.7416877150535583,0.11684316396713257,1.1770269870758057
2025-07-15,03:03:22.9,-1.3088606595993042,0.48381367325782776,-0.044200874865055084
2025-07-15,03:03:22.9,-0.6135284304618835,1.8646620512008667,-0.03361319378018379
2025-07-15,03:03:23.3,-0.038175102323293686,0.07197017967700958,0.0312538705766201
2025-07-15,03:03:23.3,-1.2515980005264282,4.079195022583008,1.263840675354004
2025-07-15,03:03:23.3,-1.28840970993042,4.147415637969971,1.4576070308685303
2025-07-15,03:03:23.3,-1.5270041227340698,5.769653797149658,1.298929214477539
2025-07-15,03:03:23.3,-1.5815399885177612,5.776315689086914,2.0379416942596436
2025-07-15,03:03:23.3,2.4641303198971457e-35,6.457253388531973e-40,-2.047241687774658
2025-07-15,03:03:23.3,-3.620955231815327e-42,-6.617446478146032e-24,1.1862418674599913e-29
2025-07-15,03:03:23.3,0.0,2.350988701644575e-38,-1.5845632502852868e+29
2025-07-15,03:03:23.3,-3.068498068597183e+34,12424025.0,5.602042337053002e-39
2025-07-15,03:03:23.3,6449702400.0,-2.678037176037846e-15,-7.726899962210797e-26
2025-07-15,03:03:23.3,3.0954630749936334e-25,-806372160.0,-0.0029242103919386864
2025-07-15,03:03:23.3,-102876479488.0,2.370198912444357e-30,-0.0029237475246191025
2025-07-15,03:03:23.3,-1.2163097450927042e+32,-52938202415104.0,-0.002925319829955697
2025-07-15,03:03:23.3,422289707368448.0,808672256.0,-0.0029225051403045654
2025-07-15,03:03:23.6,-0.038175102323293686,0.07193950563669205,0.03132440894842148
2025-07-15,03:03:23.6,-2.113264560699463,6.272208213806152,1.3871577978134155
2025-07-15,03:03:23.6,-2.6245384216308594,7.106802940368652,0.9479921460151672
2025-07-15,03:03:23.6,-3.0921831130981445,7.637892246246338,-0.3075419068336487
2025-07-15,03:03:23.6,-2.380490303039551,8.021184921264648,1.2777236700057983
2025-07-15,03:03:23.6,-0.2863132655620575,1.1173521280288696,-1.0006451606750488
2025-07-15,03:03:23.6,-0.8589398264884949,1.1251945495605469,0.572626531124115
2025-07-15,03:03:23.6,-1.2297836542129517,3.026014804840088,1.459365963935852
2025-07-15,03:03:23.6,-1.4479271173477173,4.527987003326416,1.9760186672210693
2025-07-15,03:03:23.6,-2.8508620262145996,4.281890392303467,1.528228998184204
2025-07-15,03:03:23.6,-2.1678004264831543,6.253597736358643,2.0771596431732178
2025-07-15,03:03:23.6,-1.9755616188049316,6.143916606903076,2.7729222774505615
2025-07-15,03:03:23.6,-2.6995251178741455,7.848426818847656,2.395432233810425
2025-07-15,03:03:23.6,-1.068902850151062,1.5017571449279785,1.0827674865722656
2025-07-15,03:03:23.9,-0.038175102323293686,0.0719534382224083,0.031292401254177094
2025-07-15,03:03:23.9,-1.0634492635726929,3.0216064453125,1.1487542390823364
2025-07-15,03:03:23.9,-0.9939160943031311,3.1582295894622803,1.2354487180709839
2025-07-15,03:03:23.9,-1.2761391401290894,4.638763904571533,1.7058240175247192
2025-07-15,03:03:23.9,-2.4950156211853027,4.662924766540527,0.6026321649551392
2025-07-15,03:03:23.9,-1.6797045469284058,6.26937198638916,1.7366888523101807
2025-07-15,03:03:23.9,-1.5270041227340698,6.379593849182129,2.3869822025299072
2025-07-15,03:03:23.9,-2.1350789070129395,7.1736040115356445,1.2688874006271362
2025-07-15,03:03:23.9,-2.3068668842315674,7.87101936340332,-0.03739003837108612
2025-07-15,03:03:23.9,-2.105084180831909,7.920342445373535,1.9336130619049072
2025-07-15,03:03:23.9,-1.8801237344741821,7.907390117645264,2.794600486755371
2025-07-15,03:03:23.9,-0.1854219287633896,1.1215518712997437,-0.952965259552002
2025-07-15,03:03:23.9,-1.00209641456604,1.6593571901321411,0.9014155864715576
2025-07-15,03:03:24.3,-0.038175102323293686,0.07193741202354431,0.031329233199357986
2025-07-15,03:03:24.3,-0.8616666197776794,2.989144802093506,1.4839318990707397
2025-07-15,03:03:24.3,-0.9489239454269409,4.678288459777832,1.6811155080795288
2025-07-15,03:03:24.3,-2.29050612449646,4.528828144073486,1.285750389099121
2025-07-15,03:03:24.3,-1.0429983139038086,6.3351969718933105,1.826358437538147
2025-07-15,03:03:24.3,-1.4888290166854858,6.441188812255859,1.6177585124969482
2025-07-15,03:03:24.3,-0.8671202063560486,6.474510192871094,2.3345789909362793
2025-07-15,03:03:24.3,-1.6510732173919678,7.202390193939209,1.5389155149459839
2025-07-15,03:03:24.3,-2.0396411418914795,7.86957311630249,0.6869211792945862
2025-07-15,03:03:24.3,-1.0416349172592163,8.170441627502441,1.264549732208252
2025-07-15,03:03:24.3,-1.3156776428222656,7.988295555114746,2.3147780895233154
2025-07-15,03:03:24.3,-1.33612859249115,8.220036506652832,1.9414339065551758
2025-07-15,03:03:24.3,-0.8780273199081421,1.5360777378082275,0.9472378492355347
2025-07-15,03:03:24.3,-0.8507593870162964,1.5338753461837769,1.144120693206787
2025-07-15,03:03:24.3,-2.061455488204956,1.516478419303894,1.0027647018432617
2025-07-15,03:03:24.6,-0.038175102323293686,0.07193750888109207,0.03132900595664978
2025-07-15,03:03:24.6,-0.7444145083427429,2.9686405658721924,1.4878466129302979
2025-07-15,03:03:24.6,-1.3088606595993042,3.720463752746582,1.4097315073013306
2025-07-15,03:03:24.6,-0.7839530110359192,4.7021355628967285,1.5648096799850464
2025-07-15,03:03:24.6,-2.1091744899749756,4.574483394622803,1.2571461200714111
2025-07-15,03:03:24.6,-0.8289451003074646,6.36016845703125,1.6848477125167847
2025-07-15,03:03:24.6,-1.1725209951400757,7.3504557609558105,0.952907145023346
2025-07-15,03:03:24.6,-1.5215504169464111,7.961090087890625,0.3976311683654785
2025-07-15,03:03:24.6,-1.0361813306808472,8.11638069152832,1.3287919759750366
2025-07-15,03:03:24.6,-0.7975869178771973,7.901405334472656,3.051360607147217
2025-07-15,03:03:24.6,-0.3149445950984955,0.3402878940105438,-1.3630424737930298
2025-07-15,03:03:24.6,0.5848971009254456,1.3155715465545654,0.006131727714091539
2025-07-15,03:03:24.6,-2.0069196224212646,1.6864498853683472,0.9616355895996094
2025-07-15,03:03:24.9,-0.038175102323293686,0.0719328224658966,0.031339772045612335
2025-07-15,03:03:24.9,-0.6135284304618835,2.9845900535583496,1.1928043365478516
2025-07-15,03:03:24.9,-0.46628159284591675,4.739550590515137,1.434098243713379
2025-07-15,03:03:24.9,-1.7696887254714966,4.672807693481445,1.2397098541259766
2025-07-15,03:03:24.9,-0.6176186203956604,6.3356804847717285,1.6966286897659302
2025-07-15,03:03:24.9,-0.42810651659965515,6.590092182159424,1.8182035684585571
2025-07-15,03:03:24.9,-1.2611417770385742,7.972171306610107,0.0010520685464143753
2025-07-15,03:03:24.9,-0.7730457782745361,8.057109832763672,1.5744712352752686
2025-07-15,03:03:24.9,-0.5289978384971619,8.032859802246094,2.6138174533843994
2025-07-15,03:03:24.9,-0.5317246317863464,3.0221564769744873,1.471225619316101
2025-07-15,03:03:25.2,-0.038175102323293686,0.07192707061767578,0.03135295957326889
2025-07-15,03:03:25.2,-0.9652847051620483,2.242502450942993,0.8156962394714355
2025-07-15,03:03:25.2,-0.6217088103294373,2.9727132320404053,1.330734372138977
2025-07-15,03:03:25.2,-0.610801637172699,4.597133636474609,1.5395833253860474
2025-07-15,03:03:25.2,-1.7546913623809814,4.602414608001709,1.3399003744125366
2025-07-15,03:03:25.2,-0.6135284304618835,6.257112503051758,1.8165991306304932
2025-07-15,03:03:25.2,-2.2945964336395264,6.265486240386963,0.1914857029914856
2025-07-15,03:03:25.2,0.0,5.164138317108154,4.229637145996094
2025-07-15,03:03:25.2,-0.6380695700645447,6.499545574188232,1.9161009788513184
2025-07-15,03:03:25.2,-1.2475078105926514,7.843530654907227,-0.8171983957290649
2025-07-15,03:03:25.2,-0.5180906653404236,7.825874328613281,2.6837031841278076
2025-07-15,03:03:25.2,-0.5262710452079773,8.214705467224121,1.773053765296936
2025-07-15,03:03:25.2,-0.6544303297996521,1.3616132736206055,0.8736532926559448
2025-07-15,03:03:25.2,-0.05453586205840111,1.4492429494857788,-0.9707011580467224
2025-07-15,03:03:25.2,-0.2781328856945038,0.26096975803375244,-1.4335060119628906
2025-07-15,03:03:25.2,-1.0198205709457397,0.9594476222991943,0.4897233247756958
2025-07-15,03:03:25.6,-0.038175102323293686,0.07192642986774445,0.031354427337646484
2025-07-15,03:03:25.6,0.019087551161646843,0.605856716632843,0.0751795768737793
2025-07-15,03:03:25.6,-1.8978478908538818,4.6249284744262695,0.7881621718406677
2025-07-15,03:03:25.6,-0.8125843405723572,6.275691986083984,1.4880083799362183
2025-07-15,03:03:25.6,-1.14525306224823,7.137598991394043,1.210951805114746
2025-07-15,03:03:25.6,-1.4888290166854858,7.788726806640625,-0.41160455346107483
2025-07-15,03:03:25.6,-1.0198205709457397,8.000057220458984,1.2333810329437256
2025-07-15,03:03:25.6,2.715641268049316e-29,-3.96035688056079e+19,2.8068981269204453e+33
2025-07-15,03:03:25.6,-1.021402997278737e+22,-610040645943296.0,2.139040231704712
2025-07-15,03:03:25.6,36855386112.0,-4.446415701944679e+34,1.773749010426598e+35
2025-07-15,03:03:25.6,4.430316044145765e+34,-6.439395185858053e+23,35503.03125
2025-07-15,03:03:25.6,0.0001321883755736053,-1.110526390560334e+31,-4.264495551534581e-31
2025-07-15,03:03:25.9,-0.038175102323293686,0.0719253197312355,0.03135697543621063
2025-07-15,03:03:25.9,-0.7226001620292664,4.23766565322876,1.7050933837890625
2025-07-15,03:03:25.9,-0.7853164076805115,5.979459285736084,1.760552167892456
2025-07-15,03:03:25.9,-0.8180379271507263,5.974823474884033,2.5416934490203857
2025-07-15,03:03:25.9,-1.9305695295333862,7.449966907501221,0.6359784603118896
2025-07-15,03:03:25.9,-0.9925526976585388,7.618551731109619,2.005692720413208
2025-07-15,03:03:25.9,-1.0143669843673706,7.345074653625488,3.297441244125366
2025-07-15,03:03:26.3,-0.038175102323293686,0.0719185322523117,0.0313725471496582
2025-07-15,03:03:26.3,-0.8753005266189575,4.219123840332031,1.7959911823272705
2025-07-15,03:03:26.3,-0.7853164076805115,5.988863945007324,1.728289246559143
2025-07-15,03:03:26.3,-0.601257860660553,6.304201126098633,1.0136367082595825
2025-07-15,03:03:26.3,-2.8058700561523438,3.875828266143799,4.270476818084717
2025-07-15,03:03:26.3,-1.0225473642349243,5.8782196044921875,2.6886496543884277
2025-07-15,03:03:26.3,-1.6892483234405518,7.42828369140625,1.2651567459106445
2025-07-15,03:03:26.3,-0.9925526976585388,7.537940502166748,2.290107488632202
2025-07-15,03:03:26.3,-1.5133700370788574,7.675079345703125,1.987174391746521
2025-07-15,03:03:26.3,-1.6278953552246094,8.26999282836914,2.0823521614074707
2025-07-15,03:03:26.6,-0.038175102323293686,0.07192249596118927,0.03136344626545906
2025-07-15,03:03:26.6,-0.8753005266189575,4.162237167358398,1.9241546392440796
2025-07-15,03:03:26.6,-0.7798628211021423,5.965613842010498,1.6514140367507935
2025-07-15,03:03:26.6,-1.015730381011963,5.841362476348877,2.665623188018799
2025-07-15,03:03:26.6,-1.6892483234405518,7.483616828918457,0.8806202411651611
2025-07-15,03:03:26.6,-1.4888290166854858,7.257274150848389,2.8575613498687744
2025-07-15,03:03:26.6,-0.7648653984069824,7.706563472747803,2.5663273334503174
2025-07-15,03:03:26.6,-1.3565795421600342,8.445520401000977,1.4872437715530396
2025-07-15,03:03:26.9,-0.038175102323293686,0.0719190463423729,0.03137136250734329
2025-07-15,03:03:26.9,-0.8753005266189575,4.085250377655029,2.082623243331909
2025-07-15,03:03:26.9,-0.9748285412788391,5.866725444793701,1.8855093717575073
2025-07-15,03:03:26.9,-1.4029350280761719,5.809375762939453,2.3269832134246826
2025-07-15,03:03:26.9,-1.015730381011963,5.733903408050537,2.889535427093506
2025-07-15,03:03:26.9,-1.5651792287826538,6.542122840881348,2.438518762588501
2025-07-15,03:03:26.9,-0.9925526976585388,7.46854305267334,2.5071895122528076
2025-07-15,03:03:26.9,-1.2679587602615356,7.620399475097656,2.484748125076294
2025-07-15,03:03:26.9,-0.07635020464658737,0.16972392797470093,1.2073438167572021
2025-07-15,03:03:26.9,-1.6892483234405518,7.459868431091309,1.0631928443908691
2025-07-15,03:03:27.3,-0.038175102323293686,0.07191595435142517,0.031378455460071564
2025-07-15,03:03:27.3,-0.05726265534758568,1.3779947757720947,-1.2064656019210815
2025-07-15,03:03:27.3,0.07635020464658737,0.38853704929351807,1.1556488275527954
2025-07-15,03:03:27.3,-0.572626531124115,1.07481849193573,0.09580589830875397
2025-07-15,03:03:27.3,-0.8671201467514038,4.071742534637451,2.014030694961548
2025-07-15,03:03:27.3,-0.7853164076805115,5.9796929359436035,1.7597578763961792
2025-07-15,03:03:27.3,-1.919662356376648,7.25890588760376,1.607743263244629
2025-07-15,03:03:27.3,-1.2338738441467285,7.404932022094727,2.4502806663513184
2025-07-15,03:03:27.3,-1.2679587602615356,7.941824913024902,1.0825332403182983
2025-07-15,03:03:27.3,-1.3565795421600342,8.183734893798828,2.562263011932373
2025-07-15,03:03:27.6,-0.038175102323293686,0.07191149890422821,0.03138865903019905
2025-07-15,03:03:27.6,-0.8712103962898254,1.9782737493515015,2.2187340259552
2025-07-15,03:03:27.6,-1.1561602354049683,3.886866331100464,2.2232565879821777
2025-07-15,03:03:27.6,-1.04981529712677,0.962592601776123,0.5504951477050781
2025-07-15,03:03:27.6,-0.07635020464658737,0.6520020365715027,1.030232310295105
2025-07-15,03:03:27.6,-1.1697942018508911,5.755399703979492,2.1049604415893555
2025-07-15,03:03:27.6,-1.919662356376648,7.284906387329102,1.4854952096939087
2025-07-15,03:03:27.6,-1.4806486368179321,7.264672756195068,2.718740224838257
2025-07-15,03:03:27.9,-0.038175102323293686,0.07191594690084457,0.03137846663594246
2025-07-15,03:03:27.9,-0.07635020464658737,0.4531947076320648,1.1318567991256714
2025-07-15,03:03:27.9,-0.496276319026947,1.0994513034820557,-0.19295360147953033
2025-07-15,03:03:27.9,-0.05589925870299339,1.3542373180389404,-1.1673204898834229
2025-07-15,03:03:27.9,-1.1561602354049683,4.0748395919799805,1.8564163446426392
2025-07-15,03:03:27.9,-1.364759922027588,5.566313743591309,2.465256690979004
2025-07-15,03:03:27.9,-2.405031442642212,5.589935302734375,2.0249364376068115
2025-07-15,03:03:27.9,-2.1596200466156006,7.232774257659912,1.4087845087051392
2025-07-15,03:03:27.9,-1.7274234294891357,7.127374649047852,2.9284591674804688
2025-07-15,03:03:27.9,-1.5051896572113037,6.853306293487549,3.9000277519226074
2025-07-15,03:03:27.9,-4.013839244842529,6.653121471405029,-2.0170998573303223
2025-07-15,03:03:28.3,-0.038175102323293686,0.07187575101852417,0.031470440328121185
2025-07-15,03:03:28.3,-1.1561602354049683,1.869236946105957,0.7183821201324463
2025-07-15,03:03:28.3,-1.4452003240585327,4.132200717926025,1.4911792278289795
2025-07-15,03:03:28.3,-1.7546913623809814,5.726161003112793,1.7481549978256226
2025-07-15,03:03:28.3,-1.8283147811889648,5.7062458992004395,2.5208709239959717
2025-07-15,03:03:28.3,-2.639535665512085,7.187427520751953,-0.5791330933570862
2025-07-15,03:03:28.3,-2.1841611862182617,7.351354122161865,1.2232491970062256
2025-07-15,03:03:28.3,-1.996012568473816,7.4246344566345215,2.153090238571167
2025-07-15,03:03:28.3,-2.2823257446289062,7.453439712524414,2.2559707164764404
2025-07-15,03:03:28.3,-2.429572582244873,8.205105781555176,1.1818392276763916
2025-07-15,03:03:28.6,-0.038175102323293686,0.0718742236495018,0.03147391229867935
2025-07-15,03:03:28.6,-1.24069082736969,2.3653340339660645,1.480826735496521
2025-07-15,03:03:28.6,-1.4315663576126099,3.9030778408050537,1.9241292476654053
2025-07-15,03:03:28.6,-1.7546913623809814,5.773095607757568,1.5862942934036255
2025-07-15,03:03:28.6,-1.9905589818954468,5.4287919998168945,2.672096014022827
2025-07-15,03:03:28.6,-1.5924471616744995,5.4424824714660645,2.9013278484344482
2025-07-15,03:03:28.6,-1.8283147811889648,5.655588626861572,2.632556200027466
2025-07-15,03:03:28.6,-2.6668035984039307,6.531437873840332,0.8953064680099487
2025-07-15,03:03:28.6,-2.879493474960327,7.117184638977051,-0.1259160190820694
2025-07-15,03:03:28.6,-2.220973014831543,7.457690238952637,1.3451670408248901
2025-07-15,03:03:28.6,-2.245514154434204,7.241174221038818,2.5036232471466064
2025-07-15,03:03:28.6,-2.2823257446289062,7.398990154266357,2.428603410720825
2025-07-15,03:03:28.6,-2.429572582244873,8.260616302490234,0.6947833895683289
2025-07-15,03:03:28.6,-1.00209641456604,0.8414018154144287,0.7871387004852295
2025-07-15,03:03:28.9,-0.038175102323293686,0.07188092172145844,0.031458623707294464
2025-07-15,03:03:28.9,-1.24069082736969,2.3442792892456055,1.5139374732971191
2025-07-15,03:03:28.9,-1.7178795337677002,3.905214786529541,1.6684904098510742
2025-07-15,03:03:28.9,-2.1296253204345703,5.662174224853516,1.33637535572052
2025-07-15,03:03:28.9,-2.219609498977661,5.597369194030762,2.331573724746704
2025-07-15,03:03:28.9,-3.3594090938568115,6.854288578033447,0.8335201144218445
2025-07-15,03:03:28.9,-2.944936513900757,7.187169075012207,1.1593689918518066
2025-07-15,03:03:28.9,-2.7445173263549805,7.227110862731934,1.99538254737854
2025-07-15,03:03:28.9,-2.5359175205230713,7.105293273925781,2.9893321990966797
2025-07-15,03:03:28.9,-2.969477653503418,8.054560661315918,0.9641507267951965
2025-07-15,03:03:29.2,-0.038175102323293686,0.0718756914138794,0.031470563262701035
2025-07-15,03:03:29.2,-0.38175103068351746,1.0396758317947388,-1.0512287616729736
2025-07-15,03:03:29.2,-1.4315663576126099,2.3476011753082275,1.3290420770645142
2025-07-15,03:03:29.2,-1.8610361814498901,3.8678884506225586,1.600517988204956
2025-07-15,03:03:29.2,-2.323227643966675,5.578653335571289,1.3647921085357666
2025-07-15,03:03:29.2,-2.4213922023773193,5.597696781158447,2.120399236679077
2025-07-15,03:03:29.2,-3.5993669033050537,6.74428653717041,0.7216775417327881
2025-07-15,03:03:29.2,-3.3975841999053955,6.902801513671875,1.0569097995758057
2025-07-15,03:03:29.2,-2.71452260017395,7.0209808349609375,2.3867404460906982
2025-07-15,03:03:29.2,-3.243520498275757,7.050931453704834,1.8732329607009888
2025-07-15,03:03:29.2,-3.509382486343384,7.6767191886901855,1.8372678756713867
2025-07-15,03:03:29.2,-3.026740312576294,3.344815731048584,1.761707067489624
2025-07-15,03:03:29.6,-0.038175102323293686,0.071874238550663,0.03147389367222786
2025-07-15,03:03:29.6,-1.5270041227340698,2.351043224334717,1.2115367650985718
2025-07-15,03:03:29.6,-2.4336626529693604,3.687006950378418,1.2119983434677124
2025-07-15,03:03:29.6,-2.710432291030884,5.474485397338867,1.031982660293579
2025-07-15,03:03:29.6,-3.6198179721832275,6.817122459411621,-0.23945477604866028
2025-07-15,03:03:29.6,-3.681170701980591,6.591018199920654,2.1632494926452637
2025-07-15,03:03:29.6,-1.0348179340362549,0.9423452615737915,0.33765071630477905
2025-07-15,03:03:29.6,-1.5174603462219238,1.5486299991607666,0.8036699295043945
2025-07-15,03:03:29.6,-0.6503401398658752,1.6873140335083008,-1.4411299228668213
2025-07-15,03:03:29.6,-3.178077220916748,3.3217222690582275,1.5226774215698242
2025-07-15,03:03:29.9,-0.038175102323293686,0.07186546176671982,0.03149392828345299
2025-07-15,03:03:29.9,-3.1194512844085693,5.1203389167785645,1.7248363494873047
2025-07-15,03:03:29.9,-3.4548468589782715,6.992256164550781,1.2376290559768677
2025-07-15,03:03:29.9,-1.0661760568618774,0.8444557785987854,0.5920859575271606
2025-07-15,03:03:29.9,-1.576086401939392,2.1822783946990967,1.2470859289169312
2025-07-15,03:03:29.9,-1.6224418878555298,2.1274166107177734,1.4726665019989014
2025-07-15,03:03:29.9,-2.4336626529693604,3.548269748687744,1.572495460510254
2025-07-15,03:03:29.9,-3.3294143676757812,3.1812336444854736,1.499104380607605
2025-07-15,03:03:29.9,-3.4303057193756104,5.067177772521973,2.0615904331207275
2025-07-15,03:03:29.9,-4.319240093231201,6.336800575256348,-0.38830938935279846
2025-07-15,03:03:30.3,-0.038175102323293686,0.07187356799840927,0.03147541359066963
2025-07-15,03:03:30.3,-1.8133174180984497,2.225216865539551,1.0427156686782837
2025-07-15,03:03:30.3,-2.57681941986084,3.303389549255371,1.8529146909713745
2025-07-15,03:03:30.3,-3.3594090938568115,3.431469440460205,0.9035603404045105
2025-07-15,03:03:30.3,-3.3144168853759766,4.953567028045654,1.8441039323806763
2025-07-15,03:03:30.3,-4.208805084228516,4.539234161376953,1.6772699356079102
2025-07-15,03:03:30.3,-4.585102558135986,6.10484504699707,1.1581352949142456
2025-07-15,03:03:30.3,-4.195171356201172,6.574939250946045,1.236951231956482
2025-07-15,03:03:30.3,-1.0198205709457397,0.9030498266220093,0.587256133556366
2025-07-15,03:03:30.6,-0.038175102323293686,0.07187396287918091,0.031474508345127106
2025-07-15,03:03:30.6,-0.7621386647224426,0.8381749987602234,-1.4953627586364746
2025-07-15,03:03:30.6,-1.00209641456604,0.9717825055122375,0.6190178394317627
2025-07-15,03:03:30.6,-2.0696358680725098,1.873672604560852,1.1262073516845703
2025-07-15,03:03:30.6,-2.759514570236206,2.4611170291900635,1.0336329936981201
2025-07-15,03:03:30.6,-2.8631327152252197,3.2854294776916504,1.4121257066726685
2025-07-15,03:03:30.6,-3.6648097038269043,3.0408055782318115,1.0953102111816406
2025-07-15,03:03:30.6,-3.509382724761963,4.7464094161987305,2.019835948944092
2025-07-15,03:03:30.6,-4.609643936157227,4.334940433502197,1.0446988344192505
2025-07-15,03:03:30.6,2.4641303198971457e-35,6.457253388531973e-40,2.776616855121052e-40
2025-07-15,03:03:30.6,-524449.5,-536871040.0,1.8772149731910455e-35
2025-07-15,03:03:30.9,-0.038175102323293686,0.0718638226389885,0.03149764984846115
2025-07-15,03:03:30.9,-1.6197150945663452,0.46959805488586426,0.9171174168586731
2025-07-15,03:03:30.9,-0.8398522734642029,1.2549704313278198,-1.185243010520935
2025-07-15,03:03:30.9,-6.1707329750061035,1.5571495294570923,0.26748213171958923
2025-07-15,03:03:30.9,-6.237539291381836,3.4318413734436035,3.6139495372772217
2025-07-15,03:03:30.9,6.986043930053711,3.819809675216675,-0.5910205245018005
2025-07-15,03:03:31.3,-0.038175102323293686,0.07184269279241562,0.03154583275318146
2025-07-15,03:03:31.3,-4.270157814025879,1.4576212167739868,1.3576006889343262
2025-07-15,03:03:31.3,-5.971676826477051,2.1963560581207275,0.29883822798728943
2025-07-15,03:03:31.3,-7.607752799987793,1.9340821504592896,-0.23154108226299286
2025-07-15,03:03:31.3,-7.024218559265137,3.8485658168792725,0.5408462285995483
2025-07-15,03:03:31.6,-0.038175102323293686,0.07185083627700806,0.03152726590633392
2025-07-15,03:03:31.6,-4.417404651641846,1.2874016761779785,1.0154404640197754
2025-07-15,03:03:31.6,-5.971676826477051,2.10602068901062,0.691347599029541
2025-07-15,03:03:31.6,-7.024218559265137,3.8532512187957764,-0.5063865184783936
2025-07-15,03:03:31.9,-0.038175102323293686,0.07184482365846634,0.03154097497463226
2025-07-15,03:03:31.9,-4.417404651641846,1.0156272649765015,1.2872543334960938
2025-07-15,03:03:31.9,-5.971676826477051,2.0775535106658936,0.7726939916610718
2025-07-15,03:03:31.9,7.607752799987793,1.7563488483428955,-0.8423321843147278
2025-07-15,03:03:31.9,-7.275083541870117,3.3814857006073,-0.2869352102279663
2025-07-15,03:03:32.3,-0.038175102323293686,0.07185076177120209,0.03152744099497795
2025-07-15,03:03:32.3,-4.417404651641846,0.9450725317001343,1.3399105072021484
2025-07-15,03:03:32.3,-5.930775165557861,2.1066031455993652,0.639082133769989
2025-07-15,03:03:32.3,-7.275083541870117,3.3933632373809814,0.04316813498735428
2025-07-15,03:03:32.6,-0.038175102323293686,0.07184344530105591,0.03154411539435387
2025-07-15,03:03:32.6,-4.417404651641846,0.38025951385498047,1.5949686765670776
2025-07-15,03:03:32.6,-6.128467559814453,1.3496521711349487,0.8003897666931152
2025-07-15,03:03:32.6,-6.986043930053711,3.8055737018585205,0.6766534447669983
2025-07-15,03:03:32.9,-0.038175102323293686,0.0718434676527977,0.03154406324028969
2025-07-15,03:03:32.9,-4.270157814025879,1.2097095251083374,1.582511305809021
2025-07-15,03:03:32.9,-5.930775165557861,2.091902256011963,0.6856734752655029
2025-07-15,03:03:32.9,-6.986043930053711,3.8647401332855225,-0.06352132558822632
2025-07-15,03:03:33.3,-0.038175102323293686,0.07184002548456192,0.031551897525787354
2025-07-15,03:03:33.3,-4.458306789398193,1.6333099603652954,-0.2661530077457428
2025-07-15,03:03:33.3,-7.062393665313721,2.4434609413146973,3.0492773056030273
2025-07-15,03:03:33.6,-0.038175102323293686,0.0718182623386383,0.03160141035914421
2025-07-15,03:03:33.9,-0.038175102323293686,0.07181541621685028,0.03160788118839264
2025-07-15,03:03:33.9,-0.05726265162229538,0.5812501311302185,0.1787397861480713
2025-07-15,03:03:34.3,-0.038175102323293686,0.0718182623386383,0.03160141035914421
2025-07-15,03:03:34.6,-0.038175102323293686,0.0718182697892189,0.03160138055682182
2025-07-15,03:03:34.6,-7.354160785675049,0.9787246584892273,3.287947654724121
2025-07-15,03:03:34.9,-0.038175102323293686,0.07181472331285477,0.03160944953560829
2025-07-15,03:03:35.3,-0.038175102323293686,0.0718545913696289,0.03151872381567955
2025-07-15,03:03:35.6,-0.038175102323293686,0.07181515544652939,0.0316084623336792
2025-07-15,03:03:35.9,-0.038175102323293686,0.07179853320121765,0.03164619952440262
2025-07-15,03:03:36.3,-0.038175102323293686,0.07179781794548035,0.03164783492684364
2025-07-15,03:03:36.6,-0.038175102323293686,0.07179426401853561,0.03165588527917862
2025-07-15,03:03:36.9,-0.038175102323293686,0.07180023938417435,0.031642332673072815
2025-07-15,03:03:37.2,-0.038175102323293686,0.07180166244506836,0.03163910657167435
2025-07-15,03:03:37.6,-0.038175102323293686,0.07179810106754303,0.031647179275751114
2025-07-15,03:03:38.0,-0.038175102323293686,0.07183940708637238,0.031553301960229874
2025-07-15,03:03:38.3,-0.038175102323293686,0.0718352273106575,0.03156282752752304
2025-07-15,03:03:38.6,-0.038175102323293686,0.07182852178812027,0.031578078866004944
2025-07-15,03:03:38.9,-0.038175102323293686,0.07183347642421722,0.0315668024122715
2025-07-15,03:03:39.3,-0.038175102323293686,0.07182681560516357,0.03158195689320564
2025-07-15,03:03:39.6,-0.038175102323293686,0.07182855904102325,0.03157799690961838
2025-07-15,03:03:39.9,-0.038175102323293686,0.0718163549900055,0.031605735421180725
2025-07-15,03:03:40.3,-0.038175102323293686,0.07182275503873825,0.03159118443727493
2025-07-15,03:03:40.6,-0.038175102323293686,0.07181354612112045,0.03161211311817169
2025-07-15,03:03:40.9,-0.038175102323293686,0.07181280851364136,0.0316137969493866
2025-07-15,03:03:41.3,-0.038175102323293686,0.0718177780508995,0.03160250186920166
2025-07-15,03:03:41.6,-0.038175102323293686,0.07181496173143387,0.031608909368515015
2025-07-15,03:03:41.9,-0.038175102323293686,0.07181352376937866,0.031612176448106766
2025-07-15,03:03:42.3,-0.038175102323293686,0.07181038707494736,0.03161930292844772
2025-07-15,03:03:42.6,-0.038175102323293686,0.07180825620889664,0.03162413835525513
2025-07-15,03:03:42.9,-0.038175102323293686,0.07181040197610855,0.03161926940083504
2025-07-15,03:03:43.3,-0.038175102323293686,0.07182825356721878,0.031578682363033295
2025-07-15,03:03:43.6,-0.038175102323293686,0.07183319330215454,0.031567446887493134
2025-07-15,03:03:43.9,-0.038175102323293686,0.07181919366121292,0.03159928694367409
2025-07-15,03:03:45.5,-0.038175102323293686,0.07182301580905914,0.03159060329198837
2025-07-15,03:03:45.6,-0.038175102323293686,0.0718170702457428,0.031604114919900894
2025-07-15,03:03:45.8,-0.038175102323293686,0.0718255490064621,0.03158484026789665
2025-07-15,03:03:46.2,-0.038175102323293686,0.07181748747825623,0.03160315752029419
2025-07-15,03:03:46.5,-0.038175102323293686,0.07181607931852341,0.03160637244582176
2025-07-15,03:03:46.9,-0.038175102323293686,0.07182343304157257,0.031589657068252563
2025-07-15,03:03:47.2,-0.038175102323293686,0.07181607186794281,0.03160638362169266
2025-07-15,03:03:47.5,-0.038175102323293686,0.07177514582872391,0.03169921785593033
2025-07-15,03:03:47.8,-0.038175102323293686,0.07176702469587326,0.03171759843826294
2025-07-15,03:03:47.8,0.0,0.3070506155490875,-0.3099454343318939
2025-07-15,03:03:47.8,0.14997361600399017,0.3862758278846741,0.1365472972393036
2025-07-15,03:03:48.2,-0.038175102323293686,0.07176035642623901,0.03173268213868141
2025-07-15,03:03:48.5,-0.038175102323293686,0.07176243513822556,0.03172798082232475
2025-07-15,03:03:48.9,-0.038175102323293686,0.07176768034696579,0.03171610087156296
2025-07-15,03:03:49.2,-0.038175102323293686,0.07176584750413895,0.031720250844955444
2025-07-15,03:03:49.5,-0.038175102323293686,0.07175888866186142,0.03173600137233734
2025-07-15,03:03:49.9,-0.038175102323293686,0.07176551222801208,0.031721021980047226
2025-07-15,03:03:50.2,-0.038175102323293686,0.07176171988248825,0.03172959387302399
2025-07-15,03:03:50.2,-0.6980590224266052,1.1926159858703613,0.19881224632263184
2025-07-15,03:03:50.5,-0.038175102323293686,0.071731336414814,0.031798213720321655
2025-07-15,03:03:50.5,-2.8467719554901123,0.8007696866989136,1.0593427419662476
2025-07-15,03:03:50.5,-4.084735870361328,1.5711135864257812,1.6245853900909424
2025-07-15,03:03:50.5,-5.140005111694336,3.52331280708313,1.089455008506775
2025-07-15,03:03:50.5,-6.487040996551514,4.547982215881348,0.9895545244216919
2025-07-15,03:03:50.9,-0.038175102323293686,0.07172323018312454,0.031816501170396805
2025-07-15,03:03:50.9,-2.944936513900757,0.6465834975242615,0.881378710269928
2025-07-15,03:03:50.9,-1.4724682569503784,2.358976364135742,-1.4610329866409302
2025-07-15,03:03:50.9,-4.084735870361328,1.722821831703186,1.4627236127853394
2025-07-15,03:03:50.9,-5.140005111694336,3.518472671508789,1.1049864292144775
2025-07-15,03:03:50.9,-6.487040996551514,4.617998123168945,0.5809098482131958
2025-07-15,03:03:51.2,-0.038175102323293686,0.07173141837120056,0.031798046082258224
2025-07-15,03:03:51.2,-3.0431010723114014,0.2590275704860687,0.7348407506942749
2025-07-15,03:03:51.2,-1.570632815361023,1.8337905406951904,-2.009446382522583
2025-07-15,03:03:51.2,-4.230619430541992,1.203200101852417,1.5642606019973755
2025-07-15,03:03:51.2,-5.337697505950928,3.2507996559143066,0.9806044101715088
2025-07-15,03:03:51.2,-6.487040996551514,4.586376667022705,0.7927868962287903
2025-07-15,03:03:51.5,-0.038175102323293686,0.0717402845621109,0.03177802264690399
2025-07-15,03:03:51.5,-2.944936513900757,0.8099017143249512,0.7341374754905701
2025-07-15,03:03:51.5,-1.2761391401290894,1.6836117506027222,2.324751615524292
2025-07-15,03:03:51.5,-4.084735870361328,1.6820796728134155,1.5093984603881836
2025-07-15,03:03:51.5,-5.140005111694336,3.5484306812286377,1.0046319961547852
2025-07-15,03:03:51.5,-6.487040996551514,4.622488975524902,0.5440201163291931
2025-07-15,03:03:51.9,-0.038175102323293686,0.07172046601772308,0.03182274103164673
2025-07-15,03:03:51.9,-4.084735870361328,1.5663310289382935,1.6291970014572144
2025-07-15,03:03:51.9,-5.337697505950928,3.18312668800354,1.181942343711853
2025-07-15,03:03:51.9,-7.077391624450684,3.2789437770843506,-0.38457778096199036
2025-07-15,03:03:51.9,-6.487040996551514,4.601383209228516,0.7004525661468506
2025-07-15,03:03:52.2,-0.038175102323293686,0.0717225968837738,0.03181792423129082
2025-07-15,03:03:52.2,-3.0431010723114014,0.43250179290771484,0.648095965385437
2025-07-15,03:03:52.2,-4.230619430541992,0.9816074371337891,1.7120305299758911
2025-07-15,03:03:52.2,-5.337697505950928,3.1314899921417236,1.3126516342163086
2025-07-15,03:03:52.2,-7.077391624450684,3.299896717071533,0.1002681702375412
2025-07-15,03:03:52.2,-6.487040996551514,4.589656352996826,0.7735715508460999
2025-07-15,03:03:52.5,-0.038175102323293686,0.0717225968837738,0.03181793540716171
2025-07-15,03:03:52.5,-2.944936513900757,0.8464563488960266,0.6916720867156982
2025-07-15,03:03:52.5,-1.2761391401290894,1.5151591300964355,2.4378907680511475
2025-07-15,03:03:52.5,-4.084735870361328,1.4987257719039917,1.6915959119796753
2025-07-15,03:03:52.5,-5.337697505950928,3.1242566108703613,1.3297758102416992
2025-07-15,03:03:52.5,-7.11693000793457,3.3157434463500977,0.16535384953022003
2025-07-15,03:03:52.5,-6.487040996551514,4.433220386505127,1.417715311050415
2025-07-15,03:03:52.9,-0.038175102323293686,0.07172545045614243,0.03181150555610657
2025-07-15,03:03:52.9,-2.944936513900757,0.757872998714447,0.7877354621887207
2025-07-15,03:03:52.9,-4.084735870361328,1.2895106077194214,1.8560274839401245
2025-07-15,03:03:52.9,-5.337697505950928,3.1429567337036133,1.2849537134170532
2025-07-15,03:03:52.9,-6.871518611907959,3.8012535572052,0.06993003934621811
2025-07-15,03:03:52.9,-6.237539291381836,4.862462520599365,1.0929875373840332
2025-07-15,03:03:53.2,-0.038175102323293686,0.0717218890786171,0.03181953728199005
2025-07-15,03:03:53.2,-4.084735870361328,0.9152539968490601,2.066394329071045
2025-07-15,03:03:53.2,-5.337697505950928,3.181659460067749,1.1858865022659302
2025-07-15,03:03:53.2,-6.871518611907959,3.7979073524475098,-0.1741182804107666
2025-07-15,03:03:53.2,-6.237539291381836,4.896476745605469,0.9288066625595093
2025-07-15,03:03:53.2,-6.407963275909424,4.423335075378418,2.5783889293670654
2025-07-15,03:03:53.5,-0.038175102323293686,0.07170326262712479,0.03186146914958954
2025-07-15,03:03:53.5,-1.021183967590332,4.359230041503906,1.3217555284500122
2025-07-15,03:03:53.5,-1.040271520614624,4.369055271148682,1.5634022951126099
2025-07-15,03:03:53.5,-1.1861549615859985,6.078620910644531,1.289845585823059
2025-07-15,03:03:53.5,-1.0225473642349243,6.182767868041992,1.8856528997421265
2025-07-15,03:03:53.5,-1.4806486368179321,7.738645076751709,0.5295141935348511
2025-07-15,03:03:53.5,-1.0034598112106323,7.902127742767334,0.9965261220932007
2025-07-15,03:03:53.5,-1.6278953552246094,8.432466506958008,1.2737632989883423
2025-07-15,03:03:53.9,-0.038175102323293686,0.07170478999614716,0.03185804560780525
2025-07-15,03:03:53.9,-0.8753005266189575,4.43446159362793,1.167107343673706
2025-07-15,03:03:53.9,-0.8998416662216187,4.2835187911987305,1.9681581258773804
2025-07-15,03:03:53.9,-1.3743036985397339,5.22686767578125,1.005243182182312
2025-07-15,03:03:53.9,-0.988462507724762,6.1628594398498535,1.030730128288269
2025-07-15,03:03:53.9,-1.0225473642349243,6.147782325744629,1.9967668056488037
2025-07-15,03:03:53.9,-1.24069082736969,7.827213287353516,0.49569621682167053
2025-07-15,03:03:53.9,-1.2543247938156128,7.8486104011535645,1.1267671585083008
2025-07-15,03:03:54.2,-0.038175102323293686,0.07170407474040985,0.031859658658504486
2025-07-15,03:03:54.2,-0.8753005266189575,4.42821741104126,1.1905808448791504
2025-07-15,03:03:54.2,-0.8916612863540649,4.327774524688721,1.7579376697540283
2025-07-15,03:03:54.2,-0.988462507724762,6.142335891723633,1.1467130184173584
2025-07-15,03:03:54.2,-0.8180379271507263,6.196220397949219,1.9405094385147095
2025-07-15,03:03:54.2,-1.24069082736969,7.805330753326416,0.7666757702827454
2025-07-15,03:03:54.2,-1.2543247938156128,7.845965385437012,1.1450386047363281
2025-07-15,03:03:54.6,-0.038175102323293686,0.07169728726148605,0.03187492862343788
2025-07-15,03:03:54.6,-0.8753005266189575,4.440021991729736,1.145771861076355
2025-07-15,03:03:54.6,-0.9952794909477234,6.138179779052734,1.3807146549224854
2025-07-15,03:03:54.6,-1.0225473642349243,6.169929504394531,1.9272456169128418
2025-07-15,03:03:54.6,-2.195068359375,6.515507698059082,1.4385709762573242
2025-07-15,03:03:54.6,-1.456107497215271,7.581758499145508,-0.8402374386787415
2025-07-15,03:03:54.6,-1.24069082736969,7.814672470092773,0.6647388339042664
2025-07-15,03:03:54.9,-0.038175102323293686,0.07169423997402191,0.031881771981716156
2025-07-15,03:03:54.9,-0.8753005266189575,4.4355926513671875,1.1628015041351318
2025-07-15,03:03:54.9,-1.6647071838378906,4.477303981781006,0.7969074845314026
2025-07-15,03:03:54.9,-0.9952794909477234,6.0840559005737305,1.6024643182754517
2025-07-15,03:03:54.9,-1.0225473642349243,6.208678245544434,1.7985038757324219
2025-07-15,03:03:54.9,-1.9755616188049316,6.550869464874268,1.588369369506836
2025-07-15,03:03:54.9,-1.456107497215271,7.564484596252441,-0.9836804866790771
2025-07-15,03:03:54.9,-0.9925526976585388,7.863961219787598,0.472495436668396
2025-07-15,03:03:54.9,-1.274775743484497,7.8789801597595215,1.6907978057861328
2025-07-15,03:03:55.2,-0.038175102323293686,0.07170122116804123,0.03186606615781784
2025-07-15,03:03:55.2,-0.8753005266189575,4.422556400299072,1.2114393711090088
2025-07-15,03:03:55.2,-1.9673811197280884,4.349535942077637,0.8145618438720703
2025-07-15,03:03:55.2,-0.7962235808372498,6.087630748748779,1.6973474025726318
2025-07-15,03:03:55.2,-1.0225473642349243,6.181918144226074,1.8884365558624268
2025-07-15,03:03:55.2,-1.9878321886062622,6.68706750869751,1.1340726613998413
2025-07-15,03:03:55.2,-1.456107497215271,7.484407424926758,-1.4740089178085327
2025-07-15,03:03:55.2,-1.24069082736969,7.8335466384887695,0.38279008865356445
2025-07-15,03:03:55.5,-0.038175102323293686,0.0716996043920517,0.03186970576643944
2025-07-15,03:03:55.5,-0.8712103962898254,2.6941144466400146,1.2562224864959717
2025-07-15,03:03:55.5,-0.8753005266189575,4.435826301574707,1.1619101762771606
2025-07-15,03:03:55.5,-2.118718147277832,4.266107082366943,0.8740274906158447
2025-07-15,03:03:55.5,-0.7853164076805115,6.1879563331604,0.7501132488250732
2025-07-15,03:03:55.5,-0.7962235808372498,6.163930892944336,1.3950588703155518
2025-07-15,03:03:55.5,-1.0225473642349243,6.199445724487305,1.8300750255584717
2025-07-15,03:03:55.5,-1.24069082736969,7.8234968185424805,0.5512568950653076
2025-07-15,03:03:55.9,-0.038175102323293686,0.07170102745294571,0.031866513192653656
2025-07-15,03:03:55.9,-0.8289451003074646,1.3013741970062256,0.6065272092819214
2025-07-15,03:03:55.9,-0.2590453326702118,1.2422343492507935,-1.0669344663619995
2025-07-15,03:03:55.9,-0.7744092345237732,2.750777244567871,1.195353627204895
2025-07-15,03:03:55.9,-0.7294171452522278,4.477755546569824,1.1001797914505005
2025-07-15,03:03:55.9,-1.6647071838378906,4.360866546630859,1.2900199890136719
2025-07-15,03:03:55.9,-0.6217088103294373,4.6461262702941895,1.6626442670822144
2025-07-15,03:03:55.9,-0.7853164076805115,6.177882671356201,0.8290020227432251
2025-07-15,03:03:55.9,-0.5971676707267761,6.016043663024902,2.0061943531036377
2025-07-15,03:03:55.9,-0.8180379271507263,6.233409881591797,1.8175052404403687
2025-07-15,03:03:55.9,-1.7560547590255737,6.563533782958984,1.7821193933486938
2025-07-15,03:03:55.9,-4.170629978179932,2.8197312355041504,-4.898429870605469
2025-07-15,03:03:55.9,-0.7444145083427429,7.8881354331970215,0.5229364037513733
2025-07-15,03:03:56.2,-0.038175102323293686,0.07167848199605942,0.031917180866003036
2025-07-15,03:03:56.2,-0.20996306836605072,3.2044906616210938,0.986298680305481
2025-07-15,03:03:56.2,1.312950849533081,4.451797008514404,0.5004023313522339
2025-07-15,03:03:56.2,0.45810121297836304,4.793332099914551,0.8313508033752441
2025-07-15,03:03:56.2,2.1746175289154053,5.887179374694824,0.7952730655670166
2025-07-15,03:03:56.2,2.012373208999634,6.8661417961120605,-0.04453311860561371
2025-07-15,03:03:56.2,1.9523838758468628,7.55795431137085,0.23316803574562073
2025-07-15,03:03:56.2,2.7445173263549805,7.485902786254883,0.4170643091201782
2025-07-15,03:03:56.2,2.2496042251586914,5.775967597961426,2.0989012718200684
2025-07-15,03:03:56.2,3.075822353363037,7.031865119934082,2.8927793502807617
2025-07-15,03:03:56.5,-0.038175102323293686,0.07168418914079666,0.03190436586737633
2025-07-15,03:03:56.5,-0.10498153418302536,3.2190403938293457,0.9551894068717957
2025-07-15,03:03:56.5,0.7635020613670349,4.751358985900879,0.8477526307106018
2025-07-15,03:03:56.5,1.8160442113876343,6.105466842651367,1.057687759399414
2025-07-15,03:03:56.5,2.372309923171997,5.673376083374023,1.485008955001831
2025-07-15,03:03:56.5,2.4704744815826416,5.628295421600342,2.370631456375122
2025-07-15,03:03:56.5,2.4404797554016113,7.417876243591309,0.0895385816693306
2025-07-15,03:03:56.5,2.994018793106079,7.275537490844727,1.3592138290405273
2025-07-15,03:03:56.5,3.5884594917297363,6.92999792098999,2.5246918201446533
2025-07-15,03:03:56.9,-0.038175102323293686,0.07167766243219376,0.03191903233528137
2025-07-15,03:03:56.9,0.10634493082761765,3.2632389068603516,0.9594938158988953
2025-07-15,03:03:56.9,0.9162024259567261,4.7223896980285645,0.8582797050476074
2025-07-15,03:03:56.9,2.5522782802581787,5.486988067626953,1.6879085302352905
2025-07-15,03:03:56.9,2.017826795578003,6.0096116065979,1.2273484468460083
2025-07-15,03:03:56.9,2.676347494125366,5.5857720375061035,2.2443630695343018
2025-07-15,03:03:56.9,2.9285757541656494,7.222428798675537,0.4988097846508026
2025-07-15,03:03:56.9,3.243520498275757,6.973550319671631,2.1434168815612793
2025-07-15,03:03:56.9,3.3321409225463867,7.101714134216309,2.395510673522949
2025-07-15,03:03:56.9,-1.4111154079437256,1.1830339431762695,0.6809521317481995
2025-07-15,03:03:57.2,-0.038175102323293686,0.07168489694595337,0.031902775168418884
2025-07-15,03:03:57.2,0.20996306836605072,3.223018169403076,0.9239581823348999
2025-07-15,03:03:57.2,1.068902850151062,4.651820659637451,1.0464435815811157
2025-07-15,03:03:57.2,2.5345542430877686,5.046172142028809,-4.7409892082214355
2025-07-15,03:03:57.2,1.614261507987976,6.105104923248291,1.3473306894302368
2025-07-15,03:03:57.2,2.8822202682495117,5.643869876861572,1.8001079559326172
2025-07-15,03:03:57.2,3.4166717529296875,6.9683942794799805,0.8698741793632507
2025-07-15,03:03:57.2,3.0103793144226074,6.901736259460449,2.7833921909332275
2025-07-15,03:03:57.2,4.1010966300964355,7.067631244659424,0.7110366225242615
2025-07-15,03:03:57.2,-1.379757285118103,1.1611700057983398,0.6580712795257568
2025-07-15,03:03:57.5,-0.038175102323293686,0.07166808843612671,0.0319405235350132
2025-07-15,03:03:57.5,0.31903478503227234,3.281444549560547,0.8432114124298096
2025-07-15,03:03:57.5,1.3743036985397339,4.594926834106445,0.9353979229927063
2025-07-15,03:03:57.5,2.8249576091766357,5.770394325256348,0.6446760892868042
2025-07-15,03:03:57.5,3.293966054916382,5.495041847229004,1.5346508026123047
2025-07-15,03:03:57.5,3.4357593059539795,7.029563903808594,0.6730363368988037
2025-07-15,03:03:57.5,3.762974262237549,7.015089988708496,1.035449504852295
2025-07-15,03:03:57.5,4.357415199279785,6.103546142578125,3.321993112564087
2025-07-15,03:03:57.5,2.0505483150482178,7.56095027923584,-2.429661273956299
2025-07-15,03:03:57.5,0.9816454648971558,0.3629424571990967,-0.0322377048432827
2025-07-15,03:03:57.9,-0.038175102323293686,0.07167676836252213,0.03192102909088135
2025-07-15,03:03:57.9,0.5317246317863464,3.172279119491577,1.1111164093017578
2025-07-15,03:03:57.9,1.5270041227340698,4.640500068664551,0.10513126850128174
2025-07-15,03:03:57.9,2.5263736248016357,3.9314494132995605,0.8810111880302429
2025-07-15,03:03:57.9,3.4303057193756104,5.057737350463867,2.084643840789795
2025-07-15,03:03:57.9,3.293966054916382,5.256546974182129,2.2179601192474365
2025-07-15,03:03:57.9,3.4166717529296875,6.821507453918457,-1.6680035591125488
2025-07-15,03:03:57.9,4.2415266036987305,6.679805278778076,1.0652304887771606
2025-07-15,03:03:57.9,4.311059474945068,6.376896381378174,2.5694618225097656
2025-07-15,03:03:57.9,4.3805928230285645,6.4843621253967285,2.599428176879883
2025-07-15,03:03:57.9,1.0143669843673706,0.24947230517864227,0.07223263382911682
2025-07-15,03:03:58.2,-0.038175102323293686,0.07167094200849533,0.031934116035699844
2025-07-15,03:03:58.2,0.7444145083427429,3.100172281265259,1.1897249221801758
2025-07-15,03:03:58.2,2.137805700302124,4.357120513916016,0.5677306652069092
2025-07-15,03:03:58.2,2.480018138885498,3.6760151386260986,1.4591656923294067
2025-07-15,03:03:58.2,2.5263736248016357,3.6743078231811523,1.6528574228286743
2025-07-15,03:03:58.2,2.3518590927124023,4.120368003845215,1.6323647499084473
2025-07-15,03:03:58.2,3.6320884227752686,4.854958534240723,2.2205300331115723
2025-07-15,03:03:58.2,3.5230166912078857,5.165738582611084,2.209320068359375
2025-07-15,03:03:58.2,4.818243026733398,5.6824421882629395,3.2166078090667725
2025-07-15,03:03:58.2,4.638274669647217,6.467459201812744,2.15683913230896
2025-07-15,03:03:58.2,0.9721016883850098,0.24856805801391602,-0.012797252275049686
2025-07-15,03:03:58.2,-1.259778380393982,1.2399495840072632,0.7487236857414246
2025-07-15,03:03:58.5,-0.038175102323293686,0.07165481150150299,0.03197029232978821
2025-07-15,03:03:58.5,-0.7444145083427429,1.4478120803833008,0.8410677313804626
2025-07-15,03:03:58.5,-0.8507593870162964,1.6990612745285034,0.8803274035453796
2025-07-15,03:03:58.5,1.963291049003601,2.5180435180664062,1.4096471071243286
2025-07-15,03:03:58.5,3.5748257637023926,3.325690746307373,0.9475234746932983
2025-07-15,03:03:58.5,-0.7444145083427429,0.5334984660148621,0.025562576949596405
2025-07-15,03:03:58.9,-0.038175102323293686,0.07165566086769104,0.031968388706445694
2025-07-15,03:03:58.9,-0.7444145083427429,0.5268970727920532,0.08748455345630646
2025-07-15,03:03:58.9,-0.8180378675460815,0.6194153428077698,0.3698684573173523
2025-07-15,03:03:58.9,-0.40901893377304077,0.6446167826652527,-0.7789972424507141
2025-07-15,03:03:58.9,-0.6871518492698669,1.3782325983047485,0.9929779171943665
2025-07-15,03:03:58.9,3.2639713287353516,3.596726894378662,1.0711885690689087
2025-07-15,03:03:59.2,-0.038175102323293686,0.07165223360061646,0.031976066529750824
2025-07-15,03:03:59.2,-0.7498680949211121,0.6536298394203186,0.44735875725746155
2025-07-15,03:03:59.2,-0.3408491313457489,0.6672604084014893,-0.7926218509674072
2025-07-15,03:03:59.2,-0.629889190196991,1.355545997619629,1.0599257946014404
2025-07-15,03:03:59.2,-0.11452531069517136,0.9635089635848999,-1.554426670074463
2025-07-15,03:03:59.2,1.963291049003601,2.659349203109741,1.120495319366455
2025-07-15,03:03:59.2,3.419398546218872,3.529655933380127,0.7659252882003784
2025-07-15,03:03:59.5,-0.038175102323293686,0.07165022939443588,0.03198055922985077
2025-07-15,03:03:59.5,-0.8180379271507263,0.2959001362323761,-0.06813279539346695
2025-07-15,03:03:59.5,-0.8180378675460815,0.6229553818702698,0.36387449502944946
2025-07-15,03:03:59.5,-0.6871518492698669,1.3370745182037354,1.047741413116455
2025-07-15,03:03:59.5,3.419398546218872,3.515239953994751,0.8295775055885315
2025-07-15,03:03:59.9,-0.038175102323293686,0.07165251672267914,0.03197544068098068
2025-07-15,03:03:59.9,-0.8180379271507263,0.29297104477882385,-0.07979311048984528
2025-07-15,03:03:59.9,-0.7839530110359192,0.582118034362793,0.48602503538131714
2025-07-15,03:03:59.9,-0.6871518492698669,1.3260607719421387,1.0616464614868164
2025-07-15,03:03:59.9,3.5748257637023926,3.3848397731781006,0.70772784948349
2025-07-15,03:04:00.2,-0.038175102323293686,0.07165394723415375,0.031972236931324005
2025-07-15,03:04:00.2,-0.8180379271507263,0.3019431531429291,-0.03208275884389877
2025-07-15,03:04:00.2,-0.8180378675460815,0.5880342721939087,0.41796380281448364
2025-07-15,03:04:00.2,-0.37493404746055603,0.7046202421188354,-0.7433699369430542
2025-07-15,03:04:00.2,-0.629889190196991,1.2798396348953247,1.150199055671692
2025-07-15,03:04:00.2,3.419398546218872,3.490701198577881,0.9274250864982605
2025-07-15,03:04:00.5,-0.038175102323293686,0.07163920998573303,0.03200523182749748
2025-07-15,03:04:00.5,-0.8180379271507263,0.30219951272010803,-0.029570700600743294
2025-07-15,03:04:00.5,-0.6871518492698669,1.2697817087173462,1.128354787826538
2025-07-15,03:04:00.5,3.419398546218872,3.517465353012085,0.8200910091400146
2025-07-15,03:04:00.9,-0.038175102323293686,0.07164793461561203,0.03198570758104324
2025-07-15,03:04:00.9,-0.8180379271507263,0.3035343289375305,-0.008116803131997585
2025-07-15,03:04:00.9,-0.6871518492698669,1.2721481323242188,1.1256861686706543
2025-07-15,03:04:00.9,3.419398546218872,3.5573201179504395,0.6249685883522034
2025-07-15,03:04:00.9,1.5542720556259155,1.413964033126831,-4.508030891418457
2025-07-15,03:04:01.2,-0.038175102323293686,0.07163462787866592,0.03201549872756004
2025-07-15,03:04:01.2,-0.8180379271507263,0.302993506193161,-0.019846806302666664
2025-07-15,03:04:01.2,-0.6871518492698669,1.3820924758911133,0.9875984191894531
2025-07-15,03:04:01.2,3.2639713287353516,3.6698029041290283,0.7851343154907227
2025-07-15,03:04:01.2,1.5542720556259155,1.7044912576675415,-4.406398296356201
2025-07-15,03:04:01.5,-0.038175102323293686,0.07162442803382874,0.03203830122947693
2025-07-15,03:04:01.5,-0.7444145083427429,0.3846301734447479,0.370585560798645
2025-07-15,03:04:01.5,0.7730458378791809,0.2906932830810547,-0.3966415822505951
2025-07-15,03:04:01.5,-0.8016771674156189,1.290569543838501,1.0244275331497192
2025-07-15,03:04:01.5,3.2639713287353516,3.6446657180786133,0.8945958018302917
2025-07-15,03:04:01.5,4.529203414916992,4.658716678619385,1.087899088859558
2025-07-15,03:04:01.9,-0.038175102323293686,0.0716259777545929,0.03203483670949936
2025-07-15,03:04:01.9,-0.7444145083427429,0.439829021692276,0.3030255436897278
2025-07-15,03:04:01.9,0.8016771674156189,0.27917352318763733,-0.3446778655052185
2025-07-15,03:04:01.9,-0.8016771674156189,1.3257756233215332,0.9784379005432129
2025-07-15,03:04:01.9,3.235339879989624,3.6058590412139893,0.9141485095024109
2025-07-15,03:04:01.9,4.703718185424805,4.419129848480225,1.0836200714111328
2025-07-15,03:04:01.9,5.9225945472717285,5.197014808654785,0.5227301716804504
2025-07-15,03:04:02.2,-0.038175102323293686,0.0716281607747078,0.032029956579208374
2025-07-15,03:04:02.2,-0.7730458378791809,0.4377463161945343,0.2240653932094574
2025-07-15,03:04:02.2,-0.7444145083427429,1.3095264434814453,1.0434057712554932
2025-07-15,03:04:02.2,-0.5126370787620544,1.3650283813476562,1.4417521953582764
2025-07-15,03:04:02.2,3.419398546218872,3.517338752746582,0.8206340670585632
2025-07-15,03:04:02.2,4.703718185424805,4.266719341278076,1.5805219411849976
2025-07-15,03:04:02.5,-0.038175102323293686,0.07162012904882431,0.03204791992902756
2025-07-15,03:04:02.5,-0.7730458378791809,0.44986823201179504,0.19860941171646118
2025-07-15,03:04:02.5,0.8016771674156189,0.1998695582151413,-0.39597076177597046
2025-07-15,03:04:02.5,-0.8016771674156189,1.3459185361862183,0.950539231300354
2025-07-15,03:04:02.5,1.7233332395553589,2.53810977935791,1.5708694458007812
2025-07-15,03:04:02.5,3.389403820037842,3.443411350250244,0.9798834919929504
2025-07-15,03:04:02.5,4.499208450317383,4.417549133300781,1.7522249221801758
2025-07-15,03:04:02.5,6.5115814208984375,5.191272735595703,-2.4554035663604736
2025-07-15,03:04:02.9,-0.038175102323293686,0.07162110507488251,0.03204573690891266
2025-07-15,03:04:02.9,-0.7444145083427429,0.4695575535297394,0.25453826785087585
2025-07-15,03:04:02.9,0.8016771674156189,0.1746838539838791,-0.4077085256576538
2025-07-15,03:04:02.9,-0.8589398264884949,1.4351179599761963,0.7485764622688293
2025-07-15,03:04:02.9,-0.17178796231746674,1.2881728410720825,-1.2918232679367065
2025-07-15,03:04:02.9,1.8310415744781494,2.4810791015625,1.5398190021514893
2025-07-15,03:04:02.9,3.235339879989624,3.5897645950317383,0.9754369258880615
2025-07-15,03:04:02.9,4.703718185424805,4.24488639831543,1.6382555961608887
2025-07-15,03:04:02.9,6.05348014831543,5.127004623413086,1.4883536100387573
2025-07-15,03:04:03.2,-0.038175102323293686,0.07162728160619736,0.032031912356615067
2025-07-15,03:04:03.2,-0.8016771674156189,1.4301271438598633,0.8183873891830444
2025-07-15,03:04:03.2,3.235339879989624,3.654935121536255,0.6923409104347229
2025-07-15,03:04:03.2,4.499208450317383,4.503829479217529,1.516756296157837
2025-07-15,03:04:03.2,6.305708885192871,4.977719306945801,0.7786803841590881
2025-07-15,03:04:03.5,-0.038175102323293686,0.0716196671128273,0.03204895183444023
2025-07-15,03:04:03.5,-0.8016771674156189,1.3099032640457153,0.9995874762535095
2025-07-15,03:04:03.5,-0.6871518492698669,1.2895857095718384,1.1056667566299438
2025-07-15,03:04:03.5,3.235339879989624,3.637629270553589,0.7781649231910706
2025-07-15,03:04:03.5,4.499208450317383,4.43531608581543,1.706752061843872
2025-07-15,03:04:03.5,6.169369220733643,4.882702827453613,0.676339328289032
2025-07-15,03:04:03.5,6.05348014831543,5.052903175354004,1.723235845565796
2025-07-15,03:04:03.5,6.5115814208984375,5.326473712921143,-2.1463913917541504
2025-07-15,03:04:03.9,-0.038175102323293686,0.07160457223653793,0.03208266198635101
2025-07-15,03:04:03.9,-0.8180379271507263,0.3036103844642639,0.004438798408955336
2025-07-15,03:04:03.9,-0.629889190196991,1.241823434829712,1.1911431550979614
2025-07-15,03:04:03.9,1.8310415744781494,2.474072217941284,1.5510520935058594
2025-07-15,03:04:03.9,3.419398546218872,3.534200429916382,0.7446743249893188
2025-07-15,03:04:03.9,4.940948963165283,3.826509952545166,2.084632635116577
2025-07-15,03:04:03.9,6.0862016677856445,5.154529094696045,1.4970507621765137
2025-07-15,03:04:03.9,7.054213523864746,4.730340003967285,-1.800268530845642
2025-07-15,03:04:04.2,-0.038175102323293686,0.07159781455993652,0.03209773451089859
2025-07-15,03:04:04.2,-0.7907699942588806,0.36587244272232056,0.04695975035429001
2025-07-15,03:04:04.2,-0.6871518492698669,1.2795583009719849,1.1172559261322021
2025-07-15,03:04:04.2,1.8310415744781494,2.5464959144592285,1.429039716720581
2025-07-15,03:04:04.2,3.419398546218872,3.5434987545013428,0.6990915536880493
2025-07-15,03:04:04.2,6.339793682098389,4.7967119216918945,1.6281126737594604
2025-07-15,03:04:04.2,6.782897472381592,4.9841132164001465,-2.1283628940582275
2025-07-15,03:04:04.5,-0.038175102323293686,0.07160240411758423,0.03208748996257782
2025-07-15,03:04:04.5,-0.7907699942588806,0.36634477972984314,0.04312041029334068
2025-07-15,03:04:04.5,-0.6707910895347595,1.2874336242675781,1.0451194047927856
2025-07-15,03:04:04.5,1.93874990940094,2.4970414638519287,1.3731507062911987
2025-07-15,03:04:04.5,3.2639713287353516,3.684002161026001,0.7155530452728271
2025-07-15,03:04:04.5,4.529203414916992,4.543407440185547,1.4982030391693115
2025-07-15,03:04:04.5,6.339793682098389,4.791896343231201,1.6422306299209595
2025-07-15,03:04:04.5,6.782897472381592,4.765250205993652,-2.5814154148101807
2025-07-15,03:04:04.9,-0.038175102323293686,0.07159923762083054,0.0320945642888546
2025-07-15,03:04:04.9,-0.7907699942588806,0.3683871626853943,0.018941322341561317
2025-07-15,03:04:04.9,-0.6707910895347595,1.3051683902740479,1.022885799407959
2025-07-15,03:04:04.9,1.93874990940094,2.4804816246032715,1.402843713760376
2025-07-15,03:04:04.9,3.2639713287353516,3.7055985927581787,0.5936571359634399
2025-07-15,03:04:04.9,4.735076427459717,4.3020453453063965,1.5723565816879272
2025-07-15,03:04:04.9,6.339793682098389,4.797423839569092,1.6260135173797607
2025-07-15,03:04:04.9,6.782897472381592,4.6404595375061035,-2.799544334411621
2025-07-15,03:04:05.2,-0.038175102323293686,0.07160140573978424,0.0320897251367569
2025-07-15,03:04:05.2,-0.8180379271507263,0.30175724625587463,0.0337865874171257
2025-07-15,03:04:05.2,-0.7444145083427429,1.2868376970291138,1.0712627172470093
2025-07-15,03:04:05.2,1.93874990940094,2.548452138900757,1.2752063274383545
2025-07-15,03:04:05.2,3.419398546218872,3.5046420097351074,0.8732677102088928
2025-07-15,03:04:05.2,4.735076427459717,4.273185729980469,1.6491773128509521
2025-07-15,03:04:05.2,6.0862016677856445,5.129024982452393,1.5822242498397827
2025-07-15,03:04:05.2,7.054213523864746,4.254604339599609,-2.7414276599884033
2025-07-15,03:04:05.6,-0.038175102323293686,0.07160762697458267,0.03207584097981453
2025-07-15,03:04:05.6,-0.7907699942588806,0.3683182895183563,0.02023594081401825
2025-07-15,03:04:05.6,-0.6871518492698669,1.2644059658050537,1.1343754529953003
2025-07-15,03:04:05.6,1.8310415744781494,2.6725518703460693,1.1765470504760742
2025-07-15,03:04:05.6,3.108544111251831,3.8177239894866943,0.7066357135772705
2025-07-15,03:04:05.6,4.735076427459717,4.315196514129639,1.5358963012695312
2025-07-15,03:04:05.6,6.0862016677856445,5.13010311126709,1.5787242650985718
2025-07-15,03:04:05.6,6.782897472381592,4.809626579284668,-2.497760534286499
2025-07-15,03:04:05.6,-0.2290506213903427,1.883853554725647,3.135197401046753
2025-07-15,03:04:05.6,0.0,2.916469097137451,5.117109775543213
2025-07-15,03:04:05.9,-0.038175102323293686,0.07159710675477982,0.032099317759275436
2025-07-15,03:04:05.9,-0.8180379271507263,0.30360960960388184,0.004491952247917652
2025-07-15,03:04:05.9,-0.6871518492698669,1.337605357170105,1.0470635890960693
2025-07-15,03:04:05.9,3.2639713287353516,3.707122802734375,0.5840638875961304
2025-07-15,03:04:05.9,4.735076427459717,4.163171291351318,1.909948706626892
2025-07-15,03:04:06.2,-0.038175102323293686,0.07160402089357376,0.03208388015627861
2025-07-15,03:04:06.2,-0.7907699942588806,0.36582252383232117,0.04734701290726662
2025-07-15,03:04:06.2,-0.6871518492698669,1.3848639726638794,0.9837082028388977
2025-07-15,03:04:06.2,3.2639713287353516,3.695965528488159,0.6509438753128052
2025-07-15,03:04:06.2,4.735076427459717,4.268594741821289,1.6610233783721924
2025-07-15,03:04:06.2,7.089661598205566,2.6422410011291504,-4.3466949462890625
2025-07-15,03:04:06.2,-0.11316191405057907,1.6312990188598633,3.2309458255767822
2025-07-15,03:04:06.5,-0.038175102323293686,0.07158391922712326,0.032128702849149704
2025-07-15,03:04:06.5,-0.8030405640602112,0.1991850733757019,-0.05100153014063835
2025-07-15,03:04:06.5,-0.8016771674156189,1.3448865413665771,0.9519988298416138
2025-07-15,03:04:06.5,-0.11452531069517136,1.4390480518341064,-1.128597617149353
2025-07-15,03:04:06.5,3.419398546218872,3.492337942123413,0.9212422370910645
2025-07-15,03:04:06.5,4.735076427459717,4.101329803466797,2.039360761642456
2025-07-15,03:04:06.5,5.393596649169922,4.37795877456665,-2.8380677700042725
2025-07-15,03:04:06.5,2.3450419902801514,5.36804723739624,4.690083980560303
2025-07-15,03:04:06.5,6.339793682098389,5.010066032409668,0.7472842335700989
2025-07-15,03:04:06.9,-0.038175102323293686,0.07158096134662628,0.03213530778884888
2025-07-15,03:04:06.9,-0.8030405640602112,0.19462254643440247,-0.06631673127412796
2025-07-15,03:04:06.9,-0.7444145083427429,1.3815717697143555,0.9459463357925415
2025-07-15,03:04:06.9,-0.11452531069517136,1.2792026996612549,-1.3069936037063599
2025-07-15,03:04:06.9,1.93874990940094,2.430040121078491,1.4885107278823853
2025-07-15,03:04:06.9,3.2639713287353516,3.6864852905273438,0.7026489973068237
2025-07-15,03:04:06.9,1.5542720556259155,1.7795289754867554,-4.3766326904296875
2025-07-15,03:04:06.9,4.735076427459717,4.367442607879639,1.38034188747406
2025-07-15,03:04:06.9,6.339793682098389,4.993895530700684,0.8486477732658386
2025-07-15,03:04:07.2,-0.038175102323293686,0.07158555090427399,0.0321250818669796
2025-07-15,03:04:07.2,-0.7907699942588806,0.36874523758888245,-0.00973762571811676
2025-07-15,03:04:07.2,-0.6871518492698669,1.3322607278823853,1.053855538368225
2025-07-15,03:04:07.2,3.2639713287353516,3.6553146839141846,0.8500375747680664
2025-07-15,03:04:07.2,6.339793682098389,4.94932746887207,1.0785890817642212
2025-07-15,03:04:07.5,-0.038175102323293686,0.07158219069242477,0.03213256224989891
2025-07-15,03:04:07.5,-0.7907699942588806,0.3677838444709778,0.02833547629415989
2025-07-15,03:04:07.5,-0.572626531124115,1.1693090200424194,1.2893887758255005
2025-07-15,03:04:07.5,-0.6871518492698669,1.1645516157150269,1.2366688251495361
2025-07-15,03:04:07.5,1.8310415744781494,2.6070077419281006,1.3154112100601196
2025-07-15,03:04:07.5,3.2639713287353516,3.654881238937378,0.8518993258476257
2025-07-15,03:04:07.5,6.339793682098389,4.951623916625977,1.0679963827133179
2025-07-15,03:04:07.5,7.054213523864746,4.886994361877441,-1.3169549703598022
2025-07-15,03:04:07.9,-0.038175102323293686,0.07158096134662628,0.03213530778884888
2025-07-15,03:04:07.9,-0.7907699942588806,0.3670089840888977,0.03704414889216423
2025-07-15,03:04:07.9,-0.6871518492698669,1.1261613368988037,1.2717275619506836
2025-07-15,03:04:07.9,1.8310415744781494,2.6062231063842773,1.3169654607772827
2025-07-15,03:04:07.9,3.2639713287353516,3.6656970977783203,0.8040860295295715
2025-07-15,03:04:07.9,4.940948963165283,4.0412421226501465,1.6297950744628906
2025-07-15,03:04:07.9,6.339793682098389,4.972273349761963,0.9673119187355042
2025-07-15,03:04:07.9,6.782897472381592,4.009751319885254,-3.6459853649139404
2025-07-15,03:04:08.2,-0.038175102323293686,0.07157265394926071,0.032153792679309845
2025-07-15,03:04:08.2,-0.7907699942588806,0.36869195103645325,0.011580736376345158
2025-07-15,03:04:08.2,-0.6871518492698669,1.2457343339920044,1.1548489332199097
2025-07-15,03:04:08.2,-0.17178796231746674,1.1734780073165894,-1.396834373474121
2025-07-15,03:04:08.2,1.93874990940094,2.3444414138793945,1.619985580444336
2025-07-15,03:04:08.2,3.419398546218872,3.525756597518921,0.7836781740188599
2025-07-15,03:04:08.2,4.735076427459717,4.168606281280518,1.8980571031570435
2025-07-15,03:04:08.2,6.339793682098389,5.047263145446777,0.4293387532234192
2025-07-15,03:04:08.2,6.5115814208984375,4.9332404136657715,-2.93963623046875
2025-07-15,03:04:08.5,-0.038175102323293686,0.07157840579748154,0.03214098885655403
2025-07-15,03:04:08.5,-0.7907699942588806,0.3651959002017975,0.05195983499288559
2025-07-15,03:04:08.5,-0.6871518492698669,1.2671236991882324,1.1313389539718628
2025-07-15,03:04:08.5,1.8078638315200806,2.536935329437256,1.3697640895843506
2025-07-15,03:04:08.5,3.389403820037842,3.522977590560913,0.6370882391929626
2025-07-15,03:04:08.5,4.940948963165283,4.09775972366333,1.481969952583313
2025-07-15,03:04:08.5,6.0862016677856445,5.271764278411865,1.0093713998794556
2025-07-15,03:04:08.5,6.782897472381592,4.70704984664917,-2.6860744953155518
2025-07-15,03:04:08.9,-0.038175102323293686,0.07157859951257706,0.03214056044816971
2025-07-15,03:04:08.9,-0.7907699942588806,0.3678928017616272,0.02688399702310562
2025-07-15,03:04:08.9,-0.6871518492698669,1.2991586923599243,1.094402551651001
2025-07-15,03:04:08.9,-0.2290506213903427,0.8508955836296082,-1.6066176891326904
2025-07-15,03:04:08.9,3.5434675216674805,3.3526008129119873,0.7135947346687317
2025-07-15,03:04:08.9,6.593385219573975,4.6226348876953125,1.0053355693817139
2025-07-15,03:04:08.9,6.782897472381592,4.048116683959961,-3.6033408641815186
2025-07-15,03:04:09.2,-0.038175102323293686,0.07155552506446838,0.03219189494848251
2025-07-15,03:04:09.2,-0.8589398264884949,1.3966310024261475,0.8181394338607788
2025-07-15,03:04:09.2,2.9272122383117676,3.6902785301208496,1.455535650253296
2025-07-15,03:04:09.2,7.3255295753479,4.64982795715332,-0.30778059363365173
2025-07-15,03:04:09.2,-0.845305860042572,0.21390430629253387,0.03298480808734894
2025-07-15,03:04:09.2,3.7152554988861084,2.875091075897217,0.7387596368789673
2025-07-15,03:04:09.2,4.469213962554932,4.469016075134277,1.520787239074707
2025-07-15,03:04:09.2,5.4290452003479,5.734516620635986,-0.011010276153683662
2025-07-15,03:04:09.2,6.05348014831543,4.899105548858643,2.1213529109954834
2025-07-15,03:04:09.5,-0.038175102323293686,0.07155119627714157,0.03220152482390404
2025-07-15,03:04:09.5,-0.9734651446342468,1.2606911659240723,0.9059421420097351
2025-07-15,03:04:09.5,-0.2863132655620575,1.552936315536499,-0.9295812845230103
2025-07-15,03:04:09.5,2.4650208950042725,3.9804277420043945,1.5444023609161377
2025-07-15,03:04:09.5,6.782897472381592,5.404879093170166,-0.3982437252998352
2025-07-15,03:04:09.5,-0.8875711560249329,0.22649046778678894,0.018614884465932846
2025-07-15,03:04:09.5,3.4180350303649902,3.229543447494507,0.7086071968078613
2025-07-15,03:04:09.5,4.090189456939697,5.069826126098633,0.6285867691040039
2025-07-15,03:04:09.5,5.8012518882751465,5.116237640380859,2.305555582046509
2025-07-15,03:04:09.9,-0.038175102323293686,0.07155430316925049,0.03219461068511009
2025-07-15,03:04:09.9,-0.9162024855613708,1.0908986330032349,1.1524847745895386
2025-07-15,03:04:09.9,2.619084596633911,3.688107490539551,1.9605027437210083
2025-07-15,03:04:09.9,6.782897472381592,5.367621421813965,-0.7483015060424805
2025-07-15,03:04:09.9,1.9905589818954468,2.201206684112549,1.155818223953247
2025-07-15,03:04:09.9,3.4180350303649902,3.2586896419525146,0.5594788193702698
2025-07-15,03:04:09.9,4.062921524047852,4.606241703033447,2.1293132305145264
2025-07-15,03:04:09.9,4.589192867279053,4.590958118438721,1.5558176040649414
2025-07-15,03:04:09.9,2.085996627807617,4.373291492462158,-4.5914154052734375
2025-07-15,03:04:09.9,5.182270526885986,5.952676296234131,-0.26277902722358704
2025-07-15,03:04:09.9,5.8012518882751465,5.242703437805176,2.0013833045959473
2025-07-15,03:04:10.2,-0.038175102323293686,0.07155479490756989,0.03219352662563324
2025-07-15,03:04:10.2,-0.9734651446342468,1.076686978340149,1.1184000968933105
2025-07-15,03:04:10.2,2.773148536682129,3.845073699951172,1.3529101610183716
2025-07-15,03:04:10.2,3.681170701980591,5.251707553863525,1.3024810552597046
2025-07-15,03:04:10.2,6.5115814208984375,5.6831159591674805,-0.8249320387840271
2025-07-15,03:04:10.2,1.9905589818954468,2.278390645980835,0.9950695037841797
2025-07-15,03:04:10.2,3.2694249153137207,3.403097152709961,0.5872207880020142
2025-07-15,03:04:10.2,4.6410017013549805,4.2998881340026855,1.2905458211898804
2025-07-15,03:04:10.2,4.589192867279053,4.663288116455078,1.3233327865600586
2025-07-15,03:04:10.2,1.877397060394287,4.281683921813965,-4.764527320861816
2025-07-15,03:04:10.2,5.182270526885986,5.954742431640625,-0.21084076166152954
2025-07-15,03:04:10.2,5.8012518882751465,5.24732780456543,1.989227056503296
2025-07-15,03:04:10.5,-0.038175102323293686,0.0715569481253624,0.03218873217701912
2025-07-15,03:04:10.5,-0.9966428875923157,1.0937016010284424,1.1532658338546753
2025-07-15,03:04:10.5,2.619084596633911,4.05018949508667,1.0206233263015747
2025-07-15,03:04:10.5,6.5115814208984375,5.6664814949035645,-0.9323679208755493
2025-07-15,03:04:10.5,0.8875711560249329,0.2229912281036377,-0.04381048306822777
2025-07-15,03:04:10.5,3.2394301891326904,3.357468605041504,0.6599111557006836
2025-07-15,03:04:10.5,4.409224510192871,4.553680896759033,0.9770639538764954
2025-07-15,03:04:10.5,4.380593299865723,4.9318084716796875,1.0226542949676514
2025-07-15,03:04:10.5,2.085996627807617,4.000033855438232,-4.920010089874268
2025-07-15,03:04:10.5,5.182270526885986,5.953183174133301,-0.25104108452796936
2025-07-15,03:04:10.5,5.549023628234863,5.513461589813232,1.9889885187149048
2025-07-15,03:04:10.9,-0.038175102323293686,0.07155624032020569,0.03219031170010567
2025-07-15,03:04:10.9,-0.9380168318748474,1.3670963048934937,0.8778807520866394
2025-07-15,03:04:10.9,4.662816047668457,6.251701831817627,-0.9200867414474487
2025-07-15,03:04:10.9,3.0921833515167236,3.5045018196105957,0.5990451574325562
2025-07-15,03:04:10.9,4.409224510192871,4.561751842498779,0.9386596083641052
2025-07-15,03:04:10.9,4.171993255615234,5.1188764572143555,0.9745420217514038
2025-07-15,03:04:10.9,1.6687973737716675,3.5274746417999268,-5.415735721588135
2025-07-15,03:04:10.9,5.549023628234863,5.6285719871521,1.6350871324539185
2025-07-15,03:04:11.2,-0.038175102323293686,0.07155529409646988,0.032192412763834
2025-07-15,03:04:11.2,-0.9966428875923157,1.3460814952850342,0.8451449275016785
2025-07-15,03:04:11.2,2.944936513900757,3.581268787384033,0.8389570713043213
2025-07-15,03:04:11.2,4.208805084228516,4.707143306732178,1.1228034496307373
2025-07-15,03:04:11.2,4.144725322723389,4.8871750831604,1.7071536779403687
2025-07-15,03:04:11.2,1.6578902006149292,4.357787609100342,-4.71579122543335
2025-07-15,03:04:11.2,1.6224418878555298,7.0072712898254395,1.8099451065063477
2025-07-15,03:04:11.2,5.29679536819458,5.790431022644043,1.8870248794555664
2025-07-15,03:04:11.2,-0.12270569056272507,0.5725967288017273,-0.5232572555541992
2025-07-15,03:04:11.2,0.17178796231746674,0.7180196642875671,0.26769113540649414
2025-07-15,03:04:11.5,-0.038175102323293686,0.07153116911649704,0.03224598243832588
2025-07-15,03:04:11.5,0.14452002942562103,2.1866371631622314,0.7379413843154907
2025-07-15,03:04:11.5,0.4540110230445862,4.666389465332031,1.212947964668274
2025-07-15,03:04:11.5,2.3559491634368896,5.783113956451416,0.6894189715385437
2025-07-15,03:04:11.5,2.2496042251586914,5.68187952041626,2.3416740894317627
2025-07-15,03:04:11.5,2.1841611862182617,7.44776725769043,0.2636512815952301
2025-07-15,03:04:11.5,2.48138165473938,7.378709316253662,1.5645095109939575
2025-07-15,03:04:11.5,3.3144168853759766,6.974165916442871,2.6339755058288574
2025-07-15,03:04:11.9,-0.038175102323293686,0.07153861224651337,0.0322294756770134
2025-07-15,03:04:11.9,0.14452002942562103,2.2094602584838867,0.6665024757385254
2025-07-15,03:04:11.9,0.4540110230445862,4.690492630004883,1.1161165237426758
2025-07-15,03:04:11.9,2.1596200466156006,5.864203929901123,0.6460279822349548
2025-07-15,03:04:11.9,1.6033543348312378,6.030315399169922,1.4820510149002075
2025-07-15,03:04:11.9,2.0450947284698486,5.784898281097412,2.276059627532959
2025-07-15,03:04:11.9,1.9414767026901245,7.497965335845947,0.566115140914917
2025-07-15,03:04:11.9,3.2257962226867676,7.1864752769470215,0.9995542764663696
2025-07-15,03:04:11.9,2.759514570236206,7.453258037567139,1.1303272247314453
2025-07-15,03:04:11.9,2.804506540298462,7.518605709075928,1.4722399711608887
2025-07-15,03:04:12.2,-0.038175102323293686,0.07153549045324326,0.03223639354109764
2025-07-15,03:04:12.2,-1.1125315427780151,1.6718090772628784,0.9582451581954956
2025-07-15,03:04:12.2,1.3252214193344116,4.289508819580078,1.430345058441162
2025-07-15,03:04:12.2,0.3026740252971649,4.705297946929932,1.1050426959991455
2025-07-15,03:04:12.2,1.963291049003601,5.906733989715576,0.8521623015403748
2025-07-15,03:04:12.2,1.4029350280761719,6.132472991943359,1.247585654258728
2025-07-15,03:04:12.2,2.0450947284698486,5.820404052734375,2.183664083480835
2025-07-15,03:04:12.2,1.5556354522705078,6.8126301765441895,1.3195315599441528
2025-07-15,03:04:12.2,1.9414767026901245,7.5117692947387695,0.3365946412086487
2025-07-15,03:04:12.2,2.48138165473938,7.536861419677734,0.29793381690979004
2025-07-15,03:04:12.2,2.5086495876312256,7.583672523498535,0.7988783717155457
2025-07-15,03:04:12.2,2.549551486968994,7.546050071716309,1.7660951614379883
2025-07-15,03:04:12.5,-0.038175102323293686,0.07152726501226425,0.032254647463560104
2025-07-15,03:04:12.5,1.030727744102478,4.247215270996094,1.7608944177627563
2025-07-15,03:04:12.5,0.3026740252971649,4.736710548400879,0.9615198373794556
2025-07-15,03:04:12.5,1.963291049003601,5.88574743270874,0.9867439866065979
2025-07-15,03:04:12.5,1.8405853509902954,5.8568925857543945,2.2664873600006104
2025-07-15,03:04:12.5,1.9414767026901245,7.517785549163818,-0.15124212205410004
2025-07-15,03:04:12.5,2.5086495876312256,7.506022930145264,1.345332384109497
2025-07-15,03:04:12.5,2.804506540298462,7.250713348388672,2.474686861038208
2025-07-15,03:04:12.9,-0.038175102323293686,0.07152654975652695,0.03225623071193695
2025-07-15,03:04:12.9,1.030727744102478,4.252115249633789,1.7490291595458984
2025-07-15,03:04:12.9,0.0,4.7868852615356445,0.7336821556091309
2025-07-15,03:04:12.9,1.766961932182312,5.932722091674805,1.0727801322937012
2025-07-15,03:04:12.9,1.202515721321106,6.132385730743408,1.4421244859695435
2025-07-15,03:04:12.9,1.8405853509902954,5.833860874176025,2.3251285552978516
2025-07-15,03:04:12.9,1.7778691053390503,6.725826740264893,1.4749674797058105
2025-07-15,03:04:12.9,1.4479271173477173,7.581143379211426,-0.2516990005970001
2025-07-15,03:04:12.9,2.467747688293457,7.373401165008545,1.3793153762817383
2025-07-15,03:04:12.9,2.257784605026245,7.576147556304932,1.3957122564315796
2025-07-15,03:04:13.2,-0.038175102323293686,0.07152144610881805,0.03226753696799278
2025-07-15,03:04:13.2,0.8753005266189575,4.315507411956787,1.5501562356948853
2025-07-15,03:04:13.2,0.15133701264858246,4.7552008628845215,0.9042800068855286
2025-07-15,03:04:13.2,1.766961932182312,5.934771537780762,1.0613815784454346
2025-07-15,03:04:13.2,1.6360758543014526,5.867643356323242,2.3920555114746094
2025-07-15,03:04:13.2,1.4479271173477173,7.58436393737793,-0.1204550489783287
2025-07-15,03:04:13.2,2.257784605026245,7.562869548797607,1.4659560918807983
2025-07-15,03:04:13.2,2.2945961952209473,7.336432456970215,2.7338194847106934
2025-07-15,03:04:13.2,0.15270040929317474,0.6731287240982056,0.10424350947141647
2025-07-15,03:04:13.5,-0.038175102323293686,0.07152048498392105,0.0322696790099144
2025-07-15,03:04:13.5,0.8753005266189575,4.308923244476318,1.5683660507202148
2025-07-15,03:04:13.5,0.0,4.759288311004639,0.8953978419303894
2025-07-15,03:04:13.5,1.570632815361023,5.964401721954346,1.195500135421753
2025-07-15,03:04:13.5,1.00209641456604,6.113048076629639,1.6608349084854126
2025-07-15,03:04:13.5,1.4315663576126099,5.899649143218994,2.443904161453247
2025-07-15,03:04:13.5,1.3334017992019653,6.911823272705078,1.0108569860458374
2025-07-15,03:04:13.5,1.4479271173477173,7.582595348358154,-0.20329874753952026
2025-07-15,03:04:13.5,2.0069196224212646,7.606192111968994,1.600541591644287
2025-07-15,03:04:13.9,-0.038175102323293686,0.07152654975652695,0.03225623071193695
2025-07-15,03:04:13.9,0.7294171452522278,4.346972465515137,1.5377002954483032
2025-07-15,03:04:13.9,-0.3026740252971649,4.732521057128906,0.9819340109825134
2025-07-15,03:04:13.9,1.3743036985397339,5.964937210083008,1.4145705699920654
2025-07-15,03:04:13.9,1.227056860923767,5.945791244506836,2.4433178901672363
2025-07-15,03:04:13.9,1.2066059112548828,7.626692771911621,-0.1060153990983963
2025-07-15,03:04:13.9,1.9851053953170776,7.591233730316162,1.2177132368087769
2025-07-15,03:04:13.9,1.7846859693527222,7.372483730316162,3.0039238929748535
2025-07-15,03:04:14.2,-0.038175102323293686,0.07149791717529297,0.032319650053977966
2025-07-15,03:04:14.2,-0.8589398264884949,2.651671886444092,1.2481285333633423
2025-07-15,03:04:14.2,-1.011640191078186,4.322523593902588,1.2960231304168701
2025-07-15,03:04:14.2,-1.3633965253829956,5.209010601043701,0.8654266595840454
2025-07-15,03:04:14.2,-0.9816455245018005,6.049788951873779,1.3808057308197021
2025-07-15,03:04:14.2,-0.8125843405723572,6.155215740203857,1.9266022443771362
2025-07-15,03:04:14.2,-1.6892483234405518,7.534999847412109,0.06157945841550827
2025-07-15,03:04:14.2,-1.24069082736969,7.8235554695129395,0.5504220724105835
2025-07-15,03:04:14.2,-1.0143669843673706,7.885128021240234,1.627266526222229
2025-07-15,03:04:14.5,-0.038175102323293686,0.07149862498044968,0.03231807053089142
2025-07-15,03:04:14.5,-0.8589398264884949,2.6354498863220215,1.2820264101028442
2025-07-15,03:04:14.5,-1.011640191078186,4.317445278167725,1.3128412961959839
2025-07-15,03:04:14.5,-1.3633965253829956,5.217336654663086,0.8137245774269104
2025-07-15,03:04:14.5,-1.1779745817184448,5.988345146179199,1.4907368421554565
2025-07-15,03:04:14.5,-1.015730381011963,6.120301723480225,1.9413825273513794
2025-07-15,03:04:14.5,-1.5556354522705078,6.895235538482666,0.780270516872406
2025-07-15,03:04:14.5,-1.6892483234405518,7.532397270202637,0.20737837255001068
2025-07-15,03:04:14.5,-1.24069082736969,7.786899566650391,0.9355103373527527
2025-07-15,03:04:14.5,-1.2679587602615356,7.664900779724121,2.3438758850097656
2025-07-15,03:04:14.9,-0.038175102323293686,0.07149502635002136,0.03232603520154953
2025-07-15,03:04:14.9,-0.8589398264884949,2.652785301208496,1.2457603216171265
2025-07-15,03:04:14.9,-1.011640191078186,4.316797733306885,1.31497061252594
2025-07-15,03:04:14.9,-1.5338211059570312,5.132717132568359,1.0218658447265625
2025-07-15,03:04:14.9,-1.1779745817184448,6.005373477935791,1.4205867052078247
2025-07-15,03:04:14.9,-1.015730381011963,6.081027984619141,2.0611066818237305
2025-07-15,03:04:14.9,-1.5556354522705078,6.864252090454102,1.017417311668396
2025-07-15,03:04:14.9,-1.9305695295333862,7.4755859375,0.14863745868206024
2025-07-15,03:04:14.9,-1.24069082736969,7.777363300323486,1.0117321014404297
2025-07-15,03:04:14.9,-1.5215504169464111,7.524953365325928,2.6290955543518066
2025-07-15,03:04:15.2,-0.038175102323293686,0.07149546593427658,0.03232505917549133
2025-07-15,03:04:15.2,-0.8589398264884949,2.6609175205230713,1.2282941341400146
2025-07-15,03:04:15.2,-1.011640191078186,4.318606376647949,1.3090171813964844
2025-07-15,03:04:15.2,-1.1779745817184448,6.0067291259765625,1.4148427248001099
2025-07-15,03:04:15.2,-1.015730381011963,6.10580587387085,1.9865038394927979
2025-07-15,03:04:15.2,-1.9305695295333862,7.476993560791016,0.032364148646593094
2025-07-15,03:04:15.2,-1.4888290166854858,7.7477922439575195,0.8974440693855286
2025-07-15,03:04:15.2,-1.5215504169464111,7.694646835327148,2.0807383060455322
2025-07-15,03:04:15.5,-0.038175102323293686,0.07148748636245728,0.032342709600925446
2025-07-15,03:04:15.5,-0.8589398264884949,2.7129385471343994,1.108672022819519
2025-07-15,03:04:15.5,-1.1561602354049683,4.292612075805664,1.2743943929672241
2025-07-15,03:04:15.5,-1.5338211059570312,5.15440559387207,0.9061440825462341
2025-07-15,03:04:15.5,-1.1779745817184448,6.018014430999756,1.3660457134246826
2025-07-15,03:04:15.5,-1.2188764810562134,6.083673477172852,1.9395933151245117
2025-07-15,03:04:15.5,-1.9305695295333862,7.474031448364258,-0.2129068672657013
2025-07-15,03:04:15.5,-1.9523838758468628,7.526538848876953,0.7268130779266357
2025-07-15,03:04:15.5,-1.4888290166854858,7.75321626663208,0.8493066430091858
2025-07-15,03:04:15.5,-1.2679587602615356,7.812598705291748,1.7910232543945312
2025-07-15,03:04:15.5,-1.8992112874984741,8.450767517089844,-0.5971061587333679
2025-07-15,03:04:15.9,-0.038175102323293686,0.07149964570999146,0.03231582045555115
2025-07-15,03:04:15.9,-0.9680115580558777,2.659550189971924,1.2590084075927734
2025-07-15,03:04:15.9,-1.1561602354049683,4.28702974319458,1.293047547340393
2025-07-15,03:04:15.9,-1.04981529712677,4.294106483459473,1.868269443511963
2025-07-15,03:04:15.9,-2.6995251178741455,3.706805944442749,-1.415644645690918
2025-07-15,03:04:15.9,-1.1779745817184448,6.0804443359375,1.0539313554763794
2025-07-15,03:04:15.9,-1.2188764810562134,6.033946990966797,2.089160919189453
2025-07-15,03:04:15.9,-2.1718907356262207,7.408476829528809,-0.1758882999420166
2025-07-15,03:04:15.9,-1.7369672060012817,7.666330814361572,1.122769832611084
2025-07-15,03:04:15.9,-1.7751421928405762,7.577373504638672,2.298795700073242
2025-07-15,03:04:15.9,-1.8992112874984741,8.467589378356934,-0.26821640133857727
2025-07-15,03:04:16.2,-0.038175102323293686,0.07149355113506317,0.032329291105270386
2025-07-15,03:04:16.2,-1.0648126602172852,2.624690055847168,1.2540059089660645
2025-07-15,03:04:16.2,-1.1561602354049683,4.299271583557129,1.2517428398132324
2025-07-15,03:04:16.2,-1.3497625589370728,4.396736145019531,1.3706738948822021
2025-07-15,03:04:16.2,-1.1779745817184448,6.061173915863037,1.1596341133117676
2025-07-15,03:04:16.2,-1.3933912515640259,6.031282901763916,1.502096176147461
2025-07-15,03:04:16.2,-1.4220225811004639,5.9957990646362305,2.0705113410949707
2025-07-15,03:04:16.2,-2.1718907356262207,7.3981547355651855,-0.4286878705024719
2025-07-15,03:04:16.2,-1.7369672060012817,7.688047409057617,0.9628942608833313
2025-07-15,03:04:16.6,-0.038175102323293686,0.07149673253297806,0.03232226148247719
2025-07-15,03:04:16.6,-1.3006802797317505,4.254533290863037,1.2627284526824951
2025-07-15,03:04:16.6,-1.570632815361023,5.982982158660889,1.098742127418518
2025-07-15,03:04:16.6,-1.6251686811447144,5.935074329376221,2.095827341079712
2025-07-15,03:04:16.6,-2.6545331478118896,7.221832752227783,-0.6573951840400696
2025-07-15,03:04:16.6,-1.9741982221603394,7.551983833312988,1.1955844163894653
2025-07-15,03:04:16.6,-2.2823257446289062,7.649647235870361,1.458104133605957
2025-07-15,03:04:16.6,-2.441843032836914,8.329345703125,0.1959657371044159
2025-07-15,03:04:16.9,-0.038175102323293686,0.07148477435112,0.03234870359301567
2025-07-15,03:04:16.9,-2.1596200466156006,2.0920233726501465,0.9094113707542419
2025-07-15,03:04:16.9,-2.3559491634368896,1.8653327226638794,0.915198028087616
2025-07-15,03:04:16.9,-3.355318784713745,3.082623243331909,1.0158793926239014
2025-07-15,03:04:16.9,-4.319240093231201,4.5002031326293945,0.7500258088111877
2025-07-15,03:04:16.9,-4.409224510192871,4.409616470336914,1.4986484050750732
2025-07-15,03:04:16.9,-4.294699192047119,4.475198745727539,2.087117910385132
2025-07-15,03:04:16.9,-6.101199626922607,4.828451633453369,-0.6710165143013
2025-07-15,03:04:16.9,-5.489034652709961,5.744729518890381,0.7833519577980042
2025-07-15,03:04:16.9,-5.382689476013184,5.921483516693115,1.799630045890808
2025-07-15,03:04:17.2,-0.038175102323293686,0.07148260623216629,0.03235349804162979
2025-07-15,03:04:17.2,-2.3559491634368896,1.6312642097473145,1.2868684530258179
2025-07-15,03:04:17.2,-0.9816455245018005,2.217538356781006,-1.9966086149215698
2025-07-15,03:04:17.2,-3.355318784713745,3.0698869228363037,1.0537415742874146
2025-07-15,03:04:17.2,-4.51556921005249,4.2972025871276855,0.7835069894790649
2025-07-15,03:04:17.2,-4.609643936157227,4.238102436065674,1.386216163635254
2025-07-15,03:04:17.2,-4.529203414916992,4.106729984283447,2.453962802886963
2025-07-15,03:04:17.2,-6.101199626922607,4.823333263397217,-0.7068700194358826
2025-07-15,03:04:17.2,-5.489034652709961,5.708343982696533,1.0150697231292725
2025-07-15,03:04:17.2,-5.609013080596924,5.775136947631836,1.322475790977478
2025-07-15,03:04:17.5,-0.038175102323293686,0.07148870825767517,0.03234001621603966
2025-07-15,03:04:17.5,-2.5168299674987793,1.6121532917022705,0.813562273979187
2025-07-15,03:04:17.5,-1.1616138219833374,1.4761276245117188,-2.463139295578003
2025-07-15,03:04:17.5,-3.355318784713745,3.0883336067199707,0.9983852505683899
2025-07-15,03:04:17.5,-4.546927452087402,4.2862467765808105,0.9868320226669312
2025-07-15,03:04:17.5,-4.842784404754639,4.047525882720947,1.3632370233535767
2025-07-15,03:04:17.5,-4.529203414916992,4.240251064300537,2.21527361869812
2025-07-15,03:04:17.5,-6.101199626922607,4.831335544586182,-0.6499282121658325
2025-07-15,03:04:17.5,-5.738536357879639,5.4820685386657715,0.872456967830658
2025-07-15,03:04:17.5,-5.639008045196533,5.420411586761475,2.4691505432128906
2025-07-15,03:04:17.9,-0.038175102323293686,0.07147476077079773,0.032370828092098236
2025-07-15,03:04:17.9,-2.5168299674987793,1.6137560606002808,0.8103784322738647
2025-07-15,03:04:17.9,-3.50120210647583,2.913942575454712,1.021403193473816
2025-07-15,03:04:17.9,-4.546927452087402,4.2826056480407715,1.0025157928466797
2025-07-15,03:04:17.9,-4.529203414916992,4.256051540374756,2.184762954711914
2025-07-15,03:04:17.9,-5.857151508331299,5.1428680419921875,-0.4832474887371063
2025-07-15,03:04:17.9,-5.738536357879639,5.438268661499023,1.1133259534835815
2025-07-15,03:04:17.9,-5.639008045196533,5.753606796264648,1.5406421422958374
2025-07-15,03:04:18.2,-0.038175102323293686,0.0714816227555275,0.0323556624352932
2025-07-15,03:04:18.2,-2.4200289249420166,1.7746970653533936,0.7676361203193665
2025-07-15,03:04:18.2,-3.355318784713745,3.109297513961792,0.9310458302497864
2025-07-15,03:04:18.2,-4.744619846343994,4.037570476531982,1.0985913276672363
2025-07-15,03:04:18.2,-4.529203414916992,4.181490898132324,2.324284553527832
2025-07-15,03:04:18.2,-6.135284423828125,4.888165473937988,-0.369199275970459
2025-07-15,03:04:18.2,-5.738536357879639,5.425810813903809,1.1725329160690308
2025-07-15,03:04:18.2,-5.895326614379883,5.383824825286865,1.880301594734192
2025-07-15,03:04:18.5,-0.038175102323293686,0.07148405909538269,0.03235028311610222
2025-07-15,03:04:18.5,-3.647085666656494,2.7553703784942627,0.9483891725540161
2025-07-15,03:04:18.5,-4.744619846343994,4.038607120513916,1.0947747230529785
2025-07-15,03:04:18.5,-4.735076427459717,4.10546875,2.0310163497924805
2025-07-15,03:04:18.5,-6.135284423828125,4.882678985595703,-0.4357965588569641
2025-07-15,03:04:18.5,-5.738536357879639,5.45336389541626,1.0368623733520508
2025-07-15,03:04:18.5,-5.895326614379883,5.361062526702881,1.9442511796951294
2025-07-15,03:04:18.5,0.040901895612478256,0.6243523359298706,0.1918078511953354
2025-07-15,03:04:18.9,-0.038175102323293686,0.07148084789514542,0.03235737606883049
2025-07-15,03:04:18.9,-3.647085666656494,2.7577972412109375,0.9413087964057922
2025-07-15,03:04:18.9,-4.744619846343994,4.049652099609375,1.0531847476959229
2025-07-15,03:04:18.9,-5.988037586212158,5.083010673522949,1.4322946071624756
2025-07-15,03:04:18.9,-5.895326614379883,5.326120853424072,2.038022994995117
2025-07-15,03:04:19.2,-0.038175102323293686,0.07147650420665741,0.032366979867219925
2025-07-15,03:04:19.2,-3.6811704635620117,2.776628017425537,0.9702099561691284
2025-07-15,03:04:19.2,-4.942312240600586,3.775115728378296,1.1585973501205444
2025-07-15,03:04:19.2,-5.988037586212158,5.074742317199707,1.4613207578659058
2025-07-15,03:04:19.2,-5.895326614379883,5.381792068481445,1.8861114978790283
2025-07-15,03:04:19.5,-0.038175102323293686,0.07145997881889343,0.03240344673395157
2025-07-15,03:04:19.5,-6.773353576660156,3.8020215034484863,2.027296543121338
2025-07-15,03:04:19.9,-0.038175102323293686,0.07146169990301132,0.032399650663137436
2025-07-15,03:04:19.9,-6.773353576660156,3.827838897705078,1.97811758518219
2025-07-15,03:04:20.2,-0.038175102323293686,0.07146316021680832,0.03239641711115837
2025-07-15,03:04:20.2,-6.773353576660156,3.9269297122955322,1.773280143737793
2025-07-15,03:04:20.5,-0.038175102323293686,0.07145895808935165,0.03240569308400154
2025-07-15,03:04:20.5,-6.522488594055176,4.458322048187256,1.4227176904678345
2025-07-15,03:04:20.5,-6.957412242889404,3.9178695678710938,2.0587100982666016
2025-07-15,03:04:20.9,-0.038175102323293686,0.07146389782428741,0.03239479288458824
2025-07-15,03:04:20.9,-4.942312240600586,3.466179609298706,1.8919427394866943
2025-07-15,03:04:20.9,-6.522488594055176,4.337118148803711,1.7578872442245483
2025-07-15,03:04:20.9,-6.699730396270752,4.603392601013184,1.3841832876205444
2025-07-15,03:04:21.2,-0.038175102323293686,0.07146244496107101,0.032398007810115814
2025-07-15,03:04:21.2,-5.140005111694336,3.360142230987549,1.5198975801467896
2025-07-15,03:04:21.2,-2.372309923171997,3.7074577808380127,-4.543919086456299
2025-07-15,03:04:21.2,-6.522488594055176,4.45744514465332,1.4254623651504517
2025-07-15,03:04:21.2,-6.699730396270752,4.249134063720703,2.247675895690918
2025-07-15,03:04:21.5,-0.038175102323293686,0.07145749032497406,0.03240891918540001
2025-07-15,03:04:21.5,-5.374509334564209,3.031416654586792,1.5809394121170044
2025-07-15,03:04:21.5,-6.522488594055176,4.522780418395996,1.2021715641021729
2025-07-15,03:04:21.9,-0.038175102323293686,0.07146506756544113,0.032392214983701706
2025-07-15,03:04:21.9,-5.374509334564209,3.0018417835235596,1.6363991498947144
2025-07-15,03:04:21.9,-6.522488594055176,4.562697410583496,1.04045832157135
2025-07-15,03:04:22.2,-0.038175102323293686,0.07144948095083237,0.03242658078670502
2025-07-15,03:04:22.2,-5.175453186035156,3.2368950843811035,1.8197253942489624
2025-07-15,03:04:22.2,-6.271623611450195,4.936256408691406,0.8623970746994019
2025-07-15,03:04:22.5,-0.038175102323293686,0.07144077122211456,0.0324457623064518
2025-07-15,03:04:22.5,-3.9756641387939453,1.112654209136963,2.2711410522460938
2025-07-15,03:04:22.5,-7.11693000793457,3.3045313358306885,-0.318698525428772
2025-07-15,03:04:22.5,-6.237539291381836,4.775564193725586,-1.4255350828170776
2025-07-15,03:04:22.5,-0.0736234113574028,0.37455782294273376,0.09201359003782272
2025-07-15,03:04:22.9,-0.038175102323293686,0.07136011868715286,0.03262276202440262
2025-07-15,03:04:22.9,-3.9756641387939453,0.8428022861480713,2.38448429107666
2025-07-15,03:04:22.9,-6.487040996551514,4.65011739730835,-0.1994173675775528
2025-07-15,03:04:23.2,-0.038175102323293686,0.07136524468660355,0.03261154890060425
2025-07-15,03:04:23.2,-6.871518611907959,3.6111531257629395,1.189113974571228
2025-07-15,03:04:23.2,-6.487040996551514,4.607474327087402,-0.6591979265213013
2025-07-15,03:04:23.5,-0.038175102323293686,0.07136847078800201,0.032604485750198364
2025-07-15,03:04:23.5,-4.122910976409912,0.7523350715637207,2.1535050868988037
2025-07-15,03:04:23.5,-6.237539291381836,4.709608554840088,-1.6302614212036133
2025-07-15,03:04:23.9,-0.038175102323293686,0.07135755568742752,0.032628368586301804
2025-07-15,03:04:23.9,-0.9080221056938171,0.3359905481338501,1.291683554649353
2025-07-15,03:04:23.9,-6.487040996551514,4.633788108825684,-0.43745580315589905
2025-07-15,03:04:23.9,-3.742523670196533,0.8303859829902649,-7.003501892089844
2025-07-15,03:04:24.2,-0.038175102323293686,0.07136482000350952,0.03261248394846916
2025-07-15,03:04:24.2,-3.9756641387939453,1.1611502170562744,2.2467334270477295
2025-07-15,03:04:24.2,-6.487040996551514,4.610689163208008,-0.6363211274147034
2025-07-15,03:04:24.5,-0.038175102323293686,0.07135903835296631,0.03262512385845184
2025-07-15,03:04:24.5,-3.938852548599243,1.59660804271698,1.9310683012008667
2025-07-15,03:04:24.5,-7.077391624450684,3.297070026397705,-0.16941218078136444
2025-07-15,03:04:24.5,-6.237539291381836,4.908566474914551,-0.862635612487793
2025-07-15,03:04:24.5,-6.151644706726074,4.877661228179932,2.3752193450927734
2025-07-15,03:04:24.9,-0.038175102323293686,0.07134954631328583,0.03264589607715607
2025-07-15,03:04:24.9,-3.938852548599243,1.76656174659729,1.7769191265106201
2025-07-15,03:04:24.9,-7.077391624450684,3.2981934547424316,0.1459154486656189
2025-07-15,03:04:24.9,-6.237539291381836,4.861571788787842,-1.0969431400299072
2025-07-15,03:04:24.9,-6.151644706726074,5.203505516052246,1.5351803302764893
2025-07-15,03:04:25.2,-0.038175102323293686,0.0713433176279068,0.03265950083732605
2025-07-15,03:04:25.2,-3.792968988418579,2.140049695968628,1.6811647415161133
2025-07-15,03:04:25.2,-5.5353899002075195,2.6933300495147705,1.4579882621765137
2025-07-15,03:04:25.2,-1.7792325019836426,2.2716851234436035,-5.629749298095703
2025-07-15,03:04:25.2,-6.487040996551514,4.629368305206299,0.481986403465271
2025-07-15,03:04:25.2,-6.151644706726074,5.067629814147949,1.93710458278656
2025-07-15,03:04:25.5,-0.038175102323293686,0.07134181261062622,0.0326627753674984
2025-07-15,03:04:25.5,-0.6557937264442444,0.6634622812271118,-1.3174189329147339
2025-07-15,03:04:25.5,-3.647085666656494,2.7275123596191406,1.0257600545883179
2025-07-15,03:04:25.5,-4.942312240600586,3.7874114513397217,1.1177480220794678
2025-07-15,03:04:25.5,-5.988037586212158,5.010822772979736,1.6673691272735596
2025-07-15,03:04:25.5,-5.895326614379883,5.240267276763916,2.249600410461426
2025-07-15,03:04:25.9,-0.038175102323293686,0.07134220749139786,0.03266192600131035
2025-07-15,03:04:25.9,-0.7566850781440735,0.4511288106441498,-1.3526828289031982
2025-07-15,03:04:25.9,-2.613631248474121,0.39225488901138306,1.61568021774292
2025-07-15,03:04:25.9,-1.5488184690475464,2.6822221279144287,0.046917229890823364
2025-07-15,03:04:25.9,-3.647085666656494,2.732715368270874,1.0118169784545898
2025-07-15,03:04:25.9,-4.942312240600586,3.7782609462738037,1.1482995748519897
2025-07-15,03:04:25.9,-6.833343505859375,3.641692876815796,-1.016039252281189
2025-07-15,03:04:25.9,-6.237539291381836,4.764772891998291,1.4611998796463013
2025-07-15,03:04:25.9,-5.895326614379883,5.258525371551514,2.2065839767456055
2025-07-15,03:04:26.2,-0.038175102323293686,0.07133711129426956,0.032673053443431854
2025-07-15,03:04:26.2,-0.7062394022941589,0.8838152289390564,-1.1514933109283447
2025-07-15,03:04:26.2,-3.647085666656494,2.734419107437134,1.0072035789489746
2025-07-15,03:04:26.2,-4.942312240600586,3.79596209526062,1.0883562564849854
2025-07-15,03:04:26.2,-6.589295387268066,4.108752727508545,-0.8295698761940002
2025-07-15,03:04:26.2,-6.237539291381836,4.796296119689941,1.3541454076766968
2025-07-15,03:04:26.2,-6.151644706726074,4.961756706237793,2.194132089614868
2025-07-15,03:04:26.5,-0.038175102323293686,0.07134334743022919,0.03265942633152008
2025-07-15,03:04:26.5,-0.7062394022941589,0.5121935606002808,-1.3582061529159546
2025-07-15,03:04:26.5,-1.5488184690475464,2.674819231033325,-0.20459303259849548
2025-07-15,03:04:26.5,-3.647085666656494,2.748748302459717,0.9674142599105835
2025-07-15,03:04:26.5,-4.942312240600586,3.8082339763641357,1.0446057319641113
2025-07-15,03:04:26.5,-6.589295387268066,4.147653102874756,-0.6058114171028137
2025-07-15,03:04:26.5,-6.237539291381836,4.674876689910889,1.7273365259170532
2025-07-15,03:04:26.5,-5.895326614379883,5.215731620788574,2.305915594100952
2025-07-15,03:04:26.9,-0.038175102323293686,0.07133746147155762,0.03267228603363037
2025-07-15,03:04:26.9,-0.6557937264442444,0.7237967252731323,-1.2852599620819092
2025-07-15,03:04:26.9,-1.5488184690475464,2.682563543319702,0.01920558139681816
2025-07-15,03:04:26.9,-3.647085666656494,2.7372162342071533,0.9995772838592529
2025-07-15,03:04:26.9,-4.942312240600586,3.7872323989868164,1.1183550357818604
2025-07-15,03:04:26.9,-6.589295387268066,4.112436294555664,-0.8111106157302856
2025-07-15,03:04:26.9,-6.237539291381836,4.734676361083984,1.5559574365615845
2025-07-15,03:04:26.9,-5.895326614379883,5.159483909606934,2.4291625022888184
2025-07-15,03:04:27.2,-0.038175102323293686,0.07133784145116806,0.03267146274447441
2025-07-15,03:04:27.2,-2.710432291030884,0.1858992576599121,1.4880703687667847
2025-07-15,03:04:27.2,-3.647085666656494,2.700852632522583,1.094030499458313
2025-07-15,03:04:27.2,-4.942312240600586,3.8087878227233887,1.0425846576690674
2025-07-15,03:04:27.2,-6.589295387268066,4.103031635284424,-0.8574188947677612
2025-07-15,03:04:27.2,-6.237539291381836,4.784070014953613,1.3967249393463135
2025-07-15,03:04:27.2,-5.895326614379883,5.210840702056885,2.3169467449188232
2025-07-15,03:04:27.5,-0.038175102323293686,0.07133195549249649,0.03268430009484291
2025-07-15,03:04:27.5,-0.6557937264442444,0.7867375612258911,-1.247725486755371
2025-07-15,03:04:27.5,-2.710432291030884,0.5998711585998535,1.374433159828186
2025-07-15,03:04:27.5,-1.4520173072814941,2.723515748977661,-0.26355814933776855
2025-07-15,03:04:27.5,-3.647085666656494,2.7532708644866943,0.9544667601585388
2025-07-15,03:04:27.5,-4.942312240600586,3.7959165573120117,1.0885145664215088
2025-07-15,03:04:27.5,-6.589295387268066,3.9711880683898926,-1.3415284156799316
2025-07-15,03:04:27.5,-6.237539291381836,4.792548656463623,1.3673484325408936
2025-07-15,03:04:27.5,-5.895326614379883,5.227048873901367,2.2801451683044434
2025-07-15,03:04:27.9,-0.038175102323293686,0.07134995609521866,0.03264499083161354
2025-07-15,03:04:27.9,-7.650018215179443,1.9467543363571167,-0.21611808240413666
2025-07-15,03:04:28.2,-0.038175102323293686,0.07134770601987839,0.032649919390678406
2025-07-15,03:04:28.2,-4.458306789398193,1.028687834739685,-1.2962793111801147
2025-07-15,03:04:28.2,-6.212997913360596,1.549946665763855,0.35811692476272583
2025-07-15,03:04:28.2,-7.8190789222717285,1.934072732925415,0.5170708298683167
2025-07-15,03:04:28.5,-0.038175102323293686,0.07134333997964859,0.03265944868326187
2025-07-15,03:04:28.5,-4.458306789398193,1.615516185760498,-0.35867273807525635
2025-07-15,03:04:28.5,-6.012578964233398,2.230936050415039,0.06118910759687424
2025-07-15,03:04:28.5,-7.8190789222717285,1.8979874849319458,0.6369010210037231
2025-07-15,03:04:28.9,-0.038175102323293686,0.07134629786014557,0.03265298902988434
2025-07-15,03:04:28.9,-6.012578964233398,2.2309494018554688,-0.0607028603553772
2025-07-15,03:04:29.2,-0.038175102323293686,0.07134414464235306,0.032657690346241
2025-07-15,03:04:29.2,-7.861344337463379,1.6650251150131226,1.1309889554977417
2025-07-15,03:04:29.5,-0.038175102323293686,0.07134481519460678,0.032656215131282806
2025-07-15,03:04:29.9,-0.038175102323293686,0.07134518027305603,0.03265543282032013
2025-07-15,03:04:30.2,-0.038175102323293686,0.07132327556610107,0.032703250646591187
2025-07-15,03:04:30.5,-0.038175102323293686,0.07133165746927261,0.03268495574593544
2025-07-15,03:04:30.9,-0.038175102323293686,0.07130566239356995,0.03274162486195564
2025-07-15,03:04:31.2,-0.038175102323293686,0.07131738215684891,0.03271609544754028
2025-07-15,03:04:31.5,-0.038175102323293686,0.07132180780172348,0.03270644322037697
2025-07-15,03:04:31.9,-0.038175102323293686,0.07130566239356995,0.03274162486195564
2025-07-15,03:04:31.9,0.5494487881660461,1.211737871170044,0.24295032024383545
2025-07-15,03:04:31.9,0.04226529225707054,0.16502714157104492,1.3417179584503174
2025-07-15,03:04:32.2,-0.038175102323293686,0.0713060274720192,0.03274083137512207
2025-07-15,03:04:32.6,-0.038175102323293686,0.0713038221001625,0.032745636999607086
2025-07-15,03:04:32.6,0.13088606297969818,0.7367534041404724,1.1786470413208008
2025-07-15,03:04:32.6,0.610801637172699,1.208338737487793,0.3405649960041046
2025-07-15,03:04:32.6,6.593385219573975,4.678198337554932,0.7027888298034668
2025-07-15,03:04:32.9,-0.038175102323293686,0.07130159437656403,0.03275047615170479
2025-07-15,03:04:32.9,6.593385219573975,4.581333160400391,1.1793373823165894
2025-07-15,03:04:33.2,-0.038175102323293686,0.0712994709610939,0.03275511413812637
2025-07-15,03:04:33.5,-0.038175102323293686,0.07130419462919235,0.03274482861161232
2025-07-15,03:04:33.5,6.593385219573975,4.6448655128479,0.8970358967781067
2025-07-15,03:04:33.9,-0.038175102323293686,0.0712747648358345,0.032808829098939896
2025-07-15,03:04:33.9,0.04226529225707054,0.8473690152168274,1.0532838106155396
2025-07-15,03:04:34.2,-0.038175102323293686,0.0712699368596077,0.032819315791130066
2025-07-15,03:04:34.5,-0.038175102323293686,0.07126633822917938,0.03282712772488594
2025-07-15,03:04:34.9,-0.038175102323293686,0.0712691992521286,0.032820917665958405
2025-07-15,03:04:35.2,-0.038175102323293686,0.07127440720796585,0.03280960023403168
2025-07-15,03:04:35.5,-0.038175102323293686,0.07127216458320618,0.032814476639032364
2025-07-15,03:04:35.9,-0.038175102323293686,0.07126550376415253,0.03282894566655159
2025-07-15,03:04:36.2,-0.038175102323293686,0.0712755098938942,0.03280721604824066
2025-07-15,03:04:36.5,-0.038175102323293686,0.07127728313207626,0.032803360372781754
2025-07-15,03:04:36.9,-0.038175102323293686,0.07125740498304367,0.032846517860889435
2025-07-15,03:04:37.2,-0.038175102323293686,0.07125888764858246,0.03284330293536186
2025-07-15,03:04:37.5,-0.038175102323293686,0.07124673575162888,0.03286965936422348
2025-07-15,03:04:37.9,-0.038175102323293686,0.07124485075473785,0.032873738557100296
2025-07-15,03:04:38.2,-0.038175102323293686,0.07125444710254669,0.03285294398665428
2025-07-15,03:04:38.6,-0.038175102323293686,0.07124748080968857,0.032868046313524246
2025-07-15,03:04:38.9,-0.038175102323293686,0.071253702044487,0.03285454586148262
2025-07-15,03:04:39.2,-0.038175102323293686,0.07124010473489761,0.03288402408361435
2025-07-15,03:04:39.5,-0.038175102323293686,0.07124960422515869,0.03286344185471535
2025-07-15,03:04:39.9,-0.038175102323293686,0.07123301178216934,0.03289937973022461
2025-07-15,03:04:40.2,-0.038175102323293686,0.07122665643692017,0.03291314095258713
2025-07-15,03:04:40.5,-0.038175102323293686,0.07122591882944107,0.032914742827415466
2025-07-15,03:04:40.9,-0.038175102323293686,0.07123777270317078,0.03288907930254936
2025-07-15,03:04:40.9,0.08180379122495651,0.5019841194152832,0.12417182326316833
2025-07-15,03:04:41.2,-0.038175102323293686,0.07122603803873062,0.032914482057094574
2025-07-15,03:04:41.5,-0.038175102323293686,0.07123450934886932,0.03289615362882614
2025-07-15,03:04:41.5,0.13088606297969818,1.0045149326324463,0.9607102274894714
2025-07-15,03:04:41.5,-0.6980590224266052,1.207902431488037,-0.05320575088262558
2025-07-15,03:04:41.9,-0.038175102323293686,0.07122677564620972,0.03291289135813713
2025-07-15,03:04:42.2,-0.038175102323293686,0.07123152911663055,0.032902590930461884
2025-07-15,03:04:42.5,-0.038175102323293686,0.07123290747404099,0.03289961814880371
2025-07-15,03:04:42.9,-0.038175102323293686,0.071219302713871,0.03292905539274216
2025-07-15,03:04:43.2,-0.038175102323293686,0.07121781259775162,0.03293227031826973
2025-07-15,03:04:43.5,-0.038175102323293686,0.07121409475803375,0.032940320670604706
2025-07-15,03:04:43.9,-0.038175102323293686,0.07121558487415314,0.03293709456920624
2025-07-15,03:04:44.2,-0.038175102323293686,0.07126857340335846,0.03282228112220764
2025-07-15,03:04:44.6,-0.038175102323293686,0.07120561599731445,0.03295863792300224
2025-07-15,03:04:44.9,-0.038175102323293686,0.07121483981609344,0.03293870761990547
2025-07-15,03:04:45.2,-0.038175102323293686,0.07122033834457397,0.03292682021856308
2025-07-15,03:04:45.5,-0.038175102323293686,0.07122182101011276,0.03292360529303551
2025-07-15,03:04:45.9,-0.038175102323293686,0.07120291888713837,0.03296447545289993
2025-07-15,03:04:46.2,-0.038175102323293686,0.07120474427938461,0.032960519194602966
2025-07-15,03:04:46.5,-0.038175102323293686,0.0711950957775116,0.03298136591911316
2025-07-15,03:04:46.9,-0.038175102323293686,0.071206234395504,0.03295730799436569
2025-07-15,03:04:47.2,-0.038175102323293686,0.0711984857916832,0.032974034547805786
2025-07-15,03:04:47.5,-0.038175102323293686,0.07120548188686371,0.03295892849564552
2025-07-15,03:04:47.9,-0.038175102323293686,0.07121174037456512,0.032945405691862106
2025-07-15,03:04:48.2,-0.038175102323293686,0.07119806855916977,0.03297492861747742
2025-07-15,03:04:48.5,-0.038175102323293686,0.07120835036039352,0.03295272961258888
2025-07-15,03:04:48.9,-0.038175102323293686,0.07119312882423401,0.03298560157418251
2025-07-15,03:04:49.2,-0.038175102323293686,0.07119462639093399,0.03298237547278404
2025-07-15,03:04:49.5,-0.038175102323293686,0.07118865847587585,0.032995253801345825
2025-07-15,03:04:49.9,-0.038175102323293686,0.0711861252784729,0.03300072252750397
2025-07-15,03:04:50.2,-0.038175102323293686,0.07118164002895355,0.03301038593053818
2025-07-15,03:04:50.2,-0.08180379122495651,0.3280788064002991,-0.3997136354446411
2025-07-15,03:04:50.6,-0.038175102323293686,0.07119504362344742,0.032981470227241516
2025-07-15,03:04:50.9,-0.038175102323293686,0.07118897885084152,0.03299455717206001
2025-07-15,03:04:51.2,-0.038175102323293686,0.07118824124336243,0.03299615904688835
